service_id,date,exception_type
1,20260706,1
1,20260707,1
1,20260708,1
1,20260709,1
1,20260710,1
1,20260713,1
1,20260715,1
1,20260716,1
1,20260717,1
1,20260720,1
1,20260721,1
1,20260722,1
1,20260723,1
1,20260724,1
1,20260727,1
1,20260728,1
1,20260729,1
1,20260730,1
1,20260731,1
1,20260803,1
1,20260804,1
1,20260805,1
1,20260806,1
1,20260807,1
1,20260810,1
1,20260811,1
1,20260812,1
1,20260813,1
1,20260814,1
1,20260817,1
1,20260818,1
1,20260819,1
1,20260820,1
1,20260821,1
1,20260824,1
1,20260825,1
1,20260826,1
1,20260827,1
1,20260828,1
3,20260713,1
4,20260706,1
4,20260707,1
4,20260708,1
4,20260709,1
4,20260715,1
4,20260716,1
4,20260720,1
4,20260721,1
4,20260722,1
4,20260723,1
4,20260727,1
4,20260728,1
4,20260729,1
4,20260730,1
4,20260803,1
4,20260804,1
4,20260805,1
4,20260806,1
4,20260810,1
4,20260811,1
4,20260812,1
4,20260813,1
4,20260817,1
4,20260818,1
4,20260819,1
4,20260820,1
4,20260824,1
4,20260825,1
4,20260826,1
4,20260827,1
8,20260513,1
9,20260520,1
11,20260306,1
13,20260518,1
14,20260504,1
14,20260505,1
14,20260506,1
14,20260507,1
14,20260511,1
14,20260512,1
14,20260513,1
16,20260508,1
20,20260328,1
21,20260322,1
21,20260329,1
36,20260705,1
36,20260712,1
36,20260719,1
36,20260726,1
36,20260802,1
36,20260809,1
36,20260816,1
36,20260823,1
36,20260830,1
37,20260704,1
37,20260706,1
37,20260707,1
37,20260708,1
37,20260709,1
37,20260710,1
37,20260711,1
37,20260713,1
37,20260714,1
37,20260715,1
37,20260716,1
37,20260717,1
37,20260718,1
37,20260720,1
37,20260721,1
37,20260722,1
37,20260723,1
37,20260724,1
37,20260725,1
37,20260727,1
37,20260728,1
37,20260729,1
37,20260730,1
37,20260731,1
37,20260801,1
37,20260803,1
37,20260804,1
37,20260805,1
37,20260806,1
37,20260807,1
37,20260808,1
37,20260810,1
37,20260811,1
37,20260812,1
37,20260813,1
37,20260814,1
37,20260815,1
37,20260817,1
37,20260818,1
37,20260819,1
37,20260820,1
37,20260821,1
37,20260822,1
37,20260824,1
37,20260825,1
37,20260826,1
37,20260827,1
37,20260828,1
37,20260829,1
46,20260306,1
46,20260307,1
46,20260309,1
46,20260310,1
46,20260311,1
46,20260312,1
46,20260313,1
46,20260314,1
46,20260316,1
46,20260317,1
46,20260318,1
46,20260319,1
46,20260320,1
46,20260321,1
46,20260323,1
46,20260324,1
46,20260325,1
46,20260326,1
46,20260327,1
46,20260328,1
46,20260330,1
46,20260331,1
46,20260401,1
46,20260402,1
46,20260403,1
46,20260404,1
46,20260407,1
46,20260408,1
46,20260409,1
46,20260410,1
46,20260411,1
46,20260413,1
46,20260414,1
46,20260415,1
46,20260416,1
46,20260417,1
46,20260418,1
46,20260420,1
46,20260421,1
46,20260422,1
46,20260423,1
46,20260424,1
46,20260425,1
46,20260427,1
46,20260428,1
46,20260429,1
46,20260430,1
46,20260501,1
46,20260502,1
46,20260504,1
46,20260505,1
46,20260506,1
46,20260507,1
46,20260508,1
46,20260509,1
46,20260511,1
46,20260512,1
46,20260513,1
46,20260514,1
46,20260515,1
46,20260516,1
46,20260518,1
46,20260519,1
46,20260520,1
46,20260521,1
46,20260522,1
46,20260523,1
46,20260526,1
46,20260527,1
46,20260528,1
46,20260529,1
46,20260530,1
46,20260601,1
46,20260602,1
46,20260603,1
46,20260604,1
46,20260605,1
46,20260606,1
46,20260608,1
46,20260609,1
46,20260610,1
46,20260611,1
46,20260612,1
46,20260613,1
46,20260615,1
46,20260616,1
46,20260617,1
46,20260618,1
46,20260619,1
46,20260620,1
46,20260622,1
46,20260623,1
46,20260624,1
46,20260625,1
46,20260626,1
46,20260627,1
46,20260629,1
46,20260630,1
46,20260701,1
46,20260702,1
46,20260703,1
46,20260704,1
46,20260706,1
46,20260707,1
46,20260708,1
46,20260709,1
46,20260710,1
46,20260711,1
46,20260713,1
46,20260715,1
46,20260716,1
46,20260717,1
46,20260718,1
46,20260720,1
46,20260721,1
46,20260722,1
46,20260723,1
46,20260724,1
46,20260725,1
46,20260727,1
46,20260728,1
46,20260729,1
46,20260730,1
46,20260731,1
46,20260801,1
46,20260803,1
46,20260804,1
46,20260805,1
46,20260806,1
46,20260807,1
46,20260808,1
46,20260810,1
46,20260811,1
46,20260812,1
46,20260813,1
46,20260814,1
46,20260815,1
46,20260817,1
46,20260818,1
46,20260819,1
46,20260820,1
46,20260821,1
46,20260822,1
46,20260824,1
46,20260825,1
46,20260826,1
46,20260827,1
46,20260828,1
46,20260829,1
46,20260831,1
48,20260515,1
50,20260509,1
52,20260501,1
52,20260502,1
52,20260508,1
52,20260509,1
57,20260705,1
58,20260510,1
71,20260523,1
72,20260501,1
72,20260508,1
72,20260514,1
73,20260327,1
75,20260714,1
76,20260307,1
82,20260308,1
82,20260315,1
82,20260322,1
84,20260718,1
86,20260308,1
86,20260315,1
90,20260621,1
95,20260501,1
97,20260404,1
98,20260514,1
102,20260531,1
106,20260406,1
108,20260320,1
109,20260417,1
110,20260607,1
111,20260306,1
111,20260313,1
114,20260503,1
115,20260525,1
116,20260517,1
117,20260308,1
119,20260315,1
119,20260322,1
123,20260719,1
128,20260831,1
133,20260412,1
133,20260419,1
134,20260426,1
136,20260412,1
136,20260419,1
136,20260426,1
138,20260323,1
140,20260704,1
141,20260425,1
142,20260405,1
152,20260710,1
161,20260524,1
179,20260712,1
198,20260403,1
201,20260308,1
201,20260315,1
201,20260322,1
201,20260329,1
201,20260405,1
201,20260406,1
201,20260412,1
201,20260419,1
201,20260426,1
201,20260503,1
201,20260510,1
201,20260517,1
201,20260525,1
201,20260531,1
201,20260607,1
201,20260614,1
201,20260621,1
201,20260628,1
204,20260516,1
210,20260530,1
214,20260306,1
214,20260309,1
214,20260310,1
214,20260311,1
214,20260312,1
214,20260313,1
214,20260316,1
214,20260317,1
214,20260318,1
214,20260319,1
214,20260320,1
214,20260323,1
214,20260324,1
214,20260325,1
214,20260326,1
214,20260327,1
215,20260407,1
227,20260307,1
227,20260314,1
227,20260321,1
228,20260829,1
233,20260411,1
238,20260313,1
238,20260320,1
238,20260327,1
244,20260704,1
244,20260705,1
245,20260606,1
245,20260613,1
245,20260620,1
257,20260619,1
259,20260314,1
261,20260704,1
261,20260705,1
261,20260711,1
261,20260712,1
263,20260511,1
268,20260328,1
268,20260329,1
274,20260526,1
277,20260706,1
283,20260711,1
283,20260718,1
283,20260725,1
283,20260801,1
283,20260808,1
283,20260815,1
283,20260829,1
284,20260704,1
284,20260822,1
285,20260711,1
285,20260718,1
285,20260725,1
285,20260808,1
285,20260815,1
285,20260829,1
290,20260704,1
290,20260711,1
290,20260718,1
290,20260725,1
290,20260801,1
290,20260808,1
290,20260815,1
290,20260822,1
290,20260829,1
291,20260503,1
291,20260510,1
291,20260517,1
293,20260426,1
293,20260503,1
293,20260510,1
293,20260517,1
297,20260524,1
297,20260525,1
299,20260417,1
299,20260424,1
299,20260430,1
299,20260507,1
299,20260513,1
299,20260703,1
302,20260710,1
302,20260717,1
302,20260724,1
302,20260731,1
302,20260807,1
303,20260814,1
303,20260821,1
303,20260828,1
309,20260424,1
309,20260430,1
309,20260507,1
309,20260513,1
310,20260417,1
310,20260703,1
313,20260430,1
313,20260507,1
316,20260710,1
316,20260717,1
316,20260724,1
316,20260807,1
316,20260814,1
316,20260821,1
316,20260828,1
317,20260703,1
317,20260831,1
318,20260731,1
323,20260424,1
323,20260430,1
323,20260507,1
325,20260703,1
327,20260816,1
328,20260711,1
328,20260713,1
328,20260718,1
328,20260725,1
329,20260704,1
329,20260801,1
329,20260808,1
329,20260815,1
329,20260822,1
329,20260829,1
330,20260515,1
330,20260516,1
333,20260403,1
333,20260410,1
333,20260417,1
333,20260424,1
338,20260704,1
338,20260711,1
338,20260713,1
338,20260718,1
338,20260725,1
338,20260801,1
338,20260808,1
338,20260815,1
338,20260822,1
338,20260829,1
340,20260306,1
340,20260717,1
340,20260724,1
341,20260420,1
341,20260421,1
341,20260422,1
341,20260423,1
341,20260424,1
341,20260427,1
341,20260428,1
341,20260429,1
341,20260430,1
341,20260504,1
341,20260505,1
341,20260506,1
341,20260507,1
341,20260511,1
341,20260512,1
341,20260513,1
342,20260731,1
342,20260831,1
343,20260314,1
343,20260321,1
343,20260328,1
343,20260411,1
343,20260418,1
343,20260627,1
343,20260711,1
343,20260713,1
344,20260530,1
344,20260606,1
344,20260613,1
344,20260620,1
345,20260425,1
345,20260502,1
346,20260501,1
346,20260508,1
347,20260518,1
347,20260519,1
347,20260520,1
347,20260521,1
347,20260522,1
347,20260526,1
347,20260527,1
347,20260528,1
347,20260529,1
347,20260601,1
347,20260602,1
347,20260603,1
347,20260604,1
347,20260605,1
347,20260608,1
347,20260609,1
347,20260610,1
347,20260611,1
347,20260612,1
347,20260615,1
347,20260616,1
347,20260617,1
347,20260618,1
347,20260619,1
348,20260808,1
348,20260815,1
348,20260822,1
349,20260718,1
349,20260725,1
350,20260704,1
350,20260801,1
350,20260829,1
351,20260309,1
351,20260310,1
351,20260311,1
351,20260312,1
351,20260313,1
351,20260316,1
351,20260317,1
351,20260318,1
351,20260319,1
351,20260320,1
351,20260323,1
351,20260324,1
351,20260325,1
351,20260326,1
351,20260327,1
351,20260330,1
351,20260331,1
351,20260401,1
351,20260402,1
351,20260403,1
351,20260407,1
351,20260408,1
351,20260409,1
351,20260410,1
351,20260413,1
351,20260414,1
351,20260415,1
351,20260416,1
351,20260417,1
351,20260622,1
351,20260623,1
351,20260624,1
351,20260625,1
351,20260626,1
351,20260629,1
351,20260630,1
351,20260701,1
351,20260702,1
351,20260710,1
351,20260807,1
351,20260814,1
351,20260821,1
351,20260828,1
352,20260420,1
352,20260421,1
352,20260422,1
352,20260423,1
352,20260427,1
352,20260428,1
352,20260429,1
352,20260504,1
352,20260505,1
352,20260506,1
352,20260511,1
352,20260512,1
353,20260507,1
353,20260513,1
354,20260330,1
354,20260331,1
354,20260401,1
354,20260402,1
354,20260403,1
354,20260407,1
354,20260408,1
354,20260409,1
354,20260410,1
354,20260413,1
354,20260414,1
354,20260415,1
354,20260416,1
354,20260518,1
354,20260519,1
354,20260520,1
354,20260521,1
354,20260522,1
354,20260526,1
354,20260527,1
354,20260528,1
354,20260529,1
354,20260601,1
354,20260602,1
354,20260603,1
354,20260604,1
354,20260605,1
354,20260608,1
354,20260609,1
354,20260610,1
354,20260611,1
354,20260612,1
354,20260615,1
354,20260616,1
354,20260617,1
354,20260618,1
354,20260619,1
354,20260622,1
354,20260623,1
354,20260624,1
354,20260625,1
354,20260626,1
354,20260629,1
354,20260630,1
354,20260701,1
354,20260702,1
354,20260706,1
354,20260715,1
354,20260720,1
354,20260727,1
354,20260803,1
354,20260810,1
354,20260817,1
354,20260824,1
355,20260308,1
355,20260315,1
355,20260322,1
355,20260329,1
355,20260406,1
355,20260412,1
355,20260419,1
355,20260525,1
355,20260531,1
355,20260607,1
355,20260614,1
355,20260621,1
355,20260628,1
356,20260420,1
356,20260421,1
356,20260422,1
356,20260423,1
356,20260427,1
356,20260428,1
356,20260429,1
356,20260501,1
356,20260502,1
356,20260504,1
356,20260505,1
356,20260507,1
356,20260508,1
356,20260511,1
356,20260512,1
356,20260513,1
357,20260426,1
357,20260503,1
357,20260506,1
358,20260703,1
358,20260704,1
358,20260731,1
358,20260801,1
358,20260808,1
358,20260815,1
358,20260822,1
358,20260829,1
358,20260831,1
359,20260306,1
359,20260307,1
359,20260308,1
359,20260309,1
359,20260310,1
359,20260311,1
359,20260312,1
359,20260313,1
359,20260314,1
359,20260315,1
359,20260316,1
359,20260317,1
359,20260318,1
359,20260319,1
359,20260320,1
359,20260321,1
359,20260322,1
359,20260323,1
359,20260324,1
359,20260325,1
359,20260326,1
359,20260327,1
359,20260328,1
359,20260329,1
359,20260330,1
359,20260331,1
359,20260401,1
359,20260402,1
359,20260403,1
359,20260404,1
359,20260407,1
359,20260408,1
359,20260409,1
359,20260410,1
359,20260411,1
359,20260412,1
359,20260413,1
359,20260414,1
359,20260415,1
359,20260416,1
359,20260417,1
359,20260418,1
359,20260419,1
359,20260518,1
359,20260519,1
359,20260520,1
359,20260521,1
359,20260522,1
359,20260523,1
359,20260526,1
359,20260527,1
359,20260528,1
359,20260529,1
359,20260530,1
359,20260531,1
359,20260601,1
359,20260602,1
359,20260603,1
359,20260604,1
359,20260605,1
359,20260606,1
359,20260607,1
359,20260608,1
359,20260609,1
359,20260610,1
359,20260611,1
359,20260612,1
359,20260613,1
359,20260614,1
359,20260615,1
359,20260616,1
359,20260617,1
359,20260618,1
359,20260619,1
359,20260620,1
359,20260621,1
359,20260622,1
359,20260623,1
359,20260624,1
359,20260625,1
359,20260626,1
359,20260627,1
359,20260628,1
359,20260629,1
359,20260630,1
359,20260701,1
359,20260702,1
359,20260706,1
359,20260707,1
359,20260708,1
359,20260709,1
359,20260710,1
359,20260711,1
359,20260713,1
359,20260715,1
359,20260716,1
359,20260717,1
359,20260718,1
359,20260720,1
359,20260721,1
359,20260722,1
359,20260723,1
359,20260724,1
359,20260725,1
359,20260727,1
359,20260728,1
359,20260729,1
359,20260730,1
359,20260803,1
359,20260804,1
359,20260805,1
359,20260806,1
359,20260807,1
359,20260810,1
359,20260811,1
359,20260812,1
359,20260813,1
359,20260814,1
359,20260817,1
359,20260818,1
359,20260819,1
359,20260820,1
359,20260821,1
359,20260824,1
359,20260825,1
359,20260826,1
359,20260827,1
359,20260828,1
360,20260309,1
360,20260310,1
360,20260311,1
360,20260312,1
360,20260316,1
360,20260317,1
360,20260318,1
360,20260319,1
360,20260323,1
360,20260324,1
360,20260325,1
360,20260326,1
360,20260330,1
360,20260331,1
360,20260401,1
360,20260402,1
360,20260407,1
360,20260408,1
360,20260409,1
360,20260413,1
360,20260414,1
360,20260415,1
360,20260416,1
360,20260518,1
360,20260519,1
360,20260520,1
360,20260521,1
360,20260526,1
360,20260527,1
360,20260528,1
360,20260601,1
360,20260602,1
360,20260603,1
360,20260604,1
360,20260608,1
360,20260609,1
360,20260610,1
360,20260611,1
360,20260615,1
360,20260616,1
360,20260617,1
360,20260618,1
360,20260622,1
360,20260623,1
360,20260624,1
360,20260625,1
360,20260629,1
360,20260630,1
360,20260701,1
360,20260702,1
361,20260622,1
361,20260623,1
361,20260624,1
361,20260625,1
361,20260626,1
361,20260629,1
361,20260630,1
361,20260701,1
361,20260702,1
362,20260330,1
362,20260331,1
362,20260401,1
362,20260402,1
362,20260403,1
362,20260407,1
362,20260408,1
362,20260409,1
362,20260410,1
362,20260413,1
362,20260414,1
362,20260415,1
362,20260416,1
362,20260417,1
362,20260518,1
362,20260519,1
362,20260520,1
362,20260521,1
362,20260522,1
362,20260526,1
362,20260527,1
362,20260528,1
362,20260529,1
362,20260601,1
362,20260602,1
362,20260603,1
362,20260604,1
362,20260605,1
362,20260608,1
362,20260609,1
362,20260610,1
362,20260611,1
362,20260612,1
362,20260615,1
362,20260616,1
362,20260617,1
362,20260618,1
362,20260619,1
363,20260323,1
363,20260324,1
363,20260325,1
363,20260326,1
363,20260327,1
364,20260315,1
364,20260322,1
364,20260329,1
365,20260518,1
365,20260519,1
365,20260520,1
365,20260521,1
365,20260526,1
365,20260527,1
365,20260528,1
365,20260601,1
365,20260602,1
365,20260603,1
365,20260604,1
365,20260608,1
365,20260609,1
365,20260610,1
365,20260611,1
365,20260615,1
365,20260616,1
365,20260617,1
365,20260618,1
365,20260622,1
365,20260623,1
365,20260624,1
365,20260625,1
365,20260629,1
365,20260630,1
365,20260701,1
365,20260702,1
366,20260525,1
366,20260831,1
367,20260510,1
367,20260517,1
368,20260424,1
369,20260524,1
369,20260531,1
369,20260607,1
369,20260614,1
369,20260621,1
369,20260628,1
369,20260703,1
370,20260522,1
370,20260529,1
370,20260605,1
370,20260612,1
370,20260619,1
370,20260626,1
371,20260330,1
371,20260331,1
371,20260401,1
371,20260402,1
371,20260403,1
371,20260407,1
371,20260408,1
371,20260409,1
371,20260410,1
371,20260413,1
371,20260414,1
371,20260415,1
371,20260416,1
371,20260417,1
372,20260420,1
372,20260421,1
372,20260422,1
372,20260423,1
372,20260427,1
372,20260428,1
372,20260429,1
372,20260504,1
372,20260505,1
372,20260506,1
372,20260507,1
372,20260511,1
372,20260512,1
372,20260513,1
373,20260430,1
374,20260309,1
374,20260310,1
374,20260311,1
374,20260312,1
374,20260313,1
374,20260316,1
374,20260317,1
374,20260318,1
374,20260319,1
374,20260320,1
375,20260420,1
375,20260421,1
375,20260422,1
375,20260423,1
375,20260425,1
375,20260427,1
375,20260428,1
375,20260429,1
375,20260501,1
375,20260504,1
375,20260505,1
375,20260506,1
375,20260511,1
375,20260512,1
376,20260313,1
376,20260320,1
376,20260327,1
376,20260403,1
376,20260410,1
376,20260417,1
376,20260522,1
376,20260529,1
376,20260605,1
376,20260612,1
376,20260619,1
376,20260626,1
376,20260703,1
376,20260704,1
376,20260710,1
376,20260711,1
376,20260713,1
376,20260717,1
376,20260718,1
376,20260724,1
376,20260725,1
376,20260731,1
376,20260801,1
376,20260807,1
376,20260808,1
376,20260814,1
376,20260815,1
376,20260821,1
376,20260822,1
376,20260828,1
376,20260829,1
377,20260307,1
377,20260309,1
377,20260310,1
377,20260311,1
377,20260312,1
377,20260314,1
377,20260316,1
377,20260317,1
377,20260318,1
377,20260319,1
377,20260321,1
377,20260323,1
377,20260324,1
377,20260325,1
377,20260326,1
377,20260328,1
377,20260330,1
377,20260331,1
377,20260401,1
377,20260402,1
377,20260407,1
377,20260408,1
377,20260409,1
377,20260411,1
377,20260413,1
377,20260414,1
377,20260415,1
377,20260416,1
377,20260418,1
377,20260518,1
377,20260519,1
377,20260520,1
377,20260521,1
377,20260526,1
377,20260527,1
377,20260528,1
377,20260530,1
377,20260601,1
377,20260602,1
377,20260603,1
377,20260604,1
377,20260606,1
377,20260608,1
377,20260609,1
377,20260610,1
377,20260611,1
377,20260613,1
377,20260615,1
377,20260616,1
377,20260617,1
377,20260618,1
377,20260620,1
377,20260622,1
377,20260623,1
377,20260624,1
377,20260625,1
377,20260627,1
377,20260629,1
377,20260630,1
377,20260701,1
377,20260702,1
377,20260706,1
377,20260707,1
377,20260708,1
377,20260709,1
377,20260715,1
377,20260716,1
377,20260720,1
377,20260721,1
377,20260722,1
377,20260723,1
377,20260727,1
377,20260728,1
377,20260729,1
377,20260730,1
377,20260803,1
377,20260804,1
377,20260805,1
377,20260806,1
377,20260810,1
377,20260811,1
377,20260812,1
377,20260813,1
377,20260817,1
377,20260818,1
377,20260819,1
377,20260820,1
377,20260824,1
377,20260825,1
377,20260826,1
377,20260827,1
378,20260523,1
378,20260525,1
378,20260530,1
378,20260613,1
378,20260620,1
378,20260627,1
379,20260531,1
379,20260607,1
379,20260614,1
379,20260621,1
379,20260628,1
380,20260308,1
380,20260315,1
380,20260322,1
380,20260329,1
381,20260411,1
381,20260418,1
381,20260425,1
381,20260426,1
381,20260501,1
381,20260503,1
381,20260510,1
381,20260517,1
382,20260404,1
382,20260406,1
382,20260412,1
382,20260419,1
383,20260606,1
384,20260429,1
385,20260309,1
385,20260310,1
385,20260311,1
385,20260316,1
385,20260317,1
385,20260318,1
385,20260323,1
385,20260324,1
385,20260325,1
385,20260330,1
385,20260331,1
385,20260401,1
385,20260407,1
385,20260408,1
385,20260413,1
385,20260414,1
385,20260415,1
385,20260420,1
385,20260421,1
385,20260422,1
385,20260427,1
385,20260428,1
385,20260504,1
385,20260505,1
385,20260506,1
385,20260511,1
385,20260512,1
385,20260518,1
385,20260519,1
385,20260520,1
385,20260526,1
385,20260527,1
385,20260601,1
385,20260602,1
385,20260603,1
385,20260608,1
385,20260609,1
385,20260610,1
385,20260615,1
385,20260616,1
385,20260617,1
385,20260622,1
385,20260623,1
385,20260624,1
385,20260629,1
385,20260630,1
385,20260701,1
386,20260330,1
386,20260331,1
386,20260401,1
386,20260402,1
386,20260404,1
386,20260407,1
386,20260408,1
386,20260409,1
386,20260411,1
386,20260413,1
386,20260414,1
386,20260415,1
386,20260416,1
386,20260418,1
386,20260518,1
386,20260519,1
386,20260520,1
386,20260521,1
386,20260523,1
386,20260526,1
386,20260527,1
386,20260528,1
386,20260530,1
386,20260601,1
386,20260602,1
386,20260603,1
386,20260604,1
386,20260606,1
386,20260608,1
386,20260609,1
386,20260610,1
386,20260611,1
386,20260613,1
386,20260615,1
386,20260616,1
386,20260617,1
386,20260618,1
386,20260620,1
386,20260622,1
386,20260623,1
386,20260624,1
386,20260625,1
386,20260627,1
386,20260629,1
386,20260630,1
386,20260701,1
386,20260702,1
386,20260711,1
386,20260713,1
386,20260718,1
386,20260725,1
387,20260704,1
387,20260801,1
387,20260808,1
387,20260815,1
387,20260822,1
387,20260829,1
387,20260831,1
388,20260501,1
388,20260502,1
389,20260420,1
389,20260421,1
389,20260422,1
389,20260423,1
389,20260425,1
389,20260427,1
389,20260428,1
389,20260429,1
389,20260504,1
389,20260505,1
389,20260506,1
389,20260508,1
389,20260511,1
389,20260512,1
390,20260308,1
390,20260704,1
390,20260801,1
390,20260808,1
390,20260815,1
390,20260822,1
390,20260829,1
391,20260426,1
391,20260503,1
392,20260706,1
392,20260707,1
392,20260708,1
392,20260709,1
392,20260711,1
392,20260713,1
392,20260715,1
392,20260716,1
392,20260718,1
392,20260720,1
392,20260721,1
392,20260722,1
392,20260723,1
392,20260725,1
392,20260727,1
392,20260728,1
392,20260729,1
392,20260730,1
392,20260803,1
392,20260804,1
392,20260805,1
392,20260806,1
392,20260810,1
392,20260811,1
392,20260812,1
392,20260813,1
392,20260817,1
392,20260818,1
392,20260819,1
392,20260820,1
392,20260824,1
392,20260825,1
392,20260826,1
392,20260827,1
393,20260406,1
393,20260412,1
393,20260525,1
393,20260531,1
393,20260607,1
393,20260614,1
393,20260621,1
393,20260628,1
394,20260419,1
395,20260306,1
395,20260313,1
395,20260320,1
395,20260327,1
395,20260403,1
395,20260410,1
395,20260417,1
395,20260529,1
395,20260605,1
395,20260612,1
395,20260619,1
395,20260626,1
395,20260703,1
395,20260710,1
395,20260713,1
395,20260717,1
395,20260724,1
395,20260731,1
395,20260807,1
395,20260814,1
395,20260821,1
395,20260828,1
396,20260309,1
396,20260310,1
396,20260311,1
396,20260312,1
396,20260316,1
396,20260317,1
396,20260318,1
396,20260319,1
396,20260323,1
396,20260324,1
396,20260325,1
396,20260326,1
396,20260330,1
396,20260331,1
396,20260401,1
396,20260402,1
396,20260407,1
396,20260408,1
396,20260409,1
396,20260413,1
396,20260414,1
396,20260415,1
396,20260416,1
396,20260518,1
396,20260519,1
396,20260520,1
396,20260521,1
396,20260526,1
396,20260527,1
396,20260528,1
396,20260601,1
396,20260602,1
396,20260603,1
396,20260604,1
396,20260608,1
396,20260609,1
396,20260610,1
396,20260611,1
396,20260615,1
396,20260616,1
396,20260617,1
396,20260618,1
396,20260622,1
396,20260623,1
396,20260624,1
396,20260625,1
396,20260629,1
396,20260630,1
396,20260701,1
396,20260702,1
396,20260706,1
396,20260707,1
396,20260708,1
396,20260715,1
396,20260720,1
396,20260721,1
396,20260722,1
396,20260727,1
396,20260728,1
396,20260729,1
396,20260803,1
396,20260804,1
396,20260805,1
396,20260810,1
396,20260811,1
396,20260812,1
396,20260817,1
396,20260818,1
396,20260819,1
396,20260824,1
396,20260825,1
396,20260826,1
397,20260406,1
397,20260510,1
397,20260517,1
397,20260525,1
398,20260315,1
398,20260322,1
398,20260329,1
398,20260403,1
398,20260410,1
398,20260417,1
398,20260522,1
398,20260529,1
398,20260605,1
398,20260612,1
398,20260619,1
398,20260626,1
398,20260705,1
398,20260707,1
398,20260708,1
398,20260709,1
398,20260712,1
398,20260716,1
398,20260721,1
398,20260722,1
398,20260723,1
398,20260728,1
398,20260729,1
398,20260730,1
398,20260804,1
398,20260805,1
398,20260806,1
398,20260811,1
398,20260812,1
398,20260813,1
398,20260818,1
398,20260819,1
398,20260820,1
398,20260825,1
398,20260826,1
398,20260827,1
399,20260412,1
399,20260419,1
399,20260531,1
399,20260607,1
399,20260614,1
399,20260621,1
399,20260628,1
399,20260703,1
399,20260714,1
399,20260719,1
399,20260726,1
399,20260802,1
399,20260809,1
399,20260816,1
399,20260823,1
399,20260830,1
400,20260708,1
400,20260715,1
400,20260722,1
400,20260729,1
400,20260805,1
400,20260812,1
400,20260819,1
400,20260826,1
401,20260706,1
401,20260707,1
401,20260709,1
401,20260716,1
401,20260720,1
401,20260721,1
401,20260723,1
401,20260727,1
401,20260728,1
401,20260730,1
401,20260803,1
401,20260804,1
401,20260806,1
401,20260810,1
401,20260811,1
401,20260813,1
401,20260817,1
401,20260818,1
401,20260820,1
401,20260824,1
401,20260825,1
401,20260827,1
402,20260306,1
402,20260313,1
402,20260320,1
402,20260327,1
402,20260403,1
402,20260410,1
402,20260417,1
402,20260522,1
402,20260529,1
402,20260605,1
402,20260612,1
402,20260619,1
402,20260626,1
402,20260703,1
402,20260710,1
402,20260717,1
402,20260724,1
402,20260731,1
402,20260807,1
402,20260814,1
402,20260821,1
402,20260828,1
403,20260425,1
403,20260501,1
403,20260508,1
404,20260404,1
404,20260411,1
404,20260418,1
404,20260523,1
404,20260530,1
404,20260606,1
404,20260613,1
404,20260620,1
404,20260627,1
405,20260306,1
405,20260313,1
405,20260320,1
405,20260327,1
405,20260403,1
405,20260410,1
405,20260417,1
405,20260522,1
405,20260529,1
405,20260605,1
405,20260612,1
405,20260619,1
405,20260626,1
405,20260703,1
406,20260627,1
406,20260711,1
406,20260713,1
406,20260718,1
406,20260725,1
407,20260523,1
407,20260530,1
407,20260606,1
407,20260613,1
407,20260620,1
408,20260704,1
408,20260705,1
408,20260712,1
408,20260714,1
408,20260719,1
408,20260726,1
408,20260801,1
408,20260802,1
408,20260808,1
408,20260809,1
408,20260815,1
408,20260816,1
408,20260822,1
408,20260823,1
408,20260829,1
408,20260830,1
409,20260404,1
409,20260411,1
409,20260418,1
410,20260508,1
410,20260509,1
411,20260425,1
411,20260501,1
411,20260502,1
412,20260825,1
412,20260826,1
412,20260827,1
413,20260706,1
413,20260707,1
413,20260708,1
413,20260709,1
413,20260715,1
413,20260716,1
413,20260720,1
413,20260721,1
413,20260722,1
413,20260723,1
413,20260727,1
413,20260728,1
413,20260729,1
413,20260730,1
413,20260803,1
413,20260804,1
413,20260805,1
413,20260806,1
413,20260810,1
413,20260811,1
413,20260812,1
413,20260813,1
413,20260817,1
413,20260818,1
413,20260819,1
413,20260820,1
413,20260824,1
414,20260308,1
414,20260315,1
414,20260322,1
414,20260329,1
414,20260405,1
414,20260406,1
414,20260412,1
414,20260419,1
414,20260524,1
414,20260525,1
414,20260531,1
414,20260607,1
414,20260614,1
414,20260621,1
414,20260628,1
415,20260331,1
415,20260401,1
415,20260402,1
415,20260404,1
415,20260408,1
415,20260409,1
415,20260411,1
415,20260414,1
415,20260415,1
415,20260416,1
415,20260418,1
415,20260519,1
415,20260520,1
415,20260521,1
415,20260523,1
415,20260527,1
415,20260528,1
415,20260530,1
415,20260602,1
415,20260603,1
415,20260604,1
415,20260606,1
415,20260609,1
415,20260610,1
415,20260611,1
415,20260613,1
415,20260616,1
415,20260617,1
415,20260618,1
415,20260620,1
415,20260623,1
415,20260624,1
415,20260625,1
415,20260627,1
415,20260630,1
415,20260701,1
415,20260702,1
416,20260421,1
416,20260422,1
416,20260423,1
416,20260425,1
416,20260428,1
416,20260429,1
416,20260501,1
416,20260502,1
416,20260505,1
416,20260506,1
416,20260508,1
416,20260512,1
417,20260307,1
417,20260310,1
417,20260311,1
417,20260312,1
417,20260314,1
417,20260317,1
417,20260318,1
417,20260319,1
417,20260321,1
417,20260324,1
417,20260325,1
417,20260326,1
417,20260328,1
418,20260309,1
418,20260310,1
418,20260311,1
418,20260312,1
418,20260316,1
418,20260317,1
418,20260318,1
418,20260319,1
418,20260323,1
418,20260324,1
418,20260325,1
418,20260326,1
418,20260330,1
418,20260331,1
418,20260401,1
418,20260402,1
418,20260407,1
418,20260408,1
418,20260409,1
418,20260413,1
418,20260414,1
418,20260415,1
418,20260416,1
418,20260518,1
418,20260519,1
418,20260520,1
418,20260521,1
418,20260526,1
418,20260527,1
418,20260528,1
418,20260601,1
418,20260602,1
418,20260603,1
418,20260604,1
418,20260608,1
418,20260609,1
418,20260610,1
418,20260611,1
418,20260615,1
418,20260616,1
418,20260617,1
418,20260618,1
418,20260622,1
418,20260623,1
418,20260624,1
418,20260625,1
418,20260629,1
418,20260630,1
418,20260701,1
418,20260702,1
418,20260706,1
418,20260707,1
418,20260708,1
418,20260709,1
418,20260715,1
418,20260716,1
418,20260720,1
418,20260721,1
418,20260722,1
418,20260723,1
418,20260727,1
418,20260728,1
418,20260729,1
418,20260730,1
418,20260803,1
418,20260804,1
418,20260805,1
418,20260806,1
418,20260810,1
418,20260811,1
418,20260812,1
418,20260813,1
418,20260817,1
418,20260818,1
418,20260819,1
418,20260820,1
418,20260824,1
418,20260825,1
418,20260826,1
418,20260827,1
419,20260314,1
419,20260404,1
419,20260523,1
419,20260530,1
420,20260425,1
420,20260501,1
421,20260704,1
421,20260711,1
421,20260725,1
421,20260801,1
421,20260807,1
421,20260808,1
421,20260814,1
421,20260815,1
421,20260821,1
421,20260822,1
421,20260828,1
421,20260829,1
422,20260710,1
422,20260717,1
422,20260724,1
422,20260731,1
423,20260307,1
423,20260321,1
423,20260328,1
423,20260411,1
423,20260418,1
423,20260606,1
423,20260613,1
423,20260620,1
423,20260627,1
424,20260514,1
424,20260515,1
425,20260713,1
425,20260718,1
426,20260525,1
426,20260531,1
426,20260607,1
426,20260614,1
426,20260621,1
426,20260628,1
426,20260705,1
426,20260712,1
426,20260714,1
426,20260719,1
426,20260726,1
426,20260802,1
426,20260809,1
426,20260816,1
426,20260823,1
426,20260830,1
427,20260308,1
427,20260315,1
427,20260322,1
427,20260405,1
427,20260406,1
427,20260412,1
427,20260419,1
428,20260706,1
428,20260707,1
428,20260708,1
428,20260709,1
428,20260710,1
428,20260715,1
428,20260716,1
428,20260717,1
428,20260720,1
428,20260721,1
428,20260722,1
428,20260723,1
428,20260724,1
428,20260727,1
428,20260728,1
428,20260729,1
428,20260730,1
428,20260803,1
428,20260804,1
428,20260805,1
428,20260806,1
428,20260807,1
428,20260810,1
428,20260811,1
428,20260812,1
428,20260813,1
428,20260814,1
428,20260817,1
428,20260818,1
428,20260819,1
428,20260820,1
428,20260821,1
428,20260824,1
428,20260825,1
428,20260826,1
428,20260827,1
428,20260828,1
430,20260705,1
430,20260712,1
430,20260714,1
430,20260719,1
430,20260726,1
430,20260802,1
430,20260809,1
430,20260816,1
430,20260823,1
430,20260830,1
436,20260628,1
444,20260627,1
444,20260706,1
454,20260714,1
454,20260719,1
454,20260726,1
454,20260802,1
454,20260809,1
454,20260816,1
454,20260823,1
454,20260830,1
465,20260427,1
468,20260309,1
468,20260316,1
468,20260323,1
471,20260502,1
471,20260503,1
480,20260502,1
499,20260308,1
499,20260315,1
499,20260322,1
499,20260329,1
499,20260405,1
499,20260406,1
499,20260412,1
499,20260419,1
499,20260426,1
499,20260503,1
499,20260510,1
499,20260517,1
499,20260524,1
499,20260525,1
499,20260531,1
499,20260607,1
499,20260614,1
499,20260621,1
499,20260628,1
499,20260705,1
499,20260712,1
499,20260714,1
499,20260719,1
499,20260726,1
499,20260802,1
499,20260809,1
499,20260816,1
499,20260823,1
499,20260830,1
504,20260706,1
504,20260715,1
504,20260720,1
504,20260727,1
504,20260803,1
504,20260810,1
504,20260817,1
504,20260824,1
505,20260710,1
505,20260717,1
505,20260724,1
506,20260828,1
518,20260403,1
518,20260410,1
543,20260522,1
544,20260430,1
544,20260507,1
544,20260513,1
552,20260411,1
552,20260418,1
576,20260705,1
576,20260712,1
592,20260717,1
592,20260724,1
592,20260731,1
604,20260607,1
604,20260614,1
604,20260621,1
613,20260627,1
614,20260606,1
614,20260613,1
614,20260620,1
614,20260704,1
614,20260711,1
614,20260718,1
614,20260725,1
614,20260801,1
614,20260808,1
614,20260815,1
614,20260822,1
614,20260829,1
615,20260523,1
615,20260530,1
635,20260622,1
635,20260629,1
637,20260821,1
637,20260828,1
642,20260306,1
642,20260309,1
642,20260310,1
642,20260311,1
642,20260312,1
642,20260313,1
642,20260316,1
642,20260317,1
642,20260318,1
642,20260319,1
642,20260320,1
642,20260323,1
642,20260324,1
642,20260325,1
642,20260326,1
642,20260327,1
642,20260330,1
642,20260331,1
642,20260401,1
642,20260402,1
642,20260403,1
642,20260407,1
642,20260408,1
642,20260409,1
642,20260410,1
642,20260413,1
642,20260414,1
642,20260415,1
642,20260416,1
642,20260417,1
642,20260420,1
642,20260421,1
642,20260422,1
642,20260423,1
642,20260424,1
642,20260427,1
642,20260428,1
642,20260429,1
642,20260430,1
642,20260504,1
642,20260505,1
642,20260506,1
642,20260507,1
642,20260511,1
642,20260512,1
642,20260513,1
642,20260515,1
642,20260518,1
642,20260519,1
642,20260520,1
642,20260521,1
642,20260522,1
642,20260526,1
642,20260527,1
642,20260528,1
642,20260529,1
642,20260601,1
642,20260602,1
642,20260603,1
642,20260604,1
642,20260605,1
642,20260608,1
642,20260609,1
642,20260610,1
642,20260611,1
642,20260612,1
642,20260615,1
642,20260616,1
642,20260617,1
642,20260618,1
642,20260619,1
642,20260622,1
642,20260623,1
642,20260624,1
642,20260625,1
642,20260626,1
642,20260629,1
642,20260630,1
642,20260701,1
642,20260702,1
642,20260703,1
655,20260313,1
664,20260316,1
669,20260310,1
697,20260706,1
697,20260707,1
697,20260708,1
697,20260709,1
697,20260710,1
697,20260713,1
697,20260715,1
697,20260716,1
697,20260717,1
697,20260720,1
697,20260721,1
697,20260722,1
697,20260723,1
697,20260724,1
732,20260314,1
732,20260321,1
737,20260306,1
737,20260307,1
737,20260308,1
737,20260309,1
737,20260310,1
737,20260311,1
737,20260312,1
737,20260313,1
737,20260314,1
737,20260315,1
737,20260316,1
737,20260317,1
737,20260318,1
737,20260319,1
737,20260320,1
737,20260321,1
737,20260322,1
737,20260323,1
737,20260324,1
737,20260325,1
737,20260326,1
737,20260327,1
737,20260328,1
737,20260329,1
739,20260418,1
745,20260404,1
745,20260405,1
745,20260406,1
750,20260405,1
750,20260406,1
751,20260412,1
752,20260407,1
752,20260408,1
752,20260409,1
752,20260410,1
762,20260404,1
762,20260411,1
771,20260331,1
778,20260405,1
778,20260406,1
778,20260412,1
784,20260413,1
784,20260414,1
784,20260415,1
784,20260416,1
784,20260417,1
789,20260307,1
789,20260308,1
789,20260314,1
789,20260315,1
789,20260321,1
789,20260322,1
789,20260328,1
789,20260329,1
790,20260411,1
790,20260412,1
795,20260815,1
804,20260418,1
804,20260419,1
807,20260501,1
807,20260502,1
807,20260503,1
810,20260627,1
810,20260628,1
814,20260803,1
814,20260804,1
814,20260805,1
814,20260806,1
814,20260807,1
814,20260810,1
814,20260811,1
814,20260812,1
814,20260813,1
814,20260814,1
814,20260817,1
814,20260818,1
814,20260819,1
814,20260820,1
814,20260821,1
814,20260824,1
814,20260825,1
814,20260826,1
814,20260827,1
814,20260828,1
814,20260831,1
825,20260427,1
825,20260428,1
825,20260429,1
825,20260430,1
837,20260326,1
838,20260521,1
852,20260429,1
852,20260430,1
859,20260427,1
859,20260428,1
865,20260404,1
865,20260405,1
865,20260406,1
865,20260411,1
865,20260412,1
865,20260418,1
865,20260419,1
879,20260627,1
879,20260711,1
879,20260718,1
879,20260725,1
881,20260328,1
881,20260404,1
881,20260411,1
911,20260308,1
911,20260315,1
911,20260322,1
911,20260329,1
911,20260405,1
911,20260406,1
911,20260412,1
911,20260419,1
911,20260426,1
911,20260503,1
911,20260510,1
911,20260517,1
911,20260524,1
911,20260525,1
911,20260531,1
911,20260607,1
911,20260614,1
911,20260621,1
911,20260628,1
921,20260307,1
921,20260314,1
921,20260321,1
921,20260328,1
921,20260404,1
921,20260411,1
921,20260418,1
921,20260425,1
921,20260501,1
921,20260502,1
921,20260508,1
921,20260509,1
921,20260514,1
921,20260516,1
921,20260523,1
921,20260530,1
921,20260606,1
921,20260613,1
921,20260620,1
921,20260627,1
926,20260622,1
926,20260623,1
926,20260624,1
926,20260625,1
926,20260626,1
926,20260629,1
926,20260630,1
926,20260701,1
926,20260702,1
926,20260703,1
932,20260711,1
933,20260620,1
933,20260621,1
935,20260505,1
935,20260506,1
940,20260306,1
940,20260309,1
940,20260310,1
940,20260311,1
940,20260312,1
940,20260313,1
942,20260330,1
942,20260331,1
942,20260401,1
942,20260402,1
947,20260420,1
947,20260421,1
947,20260422,1
947,20260423,1
947,20260424,1
948,20260306,1
948,20260309,1
948,20260310,1
948,20260311,1
948,20260312,1
948,20260313,1
948,20260316,1
948,20260317,1
948,20260318,1
948,20260319,1
948,20260320,1
951,20260704,1
951,20260705,1
951,20260706,1
951,20260707,1
951,20260708,1
951,20260709,1
951,20260710,1
951,20260711,1
951,20260712,1
951,20260713,1
951,20260714,1
951,20260715,1
951,20260716,1
951,20260717,1
951,20260718,1
951,20260719,1
951,20260720,1
951,20260721,1
951,20260722,1
951,20260723,1
951,20260724,1
951,20260725,1
951,20260726,1
951,20260727,1
951,20260728,1
951,20260729,1
951,20260730,1
951,20260731,1
951,20260801,1
951,20260802,1
951,20260803,1
951,20260804,1
951,20260805,1
951,20260806,1
951,20260807,1
951,20260808,1
951,20260809,1
951,20260810,1
951,20260811,1
951,20260812,1
951,20260813,1
951,20260814,1
951,20260815,1
951,20260816,1
951,20260817,1
951,20260818,1
951,20260819,1
951,20260820,1
951,20260821,1
951,20260822,1
951,20260823,1
951,20260824,1
951,20260825,1
951,20260826,1
951,20260827,1
951,20260828,1
951,20260829,1
951,20260830,1
965,20260309,1
965,20260310,1
965,20260311,1
965,20260312,1
965,20260313,1
966,20260307,1
966,20260308,1
972,20260315,1
974,20260310,1
974,20260311,1
974,20260312,1
976,20260309,1
976,20260313,1
977,20260314,1
977,20260321,1
977,20260328,1
993,20260309,1
993,20260310,1
993,20260311,1
993,20260312,1
993,20260316,1
993,20260317,1
993,20260318,1
993,20260319,1
993,20260323,1
993,20260324,1
993,20260325,1
993,20260326,1
993,20260330,1
993,20260331,1
993,20260401,1
993,20260402,1
993,20260407,1
993,20260408,1
993,20260409,1
993,20260413,1
993,20260414,1
993,20260415,1
993,20260416,1
993,20260420,1
993,20260421,1
993,20260422,1
993,20260423,1
993,20260427,1
993,20260428,1
993,20260429,1
993,20260504,1
993,20260505,1
993,20260506,1
993,20260511,1
993,20260512,1
993,20260518,1
993,20260519,1
993,20260520,1
993,20260521,1
993,20260526,1
993,20260527,1
993,20260528,1
993,20260601,1
993,20260602,1
993,20260603,1
993,20260604,1
993,20260608,1
993,20260609,1
993,20260610,1
993,20260611,1
993,20260615,1
993,20260616,1
993,20260617,1
993,20260618,1
993,20260622,1
993,20260623,1
993,20260624,1
993,20260625,1
993,20260629,1
993,20260630,1
993,20260701,1
993,20260702,1
993,20260706,1
993,20260707,1
993,20260708,1
993,20260709,1
993,20260713,1
993,20260715,1
993,20260716,1
993,20260720,1
993,20260721,1
993,20260722,1
993,20260723,1
993,20260727,1
993,20260728,1
993,20260729,1
993,20260730,1
993,20260803,1
993,20260804,1
993,20260805,1
993,20260806,1
993,20260810,1
993,20260811,1
993,20260812,1
993,20260813,1
993,20260817,1
993,20260818,1
993,20260819,1
993,20260820,1
993,20260824,1
993,20260825,1
993,20260826,1
993,20260827,1
993,20260831,1
1054,20260518,1
1054,20260519,1
1054,20260520,1
1054,20260521,1
1054,20260522,1
1054,20260526,1
1054,20260527,1
1054,20260528,1
1054,20260529,1
1054,20260601,1
1054,20260602,1
1054,20260603,1
1054,20260604,1
1054,20260605,1
1091,20260309,1
1091,20260310,1
1091,20260311,1
1091,20260312,1
1091,20260316,1
1091,20260317,1
1091,20260318,1
1091,20260319,1
1091,20260323,1
1091,20260324,1
1091,20260325,1
1091,20260326,1
1102,20260530,1
1102,20260531,1
1129,20260413,1
1132,20260316,1
1132,20260323,1
1133,20260330,1
1135,20260715,1
1140,20260519,1
1140,20260520,1
1140,20260521,1
1140,20260522,1
1152,20260504,1
1155,20260509,1
1155,20260510,1
1156,20260516,1
1156,20260517,1
1158,20260627,1
1158,20260628,1
1158,20260704,1
1158,20260705,1
1158,20260711,1
1158,20260712,1
1158,20260718,1
1158,20260719,1
1158,20260725,1
1158,20260726,1
1158,20260801,1
1158,20260802,1
1158,20260808,1
1158,20260809,1
1158,20260815,1
1158,20260816,1
1158,20260822,1
1158,20260823,1
1159,20260829,1
1159,20260830,1
1164,20260425,1
1164,20260426,1
1170,20260321,1
1170,20260328,1
1171,20260403,1
1171,20260410,1
1171,20260417,1
1173,20260508,1
1173,20260517,1
1176,20260518,1
1176,20260519,1
1176,20260520,1
1176,20260521,1
1176,20260522,1
1177,20260526,1
1177,20260527,1
1177,20260528,1
1177,20260529,1
1177,20260601,1
1177,20260602,1
1177,20260603,1
1177,20260604,1
1177,20260605,1
1177,20260608,1
1177,20260609,1
1177,20260610,1
1177,20260611,1
1177,20260612,1
1177,20260615,1
1177,20260616,1
1177,20260617,1
1177,20260618,1
1177,20260619,1
1183,20260320,1
1183,20260327,1
1195,20260316,1
1195,20260317,1
1195,20260318,1
1195,20260319,1
1195,20260320,1
1195,20260323,1
1195,20260324,1
1195,20260325,1
1195,20260326,1
1195,20260327,1
1202,20260626,1
1210,20260420,1
1210,20260421,1
1210,20260422,1
1210,20260423,1
1210,20260424,1
1210,20260427,1
1210,20260428,1
1210,20260429,1
1210,20260430,1
1212,20260321,1
1226,20260821,1
1233,20260330,1
1233,20260331,1
1233,20260401,1
1233,20260402,1
1233,20260403,1
1233,20260407,1
1233,20260408,1
1233,20260409,1
1233,20260410,1
1233,20260413,1
1233,20260414,1
1233,20260415,1
1233,20260416,1
1233,20260417,1
1233,20260420,1
1233,20260421,1
1233,20260422,1
1233,20260423,1
1233,20260424,1
1233,20260427,1
1233,20260428,1
1233,20260429,1
1233,20260430,1
1233,20260504,1
1233,20260505,1
1233,20260506,1
1233,20260507,1
1233,20260511,1
1233,20260512,1
1233,20260513,1
1233,20260515,1
1233,20260518,1
1233,20260519,1
1233,20260520,1
1233,20260521,1
1233,20260522,1
1233,20260526,1
1233,20260527,1
1233,20260528,1
1233,20260529,1
1233,20260601,1
1233,20260602,1
1233,20260603,1
1233,20260604,1
1233,20260605,1
1233,20260608,1
1233,20260609,1
1233,20260610,1
1233,20260611,1
1233,20260612,1
1233,20260615,1
1233,20260616,1
1233,20260617,1
1233,20260618,1
1233,20260619,1
1233,20260622,1
1233,20260623,1
1233,20260624,1
1233,20260625,1
1233,20260626,1
1233,20260629,1
1233,20260630,1
1233,20260701,1
1233,20260702,1
1233,20260703,1
1233,20260706,1
1233,20260707,1
1233,20260708,1
1233,20260709,1
1233,20260710,1
1233,20260713,1
1233,20260715,1
1233,20260716,1
1233,20260717,1
1233,20260720,1
1233,20260721,1
1233,20260722,1
1233,20260723,1
1233,20260724,1
1233,20260727,1
1233,20260728,1
1233,20260729,1
1233,20260730,1
1233,20260731,1
1233,20260803,1
1233,20260804,1
1233,20260805,1
1233,20260806,1
1233,20260807,1
1233,20260810,1
1233,20260811,1
1233,20260812,1
1233,20260813,1
1233,20260814,1
1233,20260817,1
1233,20260818,1
1233,20260819,1
1233,20260820,1
1233,20260821,1
1233,20260824,1
1233,20260825,1
1233,20260826,1
1233,20260827,1
1233,20260828,1
1233,20260831,1
1236,20260306,1
1236,20260309,1
1236,20260310,1
1236,20260311,1
1236,20260312,1
1236,20260313,1
1236,20260316,1
1236,20260317,1
1236,20260318,1
1236,20260319,1
1236,20260320,1
1236,20260323,1
1236,20260324,1
1236,20260325,1
1236,20260326,1
1236,20260327,1
1236,20260330,1
1236,20260331,1
1236,20260401,1
1236,20260402,1
1236,20260403,1
1236,20260407,1
1236,20260408,1
1236,20260409,1
1236,20260410,1
1236,20260413,1
1236,20260414,1
1236,20260415,1
1236,20260416,1
1236,20260417,1
1236,20260420,1
1236,20260421,1
1236,20260422,1
1236,20260423,1
1236,20260424,1
1236,20260427,1
1236,20260428,1
1236,20260429,1
1236,20260430,1
1236,20260504,1
1236,20260505,1
1236,20260506,1
1236,20260507,1
1236,20260511,1
1236,20260512,1
1236,20260513,1
1236,20260515,1
1236,20260518,1
1236,20260519,1
1236,20260520,1
1236,20260521,1
1236,20260522,1
1236,20260526,1
1236,20260527,1
1236,20260528,1
1236,20260529,1
1236,20260601,1
1236,20260602,1
1236,20260603,1
1236,20260604,1
1236,20260605,1
1236,20260608,1
1236,20260609,1
1236,20260610,1
1236,20260611,1
1236,20260612,1
1236,20260615,1
1236,20260616,1
1236,20260617,1
1236,20260618,1
1236,20260619,1
1236,20260622,1
1236,20260623,1
1236,20260624,1
1236,20260625,1
1236,20260626,1
1236,20260629,1
1236,20260630,1
1236,20260701,1
1236,20260702,1
1236,20260703,1
1236,20260706,1
1236,20260707,1
1236,20260708,1
1236,20260709,1
1236,20260710,1
1236,20260713,1
1236,20260715,1
1236,20260716,1
1236,20260717,1
1236,20260720,1
1236,20260721,1
1236,20260722,1
1236,20260723,1
1236,20260724,1
1236,20260727,1
1236,20260728,1
1236,20260729,1
1236,20260730,1
1236,20260731,1
1236,20260803,1
1236,20260804,1
1236,20260805,1
1236,20260806,1
1236,20260807,1
1236,20260810,1
1236,20260811,1
1236,20260812,1
1236,20260813,1
1236,20260814,1
1236,20260817,1
1236,20260818,1
1236,20260819,1
1236,20260820,1
1236,20260821,1
1236,20260824,1
1236,20260825,1
1236,20260826,1
1236,20260827,1
1236,20260828,1
1236,20260831,1
1238,20260815,1
1238,20260822,1
1238,20260829,1
1239,20260808,1
1243,20260720,1
1243,20260721,1
1243,20260722,1
1243,20260723,1
1243,20260724,1
1243,20260727,1
1243,20260728,1
1243,20260729,1
1243,20260730,1
1243,20260731,1
1255,20260330,1
1255,20260331,1
1257,20260620,1
1261,20260808,1
1261,20260815,1
1261,20260822,1
1261,20260829,1
1266,20260306,1
1266,20260309,1
1266,20260310,1
1266,20260311,1
1266,20260312,1
1266,20260313,1
1266,20260316,1
1266,20260317,1
1266,20260318,1
1266,20260319,1
1266,20260320,1
1266,20260323,1
1266,20260324,1
1266,20260325,1
1266,20260326,1
1266,20260327,1
1266,20260330,1
1266,20260331,1
1266,20260401,1
1266,20260402,1
1266,20260403,1
1266,20260407,1
1266,20260408,1
1266,20260409,1
1266,20260410,1
1266,20260413,1
1266,20260414,1
1266,20260415,1
1266,20260416,1
1266,20260417,1
1266,20260420,1
1266,20260421,1
1266,20260422,1
1266,20260423,1
1266,20260424,1
1325,20260716,1
1334,20260309,1
1334,20260310,1
1334,20260311,1
1334,20260312,1
1334,20260316,1
1334,20260317,1
1334,20260318,1
1334,20260319,1
1356,20260306,1
1356,20260313,1
1356,20260320,1
1356,20260327,1
1356,20260403,1
1356,20260410,1
1356,20260417,1
1356,20260424,1
1388,20260306,1
1388,20260313,1
1388,20260320,1
1388,20260327,1
1388,20260403,1
1388,20260410,1
1388,20260417,1
1388,20260424,1
1388,20260430,1
1388,20260507,1
1388,20260513,1
1388,20260515,1
1388,20260522,1
1388,20260529,1
1388,20260605,1
1388,20260612,1
1388,20260619,1
1388,20260626,1
1388,20260703,1
1388,20260710,1
1388,20260717,1
1388,20260724,1
1388,20260731,1
1388,20260807,1
1388,20260814,1
1388,20260821,1
1388,20260828,1
1407,20260309,1
1449,20260307,1
1449,20260308,1
1449,20260314,1
1449,20260315,1
1449,20260321,1
1449,20260322,1
1449,20260328,1
1449,20260329,1
1449,20260404,1
1449,20260405,1
1449,20260406,1
1449,20260411,1
1449,20260412,1
1449,20260418,1
1449,20260419,1
1449,20260425,1
1449,20260426,1
1449,20260501,1
1449,20260502,1
1449,20260503,1
1449,20260508,1
1449,20260509,1
1449,20260510,1
1449,20260514,1
1449,20260516,1
1449,20260517,1
1449,20260523,1
1449,20260524,1
1449,20260525,1
1449,20260530,1
1449,20260531,1
1449,20260606,1
1449,20260607,1
1449,20260613,1
1449,20260614,1
1449,20260620,1
1449,20260621,1
1449,20260627,1
1449,20260628,1
1449,20260704,1
1449,20260705,1
1449,20260711,1
1449,20260712,1
1449,20260714,1
1449,20260718,1
1449,20260719,1
1449,20260725,1
1449,20260726,1
1449,20260801,1
1449,20260802,1
1449,20260808,1
1449,20260809,1
1449,20260815,1
1449,20260816,1
1449,20260822,1
1449,20260823,1
1449,20260829,1
1449,20260830,1
1458,20260801,1
1461,20260830,1
1465,20260426,1
1465,20260503,1
1465,20260517,1
1522,20260323,1
1522,20260327,1
1525,20260608,1
1525,20260609,1
1525,20260610,1
1525,20260611,1
1525,20260612,1
1575,20260708,1
1575,20260722,1
1575,20260805,1
1579,20260523,1
1579,20260530,1
1579,20260606,1
1597,20260531,1
1597,20260607,1
1604,20260701,1
1607,20260309,1
1607,20260316,1
1607,20260323,1
1607,20260330,1
1607,20260413,1
1607,20260420,1
1607,20260427,1
1607,20260504,1
1607,20260511,1
1607,20260518,1
1607,20260601,1
1607,20260608,1
1607,20260615,1
1607,20260622,1
1607,20260629,1
1607,20260706,1
1607,20260713,1
1607,20260720,1
1607,20260727,1
1607,20260803,1
1607,20260810,1
1607,20260817,1
1607,20260824,1
1607,20260831,1
1650,20260420,1
1650,20260421,1
1650,20260422,1
1650,20260423,1
1652,20260712,1
1652,20260714,1
1652,20260719,1
1652,20260726,1
1652,20260802,1
1652,20260809,1
1652,20260816,1
1652,20260823,1
1652,20260830,1
1657,20260712,1
1657,20260719,1
1657,20260726,1
1657,20260802,1
1657,20260809,1
1657,20260816,1
1657,20260823,1
1657,20260830,1
1716,20260803,1
1716,20260804,1
1716,20260805,1
1716,20260806,1
1716,20260807,1
1716,20260810,1
1716,20260811,1
1716,20260812,1
1716,20260813,1
1716,20260814,1
1716,20260817,1
1716,20260818,1
1716,20260819,1
1716,20260820,1
1716,20260821,1
1716,20260824,1
1716,20260825,1
1716,20260826,1
1716,20260827,1
1716,20260828,1
1723,20260406,1
1723,20260525,1
1726,20260807,1
1733,20260807,1
1733,20260814,1
1733,20260821,1
1733,20260828,1
1744,20260816,1
1744,20260823,1
1744,20260830,1
1748,20260413,1
1748,20260414,1
1748,20260415,1
1748,20260416,1
1748,20260417,1
1748,20260420,1
1748,20260421,1
1748,20260422,1
1748,20260423,1
1748,20260424,1
1749,20260719,1
1749,20260726,1
1765,20260706,1
1765,20260707,1
1765,20260708,1
1765,20260709,1
1785,20260826,1
1826,20260801,1
1826,20260808,1
1826,20260815,1
1826,20260822,1
1826,20260829,1
1847,20260714,1
1847,20260726,1
1847,20260802,1
1847,20260809,1
1847,20260816,1
1847,20260823,1
1847,20260830,1
1870,20260518,1
1870,20260519,1
1870,20260520,1
1870,20260521,1
1874,20260306,1
1874,20260313,1
1874,20260320,1
1874,20260327,1
1874,20260403,1
1874,20260410,1
1874,20260417,1
1874,20260424,1
1874,20260430,1
1874,20260507,1
1874,20260513,1
1874,20260522,1
1874,20260529,1
1874,20260605,1
1874,20260612,1
1874,20260619,1
1874,20260626,1
1874,20260703,1
1875,20260614,1
1875,20260621,1
1875,20260628,1
1908,20260719,1
1908,20260726,1
1908,20260802,1
1908,20260809,1
1908,20260816,1
1908,20260823,1
1908,20260830,1
1927,20260410,1
1927,20260417,1
1927,20260424,1
1957,20260307,1
1957,20260314,1
1957,20260321,1
1957,20260328,1
1957,20260404,1
1957,20260411,1
1957,20260418,1
1957,20260425,1
1957,20260501,1
1957,20260502,1
1957,20260508,1
1957,20260509,1
1957,20260514,1
1957,20260516,1
1957,20260523,1
1957,20260530,1
1957,20260606,1
1957,20260613,1
1957,20260620,1
1957,20260627,1
1957,20260704,1
1957,20260711,1
1957,20260718,1
1957,20260725,1
1957,20260801,1
1957,20260808,1
1957,20260815,1
1957,20260822,1
1957,20260829,1
1982,20260309,1
1982,20260316,1
1982,20260323,1
1982,20260330,1
1982,20260407,1
1982,20260413,1
1982,20260420,1
1982,20260427,1
1982,20260504,1
1982,20260511,1
1982,20260518,1
1982,20260526,1
1982,20260601,1
1982,20260608,1
1982,20260615,1
1982,20260622,1
1982,20260629,1
1982,20260706,1
1982,20260713,1
1982,20260715,1
1982,20260720,1
1982,20260727,1
1982,20260803,1
1982,20260810,1
1982,20260817,1
1982,20260824,1
1982,20260831,1
1989,20260704,1
1989,20260706,1
1989,20260707,1
1989,20260708,1
1989,20260709,1
1989,20260710,1
1989,20260711,1
1989,20260713,1
1989,20260715,1
1989,20260716,1
1989,20260717,1
1989,20260718,1
1989,20260720,1
1989,20260721,1
1989,20260722,1
1989,20260723,1
1989,20260724,1
1989,20260725,1
1989,20260727,1
1989,20260728,1
1989,20260729,1
1989,20260730,1
1989,20260731,1
1989,20260801,1
1989,20260803,1
1989,20260804,1
1989,20260805,1
1989,20260806,1
1989,20260807,1
1989,20260808,1
1989,20260810,1
1989,20260811,1
1989,20260812,1
1989,20260813,1
1989,20260814,1
1989,20260815,1
1989,20260817,1
1989,20260818,1
1989,20260819,1
1989,20260820,1
1989,20260821,1
1989,20260822,1
1989,20260824,1
1989,20260825,1
1989,20260826,1
1989,20260827,1
1989,20260828,1
1989,20260829,1
1998,20260323,1
1998,20260324,1
1998,20260325,1
1998,20260326,1
2001,20260407,1
2001,20260408,1
2001,20260409,1
2001,20260410,1
2001,20260414,1
2001,20260415,1
2001,20260416,1
2001,20260417,1
2010,20260407,1
2010,20260408,1
2010,20260409,1
2010,20260413,1
2010,20260414,1
2010,20260415,1
2010,20260416,1
2011,20260410,1
2014,20260406,1
2014,20260412,1
2022,20260410,1
2022,20260417,1
2028,20260306,1
2028,20260308,1
2028,20260309,1
2028,20260310,1
2028,20260311,1
2028,20260312,1
2028,20260313,1
2028,20260315,1
2028,20260316,1
2028,20260317,1
2028,20260318,1
2028,20260319,1
2028,20260320,1
2028,20260322,1
2028,20260323,1
2028,20260324,1
2028,20260325,1
2028,20260326,1
2028,20260327,1
2028,20260329,1
2028,20260330,1
2028,20260331,1
2028,20260401,1
2028,20260402,1
2028,20260403,1
2028,20260405,1
2028,20260406,1
2028,20260407,1
2028,20260408,1
2028,20260409,1
2028,20260410,1
2028,20260412,1
2028,20260413,1
2028,20260414,1
2028,20260415,1
2028,20260416,1
2028,20260417,1
2028,20260419,1
2028,20260420,1
2028,20260421,1
2028,20260422,1
2028,20260423,1
2028,20260424,1
2028,20260426,1
2028,20260427,1
2028,20260428,1
2028,20260429,1
2028,20260430,1
2028,20260503,1
2028,20260504,1
2028,20260505,1
2028,20260506,1
2028,20260507,1
2028,20260510,1
2028,20260511,1
2028,20260512,1
2028,20260513,1
2028,20260515,1
2028,20260517,1
2028,20260518,1
2028,20260519,1
2028,20260520,1
2028,20260521,1
2028,20260522,1
2028,20260524,1
2028,20260525,1
2028,20260526,1
2028,20260527,1
2028,20260528,1
2028,20260529,1
2028,20260531,1
2028,20260601,1
2028,20260602,1
2028,20260603,1
2028,20260604,1
2028,20260605,1
2028,20260607,1
2028,20260608,1
2028,20260609,1
2028,20260610,1
2028,20260611,1
2028,20260612,1
2028,20260614,1
2028,20260615,1
2028,20260616,1
2028,20260617,1
2028,20260618,1
2028,20260619,1
2028,20260621,1
2028,20260622,1
2028,20260623,1
2028,20260624,1
2028,20260625,1
2028,20260626,1
2028,20260628,1
2028,20260629,1
2028,20260630,1
2028,20260701,1
2028,20260702,1
2028,20260703,1
2028,20260705,1
2028,20260706,1
2028,20260707,1
2028,20260708,1
2028,20260709,1
2028,20260710,1
2028,20260712,1
2028,20260713,1
2028,20260714,1
2028,20260715,1
2028,20260716,1
2028,20260717,1
2028,20260719,1
2028,20260720,1
2028,20260721,1
2028,20260722,1
2028,20260723,1
2028,20260724,1
2028,20260726,1
2028,20260727,1
2028,20260728,1
2028,20260729,1
2028,20260730,1
2028,20260731,1
2028,20260802,1
2028,20260803,1
2028,20260804,1
2028,20260805,1
2028,20260806,1
2028,20260807,1
2028,20260809,1
2028,20260810,1
2028,20260811,1
2028,20260812,1
2028,20260813,1
2028,20260814,1
2028,20260816,1
2028,20260817,1
2028,20260818,1
2028,20260819,1
2028,20260820,1
2028,20260821,1
2028,20260823,1
2028,20260824,1
2028,20260825,1
2028,20260826,1
2028,20260827,1
2028,20260828,1
2028,20260830,1
2028,20260831,1
2040,20260330,1
2040,20260331,1
2040,20260401,1
2040,20260402,1
2040,20260403,1
2040,20260407,1
2040,20260408,1
2040,20260409,1
2040,20260410,1
2040,20260413,1
2040,20260414,1
2040,20260415,1
2040,20260416,1
2040,20260417,1
2040,20260420,1
2040,20260421,1
2040,20260422,1
2040,20260423,1
2040,20260424,1
2040,20260427,1
2040,20260428,1
2040,20260429,1
2040,20260430,1
2040,20260504,1
2040,20260505,1
2040,20260506,1
2040,20260507,1
2040,20260511,1
2040,20260512,1
2040,20260513,1
2040,20260515,1
2040,20260518,1
2040,20260519,1
2040,20260520,1
2040,20260521,1
2040,20260522,1
2040,20260526,1
2040,20260527,1
2040,20260528,1
2040,20260529,1
2040,20260601,1
2040,20260602,1
2040,20260603,1
2040,20260604,1
2040,20260605,1
2040,20260608,1
2040,20260609,1
2040,20260610,1
2040,20260611,1
2040,20260612,1
2040,20260615,1
2040,20260616,1
2040,20260617,1
2040,20260618,1
2040,20260619,1
2040,20260622,1
2040,20260623,1
2040,20260624,1
2040,20260625,1
2040,20260626,1
2040,20260629,1
2040,20260630,1
2040,20260701,1
2040,20260702,1
2040,20260703,1
2042,20260309,1
2042,20260310,1
2042,20260311,1
2042,20260312,1
2042,20260313,1
2042,20260316,1
2042,20260317,1
2042,20260318,1
2042,20260319,1
2042,20260320,1
2042,20260323,1
2042,20260324,1
2042,20260325,1
2042,20260326,1
2042,20260327,1
2052,20260314,1
2052,20260315,1
2052,20260321,1
2052,20260322,1
2080,20260306,1
2080,20260313,1
2080,20260320,1
2080,20260327,1
2092,20260407,1
2092,20260408,1
2092,20260409,1
2119,20260307,1
2119,20260314,1
2119,20260321,1
2119,20260328,1
2125,20260308,1
2125,20260329,1
2157,20260507,1
2209,20260605,1
2238,20260308,1
2238,20260412,1
2238,20260419,1
2238,20260426,1
2250,20260506,1
2273,20260411,1
2273,20260412,1
2273,20260418,1
2273,20260419,1
2273,20260425,1
2273,20260426,1
2289,20260307,1
2289,20260502,1
2290,20260625,1
2300,20260510,1
2300,20260531,1
2301,20260308,1
2301,20260419,1
2301,20260426,1
2306,20260421,1
2323,20260327,1
2323,20260410,1
2365,20260629,1
2365,20260630,1
2365,20260701,1
2365,20260702,1
2365,20260706,1
2365,20260707,1
2365,20260708,1
2365,20260709,1
2377,20260406,1
2377,20260525,1
2377,20260714,1
2379,20260706,1
2379,20260707,1
2379,20260708,1
2379,20260709,1
2379,20260710,1
2379,20260713,1
2379,20260715,1
2379,20260716,1
2379,20260717,1
2379,20260720,1
2379,20260721,1
2379,20260722,1
2379,20260723,1
2379,20260724,1
2379,20260727,1
2379,20260728,1
2379,20260729,1
2379,20260730,1
2379,20260731,1
2379,20260803,1
2379,20260804,1
2379,20260805,1
2379,20260806,1
2379,20260807,1
2379,20260810,1
2379,20260811,1
2379,20260812,1
2379,20260813,1
2379,20260814,1
2379,20260817,1
2379,20260818,1
2379,20260819,1
2379,20260820,1
2379,20260821,1
2379,20260824,1
2379,20260825,1
2379,20260826,1
2379,20260827,1
2379,20260828,1
2379,20260831,1
2388,20260325,1
2390,20260622,1
2390,20260629,1
2390,20260831,1
2391,20260404,1
2391,20260411,1
2391,20260418,1
2391,20260425,1
2391,20260502,1
2400,20260523,1
2400,20260606,1
2400,20260613,1
2423,20260619,1
2423,20260620,1
2423,20260621,1
2423,20260622,1
2424,20260306,1
2424,20260307,1
2424,20260308,1
2424,20260309,1
2424,20260310,1
2424,20260311,1
2424,20260312,1
2424,20260313,1
2424,20260314,1
2424,20260315,1
2424,20260316,1
2424,20260317,1
2424,20260318,1
2424,20260319,1
2424,20260320,1
2424,20260321,1
2424,20260322,1
2424,20260323,1
2424,20260324,1
2424,20260325,1
2424,20260326,1
2424,20260327,1
2424,20260328,1
2424,20260329,1
2424,20260330,1
2424,20260331,1
2424,20260401,1
2424,20260402,1
2424,20260403,1
2424,20260404,1
2424,20260405,1
2424,20260406,1
2424,20260407,1
2424,20260408,1
2424,20260409,1
2424,20260410,1
2424,20260411,1
2424,20260412,1
2424,20260413,1
2424,20260414,1
2424,20260415,1
2424,20260416,1
2424,20260417,1
2424,20260418,1
2424,20260419,1
2424,20260420,1
2424,20260421,1
2424,20260422,1
2424,20260423,1
2424,20260424,1
2424,20260425,1
2424,20260426,1
2424,20260427,1
2424,20260428,1
2424,20260429,1
2424,20260430,1
2424,20260501,1
2424,20260502,1
2424,20260503,1
2424,20260504,1
2424,20260505,1
2424,20260506,1
2424,20260507,1
2424,20260508,1
2424,20260509,1
2424,20260510,1
2424,20260511,1
2424,20260512,1
2424,20260513,1
2424,20260514,1
2424,20260515,1
2424,20260516,1
2424,20260517,1
2424,20260518,1
2424,20260519,1
2424,20260520,1
2424,20260521,1
2424,20260522,1
2424,20260523,1
2424,20260524,1
2424,20260525,1
2424,20260526,1
2424,20260527,1
2424,20260528,1
2424,20260529,1
2424,20260530,1
2424,20260531,1
2424,20260601,1
2424,20260602,1
2424,20260603,1
2424,20260604,1
2424,20260605,1
2424,20260606,1
2424,20260607,1
2424,20260608,1
2424,20260609,1
2424,20260610,1
2424,20260611,1
2424,20260612,1
2424,20260613,1
2424,20260614,1
2424,20260615,1
2424,20260616,1
2424,20260617,1
2424,20260618,1
2424,20260623,1
2424,20260624,1
2424,20260625,1
2424,20260626,1
2424,20260627,1
2424,20260628,1
2424,20260629,1
2424,20260630,1
2424,20260701,1
2424,20260702,1
2424,20260703,1
2424,20260704,1
2424,20260705,1
2424,20260711,1
2424,20260712,1
2424,20260714,1
2424,20260718,1
2424,20260719,1
2424,20260725,1
2424,20260726,1
2424,20260801,1
2424,20260802,1
2424,20260808,1
2424,20260809,1
2424,20260815,1
2424,20260816,1
2424,20260822,1
2424,20260823,1
2424,20260829,1
2424,20260830,1
2424,20260831,1
2425,20260411,1
2425,20260412,1
2425,20260418,1
2425,20260419,1
2425,20260628,1
2425,20260701,1
2425,20260703,1
2425,20260704,1
2425,20260706,1
2425,20260711,1
2425,20260712,1
2425,20260718,1
2425,20260719,1
2425,20260725,1
2425,20260726,1
2425,20260801,1
2425,20260802,1
2425,20260808,1
2425,20260815,1
2425,20260822,1
2425,20260829,1
2426,20260306,1
2426,20260307,1
2426,20260308,1
2426,20260309,1
2426,20260310,1
2426,20260311,1
2426,20260312,1
2426,20260313,1
2426,20260314,1
2426,20260315,1
2426,20260316,1
2426,20260317,1
2426,20260318,1
2426,20260319,1
2426,20260320,1
2426,20260321,1
2426,20260322,1
2426,20260323,1
2426,20260324,1
2426,20260325,1
2426,20260326,1
2426,20260327,1
2426,20260328,1
2426,20260329,1
2426,20260330,1
2426,20260331,1
2426,20260401,1
2426,20260402,1
2426,20260403,1
2426,20260404,1
2426,20260405,1
2426,20260406,1
2426,20260407,1
2426,20260408,1
2426,20260409,1
2426,20260410,1
2426,20260413,1
2426,20260414,1
2426,20260415,1
2426,20260416,1
2426,20260417,1
2426,20260420,1
2426,20260421,1
2426,20260422,1
2426,20260423,1
2426,20260424,1
2426,20260425,1
2426,20260426,1
2426,20260427,1
2426,20260428,1
2426,20260429,1
2426,20260430,1
2426,20260501,1
2426,20260502,1
2426,20260503,1
2426,20260504,1
2426,20260505,1
2426,20260506,1
2426,20260507,1
2426,20260508,1
2426,20260509,1
2426,20260510,1
2426,20260511,1
2426,20260512,1
2426,20260513,1
2426,20260514,1
2426,20260515,1
2426,20260516,1
2426,20260517,1
2426,20260518,1
2426,20260519,1
2426,20260520,1
2426,20260521,1
2426,20260522,1
2426,20260523,1
2426,20260524,1
2426,20260525,1
2426,20260526,1
2426,20260527,1
2426,20260528,1
2426,20260529,1
2426,20260530,1
2426,20260531,1
2426,20260601,1
2426,20260602,1
2426,20260603,1
2426,20260604,1
2426,20260605,1
2426,20260606,1
2426,20260607,1
2426,20260608,1
2426,20260609,1
2426,20260610,1
2426,20260611,1
2426,20260612,1
2426,20260613,1
2426,20260614,1
2426,20260615,1
2426,20260616,1
2426,20260617,1
2426,20260618,1
2426,20260623,1
2426,20260624,1
2426,20260625,1
2426,20260626,1
2426,20260627,1
2426,20260629,1
2426,20260630,1
2426,20260702,1
2426,20260705,1
2426,20260707,1
2426,20260708,1
2426,20260709,1
2426,20260710,1
2426,20260713,1
2426,20260714,1
2426,20260715,1
2426,20260716,1
2426,20260717,1
2426,20260720,1
2426,20260721,1
2426,20260722,1
2426,20260723,1
2426,20260724,1
2426,20260727,1
2426,20260728,1
2426,20260729,1
2426,20260730,1
2426,20260731,1
2426,20260803,1
2426,20260804,1
2426,20260805,1
2426,20260806,1
2426,20260807,1
2426,20260809,1
2426,20260810,1
2426,20260811,1
2426,20260812,1
2426,20260813,1
2426,20260814,1
2426,20260816,1
2426,20260817,1
2426,20260818,1
2426,20260819,1
2426,20260820,1
2426,20260821,1
2426,20260823,1
2426,20260824,1
2426,20260825,1
2426,20260826,1
2426,20260827,1
2426,20260828,1
2426,20260830,1
2426,20260831,1
2427,20260306,1
2427,20260307,1
2427,20260308,1
2427,20260309,1
2427,20260310,1
2427,20260311,1
2427,20260312,1
2427,20260313,1
2427,20260314,1
2427,20260315,1
2427,20260316,1
2427,20260317,1
2427,20260318,1
2427,20260319,1
2427,20260320,1
2427,20260321,1
2427,20260322,1
2427,20260323,1
2427,20260324,1
2427,20260325,1
2427,20260326,1
2427,20260327,1
2427,20260328,1
2427,20260329,1
2427,20260330,1
2427,20260331,1
2427,20260401,1
2427,20260402,1
2427,20260403,1
2427,20260404,1
2427,20260405,1
2427,20260406,1
2427,20260407,1
2427,20260408,1
2427,20260409,1
2427,20260410,1
2427,20260411,1
2427,20260412,1
2427,20260413,1
2427,20260414,1
2427,20260415,1
2427,20260416,1
2427,20260417,1
2427,20260418,1
2427,20260419,1
2427,20260420,1
2427,20260421,1
2427,20260422,1
2427,20260423,1
2427,20260424,1
2427,20260425,1
2427,20260426,1
2427,20260427,1
2427,20260428,1
2427,20260429,1
2427,20260430,1
2427,20260501,1
2427,20260502,1
2427,20260503,1
2427,20260504,1
2427,20260505,1
2427,20260506,1
2427,20260507,1
2427,20260508,1
2427,20260509,1
2427,20260510,1
2427,20260511,1
2427,20260512,1
2427,20260513,1
2427,20260514,1
2427,20260515,1
2427,20260516,1
2427,20260517,1
2427,20260518,1
2427,20260519,1
2427,20260520,1
2427,20260521,1
2427,20260522,1
2427,20260523,1
2427,20260524,1
2427,20260525,1
2427,20260526,1
2427,20260527,1
2427,20260528,1
2427,20260529,1
2427,20260530,1
2427,20260531,1
2427,20260601,1
2427,20260602,1
2427,20260603,1
2427,20260604,1
2427,20260605,1
2427,20260606,1
2427,20260607,1
2427,20260608,1
2427,20260609,1
2427,20260610,1
2427,20260611,1
2427,20260612,1
2427,20260613,1
2427,20260614,1
2427,20260615,1
2427,20260616,1
2427,20260617,1
2427,20260618,1
2427,20260623,1
2427,20260624,1
2427,20260625,1
2427,20260626,1
2427,20260627,1
2427,20260628,1
2427,20260629,1
2427,20260630,1
2427,20260701,1
2427,20260702,1
2427,20260703,1
2427,20260704,1
2427,20260705,1
2427,20260706,1
2427,20260707,1
2427,20260708,1
2427,20260709,1
2427,20260710,1
2427,20260711,1
2427,20260712,1
2427,20260713,1
2427,20260714,1
2427,20260715,1
2427,20260716,1
2427,20260717,1
2427,20260718,1
2427,20260719,1
2427,20260720,1
2427,20260721,1
2427,20260722,1
2427,20260723,1
2427,20260724,1
2427,20260725,1
2427,20260726,1
2427,20260727,1
2427,20260728,1
2427,20260729,1
2427,20260730,1
2427,20260731,1
2427,20260801,1
2427,20260802,1
2427,20260803,1
2427,20260804,1
2427,20260805,1
2427,20260806,1
2427,20260807,1
2427,20260808,1
2427,20260809,1
2427,20260810,1
2427,20260811,1
2427,20260812,1
2427,20260813,1
2427,20260814,1
2427,20260815,1
2427,20260816,1
2427,20260817,1
2427,20260818,1
2427,20260819,1
2427,20260820,1
2427,20260821,1
2427,20260822,1
2427,20260823,1
2427,20260824,1
2427,20260825,1
2427,20260826,1
2427,20260827,1
2427,20260828,1
2427,20260829,1
2427,20260830,1
2427,20260831,1
2428,20260618,1
2428,20260619,1
2428,20260620,1
2428,20260621,1
2429,20260306,1
2429,20260307,1
2429,20260308,1
2429,20260309,1
2429,20260310,1
2429,20260311,1
2429,20260312,1
2429,20260313,1
2429,20260314,1
2429,20260315,1
2429,20260316,1
2429,20260317,1
2429,20260318,1
2429,20260319,1
2429,20260320,1
2429,20260321,1
2429,20260322,1
2429,20260323,1
2429,20260324,1
2429,20260325,1
2429,20260326,1
2429,20260327,1
2429,20260328,1
2429,20260329,1
2429,20260330,1
2429,20260331,1
2429,20260401,1
2429,20260402,1
2429,20260403,1
2429,20260404,1
2429,20260405,1
2429,20260406,1
2429,20260407,1
2429,20260408,1
2429,20260409,1
2429,20260410,1
2429,20260411,1
2429,20260412,1
2429,20260413,1
2429,20260414,1
2429,20260415,1
2429,20260416,1
2429,20260417,1
2429,20260418,1
2429,20260419,1
2429,20260420,1
2429,20260421,1
2429,20260422,1
2429,20260423,1
2429,20260424,1
2429,20260425,1
2429,20260426,1
2429,20260427,1
2429,20260428,1
2429,20260429,1
2429,20260430,1
2429,20260501,1
2429,20260502,1
2429,20260503,1
2429,20260504,1
2429,20260505,1
2429,20260506,1
2429,20260507,1
2429,20260508,1
2429,20260509,1
2429,20260510,1
2429,20260511,1
2429,20260512,1
2429,20260513,1
2429,20260514,1
2429,20260515,1
2429,20260516,1
2429,20260517,1
2429,20260518,1
2429,20260519,1
2429,20260520,1
2429,20260521,1
2429,20260522,1
2429,20260523,1
2429,20260524,1
2429,20260525,1
2429,20260526,1
2429,20260527,1
2429,20260528,1
2429,20260529,1
2429,20260530,1
2429,20260531,1
2429,20260601,1
2429,20260602,1
2429,20260603,1
2429,20260604,1
2429,20260605,1
2429,20260606,1
2429,20260607,1
2429,20260608,1
2429,20260609,1
2429,20260610,1
2429,20260611,1
2429,20260612,1
2429,20260613,1
2429,20260614,1
2429,20260615,1
2429,20260616,1
2429,20260617,1
2429,20260622,1
2429,20260623,1
2429,20260624,1
2429,20260625,1
2429,20260626,1
2429,20260627,1
2429,20260628,1
2429,20260629,1
2429,20260630,1
2429,20260701,1
2429,20260702,1
2429,20260703,1
2429,20260704,1
2429,20260705,1
2429,20260706,1
2429,20260707,1
2429,20260708,1
2429,20260709,1
2429,20260710,1
2429,20260711,1
2429,20260712,1
2429,20260713,1
2429,20260714,1
2429,20260715,1
2429,20260716,1
2429,20260717,1
2429,20260718,1
2429,20260719,1
2429,20260720,1
2429,20260721,1
2429,20260722,1
2429,20260723,1
2429,20260724,1
2429,20260725,1
2429,20260726,1
2429,20260727,1
2429,20260728,1
2429,20260729,1
2429,20260730,1
2429,20260731,1
2429,20260801,1
2429,20260802,1
2429,20260803,1
2429,20260804,1
2429,20260805,1
2429,20260806,1
2429,20260807,1
2429,20260808,1
2429,20260809,1
2429,20260810,1
2429,20260811,1
2429,20260812,1
2429,20260813,1
2429,20260814,1
2429,20260815,1
2429,20260816,1
2429,20260817,1
2429,20260818,1
2429,20260819,1
2429,20260820,1
2429,20260821,1
2429,20260822,1
2429,20260823,1
2429,20260824,1
2429,20260825,1
2429,20260826,1
2429,20260827,1
2429,20260828,1
2429,20260829,1
2429,20260830,1
2429,20260831,1
2430,20260404,1
2430,20260405,1
2430,20260411,1
2430,20260412,1
2430,20260418,1
2430,20260419,1
2430,20260425,1
2430,20260426,1
2430,20260627,1
2430,20260630,1
2430,20260703,1
2430,20260704,1
2430,20260705,1
2430,20260711,1
2430,20260712,1
2430,20260718,1
2430,20260719,1
2430,20260725,1
2430,20260726,1
2430,20260801,1
2430,20260802,1
2430,20260809,1
2430,20260816,1
2430,20260823,1
2430,20260830,1
2431,20260306,1
2431,20260307,1
2431,20260308,1
2431,20260309,1
2431,20260310,1
2431,20260311,1
2431,20260312,1
2431,20260313,1
2431,20260314,1
2431,20260315,1
2431,20260316,1
2431,20260317,1
2431,20260318,1
2431,20260319,1
2431,20260320,1
2431,20260321,1
2431,20260322,1
2431,20260323,1
2431,20260324,1
2431,20260325,1
2431,20260326,1
2431,20260327,1
2431,20260328,1
2431,20260329,1
2431,20260330,1
2431,20260331,1
2431,20260401,1
2431,20260402,1
2431,20260403,1
2431,20260406,1
2431,20260407,1
2431,20260408,1
2431,20260409,1
2431,20260410,1
2431,20260413,1
2431,20260414,1
2431,20260415,1
2431,20260416,1
2431,20260417,1
2431,20260420,1
2431,20260421,1
2431,20260422,1
2431,20260423,1
2431,20260424,1
2431,20260427,1
2431,20260428,1
2431,20260429,1
2431,20260430,1
2431,20260501,1
2431,20260502,1
2431,20260503,1
2431,20260504,1
2431,20260505,1
2431,20260506,1
2431,20260507,1
2431,20260508,1
2431,20260509,1
2431,20260510,1
2431,20260511,1
2431,20260512,1
2431,20260513,1
2431,20260514,1
2431,20260515,1
2431,20260516,1
2431,20260517,1
2431,20260518,1
2431,20260519,1
2431,20260520,1
2431,20260521,1
2431,20260522,1
2431,20260523,1
2431,20260524,1
2431,20260525,1
2431,20260526,1
2431,20260527,1
2431,20260528,1
2431,20260529,1
2431,20260530,1
2431,20260531,1
2431,20260601,1
2431,20260602,1
2431,20260603,1
2431,20260604,1
2431,20260605,1
2431,20260606,1
2431,20260607,1
2431,20260608,1
2431,20260609,1
2431,20260610,1
2431,20260611,1
2431,20260612,1
2431,20260613,1
2431,20260614,1
2431,20260615,1
2431,20260616,1
2431,20260617,1
2431,20260622,1
2431,20260623,1
2431,20260624,1
2431,20260625,1
2431,20260626,1
2431,20260628,1
2431,20260629,1
2431,20260701,1
2431,20260702,1
2431,20260706,1
2431,20260707,1
2431,20260708,1
2431,20260709,1
2431,20260710,1
2431,20260713,1
2431,20260714,1
2431,20260715,1
2431,20260716,1
2431,20260717,1
2431,20260720,1
2431,20260721,1
2431,20260722,1
2431,20260723,1
2431,20260724,1
2431,20260727,1
2431,20260728,1
2431,20260729,1
2431,20260730,1
2431,20260731,1
2431,20260803,1
2431,20260804,1
2431,20260805,1
2431,20260806,1
2431,20260807,1
2431,20260808,1
2431,20260810,1
2431,20260811,1
2431,20260812,1
2431,20260813,1
2431,20260814,1
2431,20260815,1
2431,20260817,1
2431,20260818,1
2431,20260819,1
2431,20260820,1
2431,20260821,1
2431,20260822,1
2431,20260824,1
2431,20260825,1
2431,20260826,1
2431,20260827,1
2431,20260828,1
2431,20260829,1
2431,20260831,1
2433,20260306,1
2433,20260309,1
2433,20260310,1
2433,20260311,1
2433,20260312,1
2433,20260313,1
2433,20260316,1
2433,20260317,1
2433,20260318,1
2433,20260319,1
2433,20260320,1
2433,20260323,1
2433,20260324,1
2433,20260325,1
2433,20260326,1
2433,20260327,1
2433,20260330,1
2433,20260331,1
2433,20260401,1
2433,20260402,1
2433,20260403,1
2433,20260407,1
2433,20260408,1
2433,20260409,1
2433,20260410,1
2433,20260413,1
2433,20260414,1
2433,20260415,1
2433,20260416,1
2433,20260417,1
2433,20260420,1
2433,20260421,1
2433,20260422,1
2433,20260423,1
2433,20260424,1
2433,20260427,1
2433,20260428,1
2433,20260429,1
2433,20260430,1
2433,20260504,1
2433,20260505,1
2433,20260506,1
2433,20260507,1
2433,20260511,1
2433,20260512,1
2433,20260513,1
2433,20260518,1
2433,20260519,1
2433,20260520,1
2433,20260521,1
2433,20260522,1
2433,20260526,1
2433,20260527,1
2433,20260528,1
2433,20260529,1
2433,20260601,1
2433,20260602,1
2433,20260603,1
2433,20260604,1
2433,20260605,1
2433,20260608,1
2433,20260609,1
2433,20260610,1
2433,20260611,1
2433,20260612,1
2433,20260615,1
2433,20260616,1
2433,20260617,1
2433,20260618,1
2433,20260619,1
2433,20260622,1
2433,20260623,1
2433,20260624,1
2433,20260625,1
2433,20260626,1
2433,20260629,1
2433,20260630,1
2433,20260701,1
2433,20260702,1
2433,20260703,1
2433,20260706,1
2433,20260707,1
2433,20260708,1
2433,20260709,1
2433,20260710,1
2433,20260713,1
2433,20260715,1
2433,20260716,1
2433,20260717,1
2433,20260720,1
2433,20260721,1
2433,20260722,1
2433,20260723,1
2433,20260724,1
2433,20260727,1
2433,20260728,1
2433,20260729,1
2433,20260730,1
2433,20260731,1
2433,20260803,1
2433,20260804,1
2433,20260805,1
2433,20260806,1
2433,20260807,1
2433,20260810,1
2433,20260811,1
2433,20260812,1
2433,20260813,1
2433,20260814,1
2433,20260817,1
2433,20260818,1
2433,20260819,1
2433,20260820,1
2433,20260821,1
2433,20260824,1
2433,20260825,1
2433,20260826,1
2433,20260827,1
2433,20260828,1
2434,20260512,1
2451,20260423,1
2455,20260511,1
2455,20260512,1
2462,20260608,1
2462,20260609,1
2462,20260610,1
2462,20260611,1
2462,20260612,1
2462,20260615,1
2462,20260616,1
2462,20260617,1
2462,20260618,1
2462,20260619,1
2462,20260622,1
2462,20260623,1
2462,20260624,1
2462,20260625,1
2462,20260626,1
2462,20260629,1
2462,20260630,1
2462,20260701,1
2462,20260702,1
2462,20260703,1
2462,20260706,1
2462,20260707,1
2462,20260708,1
2462,20260709,1
2462,20260710,1
2462,20260713,1
2462,20260715,1
2462,20260716,1
2462,20260717,1
2462,20260720,1
2462,20260721,1
2462,20260722,1
2462,20260723,1
2462,20260724,1
2462,20260727,1
2462,20260728,1
2462,20260729,1
2462,20260730,1
2462,20260731,1
2462,20260803,1
2462,20260804,1
2462,20260805,1
2462,20260806,1
2462,20260807,1
2462,20260810,1
2462,20260811,1
2462,20260812,1
2462,20260813,1
2462,20260814,1
2462,20260817,1
2462,20260818,1
2462,20260819,1
2462,20260820,1
2462,20260821,1
2462,20260824,1
2462,20260825,1
2462,20260826,1
2462,20260827,1
2462,20260828,1
2475,20260404,1
2475,20260514,1
2476,20260318,1
2477,20260711,1
2477,20260713,1
2477,20260714,1
2478,20260325,1
2478,20260328,1
2479,20260503,1
2479,20260507,1
2479,20260511,1
2480,20260710,1
2480,20260713,1
2480,20260714,1
2481,20260524,1
2481,20260525,1
2481,20260529,1
2481,20260607,1
2482,20260614,1
2482,20260621,1
2482,20260628,1
2482,20260705,1
2482,20260711,1
2482,20260712,1
2482,20260719,1
2482,20260726,1
2482,20260802,1
2482,20260809,1
2482,20260816,1
2482,20260823,1
2482,20260830,1
2483,20260522,1
2483,20260523,1
2483,20260524,1
2483,20260529,1
2483,20260605,1
2483,20260606,1
2484,20260613,1
2484,20260620,1
2484,20260627,1
2484,20260704,1
2484,20260711,1
2484,20260712,1
2484,20260713,1
2484,20260718,1
2484,20260725,1
2484,20260801,1
2484,20260808,1
2484,20260815,1
2484,20260822,1
2484,20260829,1
2485,20260612,1
2485,20260616,1
2485,20260619,1
2485,20260626,1
2485,20260703,1
2485,20260710,1
2485,20260717,1
2485,20260724,1
2485,20260731,1
2485,20260807,1
2485,20260814,1
2485,20260821,1
2485,20260828,1
2486,20260403,1
2486,20260404,1
2486,20260410,1
2486,20260411,1
2486,20260417,1
2486,20260418,1
2486,20260424,1
2486,20260425,1
2486,20260430,1
2486,20260501,1
2486,20260502,1
2486,20260513,1
2486,20260517,1
2487,20260524,1
2487,20260606,1
2488,20260518,1
2488,20260523,1
2489,20260613,1
2489,20260620,1
2489,20260627,1
2489,20260704,1
2490,20260411,1
2490,20260418,1
2490,20260425,1
2490,20260501,1
2490,20260502,1
2491,20260711,1
2491,20260713,1
2491,20260718,1
2491,20260725,1
2491,20260801,1
2491,20260808,1
2491,20260815,1
2491,20260822,1
2491,20260829,1
2493,20260424,1
2493,20260430,1
2511,20260313,1
2511,20260320,1
2529,20260622,1
2529,20260623,1
2529,20260624,1
2529,20260625,1
2529,20260626,1
2529,20260627,1
2529,20260628,1
2529,20260629,1
2529,20260630,1
2529,20260701,1
2529,20260702,1
2529,20260703,1
2529,20260704,1
2529,20260705,1
2529,20260706,1
2529,20260707,1
2529,20260708,1
2529,20260709,1
2529,20260710,1
2529,20260711,1
2529,20260712,1
2529,20260713,1
2529,20260714,1
2529,20260715,1
2529,20260716,1
2529,20260717,1
2529,20260718,1
2529,20260719,1
2529,20260720,1
2529,20260721,1
2529,20260722,1
2529,20260723,1
2529,20260724,1
2529,20260725,1
2529,20260726,1
2529,20260727,1
2529,20260728,1
2529,20260729,1
2529,20260730,1
2529,20260731,1
2529,20260801,1
2529,20260802,1
2529,20260803,1
2529,20260804,1
2529,20260805,1
2529,20260806,1
2529,20260807,1
2529,20260808,1
2529,20260809,1
2529,20260810,1
2529,20260811,1
2529,20260812,1
2529,20260813,1
2529,20260814,1
2529,20260815,1
2529,20260816,1
2529,20260817,1
2529,20260818,1
2529,20260819,1
2529,20260820,1
2529,20260821,1
2529,20260822,1
2529,20260823,1
2529,20260824,1
2529,20260825,1
2529,20260826,1
2529,20260827,1
2529,20260828,1
2529,20260829,1
2529,20260830,1
2529,20260831,1
2547,20260420,1
2547,20260421,1
2547,20260422,1
2558,20260420,1
2558,20260421,1
2558,20260422,1
2558,20260423,1
2558,20260424,1
2558,20260427,1
2558,20260428,1
2558,20260429,1
2558,20260430,1
2558,20260504,1
2558,20260505,1
2558,20260506,1
2558,20260507,1
2558,20260511,1
2558,20260512,1
2558,20260513,1
2558,20260518,1
2558,20260519,1
2558,20260520,1
2558,20260521,1
2558,20260522,1
2558,20260526,1
2558,20260527,1
2558,20260528,1
2558,20260529,1
2558,20260601,1
2558,20260602,1
2558,20260603,1
2558,20260604,1
2558,20260605,1
2558,20260608,1
2558,20260609,1
2558,20260610,1
2558,20260611,1
2558,20260612,1
2558,20260615,1
2558,20260616,1
2558,20260617,1
2558,20260618,1
2558,20260619,1
2558,20260622,1
2558,20260623,1
2558,20260624,1
2558,20260625,1
2558,20260626,1
2558,20260629,1
2558,20260630,1
2558,20260701,1
2558,20260702,1
2558,20260703,1
2558,20260706,1
2558,20260707,1
2558,20260708,1
2558,20260709,1
2558,20260710,1
2558,20260713,1
2558,20260715,1
2558,20260716,1
2558,20260717,1
2558,20260720,1
2558,20260721,1
2558,20260722,1
2558,20260723,1
2558,20260724,1
2558,20260727,1
2558,20260728,1
2558,20260729,1
2558,20260730,1
2558,20260731,1
2558,20260803,1
2558,20260804,1
2558,20260805,1
2558,20260806,1
2558,20260807,1
2558,20260810,1
2558,20260811,1
2558,20260812,1
2558,20260813,1
2558,20260814,1
2558,20260817,1
2558,20260818,1
2558,20260819,1
2558,20260820,1
2558,20260821,1
2558,20260824,1
2558,20260825,1
2558,20260826,1
2558,20260827,1
2558,20260828,1
2558,20260831,1
2563,20260822,1
2563,20260829,1
2564,20260608,1
2564,20260609,1
2564,20260610,1
2564,20260611,1
2564,20260612,1
2564,20260615,1
2564,20260616,1
2564,20260617,1
2564,20260618,1
2564,20260619,1
2606,20260601,1
2606,20260602,1
2606,20260603,1
2606,20260604,1
2606,20260605,1
2626,20260406,1
2626,20260411,1
2626,20260412,1
2631,20260417,1
2631,20260419,1
2654,20260323,1
2654,20260324,1
2654,20260325,1
2654,20260326,1
2654,20260327,1
2654,20260330,1
2654,20260331,1
2654,20260401,1
2654,20260402,1
2654,20260403,1
2681,20260417,1
2681,20260424,1
2687,20260422,1
2687,20260423,1
2693,20260511,1
2693,20260512,1
2693,20260513,1
2710,20260416,1
2758,20260704,1
2758,20260705,1
2758,20260711,1
2758,20260712,1
2758,20260714,1
2758,20260718,1
2758,20260719,1
2758,20260725,1
2758,20260726,1
2758,20260801,1
2758,20260802,1
2758,20260808,1
2758,20260809,1
2758,20260815,1
2758,20260816,1
2758,20260822,1
2758,20260823,1
2758,20260829,1
2758,20260830,1
2783,20260503,1
2783,20260510,1
2810,20260330,1
2810,20260331,1
2810,20260401,1
2810,20260402,1
2810,20260403,1
2810,20260407,1
2810,20260408,1
2810,20260409,1
2810,20260410,1
2810,20260413,1
2810,20260414,1
2810,20260415,1
2810,20260416,1
2810,20260417,1
2810,20260420,1
2810,20260421,1
2810,20260422,1
2810,20260423,1
2810,20260424,1
2847,20260808,1
2847,20260822,1
2847,20260829,1
2921,20260711,1
2921,20260718,1
2923,20260712,1
2923,20260719,1
2973,20260523,1
2973,20260524,1
2973,20260530,1
2973,20260531,1
2986,20260306,1
2986,20260310,1
2986,20260311,1
2986,20260312,1
2986,20260313,1
2986,20260317,1
2986,20260318,1
2986,20260319,1
2986,20260320,1
2988,20260306,1
2988,20260310,1
2988,20260311,1
2988,20260312,1
2988,20260313,1
2988,20260317,1
2988,20260318,1
2988,20260319,1
2988,20260320,1
2988,20260324,1
2988,20260325,1
2988,20260326,1
2988,20260327,1
2988,20260331,1
2988,20260401,1
2988,20260402,1
2988,20260403,1
2988,20260407,1
2988,20260408,1
2988,20260409,1
2988,20260410,1
2988,20260414,1
2988,20260415,1
2988,20260416,1
2988,20260417,1
2988,20260421,1
2988,20260422,1
2988,20260423,1
2988,20260424,1
2988,20260428,1
2988,20260429,1
2988,20260430,1
2988,20260505,1
2988,20260506,1
2988,20260507,1
2988,20260512,1
2988,20260513,1
2988,20260515,1
2988,20260519,1
2988,20260520,1
2988,20260521,1
2988,20260522,1
2988,20260526,1
2988,20260527,1
2988,20260528,1
2988,20260529,1
2988,20260602,1
2988,20260603,1
2988,20260604,1
2988,20260605,1
2988,20260609,1
2988,20260610,1
2988,20260611,1
2988,20260612,1
2988,20260616,1
2988,20260617,1
2988,20260618,1
2988,20260619,1
2988,20260623,1
2988,20260624,1
2988,20260625,1
2988,20260626,1
2988,20260630,1
2988,20260701,1
2988,20260702,1
2988,20260703,1
3000,20260330,1
3000,20260331,1
3000,20260401,1
3000,20260402,1
3000,20260403,1
3000,20260407,1
3000,20260408,1
3000,20260409,1
3000,20260410,1
3000,20260413,1
3000,20260414,1
3000,20260415,1
3000,20260416,1
3000,20260417,1
3000,20260518,1
3000,20260519,1
3000,20260520,1
3000,20260521,1
3000,20260522,1
3036,20260307,1
3036,20260314,1
3036,20260321,1
3036,20260328,1
3036,20260404,1
3036,20260411,1
3036,20260418,1
3036,20260425,1
3036,20260502,1
3036,20260509,1
3036,20260516,1
3036,20260523,1
3036,20260530,1
3036,20260606,1
3036,20260613,1
3036,20260620,1
3036,20260627,1
3070,20260306,1
3070,20260310,1
3070,20260311,1
3070,20260312,1
3070,20260313,1
3070,20260317,1
3070,20260318,1
3070,20260319,1
3070,20260320,1
3070,20260324,1
3070,20260325,1
3070,20260326,1
3070,20260327,1
3073,20260519,1
3073,20260520,1
3073,20260521,1
3073,20260522,1
3073,20260527,1
3073,20260528,1
3073,20260529,1
3073,20260602,1
3073,20260603,1
3073,20260604,1
3073,20260605,1
3073,20260609,1
3073,20260610,1
3073,20260611,1
3073,20260612,1
3073,20260616,1
3073,20260617,1
3073,20260618,1
3073,20260619,1
3073,20260623,1
3073,20260624,1
3073,20260625,1
3073,20260626,1
3073,20260630,1
3073,20260701,1
3073,20260702,1
3073,20260703,1
3074,20260505,1
3074,20260506,1
3074,20260507,1
3074,20260512,1
3074,20260513,1
3144,20260308,1
3144,20260309,1
3144,20260310,1
3144,20260311,1
3144,20260312,1
3144,20260314,1
3144,20260315,1
3144,20260316,1
3144,20260317,1
3144,20260318,1
3144,20260319,1
3144,20260321,1
3144,20260322,1
3144,20260323,1
3144,20260324,1
3144,20260325,1
3144,20260326,1
3144,20260329,1
3144,20260330,1
3144,20260331,1
3144,20260401,1
3144,20260402,1
3144,20260405,1
3144,20260406,1
3144,20260407,1
3144,20260408,1
3144,20260409,1
3144,20260412,1
3144,20260413,1
3144,20260414,1
3144,20260415,1
3144,20260416,1
3144,20260419,1
3144,20260420,1
3144,20260421,1
3144,20260422,1
3144,20260423,1
3144,20260426,1
3144,20260427,1
3144,20260428,1
3144,20260429,1
3144,20260430,1
3144,20260503,1
3144,20260504,1
3144,20260505,1
3144,20260506,1
3144,20260507,1
3144,20260510,1
3144,20260511,1
3144,20260512,1
3144,20260513,1
3144,20260514,1
3144,20260517,1
3144,20260518,1
3144,20260519,1
3144,20260520,1
3144,20260521,1
3144,20260524,1
3144,20260525,1
3144,20260526,1
3144,20260527,1
3144,20260528,1
3144,20260531,1
3144,20260601,1
3144,20260602,1
3144,20260603,1
3144,20260604,1
3144,20260607,1
3144,20260608,1
3144,20260609,1
3144,20260610,1
3144,20260611,1
3144,20260614,1
3144,20260615,1
3144,20260616,1
3144,20260617,1
3144,20260618,1
3144,20260621,1
3144,20260622,1
3144,20260623,1
3144,20260624,1
3144,20260625,1
3144,20260628,1
3144,20260629,1
3144,20260630,1
3144,20260701,1
3144,20260702,1
3144,20260706,1
3144,20260707,1
3144,20260708,1
3144,20260709,1
3144,20260713,1
3144,20260715,1
3144,20260716,1
3144,20260720,1
3144,20260721,1
3144,20260722,1
3144,20260723,1
3144,20260727,1
3144,20260728,1
3144,20260729,1
3144,20260730,1
3144,20260803,1
3144,20260804,1
3144,20260805,1
3144,20260806,1
3144,20260810,1
3144,20260811,1
3144,20260812,1
3144,20260813,1
3144,20260817,1
3144,20260818,1
3144,20260819,1
3144,20260820,1
3144,20260824,1
3144,20260825,1
3144,20260826,1
3144,20260827,1
3144,20260831,1
3146,20260315,1
3146,20260404,1
3146,20260405,1
3146,20260406,1
3146,20260509,1
3146,20260510,1
3146,20260514,1
3146,20260515,1
3146,20260516,1
3146,20260517,1
3146,20260524,1
3146,20260525,1
3147,20260315,1
3147,20260405,1
3147,20260406,1
3147,20260510,1
3147,20260517,1
3147,20260524,1
3147,20260525,1
3148,20260405,1
3148,20260406,1
3148,20260517,1
3148,20260524,1
3148,20260525,1
3149,20260404,1
3149,20260509,1
3149,20260514,1
3149,20260515,1
3149,20260516,1
3150,20260314,1
3150,20260404,1
3150,20260508,1
3150,20260509,1
3150,20260514,1
3150,20260515,1
3150,20260516,1
3150,20260523,1
3151,20260405,1
3151,20260406,1
3151,20260517,1
3151,20260524,1
3152,20260403,1
3152,20260513,1
3153,20260404,1
3153,20260405,1
3153,20260406,1
3153,20260412,1
3153,20260419,1
3153,20260426,1
3153,20260509,1
3153,20260510,1
3153,20260514,1
3153,20260515,1
3153,20260516,1
3153,20260517,1
3153,20260524,1
3153,20260525,1
3154,20260404,1
3154,20260405,1
3154,20260406,1
3154,20260509,1
3154,20260510,1
3154,20260514,1
3154,20260515,1
3154,20260516,1
3154,20260517,1
3154,20260524,1
3154,20260525,1
3155,20260405,1
3155,20260406,1
3155,20260510,1
3155,20260517,1
3155,20260524,1
3155,20260525,1
3156,20260404,1
3156,20260405,1
3156,20260406,1
3156,20260508,1
3156,20260509,1
3156,20260514,1
3156,20260515,1
3156,20260516,1
3156,20260517,1
3156,20260524,1
3156,20260525,1
3157,20260404,1
3157,20260508,1
3157,20260509,1
3157,20260514,1
3157,20260515,1
3157,20260516,1
3158,20260404,1
3158,20260405,1
3158,20260406,1
3158,20260508,1
3158,20260509,1
3158,20260514,1
3158,20260515,1
3158,20260516,1
3158,20260517,1
3158,20260523,1
3158,20260524,1
3159,20260314,1
3159,20260525,1
3160,20260404,1
3160,20260508,1
3160,20260509,1
3160,20260514,1
3160,20260515,1
3160,20260516,1
3160,20260523,1
3161,20260403,1
3161,20260404,1
3161,20260405,1
3161,20260508,1
3161,20260509,1
3161,20260513,1
3161,20260514,1
3161,20260515,1
3161,20260516,1
3161,20260523,1
3161,20260524,1
3162,20260403,1
3162,20260405,1
3162,20260513,1
3162,20260524,1
3163,20260403,1
3163,20260404,1
3163,20260508,1
3163,20260509,1
3163,20260513,1
3163,20260514,1
3163,20260515,1
3163,20260516,1
3163,20260523,1
3164,20260314,1
3164,20260411,1
3164,20260418,1
3164,20260425,1
3164,20260523,1
3165,20260405,1
3165,20260524,1
3166,20260403,1
3166,20260404,1
3166,20260508,1
3166,20260509,1
3166,20260513,1
3166,20260514,1
3166,20260515,1
3166,20260516,1
3176,20260427,1
3176,20260428,1
3176,20260429,1
3176,20260504,1
3176,20260505,1
3176,20260506,1
3176,20260511,1
3176,20260512,1
3176,20260518,1
3176,20260519,1
3176,20260520,1
3176,20260521,1
3176,20260526,1
3176,20260527,1
3176,20260528,1
3176,20260601,1
3176,20260602,1
3176,20260603,1
3176,20260604,1
3176,20260608,1
3176,20260609,1
3176,20260610,1
3176,20260611,1
3176,20260615,1
3176,20260616,1
3176,20260617,1
3176,20260618,1
3202,20260407,1
3202,20260413,1
3225,20260420,1
3225,20260424,1
3229,20260525,1
3229,20260531,1
3252,20260323,1
3252,20260324,1
3252,20260325,1
3252,20260326,1
3252,20260327,1
3252,20260330,1
3252,20260331,1
3252,20260401,1
3252,20260402,1
3252,20260403,1
3252,20260407,1
3252,20260408,1
3252,20260409,1
3252,20260410,1
3252,20260413,1
3252,20260414,1
3252,20260415,1
3252,20260416,1
3252,20260417,1
3262,20260307,1
3262,20260314,1
3262,20260321,1
3262,20260328,1
3262,20260411,1
3262,20260418,1
3262,20260425,1
3262,20260502,1
3262,20260606,1
3262,20260613,1
3262,20260620,1
3262,20260627,1
3262,20260704,1
3262,20260711,1
3262,20260718,1
3262,20260725,1
3262,20260801,1
3262,20260808,1
3262,20260815,1
3262,20260822,1
3262,20260829,1
3264,20260306,1
3264,20260308,1
3264,20260309,1
3264,20260310,1
3264,20260313,1
3264,20260316,1
3264,20260317,1
3264,20260320,1
3264,20260323,1
3264,20260324,1
3264,20260327,1
3264,20260330,1
3264,20260331,1
3264,20260407,1
3264,20260410,1
3264,20260413,1
3264,20260414,1
3264,20260417,1
3264,20260420,1
3264,20260421,1
3264,20260424,1
3264,20260427,1
3264,20260428,1
3264,20260501,1
3264,20260503,1
3264,20260504,1
3264,20260505,1
3264,20260508,1
3264,20260511,1
3264,20260512,1
3264,20260518,1
3264,20260519,1
3264,20260522,1
3264,20260526,1
3264,20260529,1
3264,20260601,1
3264,20260602,1
3264,20260605,1
3264,20260607,1
3264,20260608,1
3264,20260609,1
3264,20260612,1
3264,20260614,1
3264,20260615,1
3264,20260616,1
3264,20260619,1
3264,20260621,1
3264,20260622,1
3264,20260623,1
3264,20260626,1
3264,20260629,1
3264,20260630,1
3264,20260703,1
3264,20260705,1
3264,20260706,1
3264,20260707,1
3264,20260710,1
3264,20260712,1
3264,20260713,1
3264,20260714,1
3264,20260717,1
3264,20260719,1
3264,20260720,1
3264,20260721,1
3264,20260724,1
3264,20260726,1
3264,20260727,1
3264,20260728,1
3264,20260731,1
3264,20260802,1
3264,20260803,1
3264,20260804,1
3264,20260807,1
3264,20260809,1
3264,20260810,1
3264,20260811,1
3264,20260814,1
3264,20260816,1
3264,20260817,1
3264,20260818,1
3264,20260821,1
3264,20260823,1
3264,20260824,1
3264,20260825,1
3264,20260828,1
3264,20260830,1
3264,20260831,1
3265,20260311,1
3265,20260312,1
3265,20260318,1
3265,20260319,1
3265,20260325,1
3265,20260326,1
3265,20260401,1
3265,20260402,1
3265,20260408,1
3265,20260409,1
3265,20260415,1
3265,20260416,1
3265,20260422,1
3265,20260423,1
3265,20260429,1
3265,20260430,1
3265,20260506,1
3265,20260507,1
3265,20260520,1
3265,20260521,1
3265,20260527,1
3265,20260528,1
3265,20260603,1
3265,20260604,1
3265,20260610,1
3265,20260611,1
3265,20260617,1
3265,20260618,1
3265,20260624,1
3265,20260625,1
3265,20260701,1
3265,20260702,1
3265,20260708,1
3265,20260709,1
3265,20260715,1
3265,20260716,1
3265,20260722,1
3265,20260723,1
3265,20260729,1
3265,20260730,1
3265,20260805,1
3265,20260806,1
3265,20260812,1
3265,20260813,1
3265,20260819,1
3265,20260820,1
3265,20260826,1
3265,20260827,1
3266,20260308,1
3266,20260417,1
3266,20260418,1
3266,20260425,1
3266,20260502,1
3266,20260704,1
3266,20260705,1
3266,20260718,1
3266,20260801,1
3266,20260808,1
3266,20260815,1
3267,20260306,1
3267,20260307,1
3267,20260310,1
3267,20260311,1
3267,20260312,1
3267,20260313,1
3267,20260317,1
3267,20260318,1
3267,20260319,1
3267,20260320,1
3267,20260321,1
3267,20260324,1
3267,20260325,1
3267,20260326,1
3267,20260327,1
3267,20260328,1
3267,20260331,1
3267,20260401,1
3267,20260402,1
3267,20260407,1
3267,20260408,1
3267,20260409,1
3267,20260410,1
3267,20260411,1
3267,20260414,1
3267,20260415,1
3267,20260416,1
3267,20260421,1
3267,20260422,1
3267,20260423,1
3267,20260424,1
3267,20260428,1
3267,20260429,1
3267,20260430,1
3267,20260501,1
3267,20260503,1
3267,20260505,1
3267,20260506,1
3267,20260507,1
3267,20260512,1
3267,20260519,1
3267,20260520,1
3267,20260521,1
3267,20260522,1
3267,20260526,1
3267,20260527,1
3267,20260528,1
3267,20260529,1
3267,20260531,1
3267,20260602,1
3267,20260603,1
3267,20260604,1
3267,20260605,1
3267,20260606,1
3267,20260607,1
3267,20260609,1
3267,20260610,1
3267,20260611,1
3267,20260612,1
3267,20260613,1
3267,20260614,1
3267,20260616,1
3267,20260617,1
3267,20260618,1
3267,20260619,1
3267,20260620,1
3267,20260621,1
3267,20260623,1
3267,20260624,1
3267,20260625,1
3267,20260626,1
3267,20260627,1
3267,20260628,1
3267,20260630,1
3267,20260701,1
3267,20260702,1
3267,20260703,1
3267,20260707,1
3267,20260708,1
3267,20260709,1
3267,20260710,1
3267,20260711,1
3267,20260712,1
3267,20260714,1
3267,20260715,1
3267,20260716,1
3267,20260717,1
3267,20260719,1
3267,20260721,1
3267,20260722,1
3267,20260723,1
3267,20260724,1
3267,20260725,1
3267,20260726,1
3267,20260728,1
3267,20260729,1
3267,20260730,1
3267,20260731,1
3267,20260802,1
3267,20260804,1
3267,20260805,1
3267,20260806,1
3267,20260807,1
3267,20260809,1
3267,20260811,1
3267,20260812,1
3267,20260813,1
3267,20260814,1
3267,20260816,1
3267,20260818,1
3267,20260819,1
3267,20260820,1
3267,20260821,1
3267,20260822,1
3267,20260823,1
3267,20260825,1
3267,20260826,1
3267,20260827,1
3267,20260828,1
3267,20260829,1
3267,20260830,1
3268,20260324,1
3268,20260326,1
3268,20260331,1
3268,20260407,1
3268,20260409,1
3268,20260416,1
3268,20260423,1
3268,20260428,1
3268,20260430,1
3268,20260505,1
3268,20260507,1
3268,20260519,1
3268,20260521,1
3268,20260526,1
3268,20260528,1
3268,20260602,1
3268,20260604,1
3268,20260609,1
3268,20260611,1
3268,20260616,1
3268,20260618,1
3268,20260623,1
3268,20260625,1
3268,20260702,1
3268,20260707,1
3268,20260714,1
3268,20260721,1
3268,20260730,1
3268,20260804,1
3268,20260806,1
3268,20260811,1
3268,20260818,1
3268,20260825,1
3269,20260307,1
3269,20260403,1
3269,20260411,1
3269,20260412,1
3269,20260418,1
3269,20260419,1
3269,20260425,1
3269,20260426,1
3269,20260502,1
3269,20260503,1
3269,20260627,1
3269,20260628,1
3269,20260703,1
3269,20260704,1
3269,20260705,1
3269,20260706,1
3269,20260710,1
3269,20260711,1
3269,20260712,1
3269,20260718,1
3269,20260719,1
3269,20260722,1
3269,20260724,1
3269,20260725,1
3269,20260726,1
3269,20260727,1
3269,20260729,1
3269,20260731,1
3269,20260801,1
3269,20260802,1
3269,20260808,1
3269,20260809,1
3269,20260812,1
3269,20260815,1
3269,20260816,1
3269,20260819,1
3269,20260821,1
3269,20260822,1
3269,20260823,1
3269,20260824,1
3269,20260829,1
3269,20260830,1
3270,20260414,1
3270,20260421,1
3270,20260630,1
3270,20260709,1
3270,20260716,1
3270,20260723,1
3270,20260728,1
3270,20260813,1
3270,20260820,1
3270,20260827,1
3271,20260308,1
3271,20260322,1
3271,20260323,1
3271,20260325,1
3271,20260327,1
3271,20260329,1
3271,20260330,1
3271,20260401,1
3271,20260408,1
3271,20260410,1
3271,20260413,1
3271,20260415,1
3271,20260417,1
3271,20260420,1
3271,20260422,1
3271,20260424,1
3271,20260427,1
3271,20260429,1
3271,20260501,1
3271,20260504,1
3271,20260506,1
3271,20260511,1
3271,20260513,1
3271,20260518,1
3271,20260520,1
3271,20260522,1
3271,20260523,1
3271,20260527,1
3271,20260529,1
3271,20260531,1
3271,20260601,1
3271,20260603,1
3271,20260605,1
3271,20260606,1
3271,20260607,1
3271,20260608,1
3271,20260610,1
3271,20260612,1
3271,20260613,1
3271,20260614,1
3271,20260615,1
3271,20260617,1
3271,20260619,1
3271,20260620,1
3271,20260621,1
3271,20260622,1
3271,20260624,1
3271,20260626,1
3271,20260629,1
3271,20260701,1
3271,20260708,1
3271,20260713,1
3271,20260715,1
3271,20260717,1
3271,20260720,1
3271,20260803,1
3271,20260805,1
3271,20260807,1
3271,20260810,1
3271,20260814,1
3271,20260817,1
3271,20260826,1
3271,20260828,1
3271,20260831,1
3272,20260307,1
3272,20260411,1
3272,20260418,1
3272,20260425,1
3272,20260627,1
3272,20260704,1
3272,20260711,1
3272,20260718,1
3272,20260725,1
3272,20260801,1
3272,20260808,1
3272,20260815,1
3272,20260829,1
3273,20260531,1
3273,20260607,1
3273,20260614,1
3273,20260621,1
3273,20260628,1
3273,20260705,1
3274,20260309,1
3274,20260316,1
3274,20260323,1
3274,20260330,1
3274,20260413,1
3274,20260420,1
3274,20260427,1
3274,20260502,1
3274,20260504,1
3274,20260511,1
3274,20260518,1
3274,20260601,1
3274,20260606,1
3274,20260608,1
3274,20260613,1
3274,20260615,1
3274,20260620,1
3274,20260622,1
3274,20260629,1
3274,20260706,1
3274,20260713,1
3274,20260720,1
3274,20260727,1
3274,20260803,1
3274,20260810,1
3274,20260817,1
3274,20260822,1
3274,20260824,1
3274,20260831,1
3275,20260403,1
3275,20260412,1
3275,20260419,1
3275,20260426,1
3275,20260703,1
3275,20260715,1
3275,20260717,1
3275,20260722,1
3275,20260724,1
3275,20260729,1
3275,20260731,1
3275,20260807,1
3275,20260814,1
3275,20260828,1
3276,20260306,1
3276,20260308,1
3276,20260310,1
3276,20260311,1
3276,20260312,1
3276,20260313,1
3276,20260317,1
3276,20260318,1
3276,20260319,1
3276,20260320,1
3276,20260322,1
3276,20260324,1
3276,20260325,1
3276,20260326,1
3276,20260327,1
3276,20260329,1
3276,20260331,1
3276,20260401,1
3276,20260402,1
3276,20260407,1
3276,20260408,1
3276,20260409,1
3276,20260410,1
3276,20260414,1
3276,20260415,1
3276,20260416,1
3276,20260417,1
3276,20260421,1
3276,20260422,1
3276,20260423,1
3276,20260424,1
3276,20260428,1
3276,20260429,1
3276,20260430,1
3276,20260501,1
3276,20260503,1
3276,20260505,1
3276,20260506,1
3276,20260507,1
3276,20260510,1
3276,20260512,1
3276,20260513,1
3276,20260519,1
3276,20260520,1
3276,20260521,1
3276,20260522,1
3276,20260526,1
3276,20260527,1
3276,20260528,1
3276,20260529,1
3276,20260602,1
3276,20260603,1
3276,20260604,1
3276,20260605,1
3276,20260609,1
3276,20260610,1
3276,20260611,1
3276,20260612,1
3276,20260616,1
3276,20260617,1
3276,20260618,1
3276,20260619,1
3276,20260623,1
3276,20260624,1
3276,20260625,1
3276,20260626,1
3276,20260630,1
3276,20260701,1
3276,20260702,1
3276,20260707,1
3276,20260708,1
3276,20260709,1
3276,20260710,1
3276,20260714,1
3276,20260716,1
3276,20260719,1
3276,20260721,1
3276,20260723,1
3276,20260726,1
3276,20260728,1
3276,20260730,1
3276,20260802,1
3276,20260804,1
3276,20260805,1
3276,20260806,1
3276,20260809,1
3276,20260811,1
3276,20260812,1
3276,20260813,1
3276,20260816,1
3276,20260818,1
3276,20260819,1
3276,20260820,1
3276,20260821,1
3276,20260823,1
3276,20260825,1
3276,20260826,1
3276,20260827,1
3276,20260830,1
3277,20260306,1
3277,20260309,1
3277,20260310,1
3277,20260311,1
3277,20260313,1
3277,20260316,1
3277,20260317,1
3277,20260318,1
3277,20260320,1
3277,20260322,1
3277,20260323,1
3277,20260324,1
3277,20260325,1
3277,20260327,1
3277,20260329,1
3277,20260330,1
3277,20260331,1
3277,20260401,1
3277,20260407,1
3277,20260408,1
3277,20260410,1
3277,20260412,1
3277,20260413,1
3277,20260414,1
3277,20260415,1
3277,20260417,1
3277,20260419,1
3277,20260420,1
3277,20260421,1
3277,20260422,1
3277,20260424,1
3277,20260426,1
3277,20260427,1
3277,20260428,1
3277,20260429,1
3277,20260501,1
3277,20260504,1
3277,20260505,1
3277,20260506,1
3277,20260510,1
3277,20260511,1
3277,20260512,1
3277,20260513,1
3277,20260518,1
3277,20260519,1
3277,20260522,1
3277,20260525,1
3277,20260526,1
3277,20260531,1
3277,20260601,1
3277,20260602,1
3277,20260603,1
3277,20260605,1
3277,20260607,1
3277,20260608,1
3277,20260609,1
3277,20260610,1
3277,20260612,1
3277,20260614,1
3277,20260615,1
3277,20260616,1
3277,20260617,1
3277,20260619,1
3277,20260621,1
3277,20260622,1
3277,20260623,1
3277,20260624,1
3277,20260626,1
3277,20260628,1
3277,20260629,1
3277,20260701,1
3277,20260705,1
3277,20260706,1
3277,20260707,1
3277,20260708,1
3277,20260710,1
3277,20260713,1
3277,20260714,1
3277,20260715,1
3277,20260717,1
3277,20260720,1
3277,20260721,1
3277,20260722,1
3277,20260724,1
3277,20260727,1
3277,20260728,1
3277,20260729,1
3277,20260731,1
3277,20260803,1
3277,20260804,1
3277,20260805,1
3277,20260807,1
3277,20260810,1
3277,20260811,1
3277,20260812,1
3277,20260814,1
3277,20260817,1
3277,20260818,1
3277,20260819,1
3277,20260821,1
3277,20260824,1
3277,20260825,1
3277,20260826,1
3277,20260830,1
3277,20260831,1
3278,20260307,1
3278,20260411,1
3278,20260425,1
3278,20260502,1
3278,20260704,1
3278,20260711,1
3278,20260718,1
3278,20260725,1
3278,20260801,1
3278,20260808,1
3278,20260815,1
3278,20260822,1
3278,20260829,1
3279,20260520,1
3279,20260527,1
3280,20260521,1
3280,20260528,1
3282,20260321,1
3282,20260328,1
3282,20260530,1
3283,20260308,1
3283,20260403,1
3283,20260503,1
3283,20260630,1
3283,20260703,1
3283,20260712,1
3283,20260719,1
3283,20260726,1
3283,20260802,1
3283,20260809,1
3283,20260816,1
3283,20260823,1
3283,20260828,1
3284,20260312,1
3284,20260319,1
3284,20260326,1
3284,20260402,1
3284,20260409,1
3284,20260416,1
3284,20260418,1
3284,20260423,1
3284,20260430,1
3284,20260507,1
3284,20260604,1
3284,20260606,1
3284,20260611,1
3284,20260613,1
3284,20260618,1
3284,20260620,1
3284,20260625,1
3284,20260627,1
3284,20260702,1
3284,20260709,1
3284,20260716,1
3284,20260723,1
3284,20260730,1
3284,20260806,1
3284,20260813,1
3284,20260820,1
3284,20260827,1
3287,20260322,1
3287,20260329,1
3287,20260412,1
3287,20260419,1
3287,20260426,1
3287,20260503,1
3287,20260531,1
3287,20260607,1
3287,20260614,1
3287,20260621,1
3287,20260628,1
3287,20260705,1
3287,20260712,1
3287,20260719,1
3287,20260726,1
3287,20260802,1
3287,20260809,1
3287,20260816,1
3287,20260823,1
3287,20260830,1
3288,20260324,1
3288,20260331,1
3288,20260407,1
3288,20260414,1
3288,20260421,1
3288,20260428,1
3288,20260505,1
3288,20260512,1
3288,20260519,1
3288,20260526,1
3288,20260602,1
3288,20260609,1
3288,20260616,1
3288,20260623,1
3288,20260630,1
3288,20260707,1
3288,20260714,1
3288,20260721,1
3288,20260728,1
3288,20260804,1
3288,20260811,1
3288,20260818,1
3288,20260825,1
3289,20260306,1
3289,20260307,1
3289,20260313,1
3289,20260320,1
3289,20260323,1
3289,20260325,1
3289,20260326,1
3289,20260327,1
3289,20260330,1
3289,20260401,1
3289,20260402,1
3289,20260408,1
3289,20260409,1
3289,20260410,1
3289,20260411,1
3289,20260413,1
3289,20260415,1
3289,20260416,1
3289,20260417,1
3289,20260418,1
3289,20260420,1
3289,20260422,1
3289,20260423,1
3289,20260424,1
3289,20260425,1
3289,20260427,1
3289,20260429,1
3289,20260430,1
3289,20260501,1
3289,20260502,1
3289,20260504,1
3289,20260506,1
3289,20260507,1
3289,20260511,1
3289,20260518,1
3289,20260520,1
3289,20260521,1
3289,20260522,1
3289,20260525,1
3289,20260527,1
3289,20260528,1
3289,20260529,1
3289,20260530,1
3289,20260601,1
3289,20260603,1
3289,20260604,1
3289,20260605,1
3289,20260606,1
3289,20260608,1
3289,20260610,1
3289,20260611,1
3289,20260612,1
3289,20260613,1
3289,20260615,1
3289,20260617,1
3289,20260618,1
3289,20260619,1
3289,20260620,1
3289,20260622,1
3289,20260624,1
3289,20260625,1
3289,20260626,1
3289,20260627,1
3289,20260629,1
3289,20260701,1
3289,20260702,1
3289,20260703,1
3289,20260704,1
3289,20260706,1
3289,20260708,1
3289,20260709,1
3289,20260710,1
3289,20260711,1
3289,20260713,1
3289,20260715,1
3289,20260716,1
3289,20260717,1
3289,20260718,1
3289,20260720,1
3289,20260722,1
3289,20260723,1
3289,20260724,1
3289,20260725,1
3289,20260727,1
3289,20260729,1
3289,20260730,1
3289,20260731,1
3289,20260801,1
3289,20260803,1
3289,20260805,1
3289,20260806,1
3289,20260807,1
3289,20260808,1
3289,20260810,1
3289,20260812,1
3289,20260813,1
3289,20260814,1
3289,20260815,1
3289,20260817,1
3289,20260819,1
3289,20260820,1
3289,20260821,1
3289,20260822,1
3289,20260824,1
3289,20260826,1
3289,20260827,1
3289,20260828,1
3289,20260829,1
3289,20260831,1
3297,20260306,1
3297,20260308,1
3297,20260313,1
3297,20260315,1
3297,20260320,1
3297,20260322,1
3297,20260327,1
3297,20260329,1
3297,20260410,1
3297,20260412,1
3297,20260417,1
3297,20260419,1
3297,20260424,1
3297,20260426,1
3297,20260503,1
3297,20260510,1
3297,20260517,1
3297,20260522,1
3297,20260529,1
3297,20260531,1
3297,20260605,1
3297,20260607,1
3297,20260612,1
3297,20260614,1
3297,20260619,1
3297,20260621,1
3297,20260626,1
3297,20260628,1
3297,20260703,1
3297,20260705,1
3297,20260710,1
3297,20260712,1
3297,20260717,1
3297,20260719,1
3297,20260724,1
3297,20260726,1
3297,20260731,1
3297,20260802,1
3297,20260807,1
3297,20260809,1
3297,20260814,1
3297,20260816,1
3297,20260821,1
3297,20260823,1
3297,20260828,1
3297,20260830,1
3298,20260309,1
3298,20260310,1
3298,20260311,1
3298,20260312,1
3298,20260316,1
3298,20260317,1
3298,20260318,1
3298,20260319,1
3298,20260323,1
3298,20260324,1
3298,20260325,1
3298,20260326,1
3298,20260330,1
3298,20260331,1
3298,20260401,1
3298,20260402,1
3298,20260406,1
3298,20260407,1
3298,20260408,1
3298,20260409,1
3298,20260413,1
3298,20260414,1
3298,20260415,1
3298,20260416,1
3298,20260420,1
3298,20260421,1
3298,20260422,1
3298,20260423,1
3298,20260427,1
3298,20260428,1
3298,20260429,1
3298,20260430,1
3298,20260504,1
3298,20260505,1
3298,20260506,1
3298,20260507,1
3298,20260511,1
3298,20260512,1
3298,20260518,1
3298,20260519,1
3298,20260520,1
3298,20260521,1
3298,20260525,1
3298,20260526,1
3298,20260527,1
3298,20260528,1
3298,20260601,1
3298,20260602,1
3298,20260603,1
3298,20260604,1
3298,20260608,1
3298,20260609,1
3298,20260610,1
3298,20260611,1
3298,20260615,1
3298,20260616,1
3298,20260617,1
3298,20260618,1
3298,20260622,1
3298,20260623,1
3298,20260624,1
3298,20260625,1
3298,20260629,1
3298,20260630,1
3298,20260701,1
3298,20260702,1
3298,20260706,1
3298,20260707,1
3298,20260708,1
3298,20260709,1
3298,20260714,1
3298,20260715,1
3298,20260716,1
3298,20260720,1
3298,20260721,1
3298,20260722,1
3298,20260723,1
3298,20260727,1
3298,20260728,1
3298,20260729,1
3298,20260730,1
3298,20260803,1
3298,20260804,1
3298,20260805,1
3298,20260806,1
3298,20260810,1
3298,20260811,1
3298,20260812,1
3298,20260813,1
3298,20260817,1
3298,20260818,1
3298,20260819,1
3298,20260820,1
3298,20260824,1
3298,20260825,1
3298,20260826,1
3298,20260827,1
3298,20260831,1
3301,20260428,1
3301,20260429,1
3301,20260430,1
3301,20260501,1
3302,20260307,1
3302,20260309,1
3302,20260314,1
3302,20260316,1
3302,20260321,1
3302,20260323,1
3302,20260328,1
3302,20260330,1
3302,20260411,1
3302,20260413,1
3302,20260418,1
3302,20260420,1
3302,20260425,1
3303,20260505,1
3303,20260506,1
3303,20260507,1
3303,20260508,1
3303,20260512,1
3303,20260513,1
3303,20260519,1
3303,20260520,1
3303,20260521,1
3303,20260522,1
3303,20260526,1
3303,20260527,1
3303,20260528,1
3303,20260529,1
3303,20260602,1
3303,20260603,1
3303,20260604,1
3303,20260605,1
3303,20260609,1
3303,20260610,1
3303,20260611,1
3303,20260612,1
3303,20260616,1
3303,20260617,1
3303,20260618,1
3303,20260619,1
3303,20260623,1
3303,20260624,1
3303,20260625,1
3303,20260626,1
3303,20260630,1
3303,20260701,1
3303,20260702,1
3303,20260703,1
3303,20260707,1
3303,20260708,1
3303,20260709,1
3303,20260710,1
3303,20260715,1
3303,20260716,1
3303,20260717,1
3303,20260721,1
3303,20260722,1
3303,20260723,1
3303,20260724,1
3303,20260728,1
3303,20260729,1
3303,20260730,1
3303,20260731,1
3303,20260804,1
3303,20260805,1
3303,20260806,1
3303,20260807,1
3303,20260811,1
3303,20260812,1
3303,20260813,1
3303,20260814,1
3303,20260818,1
3303,20260819,1
3303,20260820,1
3303,20260821,1
3303,20260825,1
3303,20260826,1
3303,20260827,1
3303,20260828,1
3304,20260504,1
3304,20260511,1
3304,20260518,1
3304,20260523,1
3304,20260530,1
3304,20260601,1
3304,20260606,1
3304,20260608,1
3304,20260613,1
3304,20260615,1
3304,20260620,1
3304,20260622,1
3304,20260627,1
3304,20260629,1
3304,20260704,1
3304,20260706,1
3304,20260711,1
3304,20260713,1
3304,20260718,1
3304,20260720,1
3304,20260725,1
3304,20260727,1
3304,20260801,1
3304,20260803,1
3304,20260808,1
3304,20260810,1
3304,20260815,1
3304,20260817,1
3304,20260822,1
3304,20260824,1
3304,20260829,1
3304,20260831,1
3305,20260306,1
3305,20260310,1
3305,20260311,1
3305,20260312,1
3305,20260313,1
3305,20260317,1
3305,20260318,1
3305,20260319,1
3305,20260320,1
3305,20260324,1
3305,20260325,1
3305,20260326,1
3305,20260327,1
3305,20260331,1
3305,20260401,1
3305,20260402,1
3305,20260403,1
3305,20260407,1
3305,20260408,1
3305,20260409,1
3305,20260410,1
3305,20260414,1
3305,20260415,1
3305,20260416,1
3305,20260417,1
3305,20260421,1
3305,20260422,1
3305,20260423,1
3305,20260424,1
3306,20260718,1
3306,20260719,1
3306,20260725,1
3306,20260726,1
3306,20260801,1
3306,20260802,1
3306,20260808,1
3306,20260809,1
3306,20260815,1
3306,20260816,1
3306,20260822,1
3306,20260823,1
3306,20260828,1
3306,20260829,1
3307,20260506,1
3307,20260715,1
3307,20260722,1
3307,20260729,1
3307,20260805,1
3307,20260812,1
3307,20260819,1
3307,20260826,1
3309,20260427,1
3309,20260428,1
3309,20260430,1
3309,20260501,1
3309,20260502,1
3309,20260503,1
3311,20260307,1
3311,20260308,1
3311,20260314,1
3311,20260321,1
3311,20260323,1
3311,20260324,1
3311,20260326,1
3311,20260327,1
3311,20260328,1
3311,20260330,1
3311,20260331,1
3311,20260402,1
3311,20260403,1
3311,20260407,1
3311,20260409,1
3311,20260410,1
3311,20260411,1
3311,20260413,1
3311,20260414,1
3311,20260416,1
3311,20260417,1
3311,20260420,1
3311,20260421,1
3311,20260423,1
3311,20260424,1
3311,20260425,1
3312,20260412,1
3312,20260418,1
3312,20260419,1
3312,20260426,1
3313,20260325,1
3313,20260401,1
3313,20260408,1
3313,20260415,1
3313,20260422,1
3314,20260511,1
3314,20260512,1
3314,20260519,1
3314,20260521,1
3314,20260522,1
3314,20260523,1
3314,20260526,1
3314,20260528,1
3314,20260529,1
3314,20260530,1
3314,20260531,1
3314,20260601,1
3314,20260602,1
3314,20260604,1
3314,20260605,1
3314,20260606,1
3314,20260607,1
3314,20260608,1
3314,20260609,1
3314,20260611,1
3314,20260612,1
3314,20260613,1
3314,20260614,1
3314,20260615,1
3314,20260616,1
3314,20260618,1
3314,20260619,1
3314,20260620,1
3314,20260621,1
3314,20260622,1
3314,20260623,1
3314,20260625,1
3314,20260626,1
3314,20260627,1
3314,20260629,1
3314,20260630,1
3314,20260702,1
3314,20260703,1
3314,20260706,1
3314,20260707,1
3314,20260709,1
3314,20260710,1
3315,20260513,1
3315,20260520,1
3315,20260527,1
3315,20260603,1
3315,20260610,1
3315,20260617,1
3315,20260624,1
3315,20260708,1
3316,20260504,1
3316,20260505,1
3316,20260507,1
3316,20260713,1
3316,20260714,1
3316,20260716,1
3316,20260717,1
3316,20260720,1
3316,20260721,1
3316,20260723,1
3316,20260724,1
3316,20260727,1
3316,20260728,1
3316,20260730,1
3316,20260731,1
3316,20260803,1
3316,20260804,1
3316,20260806,1
3316,20260807,1
3316,20260810,1
3316,20260811,1
3316,20260813,1
3316,20260814,1
3316,20260817,1
3316,20260818,1
3316,20260820,1
3316,20260821,1
3316,20260824,1
3316,20260825,1
3316,20260827,1
3316,20260830,1
3316,20260831,1
3317,20260427,1
3317,20260429,1
3317,20260430,1
3317,20260501,1
3318,20260428,1
3319,20260505,1
3319,20260512,1
3319,20260519,1
3319,20260526,1
3319,20260602,1
3319,20260607,1
3319,20260609,1
3319,20260614,1
3319,20260616,1
3319,20260621,1
3319,20260623,1
3319,20260628,1
3319,20260630,1
3319,20260707,1
3319,20260712,1
3319,20260714,1
3319,20260721,1
3319,20260726,1
3319,20260728,1
3319,20260804,1
3319,20260811,1
3319,20260818,1
3319,20260823,1
3319,20260825,1
3319,20260830,1
3320,20260705,1
3320,20260719,1
3320,20260802,1
3320,20260809,1
3320,20260816,1
3321,20260704,1
3321,20260801,1
3322,20260307,1
3322,20260418,1
3323,20260310,1
3323,20260317,1
3323,20260324,1
3323,20260331,1
3323,20260412,1
3323,20260414,1
3323,20260421,1
3324,20260504,1
3324,20260506,1
3324,20260507,1
3324,20260511,1
3324,20260513,1
3324,20260518,1
3324,20260520,1
3324,20260521,1
3324,20260522,1
3324,20260525,1
3324,20260527,1
3324,20260528,1
3324,20260529,1
3324,20260530,1
3324,20260601,1
3324,20260603,1
3324,20260604,1
3324,20260605,1
3324,20260606,1
3324,20260608,1
3324,20260610,1
3324,20260611,1
3324,20260612,1
3324,20260613,1
3324,20260615,1
3324,20260617,1
3324,20260618,1
3324,20260619,1
3324,20260620,1
3324,20260622,1
3324,20260624,1
3324,20260625,1
3324,20260626,1
3324,20260627,1
3324,20260629,1
3324,20260701,1
3324,20260702,1
3324,20260703,1
3324,20260706,1
3324,20260708,1
3324,20260709,1
3324,20260710,1
3324,20260711,1
3324,20260713,1
3324,20260715,1
3324,20260716,1
3324,20260717,1
3324,20260718,1
3324,20260720,1
3324,20260722,1
3324,20260723,1
3324,20260724,1
3324,20260725,1
3324,20260727,1
3324,20260729,1
3324,20260730,1
3324,20260731,1
3324,20260803,1
3324,20260805,1
3324,20260806,1
3324,20260807,1
3324,20260808,1
3324,20260810,1
3324,20260812,1
3324,20260813,1
3324,20260814,1
3324,20260815,1
3324,20260817,1
3324,20260819,1
3324,20260820,1
3324,20260821,1
3324,20260822,1
3324,20260824,1
3324,20260826,1
3324,20260827,1
3324,20260828,1
3324,20260829,1
3324,20260831,1
3325,20260306,1
3325,20260309,1
3325,20260311,1
3325,20260312,1
3325,20260313,1
3325,20260316,1
3325,20260318,1
3325,20260319,1
3325,20260320,1
3325,20260321,1
3325,20260323,1
3325,20260325,1
3325,20260326,1
3325,20260327,1
3325,20260328,1
3325,20260330,1
3325,20260401,1
3325,20260402,1
3325,20260403,1
3325,20260408,1
3325,20260409,1
3325,20260410,1
3325,20260411,1
3325,20260413,1
3325,20260415,1
3325,20260416,1
3325,20260417,1
3325,20260420,1
3325,20260422,1
3325,20260423,1
3325,20260424,1
3325,20260425,1
3326,20260510,1
3326,20260522,1
3326,20260529,1
3326,20260531,1
3326,20260605,1
3326,20260607,1
3326,20260612,1
3326,20260614,1
3326,20260619,1
3326,20260621,1
3326,20260626,1
3326,20260717,1
3326,20260731,1
3326,20260807,1
3326,20260814,1
3326,20260828,1
3327,20260628,1
3327,20260703,1
3327,20260705,1
3327,20260710,1
3327,20260712,1
3327,20260719,1
3327,20260724,1
3327,20260726,1
3327,20260802,1
3327,20260809,1
3327,20260816,1
3327,20260821,1
3327,20260823,1
3327,20260830,1
3328,20260427,1
3328,20260428,1
3328,20260429,1
3328,20260430,1
3328,20260502,1
3329,20260411,1
3329,20260413,1
3329,20260418,1
3329,20260420,1
3329,20260425,1
3330,20260627,1
3330,20260701,1
3330,20260704,1
3330,20260706,1
3330,20260709,1
3330,20260711,1
3330,20260715,1
3330,20260718,1
3330,20260722,1
3330,20260723,1
3330,20260725,1
3330,20260727,1
3330,20260728,1
3330,20260729,1
3330,20260801,1
3330,20260808,1
3330,20260812,1
3330,20260813,1
3330,20260815,1
3330,20260819,1
3330,20260820,1
3330,20260822,1
3330,20260824,1
3330,20260826,1
3330,20260829,1
3331,20260307,1
3331,20260309,1
3331,20260310,1
3331,20260311,1
3331,20260312,1
3331,20260316,1
3331,20260317,1
3331,20260318,1
3331,20260319,1
3331,20260321,1
3331,20260323,1
3331,20260324,1
3331,20260325,1
3331,20260326,1
3331,20260328,1
3331,20260330,1
3331,20260331,1
3331,20260401,1
3331,20260402,1
3331,20260406,1
3331,20260407,1
3331,20260408,1
3331,20260409,1
3331,20260414,1
3331,20260415,1
3331,20260416,1
3331,20260421,1
3331,20260422,1
3331,20260423,1
3332,20260504,1
3332,20260505,1
3332,20260506,1
3332,20260507,1
3332,20260511,1
3332,20260512,1
3332,20260513,1
3332,20260518,1
3332,20260519,1
3332,20260520,1
3332,20260521,1
3332,20260525,1
3332,20260526,1
3332,20260527,1
3332,20260528,1
3332,20260601,1
3332,20260602,1
3332,20260603,1
3332,20260604,1
3332,20260606,1
3332,20260608,1
3332,20260609,1
3332,20260610,1
3332,20260611,1
3332,20260613,1
3332,20260615,1
3332,20260616,1
3332,20260617,1
3332,20260618,1
3332,20260620,1
3332,20260622,1
3332,20260623,1
3332,20260624,1
3332,20260625,1
3332,20260629,1
3332,20260630,1
3332,20260702,1
3332,20260707,1
3332,20260708,1
3332,20260713,1
3332,20260714,1
3332,20260716,1
3332,20260720,1
3332,20260721,1
3332,20260730,1
3332,20260803,1
3332,20260804,1
3332,20260805,1
3332,20260806,1
3332,20260810,1
3332,20260811,1
3332,20260817,1
3332,20260818,1
3332,20260825,1
3332,20260827,1
3332,20260831,1
3333,20260506,1
3333,20260520,1
3333,20260522,1
3333,20260527,1
3333,20260529,1
3333,20260603,1
3333,20260605,1
3333,20260610,1
3333,20260612,1
3333,20260617,1
3333,20260619,1
3333,20260624,1
3333,20260626,1
3334,20260427,1
3334,20260428,1
3334,20260430,1
3335,20260510,1
3335,20260525,1
3335,20260606,1
3335,20260607,1
3335,20260613,1
3335,20260614,1
3335,20260620,1
3335,20260621,1
3335,20260627,1
3335,20260702,1
3335,20260705,1
3335,20260706,1
3335,20260707,1
3335,20260709,1
3335,20260713,1
3335,20260714,1
3335,20260719,1
3335,20260720,1
3335,20260721,1
3335,20260726,1
3335,20260727,1
3335,20260730,1
3335,20260802,1
3335,20260803,1
3335,20260804,1
3335,20260806,1
3335,20260809,1
3335,20260810,1
3335,20260811,1
3335,20260813,1
3335,20260816,1
3335,20260817,1
3335,20260818,1
3335,20260820,1
3335,20260822,1
3335,20260823,1
3335,20260824,1
3335,20260825,1
3335,20260827,1
3335,20260830,1
3336,20260703,1
3336,20260717,1
3336,20260724,1
3336,20260731,1
3336,20260807,1
3336,20260814,1
3336,20260828,1
3337,20260628,1
3337,20260704,1
3337,20260711,1
3337,20260712,1
3337,20260716,1
3337,20260718,1
3337,20260723,1
3337,20260725,1
3337,20260728,1
3337,20260801,1
3337,20260808,1
3337,20260815,1
3337,20260829,1
3338,20260701,1
3338,20260708,1
3338,20260710,1
3338,20260715,1
3338,20260722,1
3338,20260729,1
3338,20260805,1
3338,20260812,1
3338,20260819,1
3338,20260821,1
3338,20260826,1
3339,20260504,1
3339,20260505,1
3339,20260507,1
3339,20260511,1
3339,20260512,1
3339,20260518,1
3339,20260519,1
3339,20260521,1
3339,20260526,1
3339,20260528,1
3339,20260601,1
3339,20260602,1
3339,20260604,1
3339,20260608,1
3339,20260609,1
3339,20260611,1
3339,20260615,1
3339,20260616,1
3339,20260618,1
3339,20260622,1
3339,20260623,1
3339,20260625,1
3339,20260629,1
3339,20260630,1
3339,20260831,1
3340,20260306,1
3340,20260311,1
3340,20260313,1
3340,20260318,1
3340,20260320,1
3340,20260325,1
3340,20260327,1
3340,20260401,1
3340,20260408,1
3340,20260410,1
3340,20260415,1
3340,20260417,1
3340,20260422,1
3340,20260424,1
3341,20260307,1
3341,20260308,1
3341,20260309,1
3341,20260310,1
3341,20260312,1
3341,20260316,1
3341,20260317,1
3341,20260319,1
3341,20260321,1
3341,20260323,1
3341,20260324,1
3341,20260326,1
3341,20260328,1
3341,20260330,1
3341,20260331,1
3341,20260402,1
3341,20260407,1
3341,20260409,1
3341,20260413,1
3341,20260414,1
3341,20260416,1
3341,20260420,1
3341,20260421,1
3341,20260423,1
3342,20260427,1
3342,20260428,1
3342,20260501,1
3342,20260502,1
3342,20260503,1
3343,20260506,1
3343,20260507,1
3343,20260520,1
3343,20260521,1
3343,20260527,1
3343,20260528,1
3343,20260603,1
3343,20260604,1
3343,20260610,1
3343,20260611,1
3343,20260617,1
3343,20260618,1
3343,20260624,1
3343,20260625,1
3343,20260701,1
3343,20260702,1
3343,20260708,1
3343,20260709,1
3343,20260715,1
3343,20260716,1
3343,20260722,1
3343,20260723,1
3343,20260729,1
3343,20260730,1
3343,20260805,1
3343,20260806,1
3343,20260812,1
3343,20260813,1
3343,20260819,1
3343,20260820,1
3343,20260826,1
3343,20260827,1
3344,20260306,1
3344,20260307,1
3344,20260308,1
3344,20260309,1
3344,20260310,1
3344,20260313,1
3344,20260316,1
3344,20260317,1
3344,20260320,1
3344,20260322,1
3344,20260323,1
3344,20260324,1
3344,20260327,1
3344,20260329,1
3344,20260330,1
3344,20260331,1
3344,20260407,1
3344,20260410,1
3344,20260411,1
3344,20260413,1
3344,20260414,1
3344,20260417,1
3344,20260418,1
3344,20260420,1
3344,20260421,1
3344,20260424,1
3344,20260425,1
3345,20260504,1
3345,20260505,1
3345,20260510,1
3345,20260511,1
3345,20260512,1
3345,20260517,1
3345,20260518,1
3345,20260519,1
3345,20260522,1
3345,20260526,1
3345,20260529,1
3345,20260530,1
3345,20260531,1
3345,20260601,1
3345,20260602,1
3345,20260605,1
3345,20260606,1
3345,20260607,1
3345,20260608,1
3345,20260609,1
3345,20260612,1
3345,20260613,1
3345,20260614,1
3345,20260615,1
3345,20260616,1
3345,20260619,1
3345,20260620,1
3345,20260621,1
3345,20260622,1
3345,20260623,1
3345,20260626,1
3345,20260627,1
3345,20260628,1
3345,20260629,1
3345,20260630,1
3345,20260703,1
3345,20260704,1
3345,20260705,1
3345,20260706,1
3345,20260707,1
3345,20260710,1
3345,20260711,1
3345,20260712,1
3345,20260713,1
3345,20260714,1
3345,20260717,1
3345,20260718,1
3345,20260719,1
3345,20260720,1
3345,20260721,1
3345,20260724,1
3345,20260725,1
3345,20260726,1
3345,20260727,1
3345,20260728,1
3345,20260731,1
3345,20260801,1
3345,20260802,1
3345,20260803,1
3345,20260804,1
3345,20260807,1
3345,20260808,1
3345,20260809,1
3345,20260810,1
3345,20260811,1
3345,20260814,1
3345,20260815,1
3345,20260816,1
3345,20260817,1
3345,20260818,1
3345,20260821,1
3345,20260822,1
3345,20260823,1
3345,20260824,1
3345,20260825,1
3345,20260828,1
3345,20260829,1
3345,20260830,1
3345,20260831,1
3346,20260311,1
3346,20260312,1
3346,20260318,1
3346,20260319,1
3346,20260325,1
3346,20260326,1
3346,20260401,1
3346,20260402,1
3346,20260408,1
3346,20260409,1
3346,20260415,1
3346,20260416,1
3346,20260422,1
3346,20260423,1
3347,20260522,1
3347,20260529,1
3347,20260605,1
3347,20260606,1
3347,20260612,1
3347,20260613,1
3347,20260619,1
3347,20260620,1
3347,20260626,1
3347,20260627,1
3347,20260703,1
3347,20260704,1
3347,20260710,1
3347,20260711,1
3347,20260717,1
3347,20260718,1
3347,20260724,1
3347,20260725,1
3347,20260731,1
3347,20260801,1
3347,20260807,1
3347,20260808,1
3347,20260814,1
3347,20260815,1
3347,20260821,1
3347,20260822,1
3347,20260828,1
3347,20260829,1
3353,20260306,1
3353,20260307,1
3353,20260313,1
3353,20260320,1
3353,20260327,1
3353,20260410,1
3353,20260417,1
3353,20260424,1
3371,20260523,1
3371,20260606,1
3371,20260613,1
3371,20260620,1
3422,20260309,1
3422,20260313,1
3422,20260316,1
3422,20260320,1
3423,20260310,1
3423,20260311,1
3423,20260312,1
3423,20260317,1
3423,20260318,1
3423,20260319,1
3424,20260608,1
3424,20260612,1
3424,20260613,1
3424,20260614,1
3424,20260619,1
3424,20260620,1
3424,20260621,1
3424,20260622,1
3424,20260627,1
3424,20260628,1
3424,20260629,1
3424,20260707,1
3424,20260708,1
3424,20260709,1
3424,20260710,1
3424,20260712,1
3424,20260713,1
3424,20260714,1
3424,20260716,1
3424,20260717,1
3424,20260719,1
3424,20260721,1
3424,20260722,1
3424,20260723,1
3424,20260724,1
3424,20260726,1
3424,20260728,1
3424,20260729,1
3424,20260730,1
3424,20260731,1
3424,20260804,1
3424,20260805,1
3424,20260806,1
3424,20260807,1
3424,20260808,1
3424,20260809,1
3424,20260811,1
3424,20260812,1
3424,20260813,1
3424,20260814,1
3424,20260815,1
3424,20260816,1
3425,20260609,1
3425,20260610,1
3425,20260611,1
3425,20260617,1
3425,20260618,1
3425,20260623,1
3425,20260630,1
3425,20260701,1
3425,20260702,1
3425,20260715,1
3425,20260720,1
3425,20260727,1
3425,20260803,1
3425,20260810,1
3426,20260703,1
3426,20260704,1
3426,20260705,1
3426,20260711,1
3426,20260718,1
3426,20260725,1
3426,20260801,1
3426,20260802,1
3427,20260519,1
3427,20260520,1
3428,20260601,1
3428,20260605,1
3429,20260602,1
3429,20260603,1
3429,20260604,1
3430,20260514,1
3430,20260516,1
3431,20260518,1
3431,20260526,1
3431,20260529,1
3432,20260527,1
3432,20260528,1
3433,20260403,1
3433,20260407,1
3433,20260410,1
3433,20260413,1
3434,20260616,1
3434,20260624,1
3434,20260625,1
3435,20260615,1
3435,20260626,1
3436,20260401,1
3436,20260402,1
3436,20260408,1
3436,20260409,1
3436,20260414,1
3436,20260415,1
3437,20260818,1
3437,20260819,1
3437,20260820,1
3437,20260821,1
3437,20260822,1
3437,20260823,1
3437,20260825,1
3437,20260826,1
3437,20260827,1
3437,20260829,1
3437,20260830,1
3437,20260831,1
3438,20260817,1
3438,20260824,1
3439,20260314,1
3439,20260315,1
3439,20260321,1
3439,20260322,1
3439,20260328,1
3439,20260329,1
3439,20260404,1
3440,20260324,1
3440,20260325,1
3440,20260326,1
3441,20260421,1
3441,20260423,1
3441,20260506,1
3442,20260501,1
3442,20260507,1
3442,20260508,1
3443,20260511,1
3443,20260513,1
3444,20260422,1
3444,20260505,1
3445,20260420,1
3445,20260424,1
3445,20260504,1
3448,20260411,1
3448,20260412,1
3448,20260418,1
3448,20260419,1
3462,20260420,1
3462,20260427,1
3466,20260606,1
3466,20260607,1
3466,20260608,1
3466,20260609,1
3466,20260610,1
3466,20260611,1
3466,20260613,1
3466,20260614,1
3466,20260615,1
3466,20260616,1
3466,20260617,1
3466,20260618,1
3466,20260620,1
3466,20260621,1
3466,20260622,1
3466,20260623,1
3466,20260624,1
3466,20260625,1
3466,20260629,1
3466,20260701,1
3466,20260702,1
3466,20260707,1
3466,20260714,1
3466,20260719,1
3466,20260720,1
3466,20260721,1
3466,20260727,1
3466,20260730,1
3466,20260803,1
3466,20260804,1
3466,20260810,1
3466,20260811,1
3466,20260812,1
3466,20260817,1
3466,20260818,1
3466,20260825,1
3466,20260830,1
3467,20260612,1
3467,20260619,1
3467,20260626,1
3467,20260710,1
3467,20260713,1
3467,20260731,1
3467,20260807,1
3468,20260627,1
3468,20260628,1
3468,20260630,1
3468,20260705,1
3468,20260706,1
3468,20260708,1
3468,20260709,1
3468,20260715,1
3468,20260716,1
3468,20260722,1
3468,20260723,1
3468,20260726,1
3468,20260728,1
3468,20260729,1
3468,20260802,1
3468,20260805,1
3468,20260806,1
3468,20260809,1
3468,20260813,1
3468,20260816,1
3468,20260819,1
3468,20260820,1
3468,20260823,1
3468,20260824,1
3468,20260826,1
3468,20260827,1
3469,20260703,1
3469,20260704,1
3469,20260711,1
3469,20260717,1
3469,20260718,1
3469,20260724,1
3469,20260725,1
3469,20260801,1
3469,20260808,1
3469,20260814,1
3469,20260815,1
3469,20260821,1
3469,20260822,1
3469,20260828,1
3469,20260829,1
3470,20260411,1
3470,20260412,1
3470,20260413,1
3470,20260414,1
3470,20260418,1
3470,20260419,1
3471,20260308,1
3471,20260309,1
3471,20260311,1
3471,20260312,1
3471,20260316,1
3471,20260318,1
3471,20260319,1
3471,20260323,1
3471,20260325,1
3471,20260326,1
3471,20260330,1
3471,20260331,1
3471,20260401,1
3471,20260402,1
3471,20260406,1
3471,20260407,1
3471,20260408,1
3471,20260409,1
3471,20260415,1
3471,20260416,1
3471,20260518,1
3471,20260519,1
3471,20260520,1
3471,20260521,1
3471,20260523,1
3471,20260525,1
3471,20260526,1
3471,20260527,1
3471,20260528,1
3471,20260530,1
3471,20260531,1
3471,20260601,1
3471,20260602,1
3471,20260603,1
3471,20260604,1
3472,20260307,1
3472,20260410,1
3472,20260417,1
3473,20260424,1
3473,20260430,1
3473,20260501,1
3473,20260507,1
3473,20260508,1
3473,20260513,1
3474,20260422,1
3474,20260423,1
3474,20260427,1
3474,20260428,1
3474,20260429,1
3474,20260503,1
3474,20260504,1
3474,20260505,1
3474,20260506,1
3474,20260510,1
3474,20260511,1
3474,20260512,1
3474,20260517,1
3475,20260420,1
3475,20260421,1
3475,20260425,1
3475,20260426,1
3476,20260310,1
3476,20260313,1
3476,20260317,1
3476,20260320,1
3476,20260324,1
3476,20260327,1
3476,20260403,1
3476,20260522,1
3476,20260529,1
3476,20260605,1
3477,20260607,1
3477,20260608,1
3477,20260609,1
3477,20260610,1
3477,20260611,1
3477,20260612,1
3477,20260614,1
3477,20260615,1
3477,20260616,1
3477,20260617,1
3477,20260618,1
3477,20260619,1
3477,20260621,1
3477,20260707,1
3477,20260708,1
3477,20260709,1
3477,20260710,1
3477,20260715,1
3477,20260716,1
3477,20260717,1
3477,20260720,1
3477,20260721,1
3477,20260722,1
3477,20260723,1
3477,20260724,1
3477,20260727,1
3477,20260728,1
3477,20260729,1
3477,20260730,1
3477,20260731,1
3477,20260803,1
3477,20260804,1
3477,20260805,1
3477,20260806,1
3477,20260807,1
3477,20260810,1
3477,20260811,1
3477,20260812,1
3477,20260813,1
3477,20260814,1
3477,20260817,1
3477,20260818,1
3477,20260819,1
3477,20260820,1
3477,20260821,1
3477,20260824,1
3477,20260825,1
3477,20260826,1
3477,20260827,1
3477,20260828,1
3477,20260831,1
3478,20260306,1
3478,20260309,1
3478,20260310,1
3478,20260312,1
3478,20260313,1
3478,20260316,1
3478,20260317,1
3478,20260319,1
3478,20260320,1
3478,20260323,1
3478,20260324,1
3478,20260326,1
3478,20260327,1
3479,20260421,1
3479,20260422,1
3479,20260423,1
3479,20260424,1
3479,20260427,1
3479,20260428,1
3479,20260429,1
3479,20260430,1
3480,20260420,1
3481,20260502,1
3481,20260509,1
3482,20260311,1
3482,20260318,1
3482,20260325,1
3483,20260606,1
3483,20260613,1
3483,20260620,1
3483,20260711,1
3483,20260718,1
3483,20260725,1
3483,20260808,1
3483,20260815,1
3483,20260822,1
3501,20260518,1
3501,20260522,1
3501,20260601,1
3501,20260605,1
3502,20260523,1
3502,20260524,1
3502,20260525,1
3502,20260529,1
3502,20260530,1
3502,20260531,1
3503,20260414,1
3504,20260408,1
3504,20260409,1
3505,20260627,1
3505,20260628,1
3505,20260703,1
3506,20260623,1
3506,20260624,1
3506,20260625,1
3506,20260630,1
3506,20260702,1
3507,20260622,1
3507,20260626,1
3507,20260629,1
3508,20260413,1
3508,20260417,1
3509,20260331,1
3509,20260401,1
3509,20260402,1
3509,20260415,1
3509,20260416,1
3510,20260428,1
3510,20260429,1
3510,20260512,1
3511,20260519,1
3511,20260520,1
3511,20260521,1
3511,20260602,1
3511,20260603,1
3511,20260604,1
3512,20260306,1
3512,20260316,1
3512,20260320,1
3513,20260317,1
3513,20260318,1
3513,20260319,1
3514,20260503,1
3514,20260508,1
3514,20260509,1
3514,20260510,1
3514,20260517,1
3515,20260704,1
3515,20260705,1
3515,20260708,1
3515,20260709,1
3515,20260710,1
3515,20260711,1
3515,20260712,1
3515,20260716,1
3515,20260717,1
3515,20260718,1
3515,20260719,1
3515,20260722,1
3515,20260723,1
3515,20260724,1
3515,20260725,1
3515,20260726,1
3515,20260728,1
3515,20260729,1
3515,20260731,1
3515,20260801,1
3515,20260802,1
3515,20260806,1
3515,20260807,1
3515,20260808,1
3515,20260809,1
3515,20260812,1
3515,20260813,1
3515,20260815,1
3515,20260816,1
3515,20260819,1
3515,20260820,1
3515,20260821,1
3515,20260822,1
3515,20260823,1
3515,20260827,1
3515,20260828,1
3515,20260829,1
3515,20260830,1
3516,20260606,1
3516,20260607,1
3516,20260608,1
3516,20260612,1
3516,20260613,1
3516,20260614,1
3516,20260615,1
3516,20260619,1
3516,20260620,1
3516,20260621,1
3516,20260707,1
3516,20260713,1
3516,20260714,1
3516,20260721,1
3516,20260730,1
3516,20260804,1
3516,20260805,1
3516,20260811,1
3516,20260814,1
3516,20260818,1
3516,20260825,1
3516,20260826,1
3516,20260831,1
3517,20260609,1
3517,20260610,1
3517,20260611,1
3517,20260616,1
3517,20260617,1
3517,20260618,1
3517,20260720,1
3517,20260803,1
3517,20260810,1
3517,20260817,1
3518,20260706,1
3518,20260715,1
3518,20260727,1
3518,20260824,1
3534,20260522,1
3534,20260529,1
3534,20260605,1
3534,20260612,1
3534,20260619,1
3539,20260717,1
3539,20260724,1
3539,20260821,1
3539,20260828,1
3553,20260420,1
3553,20260421,1
3557,20260306,1
3557,20260307,1
3557,20260308,1
3591,20260307,1
3591,20260328,1
3619,20260306,1
3619,20260310,1
3619,20260311,1
3619,20260312,1
3619,20260316,1
3619,20260317,1
3619,20260318,1
3619,20260319,1
3619,20260320,1
3620,20260519,1
3620,20260521,1
3621,20260330,1
3621,20260331,1
3621,20260407,1
3621,20260408,1
3621,20260416,1
3622,20260422,1
3622,20260504,1
3622,20260505,1
3623,20260423,1
3623,20260428,1
3623,20260507,1
3624,20260427,1
3624,20260429,1
3624,20260430,1
3625,20260309,1
3625,20260313,1
3625,20260323,1
3625,20260324,1
3625,20260325,1
3625,20260326,1
3625,20260327,1
3626,20260701,1
3626,20260729,1
3626,20260812,1
3626,20260826,1
3627,20260518,1
3627,20260522,1
3627,20260601,1
3627,20260603,1
3627,20260605,1
3627,20260615,1
3627,20260616,1
3627,20260617,1
3627,20260619,1
3627,20260624,1
3627,20260625,1
3627,20260626,1
3627,20260629,1
3628,20260703,1
3628,20260715,1
3628,20260717,1
3628,20260727,1
3628,20260731,1
3628,20260814,1
3628,20260824,1
3628,20260828,1
3629,20260713,1
3629,20260810,1
3630,20260401,1
3630,20260402,1
3630,20260403,1
3630,20260409,1
3630,20260415,1
3631,20260411,1
3631,20260412,1
3631,20260417,1
3631,20260418,1
3631,20260419,1
3632,20260523,1
3632,20260525,1
3632,20260526,1
3632,20260527,1
3632,20260528,1
3632,20260529,1
3632,20260530,1
3632,20260602,1
3632,20260604,1
3632,20260606,1
3632,20260607,1
3632,20260613,1
3632,20260618,1
3632,20260620,1
3632,20260622,1
3632,20260623,1
3632,20260627,1
3632,20260702,1
3632,20260707,1
3632,20260721,1
3632,20260730,1
3632,20260804,1
3632,20260811,1
3632,20260818,1
3632,20260825,1
3633,20260524,1
3633,20260531,1
3633,20260614,1
3633,20260621,1
3634,20260630,1
3634,20260708,1
3634,20260709,1
3634,20260716,1
3634,20260722,1
3634,20260723,1
3634,20260728,1
3634,20260805,1
3634,20260806,1
3634,20260813,1
3634,20260819,1
3634,20260820,1
3634,20260827,1
3635,20260714,1
3635,20260720,1
3635,20260803,1
3635,20260817,1
3636,20260704,1
3636,20260706,1
3636,20260710,1
3636,20260711,1
3636,20260712,1
3636,20260718,1
3636,20260719,1
3636,20260724,1
3636,20260725,1
3636,20260726,1
3636,20260801,1
3636,20260802,1
3636,20260807,1
3636,20260808,1
3636,20260809,1
3636,20260815,1
3636,20260816,1
3636,20260821,1
3636,20260822,1
3636,20260823,1
3636,20260829,1
3636,20260830,1
3637,20260628,1
3637,20260705,1
3638,20260712,1
3638,20260714,1
3638,20260715,1
3638,20260719,1
3638,20260720,1
3638,20260726,1
3638,20260727,1
3638,20260802,1
3638,20260803,1
3638,20260809,1
3638,20260810,1
3638,20260816,1
3638,20260818,1
3638,20260823,1
3638,20260824,1
3638,20260830,1
3639,20260705,1
3639,20260706,1
3639,20260710,1
3639,20260713,1
3639,20260717,1
3639,20260724,1
3639,20260731,1
3639,20260807,1
3639,20260814,1
3639,20260817,1
3639,20260821,1
3639,20260828,1
3640,20260712,1
3640,20260714,1
3640,20260715,1
3640,20260719,1
3640,20260720,1
3640,20260726,1
3640,20260727,1
3640,20260802,1
3640,20260803,1
3640,20260809,1
3640,20260810,1
3640,20260816,1
3641,20260705,1
3641,20260706,1
3641,20260710,1
3641,20260713,1
3641,20260717,1
3641,20260724,1
3641,20260731,1
3641,20260807,1
3641,20260814,1
3642,20260817,1
3642,20260821,1
3642,20260828,1
3643,20260822,1
3643,20260823,1
3643,20260824,1
3643,20260830,1
3644,20260523,1
3644,20260530,1
3644,20260613,1
3644,20260620,1
3645,20260330,1
3645,20260331,1
3645,20260401,1
3645,20260402,1
3645,20260403,1
3645,20260406,1
3645,20260407,1
3645,20260408,1
3645,20260409,1
3645,20260415,1
3645,20260416,1
3646,20260410,1
3646,20260414,1
3647,20260501,1
3647,20260508,1
3647,20260509,1
3648,20260711,1
3648,20260718,1
3648,20260725,1
3648,20260801,1
3648,20260808,1
3648,20260815,1
3648,20260822,1
3648,20260829,1
3649,20260703,1
3649,20260705,1
3649,20260706,1
3649,20260710,1
3649,20260712,1
3649,20260715,1
3649,20260717,1
3649,20260719,1
3649,20260724,1
3649,20260726,1
3649,20260727,1
3649,20260731,1
3649,20260802,1
3649,20260807,1
3649,20260809,1
3649,20260814,1
3649,20260816,1
3649,20260821,1
3649,20260823,1
3649,20260824,1
3649,20260828,1
3649,20260830,1
3650,20260714,1
3650,20260720,1
3650,20260803,1
3650,20260810,1
3650,20260817,1
3651,20260518,1
3651,20260519,1
3651,20260520,1
3651,20260521,1
3651,20260522,1
3651,20260524,1
3651,20260525,1
3651,20260526,1
3651,20260527,1
3651,20260528,1
3651,20260529,1
3651,20260531,1
3651,20260601,1
3651,20260602,1
3651,20260603,1
3651,20260604,1
3651,20260605,1
3651,20260607,1
3651,20260608,1
3651,20260609,1
3651,20260610,1
3651,20260611,1
3651,20260612,1
3651,20260614,1
3651,20260615,1
3651,20260616,1
3651,20260617,1
3651,20260618,1
3651,20260619,1
3651,20260621,1
3651,20260622,1
3651,20260623,1
3651,20260624,1
3651,20260625,1
3651,20260626,1
3651,20260628,1
3651,20260629,1
3651,20260702,1
3651,20260707,1
3651,20260721,1
3651,20260730,1
3651,20260804,1
3651,20260811,1
3651,20260818,1
3651,20260825,1
3652,20260630,1
3652,20260701,1
3652,20260708,1
3652,20260709,1
3652,20260716,1
3652,20260722,1
3652,20260723,1
3652,20260728,1
3652,20260729,1
3652,20260805,1
3652,20260806,1
3652,20260812,1
3652,20260813,1
3652,20260819,1
3652,20260820,1
3652,20260826,1
3652,20260827,1
3653,20260422,1
3653,20260423,1
3653,20260428,1
3653,20260504,1
3653,20260505,1
3653,20260506,1
3653,20260507,1
3653,20260510,1
3653,20260511,1
3653,20260512,1
3653,20260513,1
3653,20260517,1
3654,20260421,1
3654,20260427,1
3654,20260429,1
3654,20260430,1
3654,20260503,1
3655,20260420,1
3655,20260424,1
3655,20260426,1
3656,20260308,1
3656,20260309,1
3656,20260310,1
3656,20260311,1
3656,20260312,1
3656,20260313,1
3656,20260316,1
3656,20260317,1
3656,20260318,1
3656,20260319,1
3656,20260320,1
3656,20260323,1
3656,20260324,1
3656,20260325,1
3656,20260326,1
3656,20260327,1
3785,20260704,1
3785,20260711,1
3785,20260725,1
3785,20260801,1
3785,20260808,1
3785,20260815,1
3785,20260822,1
3785,20260829,1
3787,20260405,1
3787,20260412,1
3787,20260419,1
3863,20260427,1
3863,20260428,1
3863,20260429,1
3863,20260430,1
3863,20260504,1
3863,20260505,1
3863,20260506,1
3863,20260507,1
3863,20260511,1
3863,20260512,1
3863,20260513,1
3951,20260620,1
3951,20260621,1
3951,20260627,1
3951,20260628,1
3977,20260531,1
3977,20260607,1
3977,20260614,1
3977,20260621,1
3998,20260308,1
3998,20260314,1
3998,20260315,1
3998,20260321,1
3998,20260322,1
3998,20260328,1
3998,20260329,1
4057,20260405,1
4057,20260406,1
4057,20260412,1
4057,20260419,1
4057,20260426,1
4057,20260503,1
4063,20260529,1
4063,20260605,1
4063,20260612,1
4063,20260619,1
4063,20260626,1
4103,20260704,1
4103,20260711,1
4103,20260718,1
4103,20260725,1
4103,20260801,1
4103,20260808,1
4128,20260405,1
4128,20260412,1
4131,20260802,1
4131,20260809,1
4160,20260731,1
4160,20260807,1
4233,20260630,1
4233,20260701,1
4305,20260324,1
4305,20260325,1
4305,20260326,1
4305,20260327,1
4427,20260405,1
4427,20260406,1
4427,20260412,1
4427,20260419,1
4539,20260514,1
4539,20260515,1
4539,20260516,1
4580,20260522,1
4580,20260529,1
4580,20260605,1
4580,20260612,1
4580,20260619,1
4580,20260626,1
4580,20260703,1
4586,20260712,1
4586,20260714,1
4653,20260403,1
4653,20260404,1
4653,20260405,1
4660,20260313,1
4660,20260320,1
4660,20260327,1
4660,20260410,1
4703,20260306,1
4703,20260307,1
4703,20260309,1
4703,20260310,1
4703,20260311,1
4703,20260312,1
4703,20260313,1
4703,20260314,1
4703,20260316,1
4703,20260317,1
4703,20260318,1
4703,20260319,1
4703,20260320,1
4703,20260321,1
4703,20260323,1
4703,20260324,1
4703,20260325,1
4703,20260326,1
4703,20260327,1
4703,20260328,1
4714,20260501,1
4714,20260514,1
4734,20260306,1
4734,20260307,1
4734,20260313,1
4734,20260314,1
4734,20260320,1
4734,20260321,1
4734,20260327,1
4734,20260328,1
4795,20260308,1
4795,20260309,1
4795,20260310,1
4795,20260311,1
4795,20260312,1
4795,20260315,1
4795,20260316,1
4795,20260317,1
4795,20260318,1
4795,20260319,1
4795,20260322,1
4795,20260323,1
4795,20260324,1
4795,20260325,1
4795,20260326,1
4795,20260329,1
4805,20260706,1
4805,20260707,1
4805,20260708,1
4805,20260709,1
4805,20260710,1
4805,20260715,1
4805,20260716,1
4805,20260717,1
4805,20260720,1
4805,20260721,1
4805,20260722,1
4805,20260723,1
4805,20260724,1
4805,20260727,1
4805,20260728,1
4805,20260729,1
4805,20260730,1
4805,20260731,1
4805,20260803,1
4805,20260804,1
4805,20260805,1
4805,20260806,1
4805,20260807,1
4805,20260810,1
4805,20260811,1
4805,20260812,1
4805,20260813,1
4805,20260814,1
4805,20260817,1
4805,20260818,1
4805,20260819,1
4805,20260820,1
4805,20260821,1
4805,20260824,1
4805,20260825,1
4805,20260826,1
4805,20260827,1
4805,20260828,1
4837,20260628,1
4837,20260705,1
4837,20260712,1
4837,20260714,1
4837,20260719,1
4837,20260726,1
4837,20260802,1
4837,20260809,1
4837,20260816,1
4837,20260823,1
4837,20260830,1
4839,20260306,1
4839,20260309,1
4839,20260310,1
4839,20260311,1
4839,20260312,1
4839,20260313,1
4839,20260316,1
4839,20260317,1
4839,20260318,1
4839,20260319,1
4839,20260320,1
4839,20260323,1
4839,20260324,1
4839,20260325,1
4839,20260326,1
4839,20260327,1
4839,20260330,1
4839,20260331,1
4839,20260401,1
4839,20260402,1
4839,20260403,1
4839,20260407,1
4839,20260408,1
4839,20260409,1
4839,20260410,1
4839,20260413,1
4839,20260414,1
4839,20260415,1
4839,20260416,1
4839,20260417,1
4839,20260420,1
4839,20260421,1
4839,20260422,1
4839,20260423,1
4839,20260424,1
4839,20260427,1
4839,20260428,1
4839,20260429,1
4839,20260430,1
4839,20260504,1
4839,20260505,1
4839,20260506,1
4839,20260507,1
4839,20260511,1
4839,20260512,1
4839,20260513,1
4839,20260515,1
4839,20260518,1
4839,20260519,1
4839,20260520,1
4839,20260521,1
4839,20260522,1
4839,20260526,1
4839,20260527,1
4839,20260528,1
4839,20260529,1
4839,20260601,1
4839,20260602,1
4839,20260603,1
4839,20260604,1
4839,20260605,1
4839,20260608,1
4839,20260609,1
4839,20260610,1
4839,20260611,1
4839,20260612,1
4839,20260615,1
4839,20260616,1
4839,20260617,1
4839,20260618,1
4839,20260619,1
4839,20260622,1
4839,20260623,1
4839,20260624,1
4839,20260625,1
4839,20260626,1
4839,20260629,1
4839,20260630,1
4839,20260701,1
4839,20260702,1
4839,20260703,1
4839,20260831,1
4847,20260707,1
4847,20260708,1
4847,20260709,1
4847,20260710,1
4847,20260716,1
4847,20260717,1
4847,20260721,1
4847,20260722,1
4847,20260723,1
4847,20260724,1
4847,20260728,1
4847,20260729,1
4847,20260730,1
4847,20260731,1
4847,20260804,1
4847,20260805,1
4847,20260806,1
4847,20260807,1
4847,20260811,1
4847,20260812,1
4847,20260813,1
4847,20260814,1
4847,20260818,1
4847,20260819,1
4847,20260820,1
4847,20260821,1
4847,20260825,1
4847,20260826,1
4847,20260827,1
4847,20260828,1
4857,20260408,1
4857,20260409,1
4857,20260410,1
4898,20260306,1
4898,20260309,1
4898,20260310,1
4898,20260311,1
4898,20260312,1
4898,20260313,1
4898,20260316,1
4898,20260317,1
4898,20260318,1
4898,20260319,1
4898,20260320,1
4898,20260323,1
4898,20260324,1
4898,20260325,1
4898,20260326,1
4898,20260327,1
4898,20260330,1
4898,20260331,1
4898,20260401,1
4898,20260402,1
4898,20260403,1
4898,20260407,1
4898,20260408,1
4898,20260409,1
4898,20260410,1
4898,20260413,1
4898,20260414,1
4898,20260415,1
4898,20260416,1
4898,20260417,1
4898,20260420,1
4898,20260421,1
4898,20260422,1
4898,20260423,1
4898,20260424,1
4898,20260427,1
4898,20260428,1
4898,20260429,1
4898,20260430,1
4898,20260504,1
4898,20260505,1
4898,20260506,1
4898,20260507,1
4898,20260511,1
4898,20260512,1
4898,20260513,1
4898,20260518,1
4898,20260519,1
4898,20260520,1
4898,20260521,1
4898,20260522,1
4898,20260526,1
4898,20260527,1
4898,20260528,1
4898,20260529,1
4898,20260601,1
4898,20260602,1
4898,20260603,1
4898,20260604,1
4898,20260605,1
4898,20260608,1
4898,20260609,1
4898,20260610,1
4898,20260611,1
4898,20260612,1
4898,20260615,1
4898,20260616,1
4898,20260617,1
4898,20260618,1
4898,20260619,1
4898,20260622,1
4898,20260623,1
4898,20260624,1
4898,20260625,1
4898,20260626,1
4898,20260629,1
4898,20260630,1
4898,20260701,1
4898,20260702,1
4898,20260703,1
4898,20260831,1
4961,20260625,1
4961,20260626,1
4962,20260518,1
4962,20260519,1
4962,20260520,1
4962,20260521,1
4962,20260522,1
4962,20260523,1
4962,20260526,1
4962,20260527,1
4962,20260528,1
4962,20260529,1
4962,20260530,1
4962,20260531,1
4962,20260601,1
4962,20260602,1
4962,20260603,1
4962,20260604,1
4962,20260605,1
4962,20260606,1
4962,20260607,1
4962,20260608,1
4962,20260609,1
4962,20260610,1
4962,20260611,1
4962,20260612,1
4962,20260613,1
4962,20260614,1
4962,20260615,1
4962,20260616,1
4962,20260617,1
4962,20260618,1
4962,20260619,1
4962,20260620,1
4962,20260621,1
4962,20260622,1
4962,20260623,1
4962,20260624,1
4962,20260627,1
4962,20260628,1
4962,20260629,1
4962,20260630,1
4962,20260701,1
4962,20260702,1
4962,20260703,1
4962,20260704,1
4962,20260705,1
4962,20260706,1
4962,20260707,1
4962,20260708,1
4962,20260709,1
4962,20260710,1
4962,20260711,1
4962,20260712,1
4962,20260713,1
4962,20260714,1
4962,20260715,1
4962,20260716,1
4962,20260717,1
4962,20260718,1
4962,20260719,1
4962,20260720,1
4962,20260721,1
4962,20260722,1
4962,20260723,1
4962,20260724,1
4962,20260725,1
4962,20260726,1
4962,20260727,1
4962,20260728,1
4962,20260729,1
4962,20260730,1
4962,20260731,1
4962,20260801,1
4962,20260802,1
4962,20260803,1
4962,20260804,1
4962,20260805,1
4962,20260806,1
4962,20260807,1
4962,20260808,1
4962,20260809,1
4962,20260810,1
4962,20260811,1
4962,20260812,1
4962,20260813,1
4962,20260814,1
4962,20260815,1
4962,20260816,1
4962,20260817,1
4962,20260818,1
4962,20260819,1
4962,20260820,1
4962,20260821,1
4962,20260822,1
4962,20260823,1
4962,20260824,1
4962,20260825,1
4962,20260826,1
4962,20260827,1
4962,20260828,1
4962,20260829,1
4962,20260830,1
4962,20260831,1
4963,20260307,1
4963,20260308,1
4963,20260314,1
4963,20260315,1
4963,20260321,1
4963,20260322,1
4963,20260328,1
4963,20260329,1
4963,20260330,1
4963,20260331,1
4963,20260404,1
4963,20260405,1
4963,20260406,1
4963,20260411,1
4963,20260412,1
4963,20260418,1
4963,20260419,1
4964,20260323,1
4964,20260324,1
4964,20260325,1
4964,20260326,1
4964,20260327,1
4964,20260401,1
4964,20260402,1
4964,20260403,1
4964,20260407,1
4964,20260408,1
4964,20260409,1
4964,20260410,1
4964,20260413,1
4964,20260414,1
4964,20260415,1
4964,20260416,1
4964,20260417,1
4965,20260422,1
4965,20260423,1
4965,20260424,1
4965,20260426,1
4966,20260425,1
4966,20260501,1
4966,20260502,1
4966,20260508,1
4966,20260509,1
4967,20260306,1
4967,20260316,1
4967,20260317,1
4967,20260318,1
4967,20260319,1
4967,20260320,1
4968,20260523,1
4968,20260524,1
4968,20260525,1
4968,20260526,1
4968,20260527,1
4968,20260528,1
4968,20260529,1
4968,20260530,1
4968,20260531,1
4968,20260601,1
4968,20260602,1
4968,20260603,1
4968,20260604,1
4968,20260605,1
4968,20260606,1
4968,20260607,1
4968,20260608,1
4968,20260609,1
4968,20260610,1
4968,20260611,1
4968,20260612,1
4968,20260613,1
4968,20260614,1
4968,20260615,1
4968,20260616,1
4968,20260617,1
4968,20260618,1
4968,20260619,1
4968,20260620,1
4968,20260621,1
4968,20260622,1
4968,20260623,1
4968,20260624,1
4968,20260625,1
4968,20260626,1
4968,20260627,1
4968,20260628,1
4968,20260629,1
4968,20260630,1
4968,20260701,1
4968,20260702,1
4968,20260703,1
4968,20260704,1
4968,20260705,1
4968,20260706,1
4968,20260707,1
4968,20260709,1
4968,20260710,1
4968,20260711,1
4968,20260712,1
4968,20260713,1
4968,20260714,1
4968,20260715,1
4968,20260716,1
4968,20260717,1
4968,20260718,1
4968,20260719,1
4968,20260720,1
4968,20260721,1
4968,20260723,1
4968,20260724,1
4968,20260725,1
4968,20260726,1
4968,20260727,1
4968,20260728,1
4968,20260729,1
4968,20260730,1
4968,20260731,1
4968,20260801,1
4968,20260802,1
4968,20260803,1
4968,20260804,1
4968,20260806,1
4968,20260807,1
4968,20260808,1
4968,20260809,1
4968,20260810,1
4968,20260811,1
4968,20260812,1
4968,20260813,1
4968,20260814,1
4968,20260815,1
4968,20260816,1
4968,20260817,1
4968,20260818,1
4968,20260819,1
4968,20260820,1
4968,20260821,1
4968,20260822,1
4968,20260823,1
4968,20260824,1
4968,20260825,1
4968,20260826,1
4968,20260827,1
4968,20260828,1
4968,20260829,1
4968,20260830,1
4969,20260306,1
4969,20260307,1
4969,20260314,1
4969,20260320,1
4969,20260321,1
4969,20260328,1
4970,20260308,1
4970,20260310,1
4970,20260311,1
4970,20260312,1
4970,20260315,1
4970,20260316,1
4970,20260317,1
4970,20260318,1
4970,20260319,1
4970,20260322,1
4970,20260329,1
4971,20260615,1
4971,20260616,1
4971,20260624,1
4971,20260625,1
4971,20260626,1
4972,20260404,1
4972,20260405,1
4972,20260411,1
4972,20260412,1
4972,20260418,1
4972,20260419,1
4972,20260523,1
4972,20260524,1
4972,20260530,1
4972,20260531,1
4972,20260606,1
4972,20260607,1
4972,20260613,1
4972,20260614,1
4972,20260620,1
4972,20260621,1
4972,20260627,1
4972,20260628,1
4972,20260704,1
4972,20260705,1
4972,20260711,1
4972,20260712,1
4972,20260718,1
4972,20260719,1
4972,20260725,1
4972,20260726,1
4972,20260801,1
4972,20260802,1
4972,20260808,1
4972,20260809,1
4972,20260815,1
4972,20260816,1
4972,20260822,1
4972,20260823,1
4972,20260829,1
4972,20260830,1
4973,20260608,1
4973,20260609,1
4973,20260610,1
4973,20260611,1
4973,20260612,1
4973,20260617,1
4973,20260618,1
4973,20260619,1
4973,20260622,1
4973,20260623,1
4973,20260629,1
4973,20260630,1
4973,20260701,1
4973,20260702,1
4973,20260703,1
4973,20260706,1
4973,20260707,1
4973,20260708,1
4973,20260709,1
4973,20260710,1
4973,20260713,1
4973,20260714,1
4973,20260715,1
4973,20260716,1
4973,20260717,1
4973,20260720,1
4973,20260721,1
4973,20260722,1
4973,20260723,1
4973,20260724,1
4973,20260727,1
4973,20260728,1
4973,20260729,1
4973,20260730,1
4973,20260731,1
4973,20260803,1
4973,20260804,1
4973,20260805,1
4973,20260806,1
4973,20260807,1
4973,20260810,1
4973,20260811,1
4973,20260812,1
4973,20260813,1
4973,20260814,1
4973,20260817,1
4973,20260818,1
4973,20260819,1
4973,20260820,1
4973,20260821,1
4973,20260824,1
4973,20260825,1
4973,20260826,1
4973,20260827,1
4973,20260828,1
4973,20260831,1
4974,20260504,1
4974,20260505,1
4974,20260511,1
4974,20260512,1
4974,20260513,1
4975,20260420,1
4975,20260422,1
4975,20260424,1
4976,20260518,1
4976,20260522,1
4976,20260526,1
4976,20260527,1
4976,20260528,1
4976,20260529,1
4976,20260601,1
4976,20260602,1
4976,20260603,1
4976,20260604,1
4976,20260605,1
4977,20260425,1
4977,20260426,1
4977,20260427,1
4977,20260428,1
4977,20260429,1
4977,20260430,1
4977,20260501,1
4977,20260502,1
4977,20260506,1
4977,20260507,1
4977,20260508,1
4977,20260509,1
4978,20260323,1
4978,20260324,1
4978,20260325,1
4978,20260326,1
4978,20260327,1
4978,20260401,1
4978,20260402,1
4978,20260408,1
4978,20260409,1
4978,20260414,1
4978,20260415,1
4978,20260417,1
4979,20260519,1
4979,20260520,1
4979,20260521,1
4980,20260421,1
4980,20260423,1
4981,20260330,1
4981,20260331,1
4981,20260403,1
4981,20260407,1
4981,20260410,1
4981,20260413,1
4981,20260416,1
4982,20260427,1
4982,20260429,1
4982,20260527,1
4982,20260603,1
4982,20260610,1
4982,20260624,1
4983,20260721,1
4983,20260804,1
4983,20260818,1
4984,20260405,1
4984,20260412,1
4984,20260419,1
4984,20260531,1
4984,20260607,1
4984,20260614,1
4984,20260621,1
4984,20260628,1
4984,20260705,1
4984,20260712,1
4984,20260719,1
4984,20260802,1
4984,20260809,1
4984,20260816,1
4984,20260823,1
4984,20260830,1
4985,20260518,1
4985,20260519,1
4985,20260520,1
4985,20260521,1
4985,20260526,1
4985,20260528,1
4985,20260601,1
4985,20260602,1
4985,20260604,1
4985,20260608,1
4985,20260609,1
4985,20260611,1
4985,20260615,1
4985,20260616,1
4985,20260617,1
4985,20260618,1
4985,20260622,1
4985,20260623,1
4985,20260625,1
4985,20260713,1
4985,20260824,1
4985,20260825,1
4985,20260826,1
4985,20260827,1
4986,20260306,1
4986,20260327,1
4986,20260529,1
4986,20260612,1
4986,20260714,1
4986,20260807,1
4986,20260814,1
4987,20260727,1
4987,20260728,1
4987,20260729,1
4987,20260730,1
4988,20260330,1
4988,20260331,1
4988,20260401,1
4988,20260402,1
4988,20260407,1
4988,20260408,1
4988,20260409,1
4988,20260411,1
4988,20260413,1
4988,20260414,1
4988,20260415,1
4988,20260416,1
4988,20260418,1
4988,20260523,1
4988,20260530,1
4988,20260606,1
4988,20260613,1
4988,20260620,1
4988,20260627,1
4988,20260704,1
4988,20260711,1
4988,20260715,1
4988,20260716,1
4988,20260718,1
4988,20260720,1
4988,20260722,1
4988,20260723,1
4988,20260725,1
4988,20260801,1
4988,20260803,1
4988,20260805,1
4988,20260806,1
4988,20260808,1
4988,20260810,1
4988,20260811,1
4988,20260812,1
4988,20260813,1
4988,20260815,1
4988,20260817,1
4988,20260819,1
4988,20260820,1
4989,20260726,1
4990,20260420,1
4990,20260421,1
4990,20260422,1
4990,20260423,1
4990,20260425,1
4991,20260428,1
4991,20260504,1
4991,20260505,1
4991,20260506,1
4991,20260511,1
4991,20260512,1
4992,20260307,1
4992,20260308,1
4992,20260309,1
4992,20260310,1
4992,20260311,1
4992,20260312,1
4992,20260314,1
4992,20260315,1
4992,20260316,1
4992,20260317,1
4992,20260318,1
4992,20260319,1
4992,20260321,1
4992,20260322,1
4992,20260323,1
4992,20260324,1
4992,20260325,1
4992,20260326,1
4992,20260328,1
4992,20260329,1
4992,20260403,1
4992,20260410,1
4992,20260417,1
4992,20260522,1
4992,20260605,1
4992,20260619,1
4992,20260626,1
4992,20260703,1
4992,20260710,1
4992,20260717,1
4992,20260724,1
4992,20260731,1
4992,20260821,1
4992,20260828,1
4993,20260425,1
4993,20260502,1
4993,20260509,1
4994,20260518,1
4994,20260519,1
4994,20260520,1
4994,20260521,1
4994,20260522,1
4994,20260524,1
4994,20260526,1
4994,20260527,1
4994,20260528,1
4994,20260529,1
4994,20260531,1
4994,20260603,1
4994,20260604,1
4994,20260605,1
4995,20260525,1
4995,20260601,1
4995,20260602,1
4996,20260330,1
4996,20260331,1
4996,20260401,1
4996,20260402,1
4996,20260406,1
4996,20260407,1
4996,20260408,1
4996,20260409,1
4996,20260410,1
4996,20260412,1
4996,20260413,1
4996,20260414,1
4996,20260415,1
4996,20260416,1
4996,20260417,1
4996,20260419,1
4997,20260420,1
4997,20260421,1
4997,20260422,1
4997,20260423,1
4997,20260424,1
4997,20260426,1
4997,20260427,1
4997,20260428,1
4997,20260429,1
4997,20260430,1
4997,20260503,1
4997,20260504,1
4997,20260505,1
4997,20260506,1
4997,20260507,1
4997,20260510,1
4997,20260511,1
4997,20260512,1
4997,20260513,1
4997,20260517,1
4998,20260606,1
4998,20260607,1
4998,20260608,1
4998,20260609,1
4998,20260610,1
4998,20260611,1
4998,20260612,1
4998,20260613,1
4998,20260614,1
4998,20260615,1
4998,20260616,1
4998,20260617,1
4998,20260618,1
4998,20260619,1
4998,20260620,1
4998,20260621,1
4998,20260704,1
4998,20260705,1
4998,20260706,1
4998,20260707,1
4998,20260708,1
4998,20260709,1
4998,20260710,1
4998,20260711,1
4998,20260712,1
4998,20260713,1
4998,20260714,1
4998,20260715,1
4998,20260716,1
4998,20260717,1
4998,20260718,1
4998,20260719,1
4998,20260720,1
4998,20260721,1
4998,20260722,1
4998,20260723,1
4998,20260724,1
4998,20260725,1
4998,20260726,1
4998,20260727,1
4998,20260728,1
4998,20260729,1
4998,20260730,1
4998,20260731,1
4998,20260801,1
4998,20260802,1
4998,20260803,1
4998,20260804,1
4998,20260805,1
4998,20260806,1
4998,20260807,1
4998,20260808,1
4998,20260809,1
4998,20260810,1
4998,20260811,1
4998,20260812,1
4998,20260813,1
4998,20260814,1
4998,20260815,1
4998,20260816,1
4998,20260817,1
4998,20260818,1
4998,20260819,1
4998,20260820,1
4998,20260821,1
4998,20260822,1
4998,20260823,1
4998,20260824,1
4998,20260825,1
4998,20260826,1
4998,20260827,1
4998,20260828,1
4998,20260829,1
4998,20260830,1
4998,20260831,1
4999,20260306,1
4999,20260308,1
4999,20260309,1
4999,20260310,1
4999,20260311,1
4999,20260312,1
4999,20260316,1
4999,20260317,1
4999,20260318,1
4999,20260319,1
4999,20260323,1
4999,20260324,1
4999,20260325,1
4999,20260326,1
5000,20260613,1
5000,20260614,1
5000,20260615,1
5000,20260616,1
5000,20260617,1
5000,20260618,1
5000,20260619,1
5000,20260620,1
5000,20260621,1
5000,20260622,1
5000,20260623,1
5000,20260624,1
5000,20260625,1
5000,20260626,1
5000,20260627,1
5000,20260628,1
5000,20260629,1
5000,20260630,1
5000,20260701,1
5000,20260702,1
5000,20260703,1
5000,20260704,1
5000,20260705,1
5000,20260706,1
5000,20260707,1
5000,20260708,1
5000,20260709,1
5000,20260710,1
5000,20260711,1
5000,20260712,1
5000,20260713,1
5000,20260714,1
5000,20260715,1
5000,20260716,1
5000,20260717,1
5000,20260718,1
5000,20260719,1
5000,20260720,1
5000,20260721,1
5000,20260722,1
5000,20260723,1
5000,20260724,1
5000,20260725,1
5000,20260726,1
5000,20260727,1
5000,20260728,1
5000,20260729,1
5000,20260730,1
5000,20260731,1
5000,20260801,1
5000,20260802,1
5000,20260803,1
5000,20260804,1
5000,20260805,1
5000,20260806,1
5000,20260807,1
5000,20260808,1
5000,20260809,1
5000,20260810,1
5000,20260811,1
5000,20260812,1
5000,20260813,1
5000,20260814,1
5000,20260815,1
5000,20260816,1
5000,20260817,1
5000,20260818,1
5000,20260819,1
5000,20260820,1
5000,20260821,1
5000,20260822,1
5000,20260823,1
5000,20260824,1
5000,20260825,1
5000,20260826,1
5000,20260827,1
5000,20260828,1
5000,20260829,1
5000,20260830,1
5001,20260429,1
5001,20260430,1
5001,20260501,1
5002,20260401,1
5002,20260402,1
5002,20260403,1
5003,20260502,1
5003,20260508,1
5003,20260509,1
5004,20260428,1
5004,20260505,1
5004,20260506,1
5004,20260507,1
5004,20260512,1
5004,20260513,1
5005,20260606,1
5005,20260607,1
5005,20260608,1
5005,20260609,1
5005,20260610,1
5005,20260611,1
5005,20260612,1
5006,20260421,1
5006,20260422,1
5006,20260423,1
5006,20260424,1
5006,20260425,1
5007,20260518,1
5007,20260519,1
5007,20260520,1
5007,20260526,1
5007,20260527,1
5007,20260528,1
5007,20260529,1
5007,20260601,1
5007,20260602,1
5007,20260603,1
5007,20260604,1
5007,20260605,1
5008,20260420,1
5008,20260427,1
5008,20260504,1
5008,20260511,1
5009,20260521,1
5009,20260522,1
5010,20260420,1
5010,20260421,1
5010,20260422,1
5010,20260423,1
5010,20260424,1
5010,20260425,1
5010,20260426,1
5010,20260427,1
5010,20260428,1
5010,20260429,1
5010,20260430,1
5010,20260501,1
5010,20260502,1
5010,20260504,1
5010,20260505,1
5010,20260506,1
5010,20260507,1
5010,20260511,1
5010,20260512,1
5010,20260513,1
5011,20260307,1
5011,20260308,1
5011,20260321,1
5011,20260322,1
5011,20260323,1
5011,20260324,1
5011,20260325,1
5011,20260326,1
5011,20260327,1
5011,20260328,1
5011,20260329,1
5011,20260330,1
5011,20260331,1
5011,20260401,1
5011,20260402,1
5011,20260403,1
5011,20260407,1
5011,20260408,1
5011,20260409,1
5011,20260410,1
5011,20260411,1
5011,20260412,1
5011,20260413,1
5011,20260414,1
5011,20260415,1
5011,20260416,1
5011,20260417,1
5011,20260418,1
5011,20260419,1
5011,20260518,1
5011,20260519,1
5011,20260520,1
5011,20260521,1
5011,20260522,1
5011,20260526,1
5011,20260527,1
5011,20260528,1
5011,20260529,1
5011,20260530,1
5011,20260531,1
5011,20260601,1
5011,20260602,1
5011,20260603,1
5011,20260604,1
5011,20260605,1
5011,20260606,1
5011,20260607,1
5011,20260608,1
5011,20260609,1
5011,20260610,1
5011,20260611,1
5011,20260612,1
5011,20260613,1
5011,20260614,1
5011,20260615,1
5011,20260616,1
5011,20260617,1
5011,20260618,1
5011,20260619,1
5011,20260620,1
5011,20260621,1
5011,20260622,1
5011,20260623,1
5011,20260624,1
5011,20260625,1
5011,20260626,1
5011,20260627,1
5011,20260628,1
5011,20260629,1
5011,20260630,1
5011,20260701,1
5011,20260702,1
5011,20260703,1
5011,20260704,1
5011,20260705,1
5011,20260706,1
5011,20260707,1
5011,20260708,1
5011,20260709,1
5011,20260710,1
5011,20260711,1
5011,20260712,1
5011,20260713,1
5011,20260714,1
5011,20260715,1
5011,20260716,1
5011,20260717,1
5011,20260718,1
5011,20260719,1
5011,20260720,1
5011,20260721,1
5011,20260722,1
5011,20260723,1
5011,20260724,1
5011,20260725,1
5011,20260726,1
5011,20260727,1
5011,20260728,1
5011,20260729,1
5011,20260730,1
5011,20260731,1
5011,20260801,1
5011,20260802,1
5011,20260803,1
5011,20260804,1
5011,20260805,1
5011,20260806,1
5011,20260807,1
5011,20260808,1
5011,20260809,1
5011,20260810,1
5011,20260811,1
5011,20260812,1
5011,20260813,1
5011,20260814,1
5011,20260815,1
5011,20260816,1
5011,20260817,1
5011,20260818,1
5011,20260819,1
5011,20260820,1
5011,20260821,1
5011,20260822,1
5011,20260823,1
5011,20260824,1
5011,20260825,1
5011,20260826,1
5011,20260827,1
5011,20260828,1
5011,20260829,1
5011,20260830,1
5012,20260306,1
5012,20260309,1
5012,20260310,1
5012,20260311,1
5012,20260312,1
5012,20260313,1
5012,20260314,1
5012,20260315,1
5012,20260316,1
5012,20260317,1
5012,20260318,1
5012,20260319,1
5012,20260320,1
5012,20260404,1
5012,20260405,1
5012,20260406,1
5012,20260523,1
5012,20260524,1
5013,20260315,1
5013,20260404,1
5013,20260405,1
5013,20260406,1
5013,20260508,1
5013,20260509,1
5013,20260523,1
5013,20260524,1
5014,20260307,1
5014,20260308,1
5014,20260321,1
5014,20260322,1
5014,20260323,1
5014,20260324,1
5014,20260325,1
5014,20260326,1
5014,20260327,1
5014,20260328,1
5014,20260329,1
5014,20260330,1
5014,20260331,1
5014,20260401,1
5014,20260402,1
5014,20260403,1
5014,20260407,1
5014,20260408,1
5014,20260409,1
5014,20260410,1
5014,20260411,1
5014,20260412,1
5014,20260413,1
5014,20260414,1
5014,20260415,1
5014,20260416,1
5014,20260417,1
5014,20260418,1
5014,20260419,1
5014,20260420,1
5014,20260421,1
5014,20260422,1
5014,20260423,1
5014,20260424,1
5014,20260425,1
5014,20260426,1
5014,20260427,1
5014,20260428,1
5014,20260429,1
5014,20260430,1
5014,20260501,1
5014,20260502,1
5014,20260504,1
5014,20260505,1
5014,20260506,1
5014,20260507,1
5014,20260511,1
5014,20260512,1
5014,20260513,1
5014,20260518,1
5014,20260519,1
5014,20260520,1
5014,20260521,1
5014,20260522,1
5014,20260526,1
5014,20260527,1
5014,20260528,1
5014,20260529,1
5014,20260530,1
5014,20260531,1
5014,20260601,1
5014,20260602,1
5014,20260603,1
5014,20260604,1
5014,20260605,1
5014,20260606,1
5014,20260607,1
5014,20260608,1
5014,20260609,1
5014,20260610,1
5014,20260611,1
5014,20260612,1
5014,20260613,1
5014,20260614,1
5014,20260615,1
5014,20260616,1
5014,20260617,1
5014,20260618,1
5014,20260619,1
5014,20260620,1
5014,20260621,1
5014,20260622,1
5014,20260623,1
5014,20260624,1
5014,20260625,1
5014,20260626,1
5014,20260627,1
5014,20260628,1
5014,20260629,1
5014,20260630,1
5014,20260701,1
5014,20260702,1
5014,20260703,1
5014,20260704,1
5014,20260705,1
5014,20260706,1
5014,20260707,1
5014,20260708,1
5014,20260709,1
5014,20260710,1
5014,20260711,1
5014,20260712,1
5014,20260713,1
5014,20260714,1
5014,20260715,1
5014,20260716,1
5014,20260717,1
5014,20260718,1
5014,20260719,1
5014,20260720,1
5014,20260721,1
5014,20260722,1
5014,20260723,1
5014,20260724,1
5014,20260725,1
5014,20260726,1
5014,20260727,1
5014,20260728,1
5014,20260729,1
5014,20260730,1
5014,20260731,1
5014,20260801,1
5014,20260802,1
5014,20260803,1
5014,20260804,1
5014,20260805,1
5014,20260806,1
5014,20260807,1
5014,20260808,1
5014,20260809,1
5014,20260810,1
5014,20260811,1
5014,20260812,1
5014,20260813,1
5014,20260814,1
5014,20260815,1
5014,20260816,1
5014,20260817,1
5014,20260818,1
5014,20260819,1
5014,20260820,1
5014,20260821,1
5014,20260822,1
5014,20260823,1
5014,20260824,1
5014,20260825,1
5014,20260826,1
5014,20260827,1
5014,20260828,1
5014,20260829,1
5014,20260830,1
5014,20260831,1
5015,20260508,1
5015,20260509,1
5015,20260513,1
5015,20260517,1
5016,20260420,1
5016,20260421,1
5016,20260422,1
5016,20260423,1
5016,20260424,1
5016,20260427,1
5016,20260428,1
5016,20260429,1
5016,20260430,1
5016,20260504,1
5016,20260505,1
5016,20260506,1
5016,20260507,1
5016,20260511,1
5016,20260512,1
5017,20260425,1
5017,20260426,1
5017,20260501,1
5017,20260503,1
5017,20260510,1
5018,20260314,1
5018,20260403,1
5018,20260404,1
5018,20260405,1
5018,20260406,1
5018,20260523,1
5018,20260524,1
5019,20260306,1
5019,20260307,1
5019,20260308,1
5019,20260309,1
5019,20260310,1
5019,20260311,1
5019,20260312,1
5019,20260313,1
5019,20260315,1
5019,20260316,1
5019,20260317,1
5019,20260318,1
5019,20260319,1
5019,20260320,1
5019,20260321,1
5019,20260322,1
5019,20260323,1
5019,20260324,1
5019,20260325,1
5019,20260326,1
5019,20260327,1
5019,20260328,1
5019,20260329,1
5019,20260330,1
5019,20260331,1
5019,20260401,1
5019,20260402,1
5019,20260407,1
5019,20260408,1
5019,20260409,1
5019,20260410,1
5019,20260411,1
5019,20260412,1
5019,20260413,1
5019,20260414,1
5019,20260415,1
5019,20260416,1
5019,20260417,1
5019,20260418,1
5019,20260419,1
5019,20260518,1
5019,20260519,1
5019,20260520,1
5019,20260521,1
5019,20260522,1
5019,20260525,1
5019,20260526,1
5019,20260527,1
5019,20260528,1
5019,20260529,1
5019,20260530,1
5019,20260531,1
5019,20260601,1
5019,20260602,1
5019,20260603,1
5019,20260604,1
5019,20260605,1
5019,20260606,1
5019,20260607,1
5019,20260608,1
5019,20260609,1
5019,20260610,1
5019,20260611,1
5019,20260612,1
5019,20260613,1
5019,20260614,1
5019,20260615,1
5019,20260616,1
5019,20260617,1
5019,20260618,1
5019,20260619,1
5019,20260620,1
5019,20260621,1
5019,20260622,1
5019,20260623,1
5019,20260624,1
5019,20260625,1
5019,20260626,1
5019,20260627,1
5019,20260628,1
5019,20260629,1
5019,20260630,1
5019,20260701,1
5019,20260702,1
5019,20260703,1
5019,20260704,1
5019,20260705,1
5019,20260706,1
5019,20260707,1
5019,20260708,1
5019,20260709,1
5019,20260710,1
5019,20260711,1
5019,20260712,1
5019,20260713,1
5019,20260714,1
5019,20260715,1
5019,20260716,1
5019,20260717,1
5019,20260718,1
5019,20260719,1
5019,20260720,1
5019,20260721,1
5019,20260722,1
5019,20260723,1
5019,20260724,1
5019,20260725,1
5019,20260726,1
5019,20260727,1
5019,20260728,1
5019,20260729,1
5019,20260730,1
5019,20260731,1
5019,20260801,1
5019,20260802,1
5019,20260803,1
5019,20260804,1
5019,20260805,1
5019,20260806,1
5019,20260807,1
5019,20260808,1
5019,20260809,1
5019,20260810,1
5019,20260811,1
5019,20260812,1
5019,20260813,1
5019,20260814,1
5019,20260815,1
5019,20260816,1
5019,20260817,1
5019,20260818,1
5019,20260819,1
5019,20260820,1
5019,20260821,1
5019,20260822,1
5019,20260823,1
5019,20260824,1
5019,20260825,1
5019,20260826,1
5019,20260827,1
5019,20260828,1
5019,20260829,1
5019,20260830,1
5020,20260307,1
5020,20260308,1
5020,20260315,1
5020,20260320,1
5020,20260321,1
5020,20260322,1
5020,20260327,1
5020,20260328,1
5020,20260329,1
5021,20260518,1
5021,20260525,1
5021,20260526,1
5021,20260530,1
5021,20260531,1
5021,20260606,1
5021,20260607,1
5021,20260613,1
5021,20260614,1
5021,20260615,1
5021,20260616,1
5021,20260619,1
5021,20260620,1
5021,20260621,1
5021,20260622,1
5021,20260627,1
5021,20260628,1
5021,20260703,1
5021,20260704,1
5021,20260705,1
5021,20260710,1
5021,20260711,1
5021,20260712,1
5021,20260714,1
5021,20260718,1
5021,20260719,1
5021,20260724,1
5021,20260725,1
5021,20260726,1
5021,20260801,1
5021,20260802,1
5021,20260808,1
5021,20260809,1
5021,20260814,1
5021,20260815,1
5021,20260816,1
5021,20260822,1
5021,20260823,1
5021,20260824,1
5021,20260825,1
5021,20260826,1
5021,20260827,1
5021,20260828,1
5021,20260829,1
5021,20260830,1
5021,20260831,1
5022,20260522,1
5022,20260529,1
5022,20260612,1
5022,20260626,1
5022,20260717,1
5022,20260731,1
5022,20260807,1
5022,20260821,1
5023,20260330,1
5023,20260401,1
5024,20260519,1
5024,20260520,1
5024,20260521,1
5024,20260527,1
5024,20260528,1
5024,20260629,1
5024,20260630,1
5024,20260701,1
5024,20260702,1
5024,20260706,1
5024,20260707,1
5024,20260713,1
5024,20260715,1
5024,20260722,1
5024,20260723,1
5024,20260727,1
5024,20260728,1
5024,20260729,1
5024,20260813,1
5024,20260817,1
5024,20260818,1
5024,20260820,1
5025,20260331,1
5025,20260402,1
5025,20260407,1
5025,20260408,1
5025,20260409,1
5025,20260410,1
5025,20260411,1
5025,20260412,1
5025,20260417,1
5025,20260418,1
5025,20260419,1
5026,20260423,1
5026,20260424,1
5026,20260425,1
5026,20260426,1
5026,20260427,1
5026,20260428,1
5026,20260429,1
5026,20260430,1
5026,20260501,1
5026,20260503,1
5026,20260504,1
5026,20260505,1
5026,20260506,1
5026,20260507,1
5026,20260510,1
5026,20260511,1
5026,20260512,1
5027,20260309,1
5027,20260310,1
5027,20260311,1
5027,20260312,1
5027,20260316,1
5027,20260317,1
5027,20260318,1
5027,20260319,1
5027,20260323,1
5027,20260324,1
5027,20260325,1
5027,20260413,1
5027,20260414,1
5027,20260415,1
5027,20260416,1
5027,20260601,1
5027,20260602,1
5027,20260603,1
5027,20260604,1
5027,20260608,1
5027,20260609,1
5027,20260610,1
5027,20260611,1
5027,20260617,1
5027,20260618,1
5027,20260623,1
5027,20260624,1
5027,20260625,1
5027,20260708,1
5027,20260709,1
5027,20260716,1
5027,20260720,1
5027,20260721,1
5027,20260730,1
5027,20260803,1
5027,20260804,1
5027,20260805,1
5027,20260806,1
5027,20260810,1
5027,20260811,1
5027,20260812,1
5027,20260819,1
5028,20260306,1
5028,20260307,1
5028,20260308,1
5028,20260309,1
5028,20260310,1
5028,20260311,1
5028,20260312,1
5028,20260313,1
5028,20260314,1
5028,20260315,1
5028,20260316,1
5028,20260317,1
5028,20260318,1
5028,20260319,1
5028,20260320,1
5028,20260321,1
5028,20260322,1
5028,20260323,1
5028,20260324,1
5028,20260325,1
5028,20260326,1
5028,20260327,1
5028,20260328,1
5028,20260329,1
5028,20260330,1
5028,20260331,1
5028,20260401,1
5028,20260402,1
5028,20260403,1
5028,20260404,1
5028,20260405,1
5028,20260406,1
5028,20260407,1
5028,20260408,1
5028,20260409,1
5028,20260410,1
5028,20260411,1
5028,20260412,1
5028,20260413,1
5028,20260414,1
5028,20260415,1
5028,20260416,1
5028,20260417,1
5028,20260418,1
5028,20260419,1
5028,20260420,1
5028,20260421,1
5028,20260422,1
5028,20260423,1
5028,20260424,1
5028,20260425,1
5028,20260426,1
5028,20260427,1
5028,20260428,1
5028,20260429,1
5028,20260430,1
5028,20260501,1
5028,20260503,1
5028,20260504,1
5028,20260505,1
5028,20260506,1
5028,20260507,1
5028,20260510,1
5028,20260511,1
5028,20260512,1
5028,20260513,1
5028,20260518,1
5028,20260519,1
5028,20260520,1
5028,20260521,1
5028,20260522,1
5028,20260523,1
5028,20260525,1
5028,20260526,1
5028,20260527,1
5028,20260528,1
5028,20260529,1
5028,20260530,1
5028,20260531,1
5028,20260601,1
5028,20260602,1
5028,20260603,1
5028,20260604,1
5028,20260605,1
5028,20260606,1
5028,20260607,1
5028,20260608,1
5028,20260609,1
5028,20260610,1
5028,20260611,1
5028,20260612,1
5028,20260613,1
5028,20260614,1
5028,20260615,1
5028,20260616,1
5028,20260617,1
5028,20260618,1
5028,20260619,1
5028,20260620,1
5028,20260621,1
5028,20260622,1
5028,20260623,1
5028,20260624,1
5028,20260625,1
5028,20260626,1
5028,20260627,1
5028,20260628,1
5028,20260629,1
5028,20260630,1
5028,20260701,1
5028,20260702,1
5028,20260703,1
5028,20260704,1
5028,20260705,1
5028,20260706,1
5028,20260707,1
5028,20260708,1
5028,20260709,1
5028,20260710,1
5028,20260711,1
5028,20260712,1
5028,20260713,1
5028,20260714,1
5028,20260715,1
5028,20260716,1
5028,20260717,1
5028,20260718,1
5028,20260719,1
5028,20260720,1
5028,20260721,1
5028,20260722,1
5028,20260723,1
5028,20260724,1
5028,20260725,1
5028,20260726,1
5028,20260727,1
5028,20260728,1
5028,20260729,1
5028,20260730,1
5028,20260731,1
5028,20260801,1
5028,20260802,1
5028,20260803,1
5028,20260804,1
5028,20260805,1
5028,20260806,1
5028,20260807,1
5028,20260808,1
5028,20260809,1
5028,20260810,1
5028,20260811,1
5028,20260812,1
5028,20260813,1
5028,20260814,1
5028,20260815,1
5028,20260816,1
5028,20260817,1
5028,20260818,1
5028,20260819,1
5028,20260820,1
5028,20260821,1
5028,20260822,1
5028,20260823,1
5028,20260824,1
5028,20260825,1
5028,20260826,1
5028,20260827,1
5028,20260828,1
5028,20260829,1
5028,20260830,1
5029,20260326,1
5029,20260615,1
5029,20260616,1
5029,20260706,1
5029,20260707,1
5029,20260715,1
5029,20260813,1
5030,20260423,1
5030,20260424,1
5030,20260425,1
5030,20260426,1
5030,20260427,1
5030,20260428,1
5030,20260429,1
5030,20260430,1
5030,20260501,1
5030,20260503,1
5030,20260504,1
5030,20260505,1
5030,20260506,1
5030,20260507,1
5030,20260510,1
5030,20260511,1
5030,20260512,1
5030,20260513,1
5030,20260517,1
5031,20260306,1
5031,20260307,1
5031,20260308,1
5031,20260313,1
5031,20260314,1
5031,20260315,1
5031,20260320,1
5031,20260321,1
5031,20260322,1
5031,20260327,1
5031,20260328,1
5031,20260329,1
5031,20260330,1
5031,20260331,1
5031,20260401,1
5031,20260402,1
5031,20260403,1
5031,20260404,1
5031,20260405,1
5031,20260406,1
5031,20260407,1
5031,20260408,1
5031,20260409,1
5031,20260410,1
5031,20260411,1
5031,20260412,1
5031,20260417,1
5031,20260418,1
5031,20260419,1
5031,20260518,1
5031,20260519,1
5031,20260520,1
5031,20260521,1
5031,20260525,1
5031,20260526,1
5031,20260527,1
5031,20260528,1
5031,20260529,1
5031,20260530,1
5031,20260531,1
5031,20260605,1
5031,20260606,1
5031,20260607,1
5031,20260612,1
5031,20260613,1
5031,20260614,1
5031,20260619,1
5031,20260620,1
5031,20260621,1
5031,20260622,1
5031,20260626,1
5031,20260627,1
5031,20260628,1
5031,20260629,1
5031,20260630,1
5031,20260701,1
5031,20260702,1
5031,20260703,1
5031,20260704,1
5031,20260705,1
5031,20260710,1
5031,20260711,1
5031,20260712,1
5031,20260713,1
5031,20260714,1
5031,20260717,1
5031,20260718,1
5031,20260719,1
5031,20260722,1
5031,20260723,1
5031,20260724,1
5031,20260725,1
5031,20260726,1
5031,20260727,1
5031,20260728,1
5031,20260729,1
5031,20260731,1
5031,20260801,1
5031,20260802,1
5031,20260807,1
5031,20260808,1
5031,20260809,1
5031,20260814,1
5031,20260815,1
5031,20260816,1
5031,20260817,1
5031,20260818,1
5031,20260820,1
5031,20260821,1
5031,20260822,1
5031,20260823,1
5031,20260824,1
5031,20260825,1
5031,20260826,1
5031,20260827,1
5031,20260828,1
5031,20260829,1
5031,20260830,1
5031,20260831,1
5032,20260309,1
5032,20260310,1
5032,20260311,1
5032,20260312,1
5032,20260316,1
5032,20260317,1
5032,20260318,1
5032,20260319,1
5032,20260323,1
5032,20260324,1
5032,20260325,1
5032,20260413,1
5032,20260414,1
5032,20260415,1
5032,20260416,1
5032,20260522,1
5032,20260523,1
5032,20260601,1
5032,20260602,1
5032,20260603,1
5032,20260604,1
5032,20260608,1
5032,20260609,1
5032,20260610,1
5032,20260611,1
5032,20260617,1
5032,20260618,1
5032,20260623,1
5032,20260624,1
5032,20260625,1
5032,20260708,1
5032,20260709,1
5032,20260716,1
5032,20260720,1
5032,20260721,1
5032,20260730,1
5032,20260803,1
5032,20260804,1
5032,20260805,1
5032,20260806,1
5032,20260810,1
5032,20260811,1
5032,20260812,1
5032,20260819,1
5113,20260708,1
5126,20260728,1
5126,20260729,1
5136,20260420,1
5136,20260421,1
5136,20260422,1
5136,20260423,1
5136,20260424,1
5136,20260427,1
5136,20260428,1
5136,20260429,1
5136,20260430,1
5136,20260504,1
5136,20260505,1
5136,20260506,1
5136,20260507,1
5136,20260511,1
5136,20260512,1
5136,20260513,1
5136,20260518,1
5136,20260519,1
5136,20260520,1
5136,20260521,1
5136,20260522,1
5136,20260526,1
5136,20260527,1
5136,20260528,1
5136,20260529,1
5136,20260601,1
5136,20260602,1
5136,20260603,1
5136,20260604,1
5136,20260605,1
5136,20260608,1
5136,20260609,1
5136,20260610,1
5136,20260611,1
5136,20260612,1
5136,20260615,1
5136,20260616,1
5136,20260617,1
5136,20260618,1
5136,20260619,1
5143,20260518,1
5143,20260519,1
5143,20260520,1
5143,20260521,1
5143,20260526,1
5143,20260527,1
5143,20260528,1
5143,20260601,1
5143,20260602,1
5143,20260603,1
5143,20260604,1
5143,20260608,1
5143,20260609,1
5143,20260610,1
5143,20260611,1
5171,20260601,1
5171,20260608,1
5171,20260615,1
5180,20260704,1
5180,20260731,1
5180,20260801,1
5180,20260808,1
5180,20260815,1
5180,20260822,1
5180,20260829,1
5193,20260711,1
5193,20260718,1
5193,20260725,1
5417,20260706,1
5417,20260707,1
5508,20260725,1
5547,20260523,1
5547,20260606,1
5599,20260509,1
5599,20260530,1
5758,20260518,1
5758,20260519,1
5758,20260520,1
5758,20260521,1
5758,20260522,1
5758,20260526,1
5758,20260527,1
5758,20260528,1
5758,20260529,1
5758,20260601,1
5758,20260602,1
5758,20260603,1
5758,20260604,1
5758,20260605,1
5758,20260608,1
5758,20260609,1
5758,20260610,1
5758,20260611,1
5758,20260612,1
5758,20260615,1
5758,20260616,1
5758,20260617,1
5758,20260618,1
5758,20260619,1
5758,20260622,1
5758,20260623,1
5758,20260624,1
5758,20260625,1
5758,20260626,1
5758,20260629,1
5758,20260630,1
5758,20260701,1
5758,20260702,1
5758,20260703,1
5758,20260706,1
5758,20260707,1
5758,20260708,1
5758,20260709,1
5758,20260710,1
5758,20260713,1
5758,20260715,1
5758,20260716,1
5758,20260717,1
5758,20260720,1
5758,20260721,1
5758,20260722,1
5758,20260723,1
5758,20260724,1
5758,20260727,1
5758,20260728,1
5758,20260729,1
5758,20260730,1
5758,20260731,1
5758,20260803,1
5758,20260804,1
5758,20260805,1
5758,20260806,1
5758,20260807,1
5758,20260810,1
5758,20260811,1
5758,20260812,1
5758,20260813,1
5758,20260814,1
5758,20260817,1
5758,20260818,1
5758,20260819,1
5758,20260820,1
5758,20260821,1
5758,20260824,1
5758,20260825,1
5758,20260826,1
5758,20260827,1
5758,20260828,1
5758,20260831,1
5795,20260709,1
5795,20260716,1
5795,20260723,1
5799,20260421,1
5799,20260422,1
5799,20260423,1
5799,20260424,1
5799,20260428,1
5799,20260429,1
5799,20260430,1
5811,20260504,1
5811,20260505,1
5896,20260704,1
5896,20260725,1
5896,20260801,1
5896,20260808,1
5908,20260419,1
5908,20260426,1
5908,20260503,1
5908,20260510,1
5908,20260517,1
6000,20260306,1
6000,20260309,1
6000,20260310,1
6000,20260311,1
6000,20260312,1
6000,20260313,1
6000,20260316,1
6000,20260317,1
6000,20260318,1
6000,20260319,1
6000,20260320,1
6000,20260323,1
6000,20260324,1
6000,20260325,1
6000,20260326,1
6000,20260327,1
6000,20260330,1
6000,20260331,1
6000,20260401,1
6000,20260402,1
6000,20260403,1
6000,20260407,1
6000,20260408,1
6000,20260409,1
6000,20260410,1
6000,20260413,1
6000,20260414,1
6000,20260415,1
6000,20260416,1
6000,20260417,1
6000,20260420,1
6000,20260421,1
6000,20260422,1
6000,20260423,1
6000,20260424,1
6000,20260427,1
6000,20260428,1
6000,20260429,1
6000,20260430,1
6000,20260504,1
6000,20260505,1
6000,20260506,1
6000,20260507,1
6000,20260511,1
6000,20260512,1
6000,20260513,1
6000,20260518,1
6000,20260519,1
6000,20260520,1
6000,20260521,1
6000,20260522,1
6000,20260526,1
6000,20260527,1
6000,20260528,1
6000,20260529,1
6000,20260601,1
6000,20260602,1
6000,20260603,1
6000,20260604,1
6000,20260605,1
6000,20260608,1
6000,20260609,1
6000,20260610,1
6000,20260611,1
6000,20260612,1
6000,20260615,1
6000,20260616,1
6000,20260617,1
6000,20260618,1
6000,20260619,1
6000,20260622,1
6000,20260623,1
6000,20260624,1
6000,20260625,1
6000,20260626,1
6000,20260629,1
6000,20260630,1
6000,20260701,1
6000,20260702,1
6000,20260703,1
6000,20260706,1
6000,20260707,1
6000,20260708,1
6000,20260709,1
6000,20260710,1
6000,20260713,1
6000,20260715,1
6000,20260716,1
6000,20260717,1
6000,20260720,1
6000,20260721,1
6000,20260722,1
6000,20260723,1
6000,20260724,1
6000,20260727,1
6000,20260728,1
6000,20260729,1
6000,20260730,1
6000,20260731,1
6000,20260803,1
6000,20260804,1
6000,20260805,1
6000,20260806,1
6000,20260807,1
6000,20260810,1
6000,20260811,1
6000,20260812,1
6000,20260813,1
6000,20260814,1
6000,20260817,1
6000,20260818,1
6000,20260819,1
6000,20260820,1
6000,20260821,1
6000,20260824,1
6000,20260825,1
6000,20260826,1
6000,20260827,1
6000,20260828,1
6000,20260831,1
6005,20260406,1
6005,20260501,1
6005,20260508,1
6005,20260525,1
6082,20260830,1
6082,20260831,1
6165,20260501,1
6165,20260502,1
6165,20260508,1
6178,20260526,1
6178,20260527,1
6178,20260528,1
6178,20260529,1
6178,20260601,1
6178,20260602,1
6178,20260603,1
6178,20260604,1
6178,20260605,1
6208,20260308,1
6208,20260315,1
6208,20260322,1
6208,20260329,1
6208,20260405,1
6208,20260412,1
6208,20260419,1
6228,20260622,1
6228,20260623,1
6228,20260624,1
6228,20260625,1
6228,20260626,1
6228,20260629,1
6228,20260630,1
6228,20260701,1
6228,20260702,1
6228,20260703,1
6228,20260706,1
6228,20260707,1
6228,20260708,1
6228,20260709,1
6228,20260710,1
6228,20260713,1
6228,20260715,1
6228,20260716,1
6228,20260717,1
6228,20260720,1
6228,20260721,1
6228,20260722,1
6228,20260723,1
6228,20260724,1
6228,20260727,1
6228,20260728,1
6228,20260729,1
6228,20260730,1
6228,20260731,1
6228,20260803,1
6228,20260804,1
6228,20260805,1
6228,20260806,1
6228,20260807,1
6228,20260810,1
6228,20260811,1
6228,20260812,1
6228,20260813,1
6228,20260814,1
6228,20260817,1
6228,20260818,1
6228,20260819,1
6228,20260820,1
6228,20260821,1
6228,20260824,1
6228,20260825,1
6228,20260826,1
6228,20260827,1
6228,20260828,1
6228,20260831,1
6316,20260309,1
6316,20260316,1
6316,20260323,1
6316,20260330,1
6316,20260407,1
6316,20260413,1
6316,20260518,1
6316,20260526,1
6316,20260601,1
6316,20260608,1
6316,20260615,1
6316,20260622,1
6316,20260629,1
6316,20260706,1
6316,20260707,1
6316,20260708,1
6316,20260709,1
6316,20260710,1
6316,20260715,1
6316,20260716,1
6316,20260717,1
6316,20260720,1
6316,20260721,1
6316,20260722,1
6316,20260723,1
6316,20260724,1
6316,20260727,1
6316,20260803,1
6316,20260810,1
6316,20260817,1
6316,20260824,1
6316,20260825,1
6316,20260826,1
6316,20260827,1
6316,20260828,1
6317,20260420,1
6317,20260421,1
6317,20260422,1
6317,20260423,1
6317,20260424,1
6317,20260425,1
6317,20260427,1
6317,20260428,1
6317,20260429,1
6317,20260430,1
6317,20260501,1
6317,20260502,1
6317,20260504,1
6317,20260505,1
6317,20260506,1
6317,20260507,1
6317,20260508,1
6317,20260509,1
6317,20260511,1
6317,20260512,1
6317,20260513,1
6318,20260308,1
6318,20260315,1
6318,20260322,1
6318,20260329,1
6318,20260405,1
6318,20260406,1
6318,20260412,1
6318,20260419,1
6318,20260524,1
6318,20260531,1
6318,20260607,1
6318,20260614,1
6318,20260621,1
6318,20260628,1
6318,20260705,1
6318,20260712,1
6319,20260306,1
6319,20260307,1
6319,20260309,1
6319,20260310,1
6319,20260311,1
6319,20260312,1
6319,20260313,1
6319,20260314,1
6319,20260316,1
6319,20260317,1
6319,20260318,1
6319,20260319,1
6319,20260320,1
6319,20260321,1
6319,20260323,1
6319,20260324,1
6319,20260325,1
6319,20260326,1
6319,20260327,1
6319,20260328,1
6319,20260330,1
6319,20260331,1
6319,20260401,1
6319,20260402,1
6319,20260403,1
6319,20260404,1
6319,20260407,1
6319,20260408,1
6319,20260409,1
6319,20260410,1
6319,20260411,1
6319,20260413,1
6319,20260414,1
6319,20260415,1
6319,20260416,1
6319,20260417,1
6319,20260418,1
6319,20260518,1
6319,20260519,1
6319,20260520,1
6319,20260521,1
6319,20260522,1
6319,20260523,1
6319,20260526,1
6319,20260527,1
6319,20260528,1
6319,20260529,1
6319,20260530,1
6319,20260601,1
6319,20260602,1
6319,20260603,1
6319,20260604,1
6319,20260605,1
6319,20260606,1
6319,20260608,1
6319,20260609,1
6319,20260610,1
6319,20260611,1
6319,20260612,1
6319,20260613,1
6319,20260615,1
6319,20260616,1
6319,20260617,1
6319,20260618,1
6319,20260619,1
6319,20260620,1
6319,20260622,1
6319,20260623,1
6319,20260624,1
6319,20260625,1
6319,20260626,1
6319,20260627,1
6319,20260629,1
6319,20260630,1
6319,20260701,1
6319,20260702,1
6319,20260706,1
6319,20260707,1
6319,20260708,1
6319,20260709,1
6319,20260710,1
6319,20260711,1
6319,20260713,1
6319,20260715,1
6319,20260716,1
6319,20260717,1
6319,20260718,1
6319,20260720,1
6319,20260721,1
6319,20260722,1
6319,20260723,1
6319,20260724,1
6319,20260725,1
6319,20260727,1
6319,20260728,1
6319,20260729,1
6319,20260730,1
6319,20260803,1
6319,20260804,1
6319,20260805,1
6319,20260806,1
6319,20260807,1
6319,20260810,1
6319,20260811,1
6319,20260812,1
6319,20260813,1
6319,20260814,1
6319,20260817,1
6319,20260818,1
6319,20260819,1
6319,20260820,1
6319,20260821,1
6319,20260824,1
6319,20260825,1
6319,20260826,1
6319,20260827,1
6319,20260828,1
6326,20260707,1
6326,20260721,1
6326,20260728,1
6326,20260804,1
6326,20260811,1
6326,20260818,1
6326,20260825,1
6327,20260706,1
6327,20260708,1
6327,20260709,1
6327,20260715,1
6327,20260716,1
6327,20260720,1
6327,20260722,1
6327,20260723,1
6327,20260727,1
6327,20260729,1
6327,20260730,1
6327,20260803,1
6327,20260805,1
6327,20260806,1
6327,20260810,1
6327,20260812,1
6327,20260813,1
6327,20260817,1
6327,20260819,1
6327,20260820,1
6327,20260824,1
6327,20260826,1
6327,20260827,1
6340,20260306,1
6340,20260313,1
6340,20260320,1
6340,20260327,1
6340,20260330,1
6340,20260331,1
6340,20260401,1
6340,20260402,1
6340,20260403,1
6340,20260405,1
6340,20260406,1
6340,20260407,1
6340,20260408,1
6340,20260409,1
6340,20260410,1
6340,20260412,1
6340,20260413,1
6340,20260414,1
6340,20260415,1
6340,20260416,1
6340,20260419,1
6340,20260420,1
6340,20260421,1
6340,20260422,1
6340,20260423,1
6340,20260426,1
6340,20260427,1
6340,20260428,1
6340,20260429,1
6340,20260503,1
6340,20260504,1
6340,20260505,1
6340,20260506,1
6340,20260510,1
6340,20260511,1
6340,20260512,1
6340,20260517,1
6340,20260518,1
6340,20260519,1
6340,20260520,1
6340,20260521,1
6340,20260522,1
6340,20260524,1
6340,20260525,1
6340,20260526,1
6340,20260527,1
6340,20260528,1
6340,20260529,1
6340,20260531,1
6340,20260601,1
6340,20260602,1
6340,20260603,1
6340,20260604,1
6340,20260605,1
6340,20260607,1
6340,20260608,1
6340,20260609,1
6340,20260610,1
6340,20260611,1
6340,20260612,1
6340,20260614,1
6340,20260615,1
6340,20260616,1
6340,20260617,1
6340,20260618,1
6340,20260619,1
6340,20260621,1
6340,20260622,1
6340,20260623,1
6340,20260624,1
6340,20260625,1
6340,20260626,1
6340,20260628,1
6340,20260629,1
6340,20260630,1
6340,20260701,1
6340,20260702,1
6340,20260706,1
6340,20260707,1
6340,20260708,1
6340,20260709,1
6340,20260715,1
6340,20260716,1
6340,20260720,1
6340,20260721,1
6340,20260722,1
6340,20260723,1
6340,20260727,1
6340,20260728,1
6340,20260729,1
6340,20260730,1
6340,20260803,1
6340,20260804,1
6340,20260805,1
6340,20260806,1
6340,20260810,1
6340,20260811,1
6340,20260812,1
6340,20260813,1
6340,20260814,1
6340,20260817,1
6340,20260818,1
6340,20260819,1
6340,20260820,1
6340,20260821,1
6340,20260824,1
6340,20260825,1
6340,20260826,1
6340,20260827,1
6340,20260828,1
6341,20260417,1
6341,20260424,1
6341,20260430,1
6341,20260507,1
6341,20260513,1
6341,20260703,1
6341,20260710,1
6341,20260717,1
6341,20260724,1
6341,20260731,1
6341,20260807,1
6342,20260330,1
6342,20260331,1
6342,20260401,1
6342,20260402,1
6342,20260403,1
6342,20260407,1
6342,20260408,1
6342,20260409,1
6342,20260410,1
6342,20260413,1
6342,20260414,1
6342,20260415,1
6342,20260416,1
6342,20260417,1
6342,20260701,1
6342,20260702,1
6343,20260306,1
6343,20260309,1
6343,20260310,1
6343,20260311,1
6343,20260312,1
6343,20260313,1
6343,20260316,1
6343,20260317,1
6343,20260318,1
6343,20260319,1
6343,20260320,1
6343,20260323,1
6343,20260324,1
6343,20260325,1
6343,20260326,1
6343,20260327,1
6343,20260622,1
6343,20260623,1
6343,20260624,1
6343,20260625,1
6343,20260626,1
6343,20260629,1
6343,20260630,1
6353,20260306,1
6353,20260308,1
6353,20260313,1
6353,20260315,1
6353,20260320,1
6353,20260322,1
6353,20260327,1
6353,20260329,1
6353,20260403,1
6353,20260405,1
6353,20260406,1
6353,20260410,1
6353,20260412,1
6353,20260419,1
6353,20260426,1
6353,20260503,1
6353,20260510,1
6353,20260517,1
6353,20260522,1
6353,20260524,1
6353,20260525,1
6353,20260529,1
6353,20260531,1
6353,20260605,1
6353,20260607,1
6353,20260612,1
6353,20260614,1
6353,20260619,1
6353,20260621,1
6353,20260626,1
6353,20260628,1
6371,20260306,1
6371,20260313,1
6371,20260320,1
6371,20260327,1
6371,20260522,1
6371,20260529,1
6371,20260605,1
6371,20260612,1
6371,20260619,1
6371,20260626,1
6372,20260309,1
6372,20260310,1
6372,20260311,1
6372,20260312,1
6372,20260316,1
6372,20260317,1
6372,20260318,1
6372,20260319,1
6372,20260323,1
6372,20260324,1
6372,20260325,1
6372,20260326,1
6372,20260330,1
6372,20260331,1
6372,20260401,1
6372,20260402,1
6372,20260403,1
6372,20260407,1
6372,20260408,1
6372,20260409,1
6372,20260410,1
6372,20260413,1
6372,20260414,1
6372,20260415,1
6372,20260416,1
6372,20260417,1
6372,20260518,1
6372,20260519,1
6372,20260520,1
6372,20260521,1
6372,20260526,1
6372,20260527,1
6372,20260528,1
6372,20260601,1
6372,20260602,1
6372,20260603,1
6372,20260604,1
6372,20260608,1
6372,20260609,1
6372,20260610,1
6372,20260611,1
6372,20260615,1
6372,20260616,1
6372,20260617,1
6372,20260618,1
6372,20260622,1
6372,20260623,1
6372,20260624,1
6372,20260625,1
6372,20260629,1
6372,20260630,1
6372,20260701,1
6372,20260702,1
6417,20260420,1
6417,20260421,1
6417,20260422,1
6417,20260423,1
6417,20260426,1
6417,20260427,1
6417,20260428,1
6417,20260429,1
6417,20260503,1
6417,20260504,1
6417,20260505,1
6417,20260506,1
6417,20260510,1
6417,20260511,1
6417,20260512,1
6417,20260517,1
6418,20260308,1
6418,20260309,1
6418,20260310,1
6418,20260311,1
6418,20260312,1
6418,20260315,1
6418,20260316,1
6418,20260317,1
6418,20260318,1
6418,20260319,1
6418,20260322,1
6418,20260323,1
6418,20260324,1
6418,20260325,1
6418,20260326,1
6418,20260329,1
6418,20260330,1
6418,20260331,1
6418,20260401,1
6418,20260402,1
6418,20260405,1
6418,20260406,1
6418,20260407,1
6418,20260408,1
6418,20260409,1
6418,20260412,1
6418,20260413,1
6418,20260414,1
6418,20260415,1
6418,20260416,1
6418,20260419,1
6418,20260518,1
6418,20260519,1
6418,20260520,1
6418,20260521,1
6418,20260525,1
6418,20260526,1
6418,20260527,1
6418,20260528,1
6418,20260531,1
6418,20260601,1
6418,20260602,1
6418,20260603,1
6418,20260604,1
6418,20260607,1
6418,20260608,1
6418,20260609,1
6418,20260610,1
6418,20260611,1
6418,20260614,1
6418,20260615,1
6418,20260616,1
6418,20260617,1
6418,20260618,1
6418,20260621,1
6418,20260622,1
6418,20260623,1
6418,20260624,1
6418,20260625,1
6418,20260628,1
6418,20260629,1
6418,20260630,1
6418,20260701,1
6418,20260702,1
6418,20260706,1
6418,20260707,1
6418,20260708,1
6418,20260709,1
6418,20260715,1
6418,20260716,1
6418,20260720,1
6418,20260721,1
6418,20260722,1
6418,20260723,1
6418,20260730,1
6418,20260806,1
6418,20260813,1
6418,20260820,1
6418,20260824,1
6418,20260825,1
6418,20260826,1
6418,20260827,1
6455,20260518,1
6455,20260519,1
6455,20260520,1
6455,20260521,1
6455,20260522,1
6455,20260526,1
6455,20260527,1
6455,20260528,1
6455,20260529,1
6455,20260601,1
6455,20260602,1
6455,20260603,1
6455,20260604,1
6455,20260605,1
6455,20260608,1
6455,20260609,1
6455,20260610,1
6455,20260611,1
6455,20260612,1
6455,20260615,1
6455,20260616,1
6455,20260617,1
6455,20260618,1
6455,20260619,1
6455,20260622,1
6455,20260623,1
6455,20260624,1
6455,20260625,1
6455,20260626,1
6455,20260629,1
6455,20260630,1
6455,20260701,1
6455,20260702,1
6455,20260706,1
6455,20260715,1
6455,20260720,1
6455,20260727,1
6455,20260803,1
6455,20260810,1
6455,20260817,1
6455,20260824,1
6456,20260421,1
6456,20260422,1
6456,20260423,1
6456,20260425,1
6456,20260427,1
6456,20260428,1
6456,20260429,1
6456,20260501,1
6456,20260502,1
6456,20260504,1
6456,20260505,1
6456,20260506,1
6456,20260508,1
6456,20260509,1
6456,20260511,1
6456,20260512,1
6457,20260306,1
6457,20260307,1
6457,20260309,1
6457,20260310,1
6457,20260311,1
6457,20260312,1
6457,20260313,1
6457,20260316,1
6457,20260317,1
6457,20260318,1
6457,20260319,1
6457,20260320,1
6457,20260323,1
6457,20260324,1
6457,20260325,1
6457,20260326,1
6457,20260327,1
6457,20260330,1
6457,20260331,1
6457,20260401,1
6457,20260402,1
6457,20260403,1
6457,20260404,1
6457,20260407,1
6457,20260408,1
6457,20260409,1
6457,20260410,1
6457,20260411,1
6457,20260413,1
6457,20260414,1
6457,20260415,1
6457,20260416,1
6457,20260518,1
6457,20260519,1
6457,20260520,1
6457,20260521,1
6457,20260522,1
6457,20260523,1
6457,20260526,1
6457,20260527,1
6457,20260528,1
6457,20260529,1
6457,20260530,1
6457,20260601,1
6457,20260602,1
6457,20260603,1
6457,20260604,1
6457,20260605,1
6457,20260606,1
6457,20260608,1
6457,20260609,1
6457,20260610,1
6457,20260611,1
6457,20260612,1
6457,20260613,1
6457,20260615,1
6457,20260616,1
6457,20260617,1
6457,20260618,1
6457,20260619,1
6457,20260620,1
6457,20260622,1
6457,20260623,1
6457,20260624,1
6457,20260625,1
6457,20260626,1
6457,20260627,1
6457,20260629,1
6457,20260630,1
6457,20260701,1
6457,20260702,1
6486,20260518,1
6486,20260519,1
6486,20260520,1
6486,20260521,1
6486,20260524,1
6486,20260525,1
6486,20260526,1
6486,20260527,1
6486,20260528,1
6486,20260531,1
6486,20260601,1
6486,20260602,1
6486,20260603,1
6486,20260604,1
6486,20260607,1
6486,20260608,1
6486,20260609,1
6486,20260610,1
6486,20260611,1
6486,20260614,1
6486,20260615,1
6486,20260616,1
6486,20260617,1
6486,20260618,1
6486,20260621,1
6486,20260622,1
6486,20260623,1
6486,20260624,1
6486,20260625,1
6486,20260628,1
6486,20260629,1
6486,20260630,1
6486,20260701,1
6486,20260702,1
6487,20260330,1
6487,20260331,1
6487,20260401,1
6487,20260402,1
6487,20260405,1
6487,20260406,1
6487,20260407,1
6487,20260408,1
6487,20260409,1
6487,20260412,1
6487,20260413,1
6487,20260414,1
6487,20260415,1
6487,20260416,1
6487,20260419,1
6523,20260330,1
6523,20260331,1
6523,20260401,1
6523,20260402,1
6523,20260405,1
6523,20260406,1
6523,20260407,1
6523,20260408,1
6523,20260409,1
6523,20260412,1
6523,20260413,1
6523,20260414,1
6523,20260415,1
6523,20260416,1
6523,20260419,1
6523,20260420,1
6523,20260421,1
6523,20260422,1
6523,20260423,1
6523,20260426,1
6523,20260427,1
6523,20260428,1
6523,20260429,1
6523,20260503,1
6523,20260504,1
6523,20260505,1
6523,20260506,1
6523,20260510,1
6523,20260511,1
6523,20260512,1
6523,20260517,1
6523,20260518,1
6523,20260519,1
6523,20260520,1
6523,20260521,1
6523,20260525,1
6523,20260526,1
6523,20260527,1
6523,20260528,1
6523,20260531,1
6523,20260601,1
6523,20260602,1
6523,20260603,1
6523,20260604,1
6523,20260607,1
6523,20260608,1
6523,20260609,1
6523,20260610,1
6523,20260611,1
6523,20260614,1
6523,20260615,1
6523,20260616,1
6523,20260617,1
6523,20260618,1
6523,20260621,1
6523,20260622,1
6523,20260623,1
6523,20260624,1
6523,20260625,1
6523,20260628,1
6523,20260629,1
6523,20260630,1
6523,20260701,1
6523,20260702,1
6523,20260705,1
6523,20260706,1
6523,20260707,1
6523,20260708,1
6523,20260709,1
6523,20260712,1
6523,20260714,1
6523,20260715,1
6523,20260716,1
6523,20260719,1
6523,20260720,1
6523,20260721,1
6523,20260722,1
6523,20260723,1
6523,20260802,1
6523,20260803,1
6523,20260804,1
6523,20260805,1
6523,20260806,1
6523,20260809,1
6523,20260810,1
6523,20260811,1
6523,20260812,1
6523,20260813,1
6523,20260817,1
6523,20260818,1
6523,20260819,1
6523,20260820,1
6523,20260823,1
6523,20260824,1
6523,20260825,1
6523,20260826,1
6523,20260827,1
6523,20260830,1
6524,20260726,1
6524,20260727,1
6524,20260730,1
6539,20260615,1
6539,20260616,1
6539,20260617,1
6539,20260618,1
6539,20260622,1
6539,20260623,1
6539,20260624,1
6539,20260625,1
6539,20260626,1
6539,20260629,1
6539,20260630,1
6539,20260701,1
6539,20260702,1
6540,20260403,1
6540,20260417,1
6541,20260521,1
6541,20260528,1
6541,20260604,1
6541,20260611,1
6542,20260518,1
6542,20260519,1
6542,20260520,1
6542,20260522,1
6542,20260526,1
6542,20260527,1
6542,20260529,1
6542,20260601,1
6542,20260602,1
6542,20260603,1
6542,20260605,1
6542,20260608,1
6542,20260609,1
6542,20260610,1
6542,20260612,1
6543,20260330,1
6543,20260331,1
6543,20260401,1
6543,20260402,1
6543,20260407,1
6543,20260408,1
6543,20260409,1
6543,20260410,1
6543,20260413,1
6543,20260414,1
6543,20260415,1
6543,20260416,1
6544,20260524,1
6544,20260531,1
6544,20260607,1
6544,20260614,1
6544,20260621,1
6544,20260628,1
6544,20260705,1
6544,20260712,1
6545,20260523,1
6545,20260530,1
6545,20260606,1
6545,20260613,1
6545,20260620,1
6545,20260627,1
6545,20260704,1
6545,20260711,1
6545,20260713,1
6545,20260718,1
6545,20260725,1
6545,20260801,1
6545,20260808,1
6545,20260815,1
6545,20260822,1
6545,20260829,1
6546,20260306,1
6546,20260309,1
6546,20260310,1
6546,20260311,1
6546,20260313,1
6546,20260316,1
6546,20260318,1
6546,20260320,1
6546,20260323,1
6546,20260324,1
6546,20260325,1
6546,20260327,1
6547,20260312,1
6547,20260317,1
6547,20260319,1
6547,20260326,1
6550,20260518,1
6550,20260519,1
6550,20260520,1
6550,20260521,1
6550,20260526,1
6550,20260527,1
6550,20260528,1
6550,20260601,1
6550,20260602,1
6550,20260603,1
6550,20260604,1
6550,20260608,1
6550,20260609,1
6550,20260610,1
6550,20260611,1
6550,20260615,1
6550,20260616,1
6550,20260617,1
6550,20260618,1
6550,20260622,1
6550,20260623,1
6550,20260624,1
6550,20260625,1
6550,20260629,1
6550,20260630,1
6550,20260701,1
6550,20260702,1
6550,20260706,1
6550,20260707,1
6550,20260708,1
6550,20260709,1
6550,20260710,1
6550,20260715,1
6550,20260716,1
6550,20260717,1
6550,20260720,1
6550,20260721,1
6550,20260722,1
6550,20260723,1
6550,20260724,1
6550,20260727,1
6550,20260728,1
6550,20260729,1
6550,20260730,1
6550,20260731,1
6550,20260803,1
6550,20260804,1
6550,20260805,1
6550,20260806,1
6550,20260807,1
6550,20260810,1
6550,20260811,1
6550,20260812,1
6550,20260813,1
6550,20260814,1
6550,20260817,1
6550,20260818,1
6550,20260819,1
6550,20260820,1
6550,20260821,1
6550,20260824,1
6550,20260825,1
6550,20260826,1
6550,20260827,1
6550,20260828,1
6551,20260522,1
6551,20260529,1
6551,20260605,1
6551,20260606,1
6551,20260612,1
6551,20260619,1
6551,20260620,1
6551,20260626,1
6551,20260703,1
6552,20260704,1
6552,20260711,1
6552,20260713,1
6552,20260725,1
6552,20260815,1
6552,20260829,1
6553,20260307,1
6553,20260314,1
6553,20260530,1
6553,20260613,1
6553,20260627,1
6554,20260718,1
6554,20260801,1
6554,20260808,1
6554,20260822,1
6555,20260410,1
6555,20260411,1
6555,20260418,1
6562,20260318,1
6562,20260319,1
6562,20260320,1
6563,20260523,1
6563,20260524,1
6563,20260530,1
6563,20260531,1
6563,20260606,1
6563,20260607,1
6563,20260608,1
6563,20260609,1
6563,20260610,1
6563,20260611,1
6563,20260612,1
6563,20260613,1
6563,20260614,1
6563,20260617,1
6563,20260618,1
6563,20260619,1
6563,20260620,1
6563,20260621,1
6563,20260622,1
6563,20260623,1
6563,20260629,1
6563,20260702,1
6564,20260627,1
6564,20260628,1
6564,20260630,1
6564,20260701,1
6565,20260707,1
6565,20260714,1
6565,20260715,1
6565,20260716,1
6565,20260720,1
6565,20260721,1
6565,20260722,1
6565,20260723,1
6565,20260730,1
6565,20260803,1
6565,20260804,1
6565,20260805,1
6565,20260806,1
6565,20260810,1
6565,20260811,1
6565,20260813,1
6565,20260817,1
6565,20260818,1
6565,20260819,1
6565,20260820,1
6565,20260824,1
6565,20260825,1
6565,20260830,1
6566,20260705,1
6566,20260706,1
6566,20260708,1
6566,20260709,1
6566,20260712,1
6566,20260719,1
6566,20260726,1
6566,20260727,1
6566,20260728,1
6566,20260729,1
6566,20260802,1
6566,20260809,1
6566,20260812,1
6566,20260814,1
6566,20260821,1
6566,20260823,1
6566,20260826,1
6566,20260827,1
6566,20260828,1
6567,20260704,1
6567,20260710,1
6567,20260711,1
6567,20260717,1
6567,20260718,1
6567,20260724,1
6567,20260725,1
6567,20260731,1
6567,20260801,1
6567,20260807,1
6567,20260808,1
6567,20260815,1
6567,20260816,1
6567,20260822,1
6567,20260829,1
6568,20260401,1
6568,20260402,1
6568,20260415,1
6569,20260403,1
6569,20260408,1
6569,20260409,1
6569,20260414,1
6570,20260518,1
6570,20260526,1
6570,20260527,1
6570,20260528,1
6570,20260529,1
6571,20260427,1
6571,20260428,1
6571,20260429,1
6571,20260506,1
6572,20260330,1
6572,20260331,1
6572,20260416,1
6573,20260306,1
6573,20260316,1
6573,20260317,1
6579,20260330,1
6579,20260331,1
6579,20260401,1
6579,20260407,1
6579,20260408,1
6579,20260409,1
6579,20260413,1
6579,20260414,1
6579,20260415,1
6579,20260518,1
6579,20260519,1
6579,20260520,1
6579,20260521,1
6579,20260526,1
6579,20260527,1
6579,20260528,1
6579,20260601,1
6579,20260602,1
6579,20260603,1
6579,20260604,1
6579,20260608,1
6579,20260609,1
6579,20260610,1
6579,20260611,1
6579,20260615,1
6579,20260616,1
6579,20260617,1
6579,20260618,1
6579,20260622,1
6579,20260623,1
6579,20260624,1
6579,20260625,1
6579,20260629,1
6579,20260630,1
6579,20260701,1
6579,20260702,1
6580,20260428,1
6580,20260512,1
6581,20260420,1
6581,20260421,1
6581,20260422,1
6581,20260423,1
6581,20260427,1
6581,20260429,1
6581,20260504,1
6581,20260505,1
6581,20260506,1
6581,20260511,1
6582,20260403,1
6582,20260410,1
6582,20260417,1
6582,20260522,1
6582,20260529,1
6582,20260605,1
6582,20260612,1
6582,20260619,1
6582,20260626,1
6582,20260703,1
6583,20260402,1
6583,20260416,1
6584,20260705,1
6584,20260706,1
6584,20260707,1
6584,20260708,1
6584,20260709,1
6584,20260712,1
6584,20260714,1
6584,20260715,1
6584,20260716,1
6584,20260719,1
6584,20260720,1
6584,20260721,1
6584,20260722,1
6584,20260723,1
6584,20260726,1
6584,20260727,1
6584,20260728,1
6584,20260729,1
6584,20260730,1
6584,20260802,1
6584,20260803,1
6584,20260804,1
6584,20260805,1
6584,20260806,1
6584,20260809,1
6584,20260810,1
6584,20260811,1
6584,20260812,1
6584,20260813,1
6584,20260817,1
6584,20260818,1
6584,20260819,1
6584,20260820,1
6584,20260823,1
6584,20260824,1
6584,20260825,1
6584,20260826,1
6584,20260827,1
6584,20260830,1
6585,20260704,1
6585,20260711,1
6585,20260713,1
6585,20260718,1
6585,20260725,1
6585,20260801,1
6585,20260808,1
6585,20260815,1
6585,20260816,1
6585,20260822,1
6585,20260829,1
6586,20260309,1
6586,20260310,1
6586,20260311,1
6586,20260312,1
6586,20260316,1
6586,20260317,1
6586,20260318,1
6586,20260323,1
6586,20260324,1
6586,20260325,1
6586,20260326,1
6587,20260319,1
6606,20260525,1
6606,20260607,1
6606,20260614,1
6606,20260621,1
6606,20260628,1
6606,20260705,1
6606,20260712,1
6606,20260714,1
6606,20260719,1
6606,20260726,1
6606,20260802,1
6606,20260809,1
6606,20260816,1
6606,20260823,1
6606,20260830,1
6607,20260615,1
6607,20260616,1
6607,20260617,1
6607,20260618,1
6607,20260619,1
6607,20260622,1
6607,20260623,1
6607,20260624,1
6607,20260625,1
6607,20260626,1
6607,20260629,1
6607,20260630,1
6607,20260701,1
6607,20260702,1
6607,20260703,1
6607,20260706,1
6607,20260707,1
6607,20260708,1
6607,20260709,1
6607,20260715,1
6607,20260716,1
6607,20260720,1
6607,20260721,1
6607,20260722,1
6607,20260723,1
6607,20260727,1
6607,20260728,1
6607,20260729,1
6607,20260730,1
6607,20260803,1
6607,20260804,1
6607,20260805,1
6607,20260806,1
6607,20260810,1
6607,20260811,1
6607,20260812,1
6607,20260813,1
6607,20260817,1
6607,20260818,1
6607,20260819,1
6607,20260820,1
6607,20260824,1
6607,20260825,1
6607,20260826,1
6607,20260827,1
6607,20260831,1
6608,20260613,1
6608,20260620,1
6608,20260627,1
6608,20260710,1
6608,20260711,1
6608,20260713,1
6608,20260717,1
6608,20260718,1
6608,20260724,1
6608,20260725,1
6608,20260807,1
6608,20260814,1
6608,20260821,1
6608,20260828,1
6609,20260522,1
6609,20260529,1
6609,20260605,1
6609,20260612,1
6610,20260308,1
6610,20260322,1
6610,20260329,1
6611,20260424,1
6611,20260513,1
6612,20260529,1
6612,20260612,1
6612,20260626,1
6612,20260717,1
6612,20260807,1
6612,20260821,1
6613,20260619,1
6613,20260710,1
6613,20260724,1
6613,20260814,1
6613,20260828,1
6614,20260525,1
6614,20260703,1
6615,20260525,1
6615,20260531,1
6615,20260607,1
6615,20260614,1
6615,20260621,1
6615,20260628,1
6615,20260705,1
6615,20260712,1
6615,20260714,1
6616,20260719,1
6616,20260802,1
6616,20260809,1
6616,20260823,1
6616,20260830,1
6617,20260710,1
6617,20260724,1
6617,20260814,1
6618,20260529,1
6618,20260605,1
6618,20260612,1
6619,20260717,1
6619,20260731,1
6619,20260807,1
6619,20260821,1
6629,20260711,1
6629,20260725,1
6631,20260713,1
6631,20260815,1
6631,20260822,1
6631,20260829,1
6632,20260704,1
6632,20260801,1
6632,20260808,1
6633,20260714,1
6633,20260802,1
6633,20260809,1
6633,20260816,1
6633,20260823,1
6633,20260830,1
6634,20260705,1
6634,20260712,1
6634,20260719,1
6634,20260726,1
6634,20260815,1
6634,20260822,1
6634,20260829,1
6635,20260715,1
6635,20260817,1
6635,20260824,1
6636,20260710,1
6636,20260717,1
6636,20260724,1
6636,20260807,1
6636,20260814,1
6637,20260706,1
6637,20260707,1
6637,20260708,1
6637,20260709,1
6637,20260716,1
6637,20260720,1
6637,20260721,1
6637,20260722,1
6637,20260723,1
6637,20260727,1
6637,20260728,1
6637,20260729,1
6637,20260730,1
6637,20260803,1
6637,20260804,1
6637,20260805,1
6637,20260806,1
6637,20260810,1
6637,20260811,1
6637,20260812,1
6637,20260813,1
6637,20260818,1
6637,20260819,1
6637,20260820,1
6638,20260412,1
6638,20260530,1
6638,20260531,1
6638,20260606,1
6638,20260607,1
6638,20260613,1
6638,20260614,1
6638,20260620,1
6638,20260621,1
6638,20260628,1
6638,20260714,1
6638,20260802,1
6638,20260809,1
6638,20260823,1
6638,20260830,1
6639,20260426,1
6639,20260502,1
6639,20260503,1
6639,20260510,1
6640,20260411,1
6640,20260627,1
6640,20260719,1
6640,20260726,1
6641,20260418,1
6641,20260705,1
6641,20260712,1
6642,20260419,1
6642,20260523,1
6643,20260715,1
6643,20260720,1
6643,20260721,1
6643,20260722,1
6643,20260727,1
6643,20260728,1
6643,20260729,1
6643,20260803,1
6643,20260804,1
6643,20260805,1
6643,20260806,1
6643,20260810,1
6643,20260811,1
6643,20260812,1
6643,20260813,1
6643,20260817,1
6643,20260818,1
6643,20260819,1
6643,20260820,1
6643,20260824,1
6643,20260825,1
6643,20260826,1
6643,20260827,1
6644,20260706,1
6644,20260707,1
6644,20260708,1
6644,20260709,1
6644,20260716,1
6644,20260723,1
6644,20260730,1
6645,20260713,1
6645,20260816,1
6646,20260404,1
6646,20260405,1
6646,20260406,1
6646,20260525,1
6667,20260525,1
6667,20260531,1
6667,20260607,1
6667,20260614,1
6667,20260621,1
6668,20260419,1
6668,20260628,1
6669,20260719,1
6669,20260726,1
6669,20260802,1
6669,20260809,1
6669,20260823,1
6669,20260830,1
6702,20260531,1
6702,20260607,1
6702,20260614,1
6702,20260621,1
6702,20260628,1
6702,20260705,1
6702,20260714,1
6702,20260719,1
6702,20260726,1
6702,20260816,1
6702,20260823,1
6702,20260830,1
6703,20260712,1
6703,20260802,1
6703,20260809,1
6732,20260410,1
6732,20260807,1
6732,20260814,1
6732,20260821,1
6732,20260828,1
6733,20260429,1
6733,20260506,1
6734,20260402,1
6734,20260521,1
6734,20260528,1
6734,20260604,1
6734,20260611,1
6734,20260618,1
6734,20260625,1
6735,20260629,1
6735,20260630,1
6735,20260701,1
6735,20260707,1
6735,20260715,1
6735,20260720,1
6735,20260721,1
6735,20260722,1
6735,20260727,1
6735,20260728,1
6735,20260729,1
6735,20260803,1
6735,20260804,1
6735,20260805,1
6735,20260806,1
6735,20260810,1
6735,20260811,1
6735,20260812,1
6735,20260813,1
6735,20260817,1
6735,20260818,1
6735,20260819,1
6735,20260820,1
6735,20260824,1
6735,20260825,1
6735,20260826,1
6735,20260827,1
6736,20260330,1
6736,20260331,1
6736,20260401,1
6736,20260407,1
6736,20260408,1
6736,20260409,1
6736,20260413,1
6736,20260414,1
6736,20260415,1
6736,20260416,1
6736,20260518,1
6736,20260519,1
6736,20260520,1
6736,20260526,1
6736,20260527,1
6736,20260601,1
6736,20260602,1
6736,20260603,1
6736,20260608,1
6736,20260609,1
6736,20260610,1
6736,20260615,1
6736,20260616,1
6736,20260617,1
6736,20260622,1
6736,20260623,1
6736,20260624,1
6737,20260403,1
6737,20260417,1
6737,20260522,1
6737,20260529,1
6737,20260605,1
6737,20260612,1
6737,20260619,1
6737,20260626,1
6737,20260703,1
6737,20260710,1
6737,20260717,1
6737,20260724,1
6737,20260731,1
6738,20260702,1
6738,20260706,1
6738,20260708,1
6738,20260709,1
6738,20260716,1
6738,20260723,1
6738,20260730,1
6739,20260420,1
6739,20260421,1
6739,20260422,1
6739,20260423,1
6739,20260427,1
6739,20260428,1
6739,20260504,1
6739,20260505,1
6739,20260511,1
6739,20260512,1
6753,20260404,1
6753,20260411,1
6753,20260418,1
6753,20260523,1
6753,20260530,1
6753,20260606,1
6753,20260613,1
6753,20260620,1
6753,20260627,1
6753,20260629,1
6753,20260630,1
6753,20260701,1
6753,20260702,1
6753,20260706,1
6753,20260707,1
6753,20260708,1
6753,20260709,1
6753,20260710,1
6753,20260711,1
6753,20260713,1
6753,20260715,1
6753,20260716,1
6753,20260717,1
6753,20260718,1
6753,20260720,1
6753,20260721,1
6753,20260722,1
6753,20260723,1
6753,20260724,1
6753,20260725,1
6753,20260727,1
6753,20260728,1
6753,20260729,1
6753,20260730,1
6753,20260803,1
6753,20260804,1
6753,20260805,1
6753,20260806,1
6753,20260807,1
6753,20260810,1
6753,20260811,1
6753,20260812,1
6753,20260813,1
6753,20260814,1
6753,20260817,1
6753,20260818,1
6753,20260819,1
6753,20260820,1
6753,20260821,1
6753,20260824,1
6753,20260825,1
6753,20260826,1
6753,20260827,1
6753,20260828,1
6754,20260420,1
6754,20260421,1
6754,20260422,1
6754,20260423,1
6754,20260424,1
6754,20260427,1
6754,20260428,1
6754,20260429,1
6754,20260430,1
6754,20260504,1
6754,20260505,1
6754,20260506,1
6754,20260507,1
6754,20260508,1
6754,20260511,1
6754,20260512,1
6754,20260513,1
6755,20260518,1
6755,20260519,1
6755,20260520,1
6755,20260521,1
6755,20260522,1
6755,20260526,1
6755,20260527,1
6755,20260528,1
6755,20260529,1
6755,20260601,1
6755,20260602,1
6755,20260603,1
6755,20260604,1
6755,20260605,1
6755,20260608,1
6755,20260609,1
6755,20260610,1
6755,20260611,1
6755,20260612,1
6755,20260615,1
6755,20260616,1
6755,20260617,1
6755,20260618,1
6755,20260619,1
6755,20260622,1
6755,20260623,1
6755,20260624,1
6755,20260625,1
6755,20260626,1
6782,20260628,1
6782,20260712,1
6794,20260308,1
6794,20260315,1
6794,20260322,1
6794,20260329,1
6794,20260405,1
6794,20260406,1
6794,20260412,1
6794,20260419,1
6794,20260525,1
6794,20260531,1
6794,20260607,1
6794,20260614,1
6794,20260621,1
6794,20260628,1
6794,20260712,1
6794,20260714,1
6794,20260719,1
6794,20260726,1
6794,20260802,1
6794,20260809,1
6794,20260823,1
6794,20260830,1
6868,20260519,1
6868,20260520,1
6868,20260521,1
6868,20260522,1
6868,20260527,1
6868,20260528,1
6868,20260529,1
6868,20260530,1
6868,20260602,1
6868,20260603,1
6868,20260604,1
6868,20260605,1
6868,20260606,1
6868,20260609,1
6868,20260610,1
6868,20260611,1
6868,20260612,1
6868,20260613,1
6868,20260616,1
6868,20260617,1
6868,20260618,1
6868,20260619,1
6868,20260620,1
6868,20260623,1
6868,20260624,1
6868,20260625,1
6868,20260626,1
6868,20260627,1
6868,20260630,1
6868,20260701,1
6868,20260702,1
6868,20260703,1
6868,20260707,1
6868,20260708,1
6868,20260709,1
6868,20260710,1
6868,20260716,1
6868,20260717,1
6869,20260518,1
6869,20260526,1
6869,20260601,1
6869,20260608,1
6869,20260615,1
6869,20260622,1
6869,20260629,1
6870,20260307,1
6870,20260314,1
6870,20260321,1
6870,20260328,1
6870,20260331,1
6870,20260401,1
6870,20260402,1
6870,20260403,1
6870,20260408,1
6870,20260409,1
6870,20260410,1
6870,20260414,1
6870,20260415,1
6870,20260416,1
6870,20260417,1
6871,20260504,1
6871,20260511,1
6872,20260706,1
6872,20260715,1
6872,20260720,1
6872,20260721,1
6872,20260722,1
6872,20260723,1
6872,20260724,1
6872,20260727,1
6872,20260728,1
6872,20260729,1
6872,20260730,1
6872,20260731,1
6872,20260803,1
6872,20260804,1
6872,20260805,1
6872,20260806,1
6872,20260807,1
6872,20260810,1
6872,20260811,1
6872,20260812,1
6872,20260813,1
6872,20260814,1
6872,20260817,1
6872,20260818,1
6872,20260819,1
6872,20260820,1
6872,20260821,1
6872,20260824,1
6872,20260825,1
6872,20260826,1
6872,20260827,1
6872,20260828,1
6873,20260330,1
6873,20260407,1
6873,20260413,1
6874,20260312,1
6874,20260316,1
6874,20260317,1
6874,20260318,1
6875,20260518,1
6875,20260519,1
6875,20260520,1
6875,20260521,1
6875,20260523,1
6875,20260526,1
6875,20260527,1
6875,20260528,1
6875,20260601,1
6875,20260602,1
6875,20260603,1
6875,20260604,1
6875,20260606,1
6875,20260608,1
6875,20260609,1
6875,20260610,1
6875,20260611,1
6875,20260613,1
6875,20260615,1
6875,20260616,1
6875,20260617,1
6875,20260618,1
6875,20260620,1
6875,20260622,1
6875,20260623,1
6875,20260624,1
6875,20260625,1
6875,20260627,1
6875,20260629,1
6875,20260630,1
6875,20260701,1
6875,20260702,1
6875,20260706,1
6875,20260707,1
6875,20260708,1
6875,20260709,1
6875,20260710,1
6875,20260711,1
6875,20260713,1
6875,20260715,1
6875,20260716,1
6875,20260717,1
6875,20260718,1
6875,20260720,1
6875,20260721,1
6875,20260722,1
6875,20260723,1
6875,20260724,1
6875,20260725,1
6875,20260727,1
6875,20260728,1
6875,20260729,1
6875,20260730,1
6875,20260731,1
6875,20260801,1
6875,20260803,1
6875,20260804,1
6875,20260805,1
6875,20260806,1
6875,20260807,1
6875,20260808,1
6875,20260810,1
6875,20260811,1
6875,20260812,1
6875,20260813,1
6875,20260814,1
6875,20260815,1
6875,20260817,1
6875,20260818,1
6875,20260819,1
6875,20260820,1
6875,20260821,1
6875,20260822,1
6875,20260824,1
6875,20260825,1
6875,20260826,1
6875,20260827,1
6875,20260828,1
6875,20260829,1
6876,20260327,1
6876,20260403,1
6876,20260410,1
6877,20260323,1
6877,20260324,1
6877,20260325,1
6877,20260326,1
6877,20260401,1
6877,20260402,1
6877,20260407,1
6877,20260408,1
6877,20260409,1
6877,20260413,1
6877,20260414,1
6877,20260415,1
6877,20260416,1
6878,20260411,1
6878,20260418,1
6878,20260425,1
6878,20260427,1
6878,20260428,1
6878,20260429,1
6878,20260504,1
6878,20260505,1
6878,20260506,1
6878,20260511,1
6878,20260512,1
6878,20260514,1
6879,20260309,1
6879,20260310,1
6879,20260311,1
6880,20260420,1
6880,20260421,1
6880,20260422,1
6880,20260423,1
6880,20260424,1
6880,20260427,1
6880,20260428,1
6880,20260429,1
6880,20260430,1
6880,20260504,1
6880,20260505,1
6880,20260506,1
6880,20260507,1
6880,20260511,1
6880,20260512,1
6880,20260513,1
6880,20260515,1
6881,20260306,1
6881,20260309,1
6881,20260310,1
6881,20260311,1
6881,20260312,1
6881,20260313,1
6881,20260316,1
6881,20260317,1
6881,20260318,1
6881,20260319,1
6881,20260320,1
6881,20260323,1
6881,20260324,1
6881,20260325,1
6881,20260326,1
6881,20260327,1
6881,20260330,1
6881,20260331,1
6881,20260401,1
6881,20260402,1
6881,20260403,1
6881,20260407,1
6881,20260408,1
6881,20260409,1
6881,20260410,1
6881,20260413,1
6881,20260414,1
6881,20260415,1
6881,20260416,1
6881,20260417,1
6881,20260518,1
6881,20260519,1
6881,20260520,1
6881,20260521,1
6881,20260522,1
6881,20260526,1
6881,20260527,1
6881,20260528,1
6881,20260529,1
6881,20260601,1
6881,20260602,1
6881,20260603,1
6881,20260604,1
6881,20260605,1
6881,20260608,1
6881,20260609,1
6881,20260610,1
6881,20260611,1
6881,20260612,1
6881,20260615,1
6881,20260616,1
6881,20260617,1
6881,20260618,1
6881,20260619,1
6881,20260622,1
6881,20260623,1
6881,20260624,1
6881,20260625,1
6881,20260626,1
6881,20260629,1
6881,20260630,1
6881,20260701,1
6881,20260702,1
6881,20260703,1
6881,20260706,1
6881,20260707,1
6881,20260708,1
6881,20260709,1
6881,20260710,1
6881,20260713,1
6881,20260715,1
6881,20260716,1
6881,20260717,1
6881,20260720,1
6881,20260721,1
6881,20260722,1
6881,20260723,1
6881,20260724,1
6881,20260727,1
6881,20260728,1
6881,20260729,1
6881,20260730,1
6881,20260731,1
6881,20260803,1
6881,20260804,1
6881,20260805,1
6881,20260806,1
6881,20260807,1
6881,20260810,1
6881,20260811,1
6881,20260812,1
6881,20260813,1
6881,20260814,1
6881,20260817,1
6881,20260818,1
6881,20260819,1
6881,20260820,1
6881,20260821,1
6881,20260824,1
6881,20260825,1
6881,20260826,1
6881,20260827,1
6881,20260828,1
6881,20260831,1
6888,20260312,1
6888,20260313,1
6888,20260316,1
6888,20260317,1
6888,20260318,1
6889,20260518,1
6889,20260519,1
6889,20260520,1
6889,20260521,1
6889,20260522,1
6889,20260524,1
6889,20260525,1
6889,20260526,1
6889,20260527,1
6889,20260528,1
6889,20260529,1
6889,20260601,1
6889,20260602,1
6889,20260603,1
6889,20260604,1
6889,20260605,1
6889,20260607,1
6889,20260608,1
6889,20260609,1
6889,20260610,1
6889,20260611,1
6889,20260612,1
6889,20260614,1
6889,20260615,1
6889,20260616,1
6889,20260617,1
6889,20260618,1
6889,20260619,1
6889,20260621,1
6889,20260622,1
6889,20260623,1
6889,20260624,1
6889,20260625,1
6889,20260626,1
6889,20260628,1
6889,20260629,1
6889,20260630,1
6889,20260701,1
6889,20260702,1
6889,20260703,1
6890,20260523,1
6890,20260606,1
6890,20260613,1
6890,20260620,1
6890,20260627,1
6891,20260706,1
6891,20260707,1
6891,20260708,1
6891,20260709,1
6891,20260712,1
6891,20260714,1
6891,20260715,1
6891,20260716,1
6891,20260719,1
6891,20260720,1
6891,20260721,1
6891,20260722,1
6891,20260723,1
6891,20260726,1
6891,20260727,1
6891,20260728,1
6891,20260729,1
6891,20260730,1
6891,20260802,1
6891,20260803,1
6891,20260804,1
6891,20260805,1
6891,20260806,1
6891,20260809,1
6891,20260810,1
6891,20260811,1
6891,20260812,1
6891,20260813,1
6891,20260816,1
6891,20260817,1
6891,20260818,1
6891,20260819,1
6891,20260820,1
6891,20260823,1
6891,20260824,1
6891,20260825,1
6891,20260826,1
6891,20260827,1
6891,20260830,1
6892,20260710,1
6892,20260711,1
6892,20260713,1
6892,20260717,1
6892,20260718,1
6892,20260724,1
6892,20260725,1
6892,20260731,1
6892,20260801,1
6892,20260807,1
6892,20260808,1
6892,20260815,1
6892,20260822,1
6892,20260829,1
6893,20260401,1
6893,20260402,1
6893,20260403,1
6893,20260405,1
6893,20260406,1
6893,20260407,1
6893,20260408,1
6893,20260409,1
6893,20260410,1
6893,20260412,1
6893,20260413,1
6893,20260414,1
6893,20260415,1
6893,20260416,1
6894,20260422,1
6894,20260423,1
6894,20260424,1
6894,20260427,1
6894,20260428,1
6894,20260429,1
6894,20260430,1
6894,20260504,1
6894,20260505,1
6894,20260506,1
6894,20260507,1
6894,20260511,1
6894,20260512,1
6894,20260513,1
6895,20260306,1
6895,20260308,1
6895,20260309,1
6895,20260310,1
6895,20260311,1
6895,20260315,1
6895,20260319,1
6895,20260320,1
6895,20260322,1
6895,20260323,1
6895,20260324,1
6895,20260325,1
6895,20260326,1
6895,20260327,1
6895,20260329,1
6950,20260518,1
6950,20260519,1
6950,20260520,1
6950,20260521,1
6950,20260525,1
6950,20260526,1
6950,20260527,1
6950,20260528,1
6950,20260601,1
6950,20260602,1
6950,20260603,1
6950,20260604,1
6950,20260608,1
6950,20260609,1
6950,20260610,1
6950,20260611,1
6950,20260615,1
6950,20260616,1
6950,20260617,1
6950,20260618,1
6950,20260622,1
6950,20260623,1
6950,20260624,1
6950,20260629,1
6950,20260630,1
6950,20260701,1
6950,20260702,1
6951,20260523,1
6951,20260524,1
6951,20260606,1
6951,20260607,1
6951,20260613,1
6951,20260614,1
6951,20260620,1
6951,20260621,1
6952,20260413,1
6952,20260414,1
6952,20260422,1
6952,20260423,1
6953,20260404,1
6953,20260405,1
6953,20260411,1
6953,20260425,1
6954,20260401,1
6954,20260402,1
6955,20260330,1
6955,20260331,1
6955,20260415,1
6955,20260416,1
6956,20260707,1
6956,20260713,1
6956,20260714,1
6956,20260720,1
6956,20260721,1
6956,20260727,1
6956,20260728,1
6956,20260729,1
6956,20260730,1
6956,20260803,1
6956,20260804,1
6956,20260805,1
6956,20260806,1
6956,20260810,1
6956,20260811,1
6956,20260817,1
6956,20260818,1
6956,20260820,1
6956,20260824,1
6956,20260825,1
6957,20260706,1
6957,20260708,1
6957,20260709,1
6957,20260710,1
6957,20260715,1
6957,20260716,1
6957,20260717,1
6957,20260722,1
6957,20260723,1
6957,20260724,1
6957,20260731,1
6957,20260807,1
6957,20260812,1
6957,20260813,1
6957,20260814,1
6957,20260819,1
6957,20260821,1
6957,20260826,1
6957,20260827,1
6957,20260828,1
6958,20260501,1
6958,20260508,1
6958,20260511,1
6958,20260512,1
6958,20260514,1
6958,20260515,1
6958,20260831,1
6959,20260502,1
6959,20260503,1
6959,20260711,1
6959,20260718,1
6959,20260719,1
6959,20260725,1
6959,20260726,1
6959,20260801,1
6959,20260802,1
6959,20260808,1
6959,20260809,1
6959,20260815,1
6959,20260816,1
6959,20260822,1
6959,20260823,1
6959,20260829,1
6959,20260830,1
6960,20260516,1
6960,20260517,1
6960,20260712,1
6961,20260309,1
6961,20260314,1
6961,20260315,1
6961,20260316,1
6961,20260317,1
6961,20260318,1
6961,20260319,1
6961,20260321,1
6961,20260322,1
6961,20260328,1
6961,20260329,1
7009,20260615,1
7009,20260616,1
7009,20260617,1
7009,20260618,1
7009,20260622,1
7009,20260623,1
7009,20260624,1
7009,20260625,1
7009,20260629,1
7009,20260702,1
7010,20260525,1
7010,20260607,1
7010,20260614,1
7010,20260621,1
7010,20260628,1
7010,20260703,1
7011,20260627,1
7011,20260704,1
7011,20260705,1
7012,20260813,1
7013,20260330,1
7013,20260331,1
7013,20260401,1
7013,20260402,1
7013,20260407,1
7013,20260408,1
7013,20260409,1
7013,20260413,1
7013,20260414,1
7013,20260415,1
7014,20260707,1
7014,20260713,1
7014,20260714,1
7014,20260715,1
7014,20260716,1
7014,20260720,1
7014,20260721,1
7014,20260722,1
7014,20260723,1
7014,20260730,1
7014,20260803,1
7014,20260804,1
7014,20260805,1
7014,20260806,1
7014,20260810,1
7014,20260811,1
7014,20260817,1
7014,20260818,1
7014,20260819,1
7014,20260820,1
7014,20260824,1
7014,20260825,1
7014,20260830,1
7015,20260706,1
7015,20260708,1
7015,20260709,1
7015,20260710,1
7015,20260711,1
7015,20260712,1
7015,20260717,1
7015,20260718,1
7015,20260719,1
7015,20260724,1
7015,20260725,1
7015,20260726,1
7015,20260727,1
7015,20260728,1
7015,20260729,1
7015,20260731,1
7015,20260801,1
7015,20260802,1
7015,20260807,1
7015,20260808,1
7015,20260809,1
7015,20260812,1
7015,20260814,1
7015,20260815,1
7015,20260816,1
7015,20260821,1
7015,20260822,1
7015,20260823,1
7015,20260826,1
7015,20260827,1
7015,20260828,1
7015,20260829,1
7052,20260308,1
7052,20260315,1
7052,20260322,1
7052,20260329,1
7052,20260405,1
7052,20260406,1
7052,20260412,1
7052,20260419,1
7052,20260426,1
7052,20260501,1
7052,20260503,1
7052,20260508,1
7052,20260510,1
7052,20260514,1
7052,20260517,1
7052,20260524,1
7052,20260525,1
7052,20260531,1
7052,20260607,1
7052,20260614,1
7052,20260621,1
7052,20260628,1
7055,20260307,1
7055,20260308,1
7055,20260314,1
7055,20260315,1
7055,20260321,1
7055,20260322,1
7055,20260328,1
7055,20260329,1
7055,20260404,1
7055,20260405,1
7055,20260406,1
7055,20260411,1
7055,20260412,1
7055,20260418,1
7055,20260419,1
7055,20260425,1
7055,20260426,1
7055,20260501,1
7055,20260502,1
7055,20260503,1
7055,20260508,1
7055,20260509,1
7055,20260510,1
7055,20260514,1
7055,20260516,1
7055,20260517,1
7055,20260523,1
7055,20260524,1
7055,20260525,1
7055,20260530,1
7055,20260531,1
7055,20260606,1
7055,20260607,1
7055,20260613,1
7055,20260614,1
7055,20260620,1
7055,20260621,1
7055,20260627,1
7055,20260628,1
7057,20260518,1
7057,20260519,1
7057,20260520,1
7057,20260521,1
7057,20260526,1
7057,20260527,1
7057,20260528,1
7057,20260601,1
7057,20260602,1
7057,20260603,1
7057,20260604,1
7057,20260608,1
7057,20260609,1
7057,20260610,1
7057,20260611,1
7057,20260615,1
7057,20260616,1
7057,20260617,1
7057,20260618,1
7057,20260622,1
7057,20260623,1
7057,20260624,1
7057,20260625,1
7057,20260629,1
7057,20260630,1
7057,20260701,1
7057,20260702,1
7057,20260703,1
7057,20260706,1
7057,20260707,1
7057,20260708,1
7057,20260709,1
7057,20260710,1
7057,20260715,1
7057,20260716,1
7057,20260717,1
7057,20260720,1
7057,20260721,1
7057,20260722,1
7057,20260723,1
7057,20260724,1
7057,20260727,1
7057,20260728,1
7057,20260729,1
7057,20260730,1
7057,20260731,1
7057,20260803,1
7057,20260804,1
7057,20260805,1
7057,20260806,1
7057,20260807,1
7057,20260810,1
7057,20260811,1
7057,20260812,1
7057,20260813,1
7057,20260814,1
7057,20260817,1
7057,20260818,1
7057,20260819,1
7057,20260820,1
7057,20260821,1
7057,20260824,1
7057,20260825,1
7057,20260826,1
7057,20260827,1
7057,20260828,1
7058,20260524,1
7058,20260525,1
7058,20260607,1
7058,20260614,1
7058,20260621,1
7058,20260628,1
7058,20260705,1
7058,20260712,1
7058,20260714,1
7058,20260719,1
7058,20260726,1
7058,20260802,1
7058,20260809,1
7058,20260823,1
7058,20260830,1
7059,20260330,1
7059,20260331,1
7059,20260401,1
7059,20260402,1
7059,20260407,1
7059,20260408,1
7059,20260409,1
7059,20260413,1
7059,20260414,1
7059,20260415,1
7059,20260416,1
7059,20260417,1
7059,20260420,1
7059,20260421,1
7059,20260422,1
7059,20260423,1
7059,20260424,1
7059,20260427,1
7059,20260428,1
7059,20260429,1
7059,20260430,1
7059,20260504,1
7059,20260505,1
7059,20260506,1
7059,20260511,1
7059,20260512,1
7060,20260405,1
7060,20260406,1
7060,20260412,1
7060,20260419,1
7060,20260426,1
7060,20260503,1
7060,20260510,1
7060,20260517,1
7061,20260403,1
7061,20260410,1
7061,20260507,1
7061,20260513,1
7062,20260404,1
7062,20260411,1
7062,20260418,1
7062,20260425,1
7062,20260502,1
7062,20260514,1
7062,20260515,1
7062,20260516,1
7076,20260522,1
7076,20260529,1
7076,20260605,1
7076,20260612,1
7076,20260619,1
7076,20260626,1
7076,20260703,1
7076,20260710,1
7076,20260717,1
7076,20260724,1
7076,20260731,1
7076,20260807,1
7076,20260814,1
7076,20260821,1
7076,20260828,1
7077,20260412,1
7077,20260419,1
7077,20260426,1
7077,20260503,1
7077,20260510,1
7077,20260517,1
7077,20260607,1
7077,20260614,1
7077,20260621,1
7077,20260628,1
7078,20260405,1
7078,20260705,1
7078,20260712,1
7078,20260719,1
7078,20260726,1
7078,20260802,1
7078,20260809,1
7078,20260816,1
7078,20260823,1
7078,20260830,1
7126,20260712,1
7126,20260714,1
7126,20260719,1
7175,20260421,1
7175,20260422,1
7175,20260423,1
7175,20260428,1
7175,20260429,1
7175,20260505,1
7175,20260506,1
7175,20260507,1
7175,20260512,1
7175,20260513,1
7176,20260306,1
7176,20260310,1
7176,20260311,1
7176,20260312,1
7176,20260313,1
7176,20260317,1
7176,20260318,1
7176,20260319,1
7176,20260320,1
7176,20260324,1
7176,20260325,1
7176,20260326,1
7176,20260327,1
7176,20260331,1
7176,20260401,1
7176,20260402,1
7176,20260403,1
7176,20260408,1
7176,20260409,1
7176,20260410,1
7176,20260414,1
7176,20260415,1
7176,20260416,1
7176,20260417,1
7176,20260519,1
7176,20260520,1
7176,20260521,1
7176,20260522,1
7176,20260527,1
7176,20260528,1
7176,20260529,1
7176,20260602,1
7176,20260603,1
7176,20260604,1
7176,20260605,1
7176,20260609,1
7176,20260610,1
7176,20260611,1
7176,20260612,1
7176,20260616,1
7176,20260617,1
7176,20260618,1
7176,20260623,1
7176,20260624,1
7176,20260625,1
7176,20260626,1
7176,20260630,1
7176,20260701,1
7176,20260702,1
7178,20260330,1
7178,20260331,1
7178,20260401,1
7178,20260402,1
7178,20260403,1
7178,20260407,1
7178,20260408,1
7178,20260409,1
7178,20260410,1
7178,20260413,1
7178,20260414,1
7178,20260415,1
7178,20260416,1
7178,20260518,1
7178,20260519,1
7178,20260520,1
7178,20260521,1
7178,20260522,1
7178,20260526,1
7178,20260527,1
7178,20260528,1
7178,20260529,1
7178,20260601,1
7178,20260602,1
7178,20260603,1
7178,20260604,1
7178,20260605,1
7178,20260608,1
7178,20260609,1
7178,20260610,1
7178,20260611,1
7178,20260612,1
7178,20260615,1
7178,20260616,1
7178,20260617,1
7178,20260618,1
7178,20260619,1
7178,20260622,1
7178,20260623,1
7178,20260624,1
7178,20260625,1
7178,20260626,1
7178,20260629,1
7178,20260630,1
7178,20260701,1
7178,20260702,1
7179,20260706,1
7179,20260707,1
7179,20260708,1
7179,20260709,1
7179,20260710,1
7179,20260715,1
7179,20260716,1
7179,20260717,1
7179,20260720,1
7179,20260721,1
7179,20260722,1
7179,20260723,1
7179,20260724,1
7179,20260727,1
7179,20260728,1
7179,20260729,1
7179,20260730,1
7179,20260803,1
7179,20260804,1
7179,20260805,1
7179,20260806,1
7179,20260807,1
7179,20260810,1
7179,20260811,1
7179,20260812,1
7179,20260813,1
7179,20260814,1
7179,20260817,1
7179,20260818,1
7179,20260819,1
7179,20260820,1
7179,20260824,1
7179,20260825,1
7179,20260826,1
7179,20260827,1
7180,20260314,1
7180,20260321,1
7180,20260328,1
7180,20260411,1
7180,20260418,1
7180,20260627,1
7181,20260518,1
7181,20260526,1
7182,20260519,1
7182,20260520,1
7182,20260521,1
7182,20260522,1
7182,20260527,1
7182,20260528,1
7182,20260529,1
7182,20260601,1
7182,20260602,1
7182,20260603,1
7182,20260604,1
7182,20260605,1
7182,20260608,1
7182,20260609,1
7182,20260610,1
7182,20260611,1
7182,20260612,1
7182,20260615,1
7182,20260616,1
7182,20260617,1
7182,20260618,1
7182,20260619,1
7183,20260425,1
7183,20260501,1
7183,20260502,1
7183,20260508,1
7184,20260306,1
7184,20260309,1
7184,20260310,1
7184,20260311,1
7184,20260312,1
7184,20260313,1
7184,20260316,1
7184,20260317,1
7184,20260318,1
7184,20260319,1
7184,20260320,1
7184,20260323,1
7184,20260324,1
7184,20260325,1
7184,20260326,1
7184,20260327,1
7184,20260330,1
7184,20260331,1
7184,20260401,1
7184,20260402,1
7184,20260403,1
7184,20260407,1
7184,20260408,1
7184,20260409,1
7184,20260410,1
7184,20260413,1
7184,20260414,1
7184,20260415,1
7184,20260416,1
7184,20260417,1
7184,20260622,1
7184,20260623,1
7184,20260624,1
7184,20260625,1
7184,20260626,1
7184,20260629,1
7184,20260630,1
7184,20260701,1
7184,20260702,1
7185,20260713,1
7185,20260807,1
7185,20260815,1
7185,20260822,1
7185,20260829,1
7186,20260704,1
7186,20260710,1
7186,20260711,1
7186,20260717,1
7186,20260718,1
7186,20260724,1
7186,20260725,1
7186,20260731,1
7186,20260801,1
7186,20260808,1
7187,20260307,1
7187,20260314,1
7187,20260321,1
7187,20260328,1
7187,20260411,1
7187,20260418,1
7187,20260530,1
7187,20260606,1
7187,20260613,1
7187,20260620,1
7187,20260627,1
7187,20260708,1
7187,20260709,1
7187,20260715,1
7187,20260716,1
7187,20260720,1
7187,20260721,1
7187,20260722,1
7187,20260723,1
7187,20260727,1
7187,20260728,1
7187,20260729,1
7187,20260730,1
7187,20260803,1
7187,20260804,1
7187,20260805,1
7187,20260806,1
7187,20260810,1
7187,20260811,1
7187,20260812,1
7187,20260813,1
7187,20260814,1
7187,20260817,1
7187,20260818,1
7187,20260819,1
7187,20260820,1
7187,20260821,1
7187,20260824,1
7187,20260825,1
7187,20260826,1
7187,20260827,1
7187,20260828,1
7196,20260315,1
7196,20260404,1
7196,20260405,1
7196,20260406,1
7197,20260420,1
7197,20260421,1
7197,20260422,1
7197,20260423,1
7197,20260424,1
7197,20260427,1
7197,20260428,1
7197,20260430,1
7197,20260501,1
7197,20260504,1
7197,20260505,1
7197,20260506,1
7197,20260507,1
7197,20260508,1
7197,20260511,1
7197,20260512,1
7197,20260513,1
7198,20260429,1
7198,20260502,1
7199,20260518,1
7199,20260526,1
7199,20260607,1
7199,20260614,1
7199,20260621,1
7199,20260706,1
7199,20260713,1
7199,20260715,1
7199,20260720,1
7199,20260727,1
7199,20260803,1
7199,20260810,1
7199,20260817,1
7199,20260818,1
7199,20260819,1
7199,20260821,1
7199,20260824,1
7199,20260825,1
7199,20260826,1
7199,20260828,1
7200,20260714,1
7200,20260731,1
7201,20260307,1
7201,20260308,1
7201,20260412,1
7201,20260418,1
7201,20260419,1
7201,20260627,1
7201,20260630,1
7201,20260701,1
7202,20260306,1
7202,20260309,1
7202,20260310,1
7202,20260311,1
7202,20260312,1
7202,20260313,1
7202,20260314,1
7202,20260316,1
7202,20260317,1
7202,20260318,1
7202,20260319,1
7202,20260320,1
7202,20260321,1
7202,20260322,1
7202,20260323,1
7202,20260324,1
7202,20260325,1
7202,20260326,1
7202,20260327,1
7202,20260328,1
7202,20260329,1
7202,20260330,1
7202,20260331,1
7202,20260401,1
7202,20260402,1
7202,20260403,1
7202,20260407,1
7202,20260408,1
7202,20260409,1
7202,20260410,1
7202,20260411,1
7202,20260413,1
7202,20260414,1
7202,20260415,1
7202,20260416,1
7202,20260417,1
7202,20260519,1
7202,20260520,1
7202,20260521,1
7202,20260522,1
7202,20260523,1
7202,20260527,1
7202,20260528,1
7202,20260529,1
7202,20260601,1
7202,20260602,1
7202,20260603,1
7202,20260604,1
7202,20260605,1
7202,20260606,1
7202,20260608,1
7202,20260609,1
7202,20260610,1
7202,20260611,1
7202,20260612,1
7202,20260613,1
7202,20260615,1
7202,20260616,1
7202,20260617,1
7202,20260618,1
7202,20260619,1
7202,20260620,1
7202,20260622,1
7202,20260623,1
7202,20260624,1
7202,20260625,1
7202,20260626,1
7202,20260629,1
7202,20260702,1
7202,20260707,1
7202,20260708,1
7202,20260709,1
7202,20260710,1
7202,20260716,1
7202,20260717,1
7202,20260721,1
7202,20260722,1
7202,20260723,1
7202,20260724,1
7202,20260728,1
7202,20260729,1
7202,20260730,1
7202,20260804,1
7202,20260805,1
7202,20260806,1
7202,20260807,1
7202,20260811,1
7202,20260812,1
7202,20260813,1
7202,20260814,1
7202,20260820,1
7202,20260827,1
7208,20260522,1
7208,20260523,1
7208,20260529,1
7208,20260612,1
7208,20260619,1
7208,20260626,1
7209,20260411,1
7209,20260418,1
7209,20260419,1
7210,20260404,1
7210,20260406,1
7210,20260524,1
7211,20260426,1
7211,20260502,1
7211,20260503,1
7212,20260714,1
7212,20260814,1
7213,20260719,1
7213,20260726,1
7213,20260802,1
7213,20260809,1
7213,20260821,1
7213,20260823,1
7213,20260828,1
7213,20260830,1
7214,20260713,1
7214,20260807,1
7215,20260815,1
7215,20260816,1
7215,20260822,1
7215,20260829,1
7216,20260313,1
7216,20260314,1
7216,20260315,1
7216,20260320,1
7216,20260321,1
7216,20260322,1
7216,20260328,1
7216,20260329,1
7216,20260412,1
7216,20260530,1
7216,20260531,1
7216,20260606,1
7216,20260607,1
7216,20260613,1
7216,20260614,1
7216,20260620,1
7216,20260621,1
7217,20260306,1
7217,20260307,1
7217,20260308,1
7217,20260627,1
7217,20260628,1
7219,20260421,1
7219,20260422,1
7219,20260423,1
7219,20260427,1
7219,20260428,1
7219,20260504,1
7219,20260505,1
7219,20260511,1
7219,20260512,1
7220,20260521,1
7220,20260528,1
7220,20260604,1
7220,20260611,1
7220,20260618,1
7220,20260625,1
7220,20260702,1
7220,20260707,1
7220,20260708,1
7220,20260709,1
7220,20260716,1
7220,20260723,1
7220,20260730,1
7221,20260420,1
7221,20260429,1
7221,20260506,1
7222,20260630,1
7222,20260701,1
7222,20260827,1
7223,20260309,1
7223,20260310,1
7223,20260311,1
7223,20260312,1
7223,20260316,1
7223,20260317,1
7223,20260318,1
7223,20260319,1
7223,20260323,1
7223,20260324,1
7223,20260325,1
7223,20260326,1
7223,20260330,1
7223,20260331,1
7223,20260401,1
7223,20260402,1
7223,20260407,1
7223,20260408,1
7223,20260409,1
7223,20260413,1
7223,20260414,1
7223,20260415,1
7223,20260416,1
7223,20260518,1
7223,20260519,1
7223,20260520,1
7223,20260526,1
7223,20260527,1
7223,20260601,1
7223,20260602,1
7223,20260603,1
7223,20260608,1
7223,20260609,1
7223,20260610,1
7223,20260615,1
7223,20260616,1
7223,20260617,1
7223,20260622,1
7223,20260623,1
7223,20260624,1
7223,20260629,1
7223,20260715,1
7223,20260720,1
7223,20260721,1
7223,20260722,1
7223,20260727,1
7223,20260728,1
7223,20260729,1
7223,20260803,1
7223,20260804,1
7223,20260805,1
7223,20260806,1
7223,20260810,1
7223,20260811,1
7223,20260812,1
7223,20260813,1
7223,20260817,1
7223,20260818,1
7223,20260819,1
7223,20260820,1
7223,20260824,1
7223,20260825,1
7223,20260826,1
7224,20260421,1
7224,20260422,1
7224,20260423,1
7224,20260424,1
7224,20260427,1
7224,20260428,1
7224,20260429,1
7224,20260430,1
7224,20260504,1
7224,20260505,1
7224,20260506,1
7224,20260507,1
7224,20260511,1
7224,20260512,1
7224,20260513,1
7225,20260322,1
7225,20260323,1
7225,20260324,1
7225,20260325,1
7225,20260326,1
7225,20260327,1
7225,20260329,1
7225,20260330,1
7225,20260331,1
7225,20260401,1
7225,20260402,1
7225,20260403,1
7225,20260407,1
7225,20260408,1
7225,20260409,1
7225,20260410,1
7225,20260413,1
7225,20260414,1
7225,20260415,1
7225,20260416,1
7225,20260417,1
7225,20260519,1
7225,20260520,1
7225,20260521,1
7225,20260522,1
7225,20260527,1
7225,20260528,1
7225,20260529,1
7225,20260601,1
7225,20260602,1
7225,20260603,1
7225,20260604,1
7225,20260605,1
7225,20260608,1
7225,20260609,1
7225,20260610,1
7225,20260611,1
7225,20260612,1
7225,20260615,1
7225,20260616,1
7225,20260617,1
7225,20260618,1
7225,20260619,1
7225,20260622,1
7225,20260623,1
7225,20260624,1
7225,20260625,1
7225,20260626,1
7225,20260629,1
7225,20260630,1
7225,20260701,1
7225,20260702,1
7225,20260707,1
7225,20260708,1
7225,20260709,1
7225,20260710,1
7225,20260716,1
7225,20260717,1
7225,20260720,1
7225,20260721,1
7225,20260722,1
7225,20260723,1
7225,20260724,1
7225,20260727,1
7225,20260728,1
7225,20260729,1
7225,20260730,1
7225,20260803,1
7225,20260804,1
7225,20260805,1
7225,20260806,1
7225,20260807,1
7225,20260810,1
7225,20260811,1
7225,20260812,1
7225,20260813,1
7225,20260814,1
7225,20260819,1
7225,20260820,1
7226,20260308,1
7226,20260706,1
7226,20260712,1
7227,20260412,1
7227,20260419,1
7227,20260703,1
7227,20260731,1
7227,20260831,1
7228,20260531,1
7228,20260607,1
7228,20260614,1
7228,20260621,1
7228,20260628,1
7228,20260714,1
7228,20260719,1
7228,20260726,1
7228,20260802,1
7228,20260809,1
7228,20260816,1
7228,20260823,1
7228,20260830,1
7229,20260518,1
7229,20260526,1
7229,20260705,1
7229,20260715,1
7229,20260817,1
7229,20260818,1
7229,20260821,1
7229,20260824,1
7229,20260825,1
7229,20260826,1
7229,20260827,1
7230,20260308,1
7230,20260705,1
7230,20260809,1
7231,20260315,1
7231,20260322,1
7231,20260329,1
7231,20260412,1
7231,20260712,1
7231,20260714,1
7231,20260719,1
7231,20260726,1
7231,20260802,1
7231,20260823,1
7231,20260830,1
7232,20260525,1
7232,20260531,1
7232,20260607,1
7232,20260614,1
7232,20260621,1
7232,20260628,1
7237,20260314,1
7237,20260404,1
7237,20260523,1
7238,20260418,1
7238,20260706,1
7238,20260708,1
7238,20260709,1
7238,20260716,1
7238,20260723,1
7239,20260421,1
7239,20260422,1
7239,20260423,1
7239,20260427,1
7239,20260428,1
7239,20260502,1
7239,20260504,1
7239,20260505,1
7239,20260511,1
7239,20260512,1
7240,20260429,1
7240,20260501,1
7240,20260506,1
7241,20260521,1
7241,20260528,1
7241,20260604,1
7241,20260611,1
7241,20260618,1
7241,20260625,1
7241,20260702,1
7241,20260707,1
7241,20260730,1
7242,20260403,1
7242,20260522,1
7242,20260529,1
7242,20260605,1
7242,20260612,1
7242,20260619,1
7242,20260626,1
7243,20260417,1
7243,20260703,1
7243,20260704,1
7243,20260710,1
7243,20260711,1
7243,20260717,1
7243,20260718,1
7243,20260724,1
7243,20260725,1
7243,20260731,1
7243,20260801,1
7243,20260808,1
7244,20260411,1
7244,20260627,1
7244,20260715,1
7244,20260722,1
7244,20260812,1
7244,20260813,1
7244,20260819,1
7244,20260826,1
7244,20260827,1
7245,20260306,1
7245,20260313,1
7245,20260320,1
7245,20260327,1
7245,20260410,1
7245,20260713,1
7246,20260807,1
7246,20260814,1
7246,20260815,1
7246,20260821,1
7246,20260822,1
7246,20260828,1
7246,20260829,1
7247,20260307,1
7247,20260309,1
7247,20260310,1
7247,20260311,1
7247,20260312,1
7247,20260316,1
7247,20260317,1
7247,20260318,1
7247,20260319,1
7247,20260321,1
7247,20260323,1
7247,20260324,1
7247,20260325,1
7247,20260326,1
7247,20260328,1
7247,20260330,1
7247,20260331,1
7247,20260401,1
7247,20260402,1
7247,20260407,1
7247,20260408,1
7247,20260409,1
7247,20260413,1
7247,20260414,1
7247,20260415,1
7247,20260416,1
7247,20260518,1
7247,20260519,1
7247,20260520,1
7247,20260526,1
7247,20260527,1
7247,20260530,1
7247,20260601,1
7247,20260602,1
7247,20260603,1
7247,20260606,1
7247,20260608,1
7247,20260609,1
7247,20260610,1
7247,20260613,1
7247,20260615,1
7247,20260616,1
7247,20260617,1
7247,20260620,1
7247,20260622,1
7247,20260623,1
7247,20260624,1
7247,20260629,1
7247,20260630,1
7247,20260701,1
7247,20260720,1
7247,20260721,1
7247,20260727,1
7247,20260728,1
7247,20260729,1
7247,20260803,1
7247,20260804,1
7247,20260805,1
7247,20260806,1
7247,20260810,1
7247,20260811,1
7247,20260817,1
7247,20260818,1
7247,20260820,1
7247,20260824,1
7247,20260825,1
7259,20260522,1
7259,20260529,1
7259,20260530,1
7259,20260605,1
7259,20260606,1
7259,20260612,1
7259,20260613,1
7259,20260619,1
7259,20260620,1
7259,20260626,1
7259,20260627,1
7260,20260705,1
7260,20260719,1
7260,20260726,1
7260,20260802,1
7260,20260809,1
7260,20260816,1
7260,20260823,1
7260,20260830,1
7261,20260713,1
7261,20260717,1
7261,20260724,1
7261,20260807,1
7261,20260814,1
7261,20260821,1
7261,20260828,1
7262,20260707,1
7262,20260708,1
7262,20260721,1
7262,20260723,1
7262,20260728,1
7262,20260730,1
7262,20260803,1
7262,20260804,1
7262,20260805,1
7262,20260806,1
7262,20260810,1
7262,20260811,1
7262,20260812,1
7262,20260819,1
7263,20260712,1
7263,20260731,1
7263,20260822,1
7264,20260710,1
7264,20260711,1
7264,20260725,1
7265,20260709,1
7265,20260716,1
7265,20260722,1
7265,20260729,1
7265,20260813,1
7265,20260820,1
7266,20260704,1
7266,20260801,1
7266,20260815,1
7266,20260829,1
7267,20260706,1
7267,20260715,1
7267,20260720,1
7267,20260727,1
7267,20260817,1
7267,20260818,1
7267,20260825,1
7267,20260826,1
7267,20260827,1
7268,20260824,1
7269,20260420,1
7269,20260421,1
7269,20260422,1
7269,20260423,1
7269,20260428,1
7269,20260504,1
7269,20260505,1
7269,20260506,1
7269,20260507,1
7269,20260511,1
7269,20260512,1
7269,20260513,1
7270,20260424,1
7270,20260501,1
7271,20260330,1
7271,20260331,1
7271,20260401,1
7271,20260402,1
7271,20260403,1
7271,20260407,1
7271,20260408,1
7271,20260409,1
7271,20260410,1
7271,20260411,1
7271,20260413,1
7271,20260414,1
7271,20260415,1
7271,20260416,1
7271,20260417,1
7272,20260519,1
7272,20260520,1
7272,20260521,1
7272,20260527,1
7272,20260528,1
7272,20260601,1
7272,20260602,1
7272,20260604,1
7272,20260608,1
7272,20260609,1
7272,20260610,1
7272,20260611,1
7272,20260615,1
7272,20260616,1
7272,20260617,1
7272,20260618,1
7272,20260622,1
7272,20260623,1
7272,20260624,1
7272,20260625,1
7272,20260629,1
7272,20260630,1
7272,20260701,1
7272,20260702,1
7273,20260603,1
7273,20260831,1
7274,20260321,1
7274,20260328,1
7274,20260606,1
7274,20260613,1
7275,20260314,1
7275,20260523,1
7276,20260308,1
7276,20260315,1
7276,20260322,1
7276,20260329,1
7276,20260412,1
7276,20260419,1
7276,20260525,1
7277,20260306,1
7277,20260313,1
7277,20260320,1
7277,20260327,1
7277,20260410,1
7277,20260417,1
7277,20260522,1
7277,20260529,1
7277,20260605,1
7277,20260612,1
7277,20260619,1
7277,20260626,1
7278,20260426,1
7278,20260510,1
7278,20260517,1
7279,20260808,1
7279,20260815,1
7279,20260829,1
7280,20260704,1
7280,20260801,1
7280,20260822,1
7281,20260411,1
7281,20260530,1
7281,20260620,1
7281,20260627,1
7282,20260710,1
7282,20260807,1
7282,20260814,1
7283,20260424,1
7283,20260430,1
7283,20260501,1
7283,20260507,1
7284,20260330,1
7284,20260331,1
7284,20260401,1
7284,20260402,1
7284,20260407,1
7284,20260408,1
7284,20260409,1
7284,20260410,1
7284,20260413,1
7284,20260414,1
7284,20260415,1
7284,20260416,1
7284,20260417,1
7284,20260519,1
7284,20260520,1
7284,20260521,1
7284,20260522,1
7284,20260527,1
7284,20260528,1
7284,20260529,1
7284,20260601,1
7284,20260602,1
7284,20260603,1
7284,20260604,1
7284,20260605,1
7284,20260608,1
7284,20260609,1
7284,20260610,1
7284,20260611,1
7284,20260612,1
7284,20260615,1
7284,20260616,1
7284,20260617,1
7284,20260618,1
7284,20260619,1
7284,20260622,1
7284,20260623,1
7284,20260624,1
7284,20260625,1
7284,20260626,1
7284,20260629,1
7284,20260630,1
7284,20260701,1
7284,20260702,1
7284,20260706,1
7284,20260707,1
7284,20260708,1
7284,20260709,1
7284,20260710,1
7284,20260716,1
7284,20260717,1
7284,20260720,1
7284,20260721,1
7284,20260722,1
7284,20260723,1
7284,20260724,1
7284,20260727,1
7284,20260728,1
7284,20260729,1
7284,20260730,1
7284,20260803,1
7284,20260804,1
7284,20260805,1
7284,20260806,1
7284,20260807,1
7284,20260810,1
7284,20260811,1
7284,20260812,1
7284,20260813,1
7284,20260814,1
7284,20260820,1
7285,20260412,1
7285,20260419,1
7285,20260703,1
7285,20260712,1
7285,20260731,1
7285,20260831,1
7286,20260406,1
7286,20260525,1
7286,20260531,1
7286,20260607,1
7286,20260614,1
7286,20260621,1
7286,20260628,1
7286,20260705,1
7286,20260714,1
7286,20260719,1
7286,20260726,1
7286,20260802,1
7286,20260809,1
7286,20260816,1
7286,20260823,1
7286,20260830,1
7287,20260518,1
7287,20260526,1
7287,20260715,1
7287,20260817,1
7287,20260818,1
7287,20260819,1
7287,20260821,1
7287,20260824,1
7287,20260825,1
7287,20260826,1
7287,20260827,1
7287,20260828,1
7288,20260429,1
7288,20260503,1
7288,20260510,1
7288,20260517,1
7289,20260406,1
7289,20260412,1
7289,20260521,1
7289,20260528,1
7289,20260604,1
7289,20260611,1
7289,20260618,1
7289,20260625,1
7289,20260702,1
7290,20260714,1
7290,20260719,1
7290,20260720,1
7290,20260721,1
7290,20260722,1
7290,20260726,1
7290,20260727,1
7290,20260729,1
7290,20260802,1
7290,20260803,1
7290,20260804,1
7290,20260805,1
7290,20260806,1
7290,20260809,1
7290,20260810,1
7290,20260811,1
7290,20260813,1
7290,20260817,1
7290,20260818,1
7290,20260820,1
7290,20260823,1
7290,20260824,1
7290,20260825,1
7290,20260826,1
7290,20260827,1
7290,20260830,1
7291,20260713,1
7291,20260807,1
7291,20260814,1
7291,20260816,1
7291,20260828,1
7292,20260712,1
7292,20260715,1
7292,20260728,1
7292,20260812,1
7292,20260819,1
7293,20260706,1
7293,20260707,1
7293,20260716,1
7293,20260730,1
7294,20260705,1
7294,20260708,1
7294,20260709,1
7294,20260723,1
7295,20260704,1
7295,20260711,1
7295,20260718,1
7295,20260725,1
7295,20260801,1
7296,20260419,1
7296,20260525,1
7296,20260531,1
7296,20260607,1
7296,20260614,1
7296,20260621,1
7296,20260628,1
7297,20260420,1
7297,20260426,1
7298,20260309,1
7298,20260310,1
7298,20260311,1
7298,20260312,1
7298,20260316,1
7298,20260317,1
7298,20260318,1
7298,20260319,1
7298,20260323,1
7298,20260324,1
7298,20260325,1
7298,20260326,1
7298,20260330,1
7298,20260331,1
7298,20260401,1
7298,20260402,1
7298,20260407,1
7298,20260408,1
7298,20260409,1
7298,20260413,1
7298,20260414,1
7298,20260415,1
7298,20260416,1
7298,20260518,1
7298,20260519,1
7298,20260520,1
7298,20260526,1
7298,20260527,1
7298,20260601,1
7298,20260602,1
7298,20260603,1
7298,20260608,1
7298,20260609,1
7298,20260610,1
7298,20260615,1
7298,20260616,1
7298,20260617,1
7298,20260622,1
7298,20260623,1
7298,20260624,1
7298,20260629,1
7298,20260630,1
7298,20260701,1
7308,20260402,1
7308,20260412,1
7308,20260416,1
7308,20260521,1
7308,20260525,1
7308,20260531,1
7308,20260607,1
7308,20260614,1
7308,20260621,1
7308,20260628,1
7308,20260702,1
7308,20260705,1
7308,20260706,1
7308,20260707,1
7308,20260708,1
7308,20260709,1
7308,20260716,1
7308,20260723,1
7308,20260730,1
7309,20260426,1
7309,20260429,1
7309,20260503,1
7309,20260506,1
7309,20260510,1
7309,20260517,1
7310,20260308,1
7310,20260309,1
7310,20260310,1
7310,20260311,1
7310,20260312,1
7310,20260315,1
7310,20260316,1
7310,20260317,1
7310,20260318,1
7310,20260319,1
7310,20260322,1
7310,20260323,1
7310,20260324,1
7310,20260325,1
7310,20260326,1
7310,20260329,1
7310,20260330,1
7310,20260331,1
7310,20260401,1
7310,20260406,1
7310,20260407,1
7310,20260408,1
7310,20260409,1
7310,20260413,1
7310,20260414,1
7310,20260415,1
7310,20260419,1
7310,20260518,1
7310,20260519,1
7310,20260520,1
7310,20260526,1
7310,20260527,1
7310,20260528,1
7310,20260601,1
7310,20260602,1
7310,20260603,1
7310,20260604,1
7310,20260608,1
7310,20260609,1
7310,20260610,1
7310,20260611,1
7310,20260615,1
7310,20260616,1
7310,20260617,1
7310,20260618,1
7310,20260622,1
7310,20260623,1
7310,20260624,1
7310,20260625,1
7310,20260629,1
7310,20260630,1
7310,20260701,1
7310,20260712,1
7310,20260714,1
7310,20260715,1
7310,20260719,1
7310,20260720,1
7310,20260721,1
7310,20260722,1
7310,20260726,1
7310,20260727,1
7310,20260728,1
7310,20260729,1
7310,20260802,1
7310,20260803,1
7310,20260804,1
7310,20260805,1
7310,20260806,1
7310,20260809,1
7310,20260810,1
7310,20260811,1
7310,20260812,1
7310,20260813,1
7310,20260817,1
7310,20260818,1
7310,20260819,1
7310,20260820,1
7310,20260823,1
7310,20260824,1
7310,20260825,1
7310,20260826,1
7310,20260827,1
7310,20260830,1
7329,20260403,1
7329,20260713,1
7330,20260417,1
7330,20260522,1
7330,20260529,1
7330,20260605,1
7330,20260612,1
7330,20260619,1
7330,20260626,1
7330,20260703,1
7330,20260710,1
7330,20260717,1
7330,20260724,1
7330,20260731,1
7331,20260306,1
7331,20260313,1
7331,20260320,1
7331,20260327,1
7331,20260410,1
7331,20260704,1
7331,20260711,1
7331,20260725,1
7331,20260801,1
7331,20260807,1
7331,20260808,1
7331,20260814,1
7331,20260815,1
7331,20260821,1
7331,20260822,1
7331,20260828,1
7331,20260829,1
7332,20260406,1
7332,20260525,1
7332,20260705,1
7332,20260714,1
7332,20260719,1
7332,20260726,1
7332,20260816,1
7332,20260823,1
7332,20260830,1
7333,20260308,1
7333,20260315,1
7333,20260322,1
7333,20260329,1
7333,20260412,1
7333,20260419,1
7333,20260531,1
7333,20260607,1
7333,20260614,1
7333,20260621,1
7333,20260628,1
7333,20260712,1
7333,20260802,1
7333,20260809,1
7336,20260306,1
7336,20260313,1
7336,20260320,1
7336,20260327,1
7336,20260410,1
7336,20260417,1
7336,20260529,1
7336,20260605,1
7336,20260612,1
7336,20260619,1
7336,20260626,1
7336,20260703,1
7336,20260807,1
7336,20260814,1
7336,20260821,1
7336,20260828,1
7337,20260522,1
7337,20260710,1
7337,20260717,1
7337,20260724,1
7337,20260731,1
7345,20260329,1
7345,20260405,1
7345,20260406,1
7345,20260412,1
7345,20260419,1
7345,20260426,1
7345,20260503,1
7345,20260510,1
7345,20260517,1
7345,20260524,1
7345,20260525,1
7345,20260531,1
7345,20260607,1
7345,20260614,1
7345,20260621,1
7345,20260628,1
7364,20260308,1
7364,20260315,1
7364,20260322,1
7364,20260329,1
7364,20260405,1
7364,20260412,1
7364,20260419,1
7364,20260531,1
7364,20260607,1
7364,20260614,1
7364,20260621,1
7364,20260628,1
7364,20260712,1
7365,20260714,1
7365,20260719,1
7365,20260726,1
7365,20260816,1
7365,20260823,1
7365,20260830,1
7366,20260406,1
7366,20260705,1
7367,20260711,1
7367,20260713,1
7367,20260715,1
7367,20260718,1
7367,20260725,1
7367,20260817,1
7367,20260821,1
7367,20260824,1
7367,20260828,1
7368,20260330,1
7368,20260331,1
7368,20260401,1
7368,20260402,1
7368,20260403,1
7368,20260407,1
7368,20260408,1
7368,20260409,1
7368,20260410,1
7368,20260413,1
7368,20260414,1
7368,20260415,1
7368,20260416,1
7368,20260417,1
7368,20260523,1
7368,20260530,1
7368,20260606,1
7368,20260613,1
7368,20260620,1
7368,20260622,1
7368,20260623,1
7368,20260624,1
7368,20260625,1
7368,20260626,1
7368,20260627,1
7368,20260629,1
7368,20260630,1
7368,20260701,1
7368,20260702,1
7368,20260706,1
7368,20260707,1
7368,20260708,1
7368,20260709,1
7368,20260710,1
7368,20260716,1
7368,20260717,1
7368,20260720,1
7368,20260721,1
7368,20260722,1
7368,20260723,1
7368,20260724,1
7368,20260727,1
7368,20260728,1
7368,20260729,1
7368,20260730,1
7368,20260803,1
7368,20260804,1
7368,20260805,1
7368,20260806,1
7368,20260807,1
7368,20260810,1
7368,20260811,1
7368,20260812,1
7368,20260813,1
7368,20260814,1
7368,20260818,1
7368,20260819,1
7368,20260820,1
7368,20260825,1
7368,20260826,1
7368,20260827,1
7369,20260703,1
7369,20260731,1
7369,20260815,1
7369,20260822,1
7369,20260829,1
7370,20260417,1
7370,20260703,1
7370,20260710,1
7370,20260717,1
7370,20260724,1
7370,20260731,1
7371,20260411,1
7371,20260627,1
7372,20260531,1
7372,20260607,1
7372,20260614,1
7372,20260621,1
7372,20260628,1
7372,20260809,1
7372,20260823,1
7372,20260830,1
7373,20260705,1
7373,20260712,1
7373,20260719,1
7373,20260726,1
7373,20260802,1
7374,20260421,1
7374,20260422,1
7374,20260423,1
7374,20260427,1
7374,20260428,1
7374,20260429,1
7374,20260504,1
7374,20260505,1
7374,20260506,1
7374,20260511,1
7374,20260512,1
7375,20260403,1
7375,20260522,1
7375,20260528,1
7375,20260529,1
7375,20260604,1
7375,20260605,1
7375,20260611,1
7375,20260612,1
7375,20260618,1
7375,20260619,1
7375,20260625,1
7375,20260626,1
7375,20260706,1
7375,20260707,1
7375,20260709,1
7375,20260716,1
7375,20260723,1
7375,20260730,1
7376,20260306,1
7376,20260307,1
7376,20260309,1
7376,20260310,1
7376,20260311,1
7376,20260312,1
7376,20260313,1
7376,20260314,1
7376,20260316,1
7376,20260317,1
7376,20260318,1
7376,20260319,1
7376,20260320,1
7376,20260321,1
7376,20260323,1
7376,20260324,1
7376,20260325,1
7376,20260326,1
7376,20260327,1
7376,20260328,1
7376,20260330,1
7376,20260331,1
7376,20260401,1
7376,20260402,1
7376,20260404,1
7376,20260407,1
7376,20260408,1
7376,20260409,1
7376,20260410,1
7376,20260413,1
7376,20260414,1
7376,20260415,1
7376,20260416,1
7376,20260518,1
7376,20260519,1
7376,20260520,1
7376,20260521,1
7376,20260523,1
7376,20260526,1
7376,20260527,1
7376,20260530,1
7376,20260601,1
7376,20260602,1
7376,20260603,1
7376,20260606,1
7376,20260608,1
7376,20260609,1
7376,20260610,1
7376,20260613,1
7376,20260615,1
7376,20260616,1
7376,20260617,1
7376,20260620,1
7376,20260622,1
7376,20260623,1
7376,20260624,1
7376,20260629,1
7376,20260630,1
7376,20260701,1
7376,20260702,1
7376,20260708,1
7376,20260715,1
7376,20260720,1
7376,20260721,1
7376,20260722,1
7376,20260727,1
7376,20260728,1
7376,20260729,1
7376,20260803,1
7376,20260804,1
7376,20260805,1
7376,20260806,1
7376,20260810,1
7376,20260811,1
7376,20260812,1
7376,20260813,1
7376,20260814,1
7376,20260817,1
7376,20260818,1
7376,20260819,1
7376,20260820,1
7376,20260821,1
7376,20260824,1
7376,20260825,1
7376,20260826,1
7376,20260827,1
7376,20260828,1
7377,20260706,1
7377,20260707,1
7377,20260709,1
7377,20260716,1
7377,20260723,1
7377,20260730,1
7378,20260715,1
7378,20260722,1
7378,20260729,1
7378,20260805,1
7378,20260812,1
7378,20260819,1
7378,20260826,1
7379,20260705,1
7379,20260712,1
7379,20260714,1
7379,20260719,1
7379,20260720,1
7379,20260721,1
7379,20260726,1
7379,20260727,1
7379,20260728,1
7379,20260802,1
7379,20260803,1
7379,20260804,1
7379,20260806,1
7379,20260809,1
7379,20260810,1
7379,20260811,1
7379,20260813,1
7379,20260814,1
7379,20260817,1
7379,20260818,1
7379,20260820,1
7379,20260821,1
7379,20260823,1
7379,20260824,1
7379,20260825,1
7379,20260827,1
7379,20260828,1
7379,20260830,1
7380,20260807,1
7380,20260816,1
7381,20260309,1
7381,20260310,1
7381,20260311,1
7381,20260312,1
7381,20260313,1
7381,20260314,1
7381,20260328,1
7382,20260706,1
7382,20260711,1
7382,20260713,1
7382,20260715,1
7382,20260718,1
7382,20260720,1
7382,20260725,1
7382,20260727,1
7382,20260817,1
7382,20260818,1
7382,20260821,1
7382,20260824,1
7382,20260825,1
7382,20260826,1
7382,20260827,1
7382,20260828,1
7383,20260707,1
7383,20260708,1
7383,20260709,1
7383,20260710,1
7383,20260716,1
7383,20260717,1
7383,20260721,1
7383,20260722,1
7383,20260723,1
7383,20260724,1
7383,20260728,1
7383,20260729,1
7383,20260730,1
7383,20260803,1
7383,20260804,1
7383,20260805,1
7383,20260806,1
7383,20260807,1
7383,20260810,1
7383,20260811,1
7383,20260812,1
7383,20260813,1
7383,20260814,1
7383,20260819,1
7383,20260820,1
7384,20260330,1
7384,20260331,1
7384,20260401,1
7384,20260402,1
7384,20260403,1
7384,20260407,1
7384,20260408,1
7384,20260409,1
7384,20260410,1
7384,20260413,1
7384,20260414,1
7384,20260415,1
7384,20260416,1
7384,20260417,1
7384,20260418,1
7384,20260519,1
7384,20260520,1
7384,20260521,1
7384,20260522,1
7384,20260523,1
7384,20260527,1
7384,20260528,1
7384,20260529,1
7384,20260530,1
7384,20260601,1
7384,20260602,1
7384,20260603,1
7384,20260604,1
7384,20260605,1
7384,20260606,1
7384,20260608,1
7384,20260609,1
7384,20260610,1
7384,20260611,1
7384,20260612,1
7384,20260613,1
7384,20260615,1
7384,20260616,1
7384,20260617,1
7384,20260618,1
7384,20260619,1
7384,20260620,1
7384,20260622,1
7384,20260623,1
7384,20260624,1
7384,20260625,1
7384,20260626,1
7384,20260627,1
7384,20260629,1
7384,20260630,1
7384,20260701,1
7384,20260702,1
7385,20260405,1
7385,20260419,1
7385,20260531,1
7385,20260607,1
7385,20260614,1
7385,20260621,1
7386,20260412,1
7386,20260628,1
7393,20260818,1
7393,20260825,1
7393,20260826,1
7393,20260827,1
7394,20260406,1
7394,20260426,1
7394,20260510,1
7394,20260517,1
7394,20260525,1
7394,20260531,1
7394,20260607,1
7394,20260614,1
7394,20260621,1
7394,20260628,1
7395,20260405,1
7395,20260705,1
7395,20260712,1
7395,20260719,1
7395,20260726,1
7395,20260802,1
7396,20260627,1
7396,20260706,1
7396,20260707,1
7396,20260708,1
7396,20260709,1
7396,20260710,1
7396,20260713,1
7396,20260715,1
7396,20260716,1
7396,20260717,1
7396,20260720,1
7396,20260721,1
7396,20260722,1
7396,20260723,1
7396,20260724,1
7396,20260727,1
7396,20260728,1
7396,20260729,1
7396,20260730,1
7396,20260803,1
7396,20260804,1
7396,20260805,1
7396,20260806,1
7396,20260807,1
7396,20260810,1
7396,20260811,1
7396,20260812,1
7396,20260813,1
7396,20260814,1
7396,20260817,1
7396,20260819,1
7396,20260820,1
7396,20260821,1
7396,20260824,1
7396,20260828,1
7397,20260308,1
7397,20260315,1
7397,20260322,1
7397,20260329,1
7397,20260412,1
7397,20260419,1
7397,20260714,1
7397,20260809,1
7397,20260816,1
7397,20260823,1
7397,20260830,1
7400,20260330,1
7400,20260331,1
7400,20260401,1
7400,20260402,1
7400,20260405,1
7400,20260406,1
7400,20260407,1
7400,20260408,1
7400,20260409,1
7400,20260410,1
7400,20260413,1
7400,20260414,1
7400,20260415,1
7400,20260416,1
7400,20260518,1
7400,20260519,1
7400,20260520,1
7401,20260420,1
7401,20260421,1
7401,20260422,1
7401,20260423,1
7401,20260427,1
7401,20260428,1
7401,20260429,1
7401,20260502,1
7401,20260504,1
7401,20260505,1
7401,20260506,1
7401,20260511,1
7401,20260512,1
7402,20260525,1
7402,20260526,1
7402,20260527,1
7402,20260530,1
7402,20260531,1
7402,20260601,1
7402,20260602,1
7402,20260603,1
7402,20260606,1
7402,20260607,1
7402,20260608,1
7402,20260609,1
7402,20260610,1
7402,20260613,1
7402,20260614,1
7402,20260615,1
7402,20260616,1
7402,20260617,1
7402,20260620,1
7402,20260621,1
7402,20260622,1
7402,20260623,1
7402,20260624,1
7402,20260628,1
7402,20260629,1
7402,20260630,1
7402,20260701,1
7402,20260714,1
7402,20260715,1
7402,20260719,1
7402,20260720,1
7402,20260721,1
7402,20260722,1
7402,20260726,1
7402,20260727,1
7402,20260728,1
7402,20260729,1
7402,20260802,1
7402,20260803,1
7402,20260804,1
7402,20260805,1
7402,20260806,1
7402,20260809,1
7402,20260810,1
7402,20260811,1
7402,20260812,1
7402,20260813,1
7402,20260814,1
7402,20260817,1
7402,20260818,1
7402,20260819,1
7402,20260820,1
7402,20260821,1
7402,20260823,1
7402,20260824,1
7402,20260825,1
7402,20260826,1
7402,20260827,1
7402,20260828,1
7402,20260830,1
7403,20260713,1
7403,20260807,1
7403,20260816,1
7404,20260403,1
7404,20260404,1
7404,20260419,1
7404,20260521,1
7404,20260522,1
7405,20260523,1
7405,20260528,1
7405,20260529,1
7405,20260604,1
7405,20260605,1
7405,20260611,1
7405,20260612,1
7405,20260618,1
7405,20260619,1
7405,20260625,1
7405,20260626,1
7405,20260702,1
7405,20260705,1
7405,20260706,1
7405,20260707,1
7405,20260708,1
7405,20260709,1
7405,20260712,1
7405,20260716,1
7405,20260723,1
7405,20260730,1
7406,20260703,1
7406,20260704,1
7406,20260711,1
7406,20260718,1
7406,20260725,1
7406,20260801,1
7406,20260808,1
7407,20260306,1
7407,20260309,1
7407,20260310,1
7407,20260311,1
7407,20260312,1
7407,20260313,1
7407,20260316,1
7407,20260317,1
7407,20260318,1
7407,20260319,1
7407,20260320,1
7407,20260323,1
7407,20260324,1
7407,20260325,1
7407,20260326,1
7407,20260327,1
7407,20260524,1
7408,20260406,1
7408,20260607,1
7408,20260614,1
7408,20260621,1
7409,20260503,1
7409,20260510,1
7409,20260517,1
7409,20260525,1
7409,20260531,1
7410,20260710,1
7410,20260713,1
7410,20260717,1
7410,20260724,1
7410,20260807,1
7410,20260814,1
7410,20260818,1
7410,20260819,1
7410,20260825,1
7410,20260826,1
7410,20260827,1
7411,20260731,1
7411,20260802,1
7411,20260809,1
7412,20260420,1
7412,20260421,1
7412,20260422,1
7412,20260423,1
7412,20260424,1
7412,20260425,1
7412,20260427,1
7412,20260428,1
7412,20260429,1
7412,20260430,1
7412,20260501,1
7412,20260504,1
7412,20260505,1
7412,20260506,1
7412,20260507,1
7412,20260523,1
7412,20260530,1
7413,20260330,1
7413,20260331,1
7413,20260401,1
7413,20260402,1
7413,20260403,1
7413,20260407,1
7413,20260408,1
7413,20260409,1
7413,20260410,1
7413,20260411,1
7413,20260413,1
7413,20260414,1
7413,20260415,1
7413,20260416,1
7413,20260417,1
7413,20260418,1
7413,20260606,1
7413,20260608,1
7413,20260609,1
7413,20260610,1
7413,20260611,1
7413,20260612,1
7413,20260613,1
7413,20260615,1
7413,20260616,1
7413,20260617,1
7413,20260618,1
7413,20260619,1
7413,20260620,1
7413,20260622,1
7413,20260623,1
7413,20260624,1
7413,20260625,1
7413,20260626,1
7413,20260627,1
7413,20260629,1
7413,20260630,1
7413,20260701,1
7413,20260702,1
7414,20260405,1
7414,20260419,1
7414,20260703,1
7414,20260831,1
7415,20260527,1
7415,20260528,1
7415,20260529,1
7415,20260601,1
7415,20260602,1
7415,20260603,1
7415,20260604,1
7415,20260605,1
7416,20260707,1
7416,20260708,1
7416,20260709,1
7416,20260715,1
7416,20260716,1
7416,20260720,1
7416,20260721,1
7416,20260722,1
7416,20260723,1
7416,20260727,1
7416,20260728,1
7416,20260729,1
7416,20260730,1
7416,20260803,1
7416,20260804,1
7416,20260805,1
7416,20260806,1
7416,20260810,1
7416,20260811,1
7416,20260812,1
7416,20260813,1
7416,20260817,1
7416,20260820,1
7416,20260821,1
7416,20260824,1
7416,20260828,1
7417,20260705,1
7417,20260712,1
7417,20260714,1
7417,20260719,1
7417,20260726,1
7417,20260816,1
7417,20260823,1
7417,20260830,1
7418,20260706,1
7418,20260718,1
7437,20260406,1
7437,20260525,1
7437,20260531,1
7437,20260607,1
7437,20260614,1
7437,20260621,1
7437,20260628,1
7438,20260712,1
7438,20260808,1
7438,20260815,1
7438,20260822,1
7438,20260829,1
7439,20260706,1
7439,20260718,1
7439,20260720,1
7439,20260727,1
7439,20260825,1
7439,20260827,1
7440,20260707,1
7440,20260708,1
7440,20260709,1
7440,20260711,1
7440,20260713,1
7440,20260715,1
7440,20260716,1
7440,20260721,1
7440,20260722,1
7440,20260723,1
7440,20260725,1
7440,20260728,1
7440,20260729,1
7440,20260730,1
7440,20260803,1
7440,20260804,1
7440,20260805,1
7440,20260806,1
7440,20260810,1
7440,20260811,1
7440,20260812,1
7440,20260813,1
7440,20260817,1
7440,20260818,1
7440,20260819,1
7440,20260820,1
7440,20260824,1
7440,20260826,1
7441,20260704,1
7441,20260705,1
7441,20260714,1
7441,20260719,1
7441,20260726,1
7441,20260801,1
7441,20260802,1
7441,20260809,1
7441,20260816,1
7441,20260823,1
7441,20260830,1
7458,20260306,1
7458,20260307,1
7458,20260313,1
7458,20260314,1
7458,20260320,1
7458,20260321,1
7458,20260327,1
7458,20260328,1
7458,20260403,1
7458,20260404,1
7458,20260410,1
7458,20260411,1
7458,20260417,1
7458,20260418,1
7458,20260522,1
7458,20260523,1
7458,20260529,1
7458,20260530,1
7458,20260605,1
7458,20260606,1
7458,20260612,1
7458,20260613,1
7458,20260619,1
7458,20260620,1
7458,20260626,1
7458,20260627,1
7459,20260308,1
7459,20260315,1
7459,20260322,1
7459,20260329,1
7459,20260405,1
7459,20260412,1
7459,20260419,1
7459,20260703,1
7460,20260424,1
7460,20260425,1
7460,20260430,1
7460,20260501,1
7460,20260507,1
7460,20260513,1
7461,20260622,1
7461,20260623,1
7461,20260624,1
7461,20260625,1
7461,20260629,1
7461,20260630,1
7461,20260701,1
7461,20260702,1
7461,20260706,1
7461,20260707,1
7461,20260708,1
7461,20260709,1
7461,20260715,1
7461,20260716,1
7461,20260720,1
7461,20260721,1
7461,20260722,1
7461,20260723,1
7461,20260727,1
7461,20260728,1
7461,20260729,1
7461,20260730,1
7461,20260803,1
7461,20260804,1
7461,20260805,1
7461,20260806,1
7461,20260810,1
7461,20260811,1
7461,20260812,1
7461,20260813,1
7461,20260817,1
7461,20260818,1
7461,20260819,1
7461,20260820,1
7461,20260824,1
7462,20260330,1
7462,20260331,1
7462,20260401,1
7462,20260402,1
7462,20260407,1
7462,20260408,1
7462,20260409,1
7462,20260413,1
7462,20260414,1
7462,20260415,1
7462,20260416,1
7462,20260519,1
7462,20260520,1
7462,20260521,1
7462,20260527,1
7462,20260528,1
7462,20260601,1
7462,20260602,1
7462,20260603,1
7462,20260604,1
7462,20260608,1
7462,20260609,1
7462,20260610,1
7462,20260611,1
7462,20260615,1
7462,20260616,1
7462,20260617,1
7462,20260618,1
7485,20260403,1
7485,20260522,1
7486,20260404,1
7486,20260410,1
7486,20260411,1
7487,20260523,1
7487,20260530,1
7487,20260606,1
7487,20260613,1
7487,20260620,1
7487,20260627,1
7487,20260707,1
7487,20260708,1
7487,20260709,1
7487,20260715,1
7487,20260716,1
7487,20260720,1
7487,20260721,1
7487,20260722,1
7487,20260723,1
7487,20260727,1
7487,20260728,1
7487,20260729,1
7487,20260730,1
7487,20260803,1
7487,20260804,1
7487,20260805,1
7487,20260806,1
7487,20260810,1
7487,20260811,1
7487,20260812,1
7487,20260813,1
7487,20260814,1
7487,20260817,1
7487,20260818,1
7487,20260819,1
7487,20260820,1
7487,20260821,1
7487,20260824,1
7487,20260825,1
7487,20260826,1
7487,20260827,1
7487,20260828,1
7488,20260704,1
7488,20260717,1
7488,20260718,1
7488,20260724,1
7488,20260725,1
7488,20260801,1
7488,20260829,1
7489,20260710,1
7489,20260711,1
7489,20260713,1
7489,20260731,1
7489,20260807,1
7489,20260808,1
7489,20260815,1
7489,20260822,1
7499,20260530,1
7499,20260613,1
7499,20260620,1
7500,20260306,1
7500,20260313,1
7500,20260320,1
7500,20260327,1
7500,20260410,1
7500,20260424,1
7501,20260425,1
7501,20260517,1
7502,20260403,1
7502,20260417,1
7502,20260522,1
7502,20260529,1
7502,20260605,1
7502,20260612,1
7502,20260619,1
7502,20260626,1
7503,20260411,1
7503,20260418,1
7503,20260426,1
7503,20260503,1
7503,20260510,1
7504,20260708,1
7504,20260712,1
7504,20260715,1
7504,20260719,1
7504,20260720,1
7504,20260721,1
7504,20260722,1
7504,20260726,1
7504,20260727,1
7504,20260728,1
7504,20260729,1
7504,20260802,1
7504,20260803,1
7504,20260804,1
7504,20260805,1
7504,20260806,1
7504,20260809,1
7504,20260810,1
7504,20260811,1
7504,20260812,1
7504,20260813,1
7504,20260817,1
7504,20260818,1
7504,20260819,1
7504,20260820,1
7504,20260823,1
7504,20260824,1
7504,20260825,1
7504,20260826,1
7504,20260827,1
7504,20260830,1
7505,20260506,1
7505,20260521,1
7505,20260528,1
7505,20260604,1
7505,20260611,1
7505,20260618,1
7505,20260625,1
7505,20260702,1
7506,20260309,1
7506,20260310,1
7506,20260311,1
7506,20260312,1
7506,20260316,1
7506,20260317,1
7506,20260318,1
7506,20260319,1
7506,20260323,1
7506,20260324,1
7506,20260325,1
7506,20260326,1
7506,20260330,1
7506,20260331,1
7506,20260401,1
7506,20260402,1
7506,20260407,1
7506,20260408,1
7506,20260409,1
7506,20260413,1
7506,20260414,1
7506,20260415,1
7506,20260416,1
7506,20260420,1
7506,20260421,1
7506,20260422,1
7506,20260423,1
7506,20260427,1
7506,20260428,1
7506,20260429,1
7506,20260504,1
7506,20260505,1
7506,20260511,1
7506,20260512,1
7506,20260518,1
7506,20260519,1
7506,20260520,1
7506,20260526,1
7506,20260527,1
7506,20260601,1
7506,20260602,1
7506,20260603,1
7506,20260608,1
7506,20260609,1
7506,20260610,1
7506,20260615,1
7506,20260616,1
7506,20260617,1
7506,20260622,1
7506,20260623,1
7506,20260624,1
7506,20260629,1
7506,20260630,1
7506,20260701,1
7508,20260402,1
7508,20260416,1
7508,20260419,1
7509,20260330,1
7509,20260331,1
7509,20260401,1
7509,20260405,1
7509,20260406,1
7509,20260407,1
7509,20260408,1
7509,20260409,1
7509,20260412,1
7509,20260413,1
7509,20260414,1
7509,20260415,1
7510,20260518,1
7510,20260519,1
7510,20260520,1
7511,20260529,1
7511,20260605,1
7511,20260612,1
7511,20260619,1
7511,20260626,1
7511,20260703,1
7511,20260710,1
7511,20260717,1
7511,20260724,1
7511,20260731,1
7512,20260525,1
7512,20260528,1
7512,20260531,1
7512,20260604,1
7512,20260607,1
7512,20260611,1
7512,20260614,1
7512,20260618,1
7512,20260621,1
7512,20260625,1
7512,20260628,1
7512,20260702,1
7512,20260705,1
7512,20260706,1
7512,20260707,1
7512,20260708,1
7512,20260709,1
7512,20260716,1
7512,20260723,1
7512,20260730,1
7513,20260526,1
7513,20260527,1
7513,20260601,1
7513,20260602,1
7513,20260603,1
7513,20260608,1
7513,20260609,1
7513,20260610,1
7513,20260615,1
7513,20260616,1
7513,20260617,1
7513,20260622,1
7513,20260623,1
7513,20260624,1
7513,20260629,1
7513,20260630,1
7513,20260701,1
7513,20260712,1
7513,20260714,1
7513,20260715,1
7513,20260719,1
7513,20260720,1
7513,20260721,1
7513,20260722,1
7513,20260726,1
7513,20260727,1
7513,20260728,1
7513,20260729,1
7513,20260802,1
7513,20260803,1
7513,20260804,1
7513,20260805,1
7513,20260806,1
7513,20260809,1
7513,20260810,1
7513,20260811,1
7513,20260812,1
7513,20260813,1
7513,20260817,1
7513,20260818,1
7513,20260819,1
7513,20260820,1
7513,20260823,1
7513,20260824,1
7513,20260825,1
7513,20260826,1
7513,20260827,1
7513,20260830,1
7514,20260807,1
7514,20260814,1
7514,20260816,1
7514,20260821,1
7514,20260828,1
7528,20260306,1
7528,20260313,1
7528,20260320,1
7528,20260327,1
7528,20260529,1
7528,20260605,1
7528,20260612,1
7528,20260619,1
7528,20260626,1
7528,20260703,1
7548,20260712,1
7548,20260714,1
7548,20260719,1
7548,20260726,1
7548,20260802,1
7548,20260809,1
7548,20260823,1
7548,20260830,1
7556,20260307,1
7556,20260314,1
7556,20260321,1
7556,20260328,1
7556,20260404,1
7556,20260411,1
7556,20260418,1
7556,20260523,1
7556,20260530,1
7556,20260606,1
7556,20260613,1
7556,20260620,1
7556,20260627,1
7572,20260523,1
7572,20260530,1
7572,20260606,1
7572,20260613,1
7572,20260620,1
7572,20260627,1
7573,20260817,1
7573,20260821,1
7573,20260824,1
7573,20260828,1
7574,20260622,1
7574,20260623,1
7574,20260624,1
7574,20260625,1
7574,20260626,1
7574,20260629,1
7574,20260630,1
7574,20260701,1
7574,20260702,1
7574,20260706,1
7574,20260707,1
7574,20260708,1
7574,20260709,1
7574,20260710,1
7574,20260713,1
7574,20260716,1
7574,20260717,1
7574,20260720,1
7574,20260721,1
7574,20260722,1
7574,20260723,1
7574,20260724,1
7574,20260727,1
7574,20260728,1
7574,20260729,1
7574,20260730,1
7575,20260703,1
7575,20260731,1
7576,20260803,1
7576,20260804,1
7576,20260805,1
7576,20260806,1
7576,20260807,1
7576,20260810,1
7576,20260811,1
7576,20260812,1
7576,20260813,1
7576,20260814,1
7576,20260818,1
7576,20260819,1
7576,20260820,1
7576,20260825,1
7576,20260826,1
7576,20260827,1
7584,20260802,1
7584,20260809,1
7584,20260816,1
7584,20260823,1
7584,20260830,1
7585,20260405,1
7585,20260412,1
7585,20260419,1
7585,20260705,1
7585,20260712,1
7626,20260420,1
7626,20260421,1
7626,20260422,1
7626,20260423,1
7626,20260425,1
7626,20260427,1
7626,20260428,1
7626,20260429,1
7626,20260504,1
7626,20260505,1
7626,20260506,1
7627,20260704,1
7627,20260725,1
7627,20260731,1
7627,20260801,1
7627,20260808,1
7628,20260708,1
7628,20260709,1
7628,20260715,1
7628,20260716,1
7628,20260720,1
7628,20260721,1
7628,20260722,1
7628,20260723,1
7629,20260710,1
7629,20260711,1
7629,20260717,1
7629,20260718,1
7629,20260724,1
7630,20260417,1
7630,20260703,1
7630,20260807,1
7630,20260815,1
7630,20260822,1
7630,20260829,1
7631,20260307,1
7631,20260314,1
7631,20260321,1
7631,20260328,1
7631,20260330,1
7631,20260331,1
7631,20260401,1
7631,20260402,1
7631,20260403,1
7631,20260404,1
7631,20260407,1
7631,20260408,1
7631,20260409,1
7631,20260410,1
7631,20260411,1
7631,20260413,1
7631,20260414,1
7631,20260415,1
7631,20260416,1
7631,20260418,1
7631,20260530,1
7631,20260606,1
7631,20260608,1
7631,20260609,1
7631,20260610,1
7631,20260611,1
7631,20260612,1
7631,20260613,1
7631,20260615,1
7631,20260616,1
7631,20260617,1
7631,20260618,1
7631,20260619,1
7631,20260620,1
7631,20260622,1
7631,20260623,1
7631,20260624,1
7631,20260625,1
7631,20260626,1
7631,20260627,1
7631,20260629,1
7631,20260630,1
7631,20260701,1
7631,20260702,1
7631,20260727,1
7631,20260728,1
7631,20260729,1
7631,20260730,1
7631,20260803,1
7631,20260804,1
7631,20260805,1
7631,20260806,1
7631,20260810,1
7631,20260811,1
7631,20260812,1
7631,20260813,1
7631,20260814,1
7631,20260817,1
7631,20260818,1
7631,20260819,1
7631,20260820,1
7631,20260821,1
7631,20260824,1
7631,20260825,1
7631,20260826,1
7631,20260827,1
7631,20260828,1
7639,20260315,1
7639,20260322,1
7639,20260328,1
7639,20260329,1
7639,20260330,1
7639,20260331,1
7639,20260401,1
7639,20260402,1
7639,20260406,1
7639,20260407,1
7639,20260408,1
7639,20260409,1
7639,20260410,1
7639,20260411,1
7639,20260412,1
7639,20260413,1
7639,20260414,1
7639,20260415,1
7639,20260416,1
7639,20260518,1
7639,20260519,1
7639,20260520,1
7640,20260307,1
7640,20260308,1
7640,20260405,1
7641,20260426,1
7641,20260502,1
7642,20260403,1
7642,20260521,1
7642,20260522,1
7643,20260404,1
7643,20260418,1
7643,20260419,1
7644,20260703,1
7644,20260704,1
7644,20260801,1
7645,20260523,1
7645,20260528,1
7645,20260529,1
7645,20260604,1
7645,20260605,1
7645,20260611,1
7645,20260612,1
7645,20260618,1
7645,20260619,1
7645,20260625,1
7645,20260626,1
7645,20260702,1
7645,20260730,1
7646,20260725,1
7646,20260731,1
7646,20260808,1
7647,20260706,1
7647,20260707,1
7647,20260708,1
7647,20260709,1
7647,20260716,1
7647,20260723,1
7648,20260714,1
7648,20260715,1
7648,20260720,1
7648,20260721,1
7648,20260722,1
7649,20260525,1
7649,20260526,1
7649,20260527,1
7649,20260530,1
7649,20260531,1
7649,20260601,1
7649,20260602,1
7649,20260603,1
7649,20260606,1
7649,20260607,1
7649,20260608,1
7649,20260609,1
7649,20260610,1
7649,20260613,1
7649,20260614,1
7649,20260615,1
7649,20260616,1
7649,20260617,1
7649,20260620,1
7649,20260621,1
7649,20260622,1
7649,20260623,1
7649,20260624,1
7649,20260627,1
7649,20260629,1
7649,20260630,1
7649,20260701,1
7649,20260727,1
7649,20260728,1
7649,20260729,1
7649,20260803,1
7649,20260804,1
7649,20260805,1
7649,20260806,1
7649,20260810,1
7649,20260811,1
7649,20260812,1
7649,20260813,1
7649,20260814,1
7649,20260817,1
7649,20260818,1
7649,20260819,1
7649,20260820,1
7649,20260821,1
7649,20260824,1
7649,20260825,1
7649,20260826,1
7649,20260827,1
7649,20260828,1
7649,20260830,1
7650,20260628,1
7650,20260726,1
7650,20260802,1
7650,20260809,1
7650,20260823,1
7651,20260816,1
7651,20260822,1
7651,20260829,1
7652,20260807,1
7652,20260815,1
7686,20260306,1
7686,20260313,1
7686,20260320,1
7686,20260327,1
7686,20260410,1
7686,20260417,1
7686,20260424,1
7702,20260308,1
7702,20260419,1
7702,20260705,1
7703,20260521,1
7703,20260525,1
7703,20260528,1
7703,20260604,1
7703,20260611,1
7703,20260618,1
7703,20260625,1
7703,20260702,1
7704,20260706,1
7704,20260707,1
7704,20260708,1
7704,20260715,1
7704,20260720,1
7704,20260721,1
7704,20260722,1
7705,20260426,1
7705,20260506,1
7706,20260728,1
7706,20260729,1
7706,20260827,1
7706,20260828,1
7707,20260529,1
7707,20260605,1
7707,20260612,1
7707,20260619,1
7707,20260727,1
7707,20260730,1
7707,20260803,1
7707,20260804,1
7707,20260805,1
7707,20260806,1
7707,20260810,1
7707,20260811,1
7707,20260812,1
7707,20260813,1
7707,20260814,1
7707,20260817,1
7707,20260818,1
7707,20260819,1
7707,20260820,1
7707,20260821,1
7707,20260824,1
7707,20260825,1
7707,20260826,1
7708,20260703,1
7708,20260704,1
7708,20260725,1
7708,20260801,1
7708,20260808,1
7708,20260815,1
7708,20260822,1
7708,20260829,1
7709,20260420,1
7709,20260421,1
7709,20260422,1
7709,20260423,1
7709,20260427,1
7709,20260428,1
7709,20260429,1
7709,20260504,1
7709,20260505,1
7709,20260510,1
7709,20260511,1
7709,20260512,1
7709,20260517,1
7710,20260403,1
7710,20260410,1
7710,20260522,1
7711,20260309,1
7711,20260310,1
7711,20260311,1
7711,20260312,1
7711,20260315,1
7711,20260316,1
7711,20260317,1
7711,20260318,1
7711,20260319,1
7711,20260322,1
7711,20260323,1
7711,20260324,1
7711,20260325,1
7711,20260326,1
7711,20260329,1
7711,20260330,1
7711,20260331,1
7711,20260401,1
7711,20260402,1
7711,20260405,1
7711,20260406,1
7711,20260407,1
7711,20260408,1
7711,20260409,1
7711,20260412,1
7711,20260413,1
7711,20260414,1
7711,20260415,1
7711,20260416,1
7711,20260518,1
7711,20260519,1
7711,20260520,1
7711,20260526,1
7711,20260527,1
7711,20260531,1
7711,20260601,1
7711,20260602,1
7711,20260603,1
7711,20260607,1
7711,20260608,1
7711,20260609,1
7711,20260610,1
7711,20260614,1
7711,20260615,1
7711,20260616,1
7711,20260617,1
7711,20260621,1
7711,20260622,1
7711,20260623,1
7711,20260624,1
7711,20260628,1
7711,20260629,1
7711,20260630,1
7711,20260701,1
7711,20260726,1
7711,20260802,1
7711,20260809,1
7711,20260823,1
7711,20260830,1
7782,20260803,1
7782,20260804,1
7782,20260805,1
7782,20260806,1
7782,20260807,1
7782,20260810,1
7782,20260811,1
7782,20260812,1
7782,20260813,1
7782,20260814,1
7782,20260819,1
7782,20260820,1
7783,20260801,1
7783,20260808,1
7783,20260831,1
7784,20260622,1
7784,20260623,1
7784,20260624,1
7784,20260625,1
7784,20260626,1
7784,20260629,1
7784,20260630,1
7784,20260701,1
7784,20260702,1
7784,20260707,1
7784,20260708,1
7784,20260709,1
7784,20260710,1
7784,20260711,1
7784,20260713,1
7784,20260716,1
7784,20260717,1
7784,20260718,1
7784,20260720,1
7784,20260721,1
7784,20260722,1
7784,20260723,1
7784,20260724,1
7784,20260725,1
7784,20260727,1
7784,20260728,1
7784,20260729,1
7784,20260730,1
7785,20260523,1
7785,20260527,1
7785,20260528,1
7785,20260529,1
7785,20260530,1
7785,20260601,1
7785,20260602,1
7785,20260603,1
7785,20260604,1
7785,20260605,1
7785,20260606,1
7785,20260608,1
7785,20260609,1
7785,20260610,1
7785,20260611,1
7785,20260612,1
7785,20260613,1
7785,20260615,1
7785,20260616,1
7785,20260617,1
7785,20260618,1
7785,20260619,1
7785,20260620,1
7786,20260420,1
7786,20260421,1
7786,20260422,1
7786,20260423,1
7786,20260424,1
7786,20260427,1
7786,20260428,1
7786,20260429,1
7786,20260430,1
7786,20260501,1
7786,20260504,1
7786,20260505,1
7786,20260506,1
7786,20260507,1
7786,20260511,1
7786,20260512,1
7786,20260513,1
7787,20260817,1
7787,20260818,1
7787,20260821,1
7787,20260824,1
7787,20260825,1
7787,20260826,1
7787,20260827,1
7787,20260828,1
7843,20260406,1
7843,20260607,1
7843,20260614,1
7843,20260621,1
7843,20260628,1
7844,20260817,1
7844,20260818,1
7844,20260824,1
7844,20260825,1
7844,20260827,1
7845,20260426,1
7845,20260510,1
7845,20260517,1
7845,20260525,1
7845,20260531,1
7846,20260421,1
7846,20260422,1
7846,20260423,1
7846,20260424,1
7846,20260425,1
7846,20260427,1
7846,20260428,1
7846,20260429,1
7846,20260430,1
7846,20260501,1
7846,20260504,1
7846,20260505,1
7846,20260506,1
7846,20260507,1
7846,20260523,1
7846,20260530,1
7847,20260420,1
7847,20260502,1
7848,20260803,1
7848,20260804,1
7848,20260805,1
7848,20260806,1
7848,20260807,1
7848,20260810,1
7848,20260811,1
7848,20260812,1
7848,20260813,1
7848,20260814,1
7848,20260819,1
7848,20260820,1
7848,20260821,1
7849,20260801,1
7849,20260808,1
7849,20260823,1
7850,20260816,1
7850,20260830,1
7850,20260831,1
7851,20260418,1
7851,20260706,1
7851,20260709,1
7851,20260710,1
7851,20260711,1
7851,20260716,1
7851,20260717,1
7851,20260718,1
7851,20260723,1
7851,20260724,1
7851,20260725,1
7851,20260728,1
7851,20260729,1
7852,20260330,1
7852,20260331,1
7852,20260401,1
7852,20260402,1
7852,20260403,1
7852,20260404,1
7852,20260407,1
7852,20260408,1
7852,20260409,1
7852,20260410,1
7852,20260411,1
7852,20260413,1
7852,20260414,1
7852,20260415,1
7852,20260416,1
7852,20260417,1
7852,20260606,1
7852,20260608,1
7852,20260609,1
7852,20260610,1
7852,20260611,1
7852,20260612,1
7852,20260613,1
7852,20260615,1
7852,20260616,1
7852,20260617,1
7852,20260618,1
7852,20260619,1
7852,20260620,1
7852,20260622,1
7852,20260623,1
7852,20260624,1
7852,20260625,1
7852,20260626,1
7852,20260627,1
7852,20260629,1
7852,20260630,1
7852,20260701,1
7852,20260702,1
7852,20260707,1
7852,20260708,1
7852,20260713,1
7852,20260720,1
7852,20260721,1
7852,20260722,1
7852,20260727,1
7852,20260730,1
7853,20260419,1
7853,20260704,1
7853,20260705,1
7853,20260712,1
7853,20260719,1
7853,20260731,1
7854,20260405,1
7854,20260412,1
7854,20260703,1
7854,20260714,1
7854,20260726,1
7895,20260816,1
7895,20260823,1
7895,20260830,1
7895,20260831,1
7896,20260330,1
7896,20260331,1
7896,20260401,1
7896,20260402,1
7896,20260403,1
7896,20260404,1
7896,20260407,1
7896,20260408,1
7896,20260409,1
7896,20260410,1
7896,20260411,1
7896,20260413,1
7896,20260414,1
7896,20260415,1
7896,20260416,1
7896,20260417,1
7896,20260418,1
7896,20260519,1
7896,20260520,1
7896,20260521,1
7896,20260522,1
7896,20260523,1
7896,20260527,1
7896,20260528,1
7896,20260529,1
7896,20260530,1
7896,20260601,1
7896,20260602,1
7896,20260603,1
7896,20260604,1
7896,20260605,1
7896,20260606,1
7896,20260608,1
7896,20260609,1
7896,20260610,1
7896,20260611,1
7896,20260612,1
7896,20260613,1
7896,20260615,1
7896,20260616,1
7896,20260617,1
7896,20260618,1
7896,20260619,1
7896,20260620,1
7896,20260622,1
7896,20260623,1
7896,20260624,1
7896,20260625,1
7896,20260626,1
7896,20260627,1
7896,20260629,1
7896,20260630,1
7896,20260701,1
7896,20260702,1
7896,20260706,1
7896,20260707,1
7896,20260708,1
7896,20260709,1
7896,20260710,1
7896,20260715,1
7896,20260716,1
7896,20260717,1
7896,20260720,1
7896,20260721,1
7896,20260722,1
7896,20260723,1
7896,20260724,1
7896,20260727,1
7896,20260728,1
7896,20260729,1
7896,20260730,1
7897,20260405,1
7897,20260412,1
7897,20260419,1
7897,20260531,1
7897,20260607,1
7897,20260614,1
7897,20260621,1
7897,20260628,1
7897,20260703,1
7897,20260705,1
7897,20260712,1
7897,20260714,1
7897,20260719,1
7897,20260726,1
7897,20260731,1
7898,20260420,1
7898,20260421,1
7898,20260422,1
7898,20260423,1
7898,20260424,1
7898,20260425,1
7898,20260427,1
7898,20260428,1
7898,20260429,1
7898,20260430,1
7898,20260501,1
7898,20260504,1
7898,20260505,1
7898,20260506,1
7898,20260507,1
7898,20260511,1
7898,20260512,1
7898,20260513,1
7899,20260306,1
7899,20260307,1
7899,20260309,1
7899,20260310,1
7899,20260311,1
7899,20260312,1
7899,20260313,1
7899,20260316,1
7899,20260317,1
7899,20260318,1
7899,20260319,1
7899,20260320,1
7899,20260323,1
7899,20260324,1
7899,20260325,1
7899,20260326,1
7899,20260327,1
7899,20260328,1
7908,20260308,1
7908,20260315,1
7908,20260322,1
7908,20260329,1
7908,20260802,1
7908,20260809,1
7909,20260705,1
7909,20260719,1
7909,20260726,1
7932,20260403,1
7932,20260522,1
7932,20260529,1
7932,20260605,1
7932,20260612,1
7932,20260619,1
7932,20260626,1
7932,20260703,1
7953,20260418,1
7953,20260606,1
7954,20260307,1
7954,20260314,1
7954,20260321,1
7954,20260328,1
7954,20260404,1
7954,20260411,1
7954,20260523,1
7954,20260530,1
7954,20260613,1
7954,20260620,1
7954,20260627,1
7955,20260306,1
7955,20260703,1
7955,20260807,1
7955,20260814,1
7955,20260821,1
7955,20260828,1
7956,20260712,1
7956,20260714,1
7956,20260715,1
7956,20260719,1
7956,20260720,1
7956,20260721,1
7956,20260722,1
7957,20260417,1
7957,20260731,1
7958,20260420,1
7958,20260421,1
7958,20260422,1
7958,20260423,1
7958,20260427,1
7958,20260428,1
7958,20260429,1
7958,20260504,1
7958,20260505,1
7958,20260511,1
7958,20260512,1
7959,20260426,1
7959,20260503,1
7959,20260506,1
7959,20260510,1
7959,20260517,1
7960,20260402,1
7960,20260419,1
7960,20260521,1
7960,20260525,1
7960,20260531,1
7960,20260607,1
7960,20260614,1
7960,20260621,1
7960,20260628,1
7960,20260702,1
7960,20260705,1
7960,20260730,1
7961,20260308,1
7961,20260309,1
7961,20260310,1
7961,20260311,1
7961,20260312,1
7961,20260315,1
7961,20260316,1
7961,20260317,1
7961,20260318,1
7961,20260319,1
7961,20260322,1
7961,20260323,1
7961,20260324,1
7961,20260325,1
7961,20260326,1
7961,20260329,1
7961,20260330,1
7961,20260331,1
7961,20260401,1
7961,20260405,1
7961,20260406,1
7961,20260407,1
7961,20260408,1
7961,20260409,1
7961,20260412,1
7961,20260413,1
7961,20260414,1
7961,20260415,1
7961,20260416,1
7961,20260518,1
7961,20260519,1
7961,20260520,1
7961,20260526,1
7961,20260527,1
7961,20260528,1
7961,20260601,1
7961,20260602,1
7961,20260603,1
7961,20260604,1
7961,20260608,1
7961,20260609,1
7961,20260610,1
7961,20260611,1
7961,20260615,1
7961,20260616,1
7961,20260617,1
7961,20260618,1
7961,20260622,1
7961,20260623,1
7961,20260624,1
7961,20260625,1
7961,20260629,1
7961,20260630,1
7961,20260701,1
7961,20260726,1
7961,20260727,1
7961,20260728,1
7961,20260729,1
7961,20260802,1
7961,20260803,1
7961,20260804,1
7961,20260805,1
7961,20260806,1
7961,20260809,1
7961,20260810,1
7961,20260811,1
7961,20260812,1
7961,20260813,1
7961,20260817,1
7961,20260818,1
7961,20260819,1
7961,20260820,1
7961,20260823,1
7961,20260824,1
7961,20260825,1
7961,20260826,1
7961,20260827,1
7961,20260830,1
8027,20260508,1
8027,20260509,1
8027,20260530,1
8030,20260711,1
8030,20260712,1
8030,20260714,1
8030,20260718,1
8030,20260719,1
8030,20260725,1
8030,20260726,1
8030,20260801,1
8030,20260802,1
8030,20260808,1
8030,20260809,1
8030,20260815,1
8030,20260816,1
8030,20260822,1
8030,20260823,1
8030,20260829,1
8030,20260830,1
8170,20260427,1
8170,20260428,1
8170,20260429,1
8170,20260430,1
8170,20260504,1
8170,20260505,1
8170,20260506,1
8170,20260507,1
8170,20260511,1
8170,20260512,1
8170,20260513,1
8170,20260515,1
8859,20260308,1
8859,20260315,1
8859,20260322,1
8859,20260329,1
8859,20260405,1
8859,20260406,1
8859,20260412,1
8859,20260419,1
8925,20260527,1
8925,20260528,1
8925,20260529,1
8925,20260602,1
8925,20260603,1
8925,20260604,1
8925,20260605,1
8925,20260609,1
8925,20260610,1
8925,20260611,1
8925,20260612,1
8925,20260616,1
8925,20260617,1
8925,20260618,1
8925,20260619,1
8968,20260529,1
8968,20260605,1
8968,20260612,1
8968,20260619,1
9008,20260307,1
9008,20260308,1
9008,20260314,1
9008,20260315,1
9008,20260321,1
9008,20260322,1
9008,20260328,1
9008,20260329,1
9008,20260404,1
9008,20260405,1
9008,20260406,1
9008,20260411,1
9008,20260412,1
9008,20260418,1
9008,20260419,1
9021,20260622,1
9021,20260623,1
9021,20260624,1
9021,20260625,1
9021,20260626,1
9021,20260629,1
9021,20260630,1
9021,20260701,1
9021,20260702,1
9021,20260703,1
9021,20260706,1
9021,20260707,1
9021,20260708,1
9021,20260709,1
9021,20260710,1
9021,20260713,1
9021,20260715,1
9021,20260716,1
9021,20260717,1
9021,20260720,1
9021,20260721,1
9021,20260722,1
9021,20260723,1
9021,20260724,1
9021,20260727,1
9021,20260728,1
9021,20260729,1
9021,20260730,1
9021,20260731,1
9021,20260803,1
9021,20260804,1
9021,20260805,1
9021,20260806,1
9021,20260807,1
9021,20260810,1
9021,20260811,1
9021,20260812,1
9021,20260813,1
9021,20260814,1
9021,20260817,1
9021,20260818,1
9021,20260819,1
9021,20260820,1
9021,20260821,1
9021,20260824,1
9021,20260825,1
9021,20260826,1
9021,20260827,1
9021,20260828,1
9033,20260627,1
9033,20260704,1
9033,20260711,1
9033,20260718,1
9033,20260725,1
9033,20260801,1
9033,20260808,1
9033,20260815,1
9033,20260822,1
9033,20260829,1
9167,20260306,1
9167,20260313,1
9167,20260320,1
9167,20260327,1
9167,20260403,1
9167,20260410,1
9167,20260417,1
9167,20260424,1
9167,20260430,1
9167,20260507,1
9167,20260513,1
9167,20260515,1
9172,20260330,1
9172,20260331,1
9172,20260401,1
9172,20260402,1
9172,20260403,1
9172,20260407,1
9172,20260408,1
9172,20260409,1
9172,20260410,1
9172,20260413,1
9172,20260414,1
9172,20260415,1
9172,20260416,1
9172,20260417,1
9172,20260420,1
9172,20260421,1
9172,20260422,1
9172,20260423,1
9172,20260424,1
9172,20260427,1
9172,20260428,1
9172,20260429,1
9172,20260430,1
9172,20260504,1
9172,20260505,1
9172,20260506,1
9172,20260507,1
9172,20260511,1
9172,20260512,1
9172,20260513,1
9172,20260515,1
9198,20260403,1
9198,20260410,1
9198,20260417,1
9198,20260424,1
9198,20260430,1
9198,20260507,1
9198,20260513,1
9198,20260515,1
9199,20260330,1
9199,20260331,1
9199,20260401,1
9199,20260402,1
9199,20260407,1
9199,20260408,1
9199,20260409,1
9199,20260413,1
9199,20260414,1
9199,20260415,1
9199,20260416,1
9199,20260420,1
9199,20260421,1
9199,20260422,1
9199,20260423,1
9199,20260427,1
9199,20260428,1
9199,20260429,1
9199,20260504,1
9199,20260505,1
9199,20260506,1
9199,20260511,1
9199,20260512,1
9206,20260525,1
9206,20260607,1
9206,20260614,1
9216,20260307,1
9216,20260308,1
9216,20260314,1
9216,20260315,1
9216,20260321,1
9216,20260322,1
9216,20260328,1
9216,20260329,1
9216,20260404,1
9216,20260405,1
9216,20260406,1
9216,20260411,1
9216,20260412,1
9216,20260418,1
9216,20260419,1
9216,20260425,1
9216,20260426,1
9216,20260501,1
9216,20260502,1
9216,20260503,1
9216,20260508,1
9216,20260509,1
9216,20260510,1
9216,20260514,1
9216,20260516,1
9216,20260517,1
9216,20260523,1
9216,20260524,1
9216,20260525,1
9216,20260530,1
9216,20260531,1
9216,20260606,1
9216,20260607,1
9216,20260613,1
9216,20260614,1
9216,20260620,1
9216,20260621,1
9216,20260627,1
9216,20260628,1
9216,20260704,1
9216,20260711,1
9216,20260718,1
9216,20260725,1
9216,20260801,1
9216,20260808,1
9216,20260815,1
9216,20260822,1
9216,20260829,1
9218,20260518,1
9218,20260519,1
9218,20260520,1
9218,20260521,1
9218,20260522,1
9218,20260523,1
9218,20260526,1
9218,20260527,1
9218,20260528,1
9218,20260529,1
9218,20260601,1
9218,20260602,1
9218,20260603,1
9218,20260604,1
9218,20260605,1
9218,20260606,1
9218,20260608,1
9218,20260609,1
9218,20260610,1
9218,20260611,1
9218,20260612,1
9218,20260613,1
9218,20260615,1
9218,20260616,1
9218,20260617,1
9218,20260618,1
9218,20260619,1
9218,20260620,1
9219,20260330,1
9219,20260331,1
9219,20260401,1
9219,20260402,1
9219,20260403,1
9219,20260404,1
9219,20260407,1
9219,20260408,1
9219,20260409,1
9219,20260410,1
9219,20260411,1
9219,20260413,1
9219,20260414,1
9219,20260415,1
9219,20260416,1
9219,20260417,1
9219,20260418,1
9219,20260420,1
9219,20260421,1
9219,20260422,1
9219,20260423,1
9219,20260424,1
9219,20260425,1
9219,20260427,1
9219,20260428,1
9219,20260429,1
9219,20260430,1
9219,20260501,1
9219,20260502,1
9219,20260504,1
9219,20260505,1
9219,20260506,1
9219,20260507,1
9219,20260508,1
9219,20260511,1
9219,20260512,1
9219,20260513,1
9219,20260514,1
9219,20260515,1
9219,20260516,1
9220,20260622,1
9220,20260623,1
9220,20260624,1
9220,20260625,1
9220,20260626,1
9220,20260627,1
9220,20260629,1
9220,20260630,1
9220,20260701,1
9220,20260702,1
9220,20260703,1
9220,20260704,1
9220,20260706,1
9220,20260707,1
9220,20260708,1
9220,20260709,1
9220,20260710,1
9220,20260711,1
9220,20260713,1
9220,20260715,1
9220,20260716,1
9220,20260717,1
9220,20260718,1
9220,20260720,1
9220,20260721,1
9220,20260722,1
9220,20260723,1
9220,20260724,1
9220,20260725,1
9220,20260727,1
9220,20260728,1
9220,20260729,1
9220,20260730,1
9220,20260731,1
9220,20260801,1
9220,20260803,1
9220,20260804,1
9220,20260805,1
9220,20260806,1
9220,20260807,1
9220,20260808,1
9220,20260810,1
9220,20260811,1
9220,20260812,1
9220,20260813,1
9220,20260814,1
9220,20260815,1
9220,20260817,1
9220,20260818,1
9220,20260819,1
9220,20260820,1
9220,20260821,1
9220,20260822,1
9220,20260824,1
9220,20260825,1
9220,20260826,1
9220,20260827,1
9220,20260828,1
9220,20260829,1
9220,20260831,1
9221,20260524,1
9221,20260525,1
9221,20260607,1
9221,20260614,1
9221,20260621,1
9222,20260425,1
9222,20260426,1
9222,20260427,1
9222,20260428,1
9222,20260429,1
9222,20260430,1
9222,20260501,1
9222,20260502,1
9222,20260503,1
9222,20260504,1
9222,20260505,1
9222,20260506,1
9222,20260507,1
9222,20260510,1
9222,20260511,1
9222,20260512,1
9222,20260513,1
9222,20260517,1
9223,20260518,1
9223,20260519,1
9223,20260520,1
9223,20260521,1
9223,20260522,1
9223,20260523,1
9223,20260524,1
9223,20260525,1
9223,20260526,1
9223,20260527,1
9223,20260528,1
9223,20260529,1
9223,20260601,1
9223,20260602,1
9223,20260603,1
9223,20260604,1
9223,20260605,1
9223,20260606,1
9223,20260607,1
9223,20260608,1
9223,20260609,1
9223,20260610,1
9223,20260611,1
9223,20260612,1
9223,20260613,1
9223,20260614,1
9223,20260615,1
9223,20260616,1
9223,20260617,1
9223,20260618,1
9223,20260619,1
9223,20260620,1
9223,20260621,1
9224,20260425,1
9224,20260426,1
9224,20260501,1
9224,20260502,1
9224,20260503,1
9224,20260510,1
9224,20260514,1
9224,20260516,1
9224,20260517,1
9225,20260523,1
9225,20260524,1
9225,20260525,1
9225,20260606,1
9225,20260607,1
9225,20260613,1
9225,20260614,1
9225,20260620,1
9225,20260621,1
9226,20260627,1
9226,20260628,1
9226,20260704,1
9226,20260705,1
9226,20260711,1
9226,20260712,1
9226,20260714,1
9226,20260718,1
9226,20260719,1
9226,20260725,1
9226,20260726,1
9226,20260801,1
9226,20260802,1
9226,20260808,1
9226,20260809,1
9226,20260815,1
9226,20260816,1
9226,20260822,1
9226,20260823,1
9226,20260829,1
9226,20260830,1
9227,20260330,1
9227,20260331,1
9227,20260401,1
9227,20260402,1
9227,20260403,1
9227,20260404,1
9227,20260405,1
9227,20260406,1
9227,20260407,1
9227,20260408,1
9227,20260409,1
9227,20260410,1
9227,20260411,1
9227,20260412,1
9227,20260413,1
9227,20260414,1
9227,20260415,1
9227,20260416,1
9227,20260417,1
9227,20260418,1
9227,20260419,1
9228,20260420,1
9228,20260421,1
9228,20260422,1
9228,20260423,1
9228,20260424,1
9228,20260425,1
9228,20260426,1
9228,20260427,1
9228,20260428,1
9228,20260429,1
9228,20260430,1
9228,20260501,1
9228,20260502,1
9228,20260503,1
9228,20260504,1
9228,20260505,1
9228,20260506,1
9228,20260507,1
9228,20260510,1
9228,20260511,1
9228,20260512,1
9228,20260513,1
9228,20260514,1
9228,20260515,1
9228,20260516,1
9228,20260517,1
9229,20260330,1
9229,20260331,1
9229,20260401,1
9229,20260402,1
9229,20260404,1
9229,20260405,1
9229,20260406,1
9229,20260407,1
9229,20260408,1
9229,20260409,1
9229,20260411,1
9229,20260412,1
9229,20260413,1
9229,20260414,1
9229,20260415,1
9229,20260416,1
9229,20260418,1
9229,20260419,1
9229,20260420,1
9229,20260421,1
9229,20260422,1
9229,20260423,1
9229,20260425,1
9229,20260426,1
9229,20260427,1
9229,20260428,1
9229,20260429,1
9229,20260501,1
9229,20260502,1
9229,20260503,1
9229,20260504,1
9229,20260505,1
9229,20260506,1
9229,20260510,1
9229,20260511,1
9229,20260512,1
9229,20260514,1
9229,20260516,1
9229,20260517,1
9230,20260307,1
9230,20260308,1
9230,20260309,1
9230,20260310,1
9230,20260311,1
9230,20260312,1
9230,20260314,1
9230,20260315,1
9230,20260316,1
9230,20260317,1
9230,20260318,1
9230,20260319,1
9230,20260321,1
9230,20260322,1
9230,20260323,1
9230,20260324,1
9230,20260325,1
9230,20260326,1
9230,20260328,1
9230,20260329,1
9231,20260306,1
9231,20260309,1
9231,20260310,1
9231,20260311,1
9231,20260312,1
9231,20260313,1
9231,20260316,1
9231,20260317,1
9231,20260318,1
9231,20260319,1
9231,20260320,1
9231,20260323,1
9231,20260324,1
9231,20260325,1
9231,20260326,1
9231,20260327,1
9231,20260831,1
9232,20260704,1
9232,20260706,1
9232,20260707,1
9232,20260708,1
9232,20260709,1
9232,20260710,1
9232,20260711,1
9232,20260713,1
9232,20260715,1
9232,20260716,1
9232,20260717,1
9232,20260718,1
9232,20260720,1
9232,20260721,1
9232,20260722,1
9232,20260723,1
9232,20260724,1
9232,20260725,1
9232,20260727,1
9232,20260728,1
9232,20260729,1
9232,20260730,1
9232,20260731,1
9232,20260801,1
9232,20260803,1
9232,20260804,1
9232,20260805,1
9232,20260806,1
9232,20260807,1
9232,20260808,1
9232,20260810,1
9232,20260811,1
9232,20260812,1
9232,20260813,1
9232,20260814,1
9232,20260815,1
9232,20260817,1
9232,20260818,1
9232,20260819,1
9232,20260820,1
9232,20260821,1
9232,20260822,1
9232,20260824,1
9232,20260825,1
9232,20260826,1
9232,20260827,1
9232,20260828,1
9234,20260306,1
9234,20260309,1
9234,20260310,1
9234,20260311,1
9234,20260312,1
9234,20260313,1
9234,20260316,1
9234,20260317,1
9234,20260318,1
9234,20260319,1
9234,20260320,1
9234,20260323,1
9234,20260324,1
9234,20260325,1
9234,20260326,1
9234,20260327,1
9234,20260330,1
9234,20260331,1
9234,20260401,1
9234,20260402,1
9234,20260403,1
9234,20260407,1
9234,20260408,1
9234,20260409,1
9234,20260413,1
9234,20260414,1
9234,20260415,1
9234,20260416,1
9234,20260417,1
9234,20260420,1
9234,20260421,1
9234,20260422,1
9234,20260423,1
9234,20260424,1
9234,20260427,1
9234,20260428,1
9234,20260429,1
9234,20260430,1
9234,20260504,1
9234,20260505,1
9234,20260506,1
9234,20260507,1
9234,20260511,1
9234,20260512,1
9234,20260513,1
9234,20260515,1
9234,20260518,1
9234,20260519,1
9234,20260520,1
9234,20260521,1
9234,20260522,1
9234,20260526,1
9234,20260527,1
9234,20260528,1
9234,20260529,1
9234,20260601,1
9234,20260602,1
9234,20260603,1
9234,20260604,1
9234,20260605,1
9234,20260608,1
9234,20260609,1
9234,20260610,1
9234,20260611,1
9234,20260612,1
9234,20260615,1
9234,20260616,1
9234,20260617,1
9234,20260618,1
9234,20260619,1
9234,20260622,1
9234,20260623,1
9234,20260624,1
9234,20260625,1
9234,20260626,1
9234,20260629,1
9234,20260630,1
9234,20260701,1
9234,20260702,1
9234,20260703,1
9234,20260706,1
9234,20260707,1
9234,20260708,1
9234,20260709,1
9234,20260710,1
9234,20260713,1
9234,20260715,1
9234,20260716,1
9234,20260717,1
9234,20260720,1
9234,20260721,1
9234,20260722,1
9234,20260723,1
9234,20260724,1
9234,20260727,1
9234,20260728,1
9234,20260729,1
9234,20260730,1
9234,20260731,1
9234,20260803,1
9234,20260804,1
9234,20260805,1
9234,20260806,1
9234,20260807,1
9234,20260810,1
9234,20260811,1
9234,20260812,1
9234,20260813,1
9234,20260814,1
9234,20260817,1
9234,20260818,1
9234,20260819,1
9234,20260820,1
9234,20260821,1
9234,20260824,1
9234,20260825,1
9234,20260826,1
9234,20260827,1
9234,20260828,1
9234,20260831,1
9235,20260306,1
9235,20260309,1
9235,20260310,1
9235,20260311,1
9235,20260312,1
9235,20260313,1
9235,20260316,1
9235,20260317,1
9235,20260318,1
9235,20260319,1
9235,20260320,1
9235,20260323,1
9235,20260324,1
9235,20260325,1
9235,20260326,1
9235,20260327,1
9235,20260330,1
9235,20260331,1
9235,20260401,1
9235,20260402,1
9235,20260403,1
9235,20260407,1
9235,20260408,1
9235,20260409,1
9235,20260410,1
9235,20260413,1
9235,20260414,1
9235,20260415,1
9235,20260416,1
9235,20260417,1
9235,20260420,1
9235,20260421,1
9235,20260422,1
9235,20260423,1
9235,20260424,1
9235,20260427,1
9235,20260428,1
9235,20260429,1
9235,20260430,1
9235,20260504,1
9235,20260505,1
9235,20260506,1
9235,20260507,1
9235,20260511,1
9235,20260512,1
9235,20260513,1
9235,20260515,1
9236,20260308,1
9236,20260315,1
9236,20260322,1
9236,20260329,1
9236,20260405,1
9236,20260406,1
9236,20260412,1
9236,20260419,1
9236,20260426,1
9236,20260503,1
9236,20260510,1
9236,20260517,1
9236,20260518,1
9236,20260519,1
9236,20260520,1
9236,20260521,1
9236,20260522,1
9236,20260524,1
9236,20260525,1
9236,20260526,1
9236,20260527,1
9236,20260528,1
9236,20260529,1
9236,20260531,1
9236,20260601,1
9236,20260602,1
9236,20260603,1
9236,20260604,1
9236,20260605,1
9236,20260607,1
9236,20260608,1
9236,20260609,1
9236,20260610,1
9236,20260611,1
9236,20260612,1
9236,20260614,1
9236,20260615,1
9236,20260616,1
9236,20260617,1
9236,20260618,1
9236,20260619,1
9236,20260621,1
9236,20260622,1
9236,20260623,1
9236,20260624,1
9236,20260625,1
9236,20260626,1
9236,20260628,1
9236,20260629,1
9236,20260630,1
9236,20260701,1
9236,20260702,1
9236,20260703,1
9236,20260705,1
9236,20260706,1
9236,20260707,1
9236,20260708,1
9236,20260709,1
9236,20260710,1
9236,20260712,1
9236,20260713,1
9236,20260714,1
9236,20260715,1
9236,20260716,1
9236,20260717,1
9236,20260719,1
9236,20260720,1
9236,20260721,1
9236,20260722,1
9236,20260723,1
9236,20260724,1
9236,20260726,1
9236,20260727,1
9236,20260728,1
9236,20260729,1
9236,20260730,1
9236,20260731,1
9236,20260802,1
9236,20260803,1
9236,20260804,1
9236,20260805,1
9236,20260806,1
9236,20260807,1
9236,20260809,1
9236,20260810,1
9236,20260811,1
9236,20260812,1
9236,20260813,1
9236,20260814,1
9236,20260816,1
9236,20260817,1
9236,20260818,1
9236,20260819,1
9236,20260820,1
9236,20260821,1
9236,20260823,1
9236,20260824,1
9236,20260825,1
9236,20260826,1
9236,20260827,1
9236,20260828,1
9236,20260830,1
9236,20260831,1
9237,20260309,1
9237,20260310,1
9237,20260311,1
9237,20260312,1
9237,20260313,1
9237,20260314,1
9237,20260315,1
9237,20260316,1
9237,20260317,1
9237,20260318,1
9237,20260319,1
9237,20260320,1
9237,20260321,1
9237,20260322,1
9237,20260323,1
9237,20260324,1
9237,20260325,1
9237,20260326,1
9237,20260327,1
9237,20260328,1
9237,20260329,1
9237,20260330,1
9237,20260331,1
9237,20260401,1
9237,20260402,1
9237,20260403,1
9237,20260404,1
9237,20260405,1
9237,20260406,1
9237,20260407,1
9237,20260408,1
9237,20260409,1
9237,20260410,1
9237,20260411,1
9237,20260412,1
9237,20260413,1
9237,20260414,1
9237,20260415,1
9237,20260416,1
9237,20260417,1
9237,20260418,1
9237,20260419,1
9237,20260420,1
9237,20260421,1
9237,20260422,1
9237,20260423,1
9237,20260424,1
9237,20260425,1
9237,20260426,1
9237,20260427,1
9237,20260428,1
9237,20260429,1
9237,20260430,1
9237,20260501,1
9237,20260502,1
9237,20260503,1
9237,20260504,1
9237,20260505,1
9237,20260506,1
9237,20260507,1
9237,20260508,1
9237,20260509,1
9237,20260510,1
9237,20260511,1
9237,20260512,1
9237,20260513,1
9237,20260514,1
9237,20260515,1
9237,20260516,1
9237,20260517,1
9237,20260518,1
9237,20260519,1
9237,20260520,1
9237,20260521,1
9237,20260522,1
9237,20260523,1
9237,20260524,1
9237,20260525,1
9237,20260526,1
9237,20260527,1
9237,20260528,1
9237,20260529,1
9237,20260530,1
9237,20260531,1
9237,20260601,1
9237,20260602,1
9237,20260603,1
9237,20260604,1
9237,20260605,1
9237,20260606,1
9237,20260607,1
9237,20260608,1
9237,20260609,1
9237,20260610,1
9237,20260611,1
9237,20260612,1
9237,20260613,1
9237,20260614,1
9237,20260615,1
9237,20260616,1
9237,20260617,1
9237,20260618,1
9237,20260619,1
9237,20260620,1
9237,20260621,1
9237,20260622,1
9237,20260623,1
9237,20260624,1
9237,20260625,1
9237,20260626,1
9237,20260627,1
9237,20260628,1
9237,20260629,1
9237,20260630,1
9237,20260701,1
9237,20260702,1
9237,20260703,1
9237,20260704,1
9237,20260705,1
9237,20260706,1
9237,20260707,1
9237,20260708,1
9237,20260709,1
9237,20260710,1
9237,20260711,1
9237,20260712,1
9237,20260713,1
9237,20260714,1
9237,20260715,1
9237,20260716,1
9237,20260717,1
9237,20260718,1
9237,20260719,1
9237,20260720,1
9237,20260721,1
9237,20260722,1
9237,20260723,1
9237,20260724,1
9237,20260725,1
9237,20260726,1
9237,20260727,1
9237,20260728,1
9237,20260729,1
9237,20260730,1
9237,20260731,1
9237,20260801,1
9237,20260802,1
9237,20260803,1
9237,20260804,1
9237,20260805,1
9237,20260806,1
9237,20260807,1
9237,20260808,1
9237,20260809,1
9237,20260810,1
9237,20260811,1
9237,20260812,1
9237,20260813,1
9237,20260814,1
9237,20260815,1
9237,20260816,1
9237,20260817,1
9237,20260818,1
9237,20260819,1
9237,20260820,1
9237,20260821,1
9237,20260822,1
9237,20260823,1
9237,20260824,1
9237,20260825,1
9237,20260826,1
9237,20260827,1
9237,20260828,1
9237,20260829,1
9237,20260830,1
9237,20260831,1
9239,20260518,1
9239,20260519,1
9239,20260520,1
9239,20260521,1
9239,20260522,1
9239,20260526,1
9239,20260527,1
9239,20260528,1
9239,20260529,1
9239,20260601,1
9239,20260602,1
9239,20260603,1
9239,20260604,1
9239,20260605,1
9239,20260608,1
9239,20260609,1
9239,20260610,1
9239,20260611,1
9239,20260612,1
9239,20260615,1
9239,20260616,1
9239,20260617,1
9239,20260618,1
9239,20260619,1
9239,20260622,1
9239,20260623,1
9239,20260624,1
9239,20260625,1
9239,20260626,1
9239,20260629,1
9239,20260630,1
9239,20260701,1
9239,20260702,1
9239,20260703,1
9240,20260323,1
9240,20260324,1
9240,20260325,1
9240,20260326,1
9240,20260327,1
9240,20260330,1
9240,20260331,1
9240,20260401,1
9240,20260402,1
9240,20260403,1
9240,20260420,1
9240,20260421,1
9240,20260422,1
9240,20260423,1
9240,20260424,1
9240,20260427,1
9240,20260428,1
9240,20260429,1
9240,20260430,1
9240,20260504,1
9240,20260505,1
9240,20260506,1
9240,20260507,1
9240,20260511,1
9240,20260512,1
9240,20260513,1
9240,20260515,1
9241,20260706,1
9241,20260707,1
9241,20260708,1
9241,20260709,1
9241,20260710,1
9241,20260713,1
9241,20260715,1
9241,20260716,1
9241,20260717,1
9241,20260803,1
9241,20260804,1
9241,20260805,1
9241,20260806,1
9241,20260807,1
9241,20260810,1
9241,20260811,1
9241,20260812,1
9241,20260813,1
9241,20260814,1
9241,20260817,1
9241,20260818,1
9241,20260819,1
9241,20260820,1
9241,20260821,1
9241,20260824,1
9241,20260825,1
9241,20260826,1
9241,20260827,1
9241,20260828,1
9241,20260831,1
9242,20260328,1
9242,20260404,1
9242,20260418,1
9242,20260425,1
9242,20260501,1
9242,20260502,1
9242,20260508,1
9242,20260514,1
9242,20260516,1
9243,20260523,1
9243,20260606,1
9243,20260613,1
9243,20260620,1
9243,20260627,1
9243,20260704,1
9243,20260711,1
9243,20260718,1
9243,20260801,1
9243,20260808,1
9243,20260815,1
9243,20260822,1
9243,20260829,1
9244,20260323,1
9244,20260324,1
9244,20260325,1
9244,20260326,1
9244,20260327,1
9244,20260330,1
9244,20260331,1
9244,20260401,1
9244,20260402,1
9244,20260403,1
9244,20260413,1
9244,20260414,1
9244,20260415,1
9244,20260416,1
9244,20260417,1
9244,20260420,1
9244,20260421,1
9244,20260422,1
9244,20260423,1
9244,20260424,1
9244,20260427,1
9244,20260428,1
9244,20260429,1
9244,20260430,1
9244,20260504,1
9244,20260505,1
9244,20260506,1
9244,20260507,1
9244,20260511,1
9244,20260512,1
9244,20260513,1
9244,20260515,1
9245,20260328,1
9245,20260404,1
9245,20260418,1
9245,20260425,1
9245,20260501,1
9245,20260502,1
9245,20260508,1
9245,20260514,1
9245,20260516,1
9245,20260523,1
9245,20260606,1
9245,20260613,1
9245,20260620,1
9245,20260627,1
9245,20260704,1
9245,20260711,1
9245,20260718,1
9245,20260801,1
9245,20260808,1
9245,20260815,1
9245,20260822,1
9245,20260829,1
9246,20260323,1
9246,20260324,1
9246,20260325,1
9246,20260326,1
9246,20260327,1
9246,20260330,1
9246,20260331,1
9246,20260401,1
9246,20260402,1
9246,20260403,1
9246,20260427,1
9246,20260428,1
9246,20260429,1
9246,20260430,1
9246,20260504,1
9246,20260505,1
9246,20260506,1
9246,20260507,1
9246,20260511,1
9246,20260512,1
9246,20260513,1
9246,20260515,1
9247,20260518,1
9247,20260519,1
9247,20260520,1
9247,20260521,1
9247,20260522,1
9247,20260526,1
9247,20260527,1
9247,20260528,1
9247,20260529,1
9247,20260601,1
9247,20260602,1
9247,20260603,1
9247,20260604,1
9247,20260605,1
9247,20260608,1
9247,20260609,1
9247,20260610,1
9247,20260611,1
9247,20260612,1
9247,20260615,1
9247,20260616,1
9247,20260617,1
9247,20260618,1
9247,20260619,1
9247,20260622,1
9247,20260623,1
9247,20260624,1
9247,20260625,1
9247,20260626,1
9247,20260629,1
9247,20260630,1
9247,20260701,1
9247,20260702,1
9247,20260703,1
9247,20260706,1
9247,20260707,1
9247,20260708,1
9247,20260709,1
9247,20260710,1
9247,20260713,1
9247,20260715,1
9247,20260716,1
9247,20260717,1
9247,20260803,1
9247,20260804,1
9247,20260805,1
9247,20260806,1
9247,20260807,1
9247,20260810,1
9247,20260811,1
9247,20260812,1
9247,20260813,1
9247,20260814,1
9247,20260817,1
9247,20260818,1
9247,20260819,1
9247,20260820,1
9247,20260821,1
9247,20260824,1
9247,20260825,1
9247,20260826,1
9247,20260827,1
9247,20260828,1
9247,20260831,1
9248,20260508,1
9248,20260509,1
9248,20260530,1
9248,20260531,1
9249,20260406,1
9249,20260410,1
9249,20260411,1
9249,20260412,1
9250,20260323,1
9250,20260324,1
9250,20260325,1
9250,20260326,1
9250,20260330,1
9250,20260331,1
9250,20260401,1
9250,20260402,1
9250,20260413,1
9250,20260414,1
9250,20260415,1
9250,20260416,1
9250,20260420,1
9250,20260421,1
9250,20260422,1
9250,20260423,1
9250,20260427,1
9250,20260428,1
9250,20260429,1
9250,20260504,1
9250,20260505,1
9250,20260506,1
9250,20260511,1
9250,20260512,1
9251,20260322,1
9251,20260327,1
9251,20260328,1
9251,20260329,1
9251,20260403,1
9251,20260404,1
9251,20260405,1
9251,20260417,1
9251,20260418,1
9251,20260419,1
9251,20260424,1
9251,20260425,1
9251,20260426,1
9251,20260430,1
9251,20260501,1
9251,20260502,1
9251,20260503,1
9251,20260507,1
9251,20260510,1
9251,20260513,1
9251,20260514,1
9251,20260515,1
9251,20260516,1
9251,20260517,1
9252,20260522,1
9252,20260523,1
9252,20260524,1
9252,20260525,1
9252,20260529,1
9252,20260605,1
9252,20260606,1
9252,20260607,1
9252,20260612,1
9252,20260613,1
9252,20260614,1
9252,20260619,1
9252,20260620,1
9252,20260621,1
9252,20260626,1
9252,20260627,1
9252,20260628,1
9252,20260703,1
9252,20260704,1
9252,20260705,1
9252,20260710,1
9252,20260711,1
9252,20260712,1
9252,20260714,1
9252,20260717,1
9252,20260718,1
9252,20260719,1
9252,20260724,1
9252,20260725,1
9252,20260726,1
9252,20260731,1
9252,20260801,1
9252,20260802,1
9252,20260807,1
9252,20260808,1
9252,20260809,1
9252,20260814,1
9252,20260815,1
9252,20260816,1
9252,20260821,1
9252,20260822,1
9252,20260823,1
9252,20260828,1
9252,20260829,1
9252,20260830,1
9253,20260518,1
9253,20260519,1
9253,20260520,1
9253,20260521,1
9253,20260526,1
9253,20260527,1
9253,20260528,1
9253,20260601,1
9253,20260602,1
9253,20260603,1
9253,20260604,1
9253,20260608,1
9253,20260609,1
9253,20260610,1
9253,20260611,1
9253,20260615,1
9253,20260616,1
9253,20260617,1
9253,20260618,1
9253,20260622,1
9253,20260623,1
9253,20260624,1
9253,20260625,1
9253,20260629,1
9253,20260630,1
9253,20260701,1
9253,20260702,1
9253,20260706,1
9253,20260707,1
9253,20260708,1
9253,20260709,1
9253,20260713,1
9253,20260715,1
9253,20260716,1
9253,20260720,1
9253,20260721,1
9253,20260722,1
9253,20260723,1
9253,20260727,1
9253,20260728,1
9253,20260729,1
9253,20260730,1
9253,20260803,1
9253,20260804,1
9253,20260805,1
9253,20260806,1
9253,20260810,1
9253,20260811,1
9253,20260812,1
9253,20260813,1
9253,20260817,1
9253,20260818,1
9253,20260819,1
9253,20260820,1
9253,20260824,1
9253,20260825,1
9253,20260826,1
9253,20260827,1
9253,20260831,1
9254,20260306,1
9254,20260307,1
9254,20260308,1
9254,20260313,1
9254,20260314,1
9254,20260315,1
9254,20260320,1
9254,20260321,1
9255,20260524,1
9255,20260525,1
9255,20260607,1
9255,20260614,1
9255,20260621,1
9255,20260628,1
9255,20260705,1
9256,20260322,1
9256,20260329,1
9256,20260405,1
9256,20260419,1
9256,20260426,1
9256,20260503,1
9256,20260510,1
9256,20260517,1
9257,20260523,1
9257,20260606,1
9257,20260613,1
9257,20260620,1
9257,20260627,1
9257,20260704,1
9258,20260328,1
9258,20260404,1
9258,20260418,1
9258,20260425,1
9258,20260501,1
9258,20260502,1
9258,20260514,1
9258,20260516,1
9259,20260309,1
9259,20260310,1
9259,20260311,1
9259,20260312,1
9259,20260313,1
9259,20260316,1
9259,20260317,1
9259,20260318,1
9259,20260319,1
9259,20260320,1
9259,20260323,1
9259,20260324,1
9259,20260325,1
9259,20260326,1
9259,20260327,1
9259,20260330,1
9259,20260331,1
9259,20260401,1
9259,20260402,1
9259,20260403,1
9259,20260413,1
9259,20260414,1
9259,20260415,1
9259,20260416,1
9259,20260417,1
9259,20260420,1
9259,20260421,1
9259,20260422,1
9259,20260423,1
9259,20260424,1
9259,20260427,1
9259,20260428,1
9259,20260429,1
9259,20260430,1
9259,20260504,1
9259,20260505,1
9259,20260506,1
9259,20260507,1
9259,20260511,1
9259,20260512,1
9259,20260513,1
9259,20260515,1
9260,20260518,1
9260,20260519,1
9260,20260520,1
9260,20260521,1
9260,20260522,1
9260,20260526,1
9260,20260527,1
9260,20260528,1
9260,20260529,1
9260,20260601,1
9260,20260602,1
9260,20260603,1
9260,20260604,1
9260,20260605,1
9260,20260608,1
9260,20260609,1
9260,20260610,1
9260,20260611,1
9260,20260612,1
9260,20260615,1
9260,20260616,1
9260,20260617,1
9260,20260618,1
9260,20260619,1
9260,20260622,1
9260,20260623,1
9260,20260624,1
9260,20260625,1
9260,20260626,1
9260,20260629,1
9260,20260630,1
9260,20260701,1
9260,20260702,1
9260,20260703,1
9260,20260831,1
9261,20260407,1
9261,20260408,1
9261,20260409,1
9261,20260410,1
9261,20260411,1
9262,20260518,1
9262,20260519,1
9262,20260520,1
9262,20260521,1
9262,20260522,1
9262,20260523,1
9262,20260526,1
9262,20260527,1
9262,20260528,1
9262,20260529,1
9262,20260530,1
9262,20260601,1
9262,20260602,1
9262,20260603,1
9262,20260604,1
9262,20260605,1
9262,20260606,1
9262,20260608,1
9262,20260609,1
9262,20260610,1
9262,20260611,1
9262,20260612,1
9262,20260613,1
9262,20260615,1
9262,20260616,1
9262,20260617,1
9262,20260618,1
9262,20260619,1
9262,20260620,1
9262,20260622,1
9262,20260623,1
9262,20260624,1
9262,20260625,1
9262,20260626,1
9262,20260627,1
9262,20260629,1
9262,20260630,1
9262,20260701,1
9262,20260702,1
9262,20260703,1
9262,20260706,1
9262,20260707,1
9262,20260708,1
9262,20260709,1
9262,20260710,1
9262,20260713,1
9262,20260715,1
9262,20260716,1
9262,20260717,1
9262,20260720,1
9262,20260721,1
9262,20260722,1
9262,20260723,1
9262,20260724,1
9262,20260727,1
9262,20260728,1
9262,20260729,1
9262,20260730,1
9262,20260731,1
9262,20260803,1
9262,20260804,1
9262,20260805,1
9262,20260806,1
9262,20260807,1
9262,20260810,1
9262,20260811,1
9262,20260812,1
9262,20260813,1
9262,20260814,1
9262,20260817,1
9262,20260818,1
9262,20260819,1
9262,20260820,1
9262,20260821,1
9262,20260824,1
9262,20260825,1
9262,20260826,1
9262,20260827,1
9262,20260828,1
9262,20260831,1
9263,20260306,1
9263,20260307,1
9263,20260309,1
9263,20260310,1
9263,20260311,1
9263,20260312,1
9263,20260313,1
9263,20260314,1
9263,20260316,1
9263,20260317,1
9263,20260318,1
9263,20260319,1
9263,20260320,1
9263,20260321,1
9263,20260323,1
9263,20260324,1
9263,20260325,1
9263,20260326,1
9263,20260327,1
9263,20260328,1
9263,20260330,1
9263,20260331,1
9263,20260401,1
9263,20260402,1
9263,20260403,1
9263,20260404,1
9263,20260413,1
9263,20260414,1
9263,20260415,1
9263,20260416,1
9263,20260417,1
9263,20260418,1
9263,20260420,1
9263,20260421,1
9263,20260422,1
9263,20260423,1
9263,20260424,1
9263,20260425,1
9263,20260427,1
9263,20260428,1
9263,20260429,1
9263,20260430,1
9263,20260501,1
9263,20260502,1
9263,20260504,1
9263,20260505,1
9263,20260506,1
9263,20260507,1
9263,20260508,1
9263,20260511,1
9263,20260512,1
9263,20260513,1
9263,20260514,1
9263,20260515,1
9263,20260516,1
9264,20260306,1
9264,20260309,1
9264,20260310,1
9264,20260311,1
9264,20260312,1
9264,20260313,1
9264,20260316,1
9264,20260317,1
9264,20260318,1
9264,20260319,1
9264,20260320,1
9264,20260323,1
9264,20260324,1
9264,20260325,1
9264,20260326,1
9264,20260327,1
9264,20260330,1
9264,20260331,1
9264,20260401,1
9264,20260402,1
9264,20260403,1
9264,20260413,1
9264,20260414,1
9264,20260415,1
9264,20260416,1
9264,20260417,1
9264,20260420,1
9264,20260421,1
9264,20260422,1
9264,20260423,1
9264,20260424,1
9264,20260427,1
9264,20260428,1
9264,20260429,1
9264,20260430,1
9264,20260504,1
9264,20260505,1
9264,20260506,1
9264,20260507,1
9264,20260511,1
9264,20260512,1
9264,20260513,1
9264,20260515,1
9265,20260307,1
9265,20260314,1
9265,20260321,1
9265,20260328,1
9265,20260404,1
9265,20260418,1
9265,20260425,1
9265,20260501,1
9265,20260502,1
9265,20260508,1
9265,20260514,1
9265,20260516,1
9266,20260523,1
9266,20260530,1
9266,20260606,1
9266,20260613,1
9266,20260620,1
9266,20260627,1
9266,20260704,1
9266,20260711,1
9266,20260718,1
9266,20260725,1
9266,20260801,1
9266,20260808,1
9266,20260815,1
9266,20260822,1
9266,20260829,1
9267,20260309,1
9267,20260316,1
9267,20260323,1
9267,20260330,1
9267,20260413,1
9267,20260420,1
9267,20260427,1
9267,20260504,1
9267,20260511,1
9267,20260518,1
9267,20260526,1
9267,20260601,1
9267,20260608,1
9267,20260615,1
9267,20260622,1
9267,20260629,1
9267,20260706,1
9267,20260707,1
9267,20260708,1
9267,20260709,1
9267,20260710,1
9267,20260713,1
9267,20260715,1
9267,20260716,1
9267,20260717,1
9267,20260720,1
9267,20260721,1
9267,20260722,1
9267,20260723,1
9267,20260724,1
9267,20260727,1
9267,20260728,1
9267,20260729,1
9267,20260730,1
9267,20260731,1
9267,20260803,1
9267,20260804,1
9267,20260805,1
9267,20260806,1
9267,20260807,1
9267,20260810,1
9267,20260811,1
9267,20260812,1
9267,20260813,1
9267,20260814,1
9267,20260817,1
9267,20260818,1
9267,20260819,1
9267,20260820,1
9267,20260821,1
9267,20260824,1
9267,20260825,1
9267,20260826,1
9267,20260827,1
9267,20260828,1
9267,20260831,1
9268,20260306,1
9268,20260310,1
9268,20260311,1
9268,20260312,1
9268,20260313,1
9268,20260317,1
9268,20260318,1
9268,20260319,1
9268,20260320,1
9268,20260324,1
9268,20260325,1
9268,20260326,1
9268,20260327,1
9268,20260331,1
9268,20260401,1
9268,20260402,1
9268,20260403,1
9268,20260414,1
9268,20260415,1
9268,20260416,1
9268,20260417,1
9268,20260421,1
9268,20260422,1
9268,20260423,1
9268,20260424,1
9268,20260428,1
9268,20260429,1
9268,20260430,1
9268,20260505,1
9268,20260506,1
9268,20260507,1
9268,20260512,1
9268,20260513,1
9268,20260515,1
9269,20260523,1
9269,20260524,1
9269,20260525,1
9269,20260606,1
9269,20260607,1
9269,20260613,1
9269,20260614,1
9269,20260620,1
9269,20260621,1
9269,20260627,1
9269,20260628,1
9269,20260704,1
9269,20260705,1
9270,20260509,1
9270,20260510,1
9270,20260530,1
9270,20260531,1
9271,20260307,1
9271,20260308,1
9271,20260314,1
9271,20260315,1
9271,20260321,1
9271,20260322,1
9271,20260328,1
9271,20260329,1
9271,20260404,1
9271,20260405,1
9271,20260418,1
9271,20260419,1
9271,20260425,1
9271,20260426,1
9271,20260501,1
9271,20260502,1
9271,20260503,1
9271,20260508,1
9271,20260514,1
9271,20260516,1
9271,20260517,1
9272,20260406,1
9272,20260407,1
9272,20260408,1
9272,20260409,1
9272,20260410,1
9272,20260412,1
9273,20260518,1
9273,20260519,1
9273,20260520,1
9273,20260521,1
9273,20260522,1
9273,20260524,1
9273,20260525,1
9273,20260526,1
9273,20260527,1
9273,20260528,1
9273,20260529,1
9273,20260601,1
9273,20260602,1
9273,20260603,1
9273,20260604,1
9273,20260605,1
9273,20260607,1
9273,20260608,1
9273,20260609,1
9273,20260610,1
9273,20260611,1
9273,20260612,1
9273,20260614,1
9273,20260615,1
9273,20260616,1
9273,20260617,1
9273,20260618,1
9273,20260619,1
9273,20260621,1
9273,20260622,1
9273,20260623,1
9273,20260624,1
9273,20260625,1
9273,20260626,1
9273,20260628,1
9273,20260629,1
9273,20260630,1
9273,20260701,1
9273,20260702,1
9273,20260703,1
9273,20260705,1
9273,20260706,1
9273,20260707,1
9273,20260708,1
9273,20260709,1
9273,20260710,1
9273,20260712,1
9273,20260713,1
9273,20260714,1
9273,20260715,1
9273,20260716,1
9273,20260717,1
9273,20260719,1
9273,20260720,1
9273,20260721,1
9273,20260722,1
9273,20260723,1
9273,20260724,1
9273,20260726,1
9273,20260727,1
9273,20260728,1
9273,20260729,1
9273,20260730,1
9273,20260731,1
9273,20260802,1
9273,20260803,1
9273,20260804,1
9273,20260805,1
9273,20260806,1
9273,20260807,1
9273,20260809,1
9273,20260810,1
9273,20260811,1
9273,20260812,1
9273,20260813,1
9273,20260814,1
9273,20260816,1
9273,20260817,1
9273,20260818,1
9273,20260819,1
9273,20260820,1
9273,20260821,1
9273,20260823,1
9273,20260824,1
9273,20260825,1
9273,20260826,1
9273,20260827,1
9273,20260828,1
9273,20260830,1
9273,20260831,1
9274,20260306,1
9274,20260308,1
9274,20260309,1
9274,20260310,1
9274,20260311,1
9274,20260312,1
9274,20260313,1
9274,20260315,1
9274,20260316,1
9274,20260317,1
9274,20260318,1
9274,20260319,1
9274,20260320,1
9274,20260322,1
9274,20260323,1
9274,20260324,1
9274,20260325,1
9274,20260326,1
9274,20260327,1
9274,20260329,1
9274,20260330,1
9274,20260331,1
9274,20260401,1
9274,20260402,1
9274,20260403,1
9274,20260405,1
9274,20260413,1
9274,20260414,1
9274,20260415,1
9274,20260416,1
9274,20260417,1
9274,20260419,1
9274,20260420,1
9274,20260421,1
9274,20260422,1
9274,20260423,1
9274,20260424,1
9274,20260426,1
9274,20260427,1
9274,20260428,1
9274,20260429,1
9274,20260430,1
9274,20260503,1
9274,20260504,1
9274,20260505,1
9274,20260506,1
9274,20260507,1
9274,20260511,1
9274,20260512,1
9274,20260513,1
9274,20260517,1
9275,20260306,1
9275,20260309,1
9275,20260310,1
9275,20260311,1
9275,20260312,1
9275,20260313,1
9275,20260316,1
9275,20260317,1
9275,20260318,1
9275,20260319,1
9275,20260320,1
9275,20260323,1
9275,20260324,1
9275,20260325,1
9275,20260326,1
9275,20260327,1
9275,20260330,1
9275,20260331,1
9275,20260401,1
9275,20260402,1
9275,20260403,1
9275,20260413,1
9275,20260414,1
9275,20260415,1
9275,20260416,1
9275,20260417,1
9276,20260518,1
9276,20260519,1
9276,20260520,1
9276,20260521,1
9276,20260522,1
9276,20260523,1
9276,20260526,1
9276,20260527,1
9276,20260528,1
9276,20260529,1
9276,20260601,1
9276,20260602,1
9276,20260603,1
9276,20260604,1
9276,20260605,1
9276,20260606,1
9276,20260608,1
9276,20260609,1
9276,20260610,1
9276,20260611,1
9276,20260612,1
9276,20260613,1
9276,20260615,1
9276,20260616,1
9276,20260617,1
9276,20260618,1
9276,20260619,1
9276,20260620,1
9276,20260622,1
9276,20260623,1
9276,20260624,1
9276,20260625,1
9276,20260626,1
9276,20260627,1
9276,20260629,1
9276,20260630,1
9276,20260701,1
9276,20260702,1
9276,20260703,1
9276,20260704,1
9276,20260706,1
9276,20260707,1
9276,20260708,1
9276,20260709,1
9276,20260710,1
9276,20260711,1
9276,20260713,1
9276,20260715,1
9276,20260716,1
9276,20260717,1
9276,20260718,1
9276,20260720,1
9276,20260721,1
9276,20260722,1
9276,20260723,1
9276,20260724,1
9276,20260725,1
9276,20260727,1
9276,20260728,1
9276,20260729,1
9276,20260730,1
9276,20260731,1
9276,20260801,1
9276,20260803,1
9276,20260804,1
9276,20260805,1
9276,20260806,1
9276,20260807,1
9276,20260808,1
9276,20260810,1
9276,20260811,1
9276,20260812,1
9276,20260813,1
9276,20260814,1
9276,20260815,1
9276,20260817,1
9276,20260818,1
9276,20260819,1
9276,20260820,1
9276,20260821,1
9276,20260822,1
9276,20260824,1
9276,20260825,1
9276,20260826,1
9276,20260827,1
9276,20260828,1
9276,20260829,1
9276,20260831,1
9277,20260518,1
9277,20260519,1
9277,20260520,1
9277,20260521,1
9277,20260522,1
9277,20260523,1
9277,20260524,1
9277,20260525,1
9277,20260526,1
9277,20260527,1
9277,20260528,1
9277,20260529,1
9277,20260601,1
9277,20260602,1
9277,20260603,1
9277,20260604,1
9277,20260605,1
9277,20260606,1
9277,20260607,1
9277,20260608,1
9277,20260609,1
9277,20260610,1
9277,20260611,1
9277,20260612,1
9277,20260613,1
9277,20260614,1
9277,20260615,1
9277,20260616,1
9277,20260617,1
9277,20260618,1
9277,20260619,1
9277,20260620,1
9277,20260621,1
9277,20260622,1
9277,20260623,1
9277,20260624,1
9277,20260625,1
9277,20260626,1
9277,20260627,1
9277,20260628,1
9277,20260629,1
9277,20260630,1
9277,20260701,1
9277,20260702,1
9277,20260703,1
9277,20260704,1
9277,20260705,1
9278,20260706,1
9278,20260707,1
9278,20260708,1
9278,20260709,1
9278,20260710,1
9278,20260711,1
9278,20260712,1
9278,20260713,1
9278,20260714,1
9278,20260715,1
9278,20260716,1
9278,20260717,1
9278,20260718,1
9278,20260719,1
9278,20260720,1
9278,20260721,1
9278,20260722,1
9278,20260723,1
9278,20260724,1
9278,20260725,1
9278,20260726,1
9278,20260727,1
9278,20260728,1
9278,20260729,1
9278,20260730,1
9278,20260731,1
9278,20260801,1
9278,20260802,1
9278,20260803,1
9278,20260804,1
9278,20260805,1
9278,20260806,1
9278,20260807,1
9278,20260808,1
9278,20260809,1
9278,20260810,1
9278,20260811,1
9278,20260812,1
9278,20260813,1
9278,20260814,1
9278,20260815,1
9278,20260816,1
9278,20260817,1
9278,20260818,1
9278,20260819,1
9278,20260820,1
9278,20260821,1
9278,20260822,1
9278,20260823,1
9278,20260824,1
9278,20260825,1
9278,20260826,1
9278,20260827,1
9278,20260828,1
9278,20260829,1
9278,20260830,1
9278,20260831,1
9279,20260306,1
9279,20260307,1
9279,20260308,1
9279,20260309,1
9279,20260310,1
9279,20260311,1
9279,20260312,1
9279,20260313,1
9279,20260314,1
9279,20260315,1
9279,20260316,1
9279,20260317,1
9279,20260318,1
9279,20260319,1
9279,20260320,1
9279,20260321,1
9279,20260322,1
9279,20260323,1
9279,20260324,1
9279,20260325,1
9279,20260326,1
9279,20260327,1
9279,20260328,1
9279,20260329,1
9279,20260330,1
9279,20260331,1
9279,20260401,1
9279,20260402,1
9279,20260403,1
9279,20260404,1
9279,20260405,1
9279,20260413,1
9279,20260414,1
9279,20260415,1
9279,20260416,1
9279,20260417,1
9279,20260418,1
9279,20260419,1
9279,20260420,1
9279,20260421,1
9279,20260422,1
9279,20260423,1
9279,20260424,1
9279,20260425,1
9279,20260426,1
9279,20260427,1
9279,20260428,1
9279,20260429,1
9279,20260430,1
9279,20260501,1
9279,20260502,1
9279,20260503,1
9279,20260504,1
9279,20260505,1
9279,20260506,1
9279,20260507,1
9279,20260510,1
9279,20260511,1
9279,20260512,1
9279,20260513,1
9279,20260514,1
9279,20260515,1
9279,20260516,1
9279,20260517,1
9280,20260307,1
9280,20260308,1
9280,20260314,1
9280,20260315,1
9280,20260321,1
9280,20260322,1
9280,20260328,1
9280,20260329,1
9280,20260404,1
9280,20260405,1
9280,20260418,1
9280,20260419,1
9280,20260425,1
9280,20260426,1
9280,20260501,1
9280,20260502,1
9280,20260503,1
9280,20260510,1
9280,20260514,1
9280,20260516,1
9280,20260517,1
9281,20260523,1
9281,20260524,1
9281,20260525,1
9281,20260606,1
9281,20260607,1
9281,20260613,1
9281,20260614,1
9281,20260620,1
9281,20260621,1
9281,20260627,1
9281,20260628,1
9281,20260704,1
9281,20260705,1
9281,20260711,1
9281,20260712,1
9281,20260714,1
9281,20260718,1
9281,20260719,1
9281,20260725,1
9281,20260726,1
9281,20260801,1
9281,20260802,1
9281,20260808,1
9281,20260809,1
9281,20260815,1
9281,20260816,1
9281,20260822,1
9281,20260823,1
9281,20260829,1
9281,20260830,1
9282,20260406,1
9282,20260411,1
9282,20260412,1
9282,20260418,1
9282,20260419,1
9283,20260307,1
9283,20260308,1
9283,20260314,1
9283,20260315,1
9283,20260321,1
9283,20260322,1
9283,20260328,1
9283,20260329,1
9283,20260404,1
9283,20260405,1
9283,20260425,1
9283,20260426,1
9283,20260501,1
9283,20260502,1
9283,20260503,1
9283,20260510,1
9283,20260514,1
9283,20260516,1
9283,20260517,1
9284,20260518,1
9284,20260519,1
9284,20260520,1
9284,20260521,1
9284,20260522,1
9284,20260523,1
9284,20260524,1
9284,20260525,1
9284,20260526,1
9284,20260527,1
9284,20260528,1
9284,20260529,1
9284,20260602,1
9284,20260603,1
9284,20260604,1
9284,20260605,1
9284,20260606,1
9284,20260607,1
9284,20260608,1
9284,20260609,1
9284,20260610,1
9284,20260611,1
9284,20260612,1
9284,20260613,1
9284,20260614,1
9284,20260615,1
9284,20260616,1
9284,20260617,1
9284,20260618,1
9284,20260619,1
9284,20260620,1
9284,20260621,1
9284,20260622,1
9284,20260623,1
9284,20260624,1
9284,20260625,1
9284,20260626,1
9284,20260627,1
9284,20260628,1
9284,20260629,1
9284,20260630,1
9284,20260701,1
9284,20260702,1
9284,20260703,1
9284,20260704,1
9284,20260705,1
9285,20260406,1
9285,20260407,1
9285,20260408,1
9285,20260409,1
9285,20260410,1
9285,20260411,1
9285,20260412,1
9286,20260530,1
9286,20260531,1
9286,20260601,1
9287,20260524,1
9287,20260525,1
9287,20260607,1
9287,20260614,1
9287,20260621,1
9287,20260628,1
9288,20260308,1
9288,20260315,1
9288,20260322,1
9288,20260329,1
9288,20260405,1
9288,20260406,1
9288,20260412,1
9288,20260419,1
9288,20260426,1
9288,20260503,1
9288,20260510,1
9288,20260517,1
9289,20260308,1
9289,20260315,1
9289,20260322,1
9289,20260329,1
9289,20260405,1
9289,20260419,1
9289,20260524,1
9289,20260525,1
9289,20260607,1
9289,20260614,1
9289,20260621,1
9289,20260628,1
9289,20260705,1
9290,20260518,1
9290,20260519,1
9290,20260520,1
9290,20260521,1
9290,20260522,1
9290,20260523,1
9290,20260524,1
9290,20260525,1
9290,20260526,1
9290,20260527,1
9290,20260528,1
9290,20260529,1
9290,20260601,1
9290,20260602,1
9290,20260603,1
9290,20260604,1
9290,20260605,1
9290,20260606,1
9290,20260607,1
9290,20260608,1
9290,20260609,1
9290,20260610,1
9290,20260611,1
9290,20260612,1
9290,20260613,1
9290,20260614,1
9290,20260615,1
9290,20260616,1
9290,20260617,1
9290,20260618,1
9290,20260619,1
9290,20260620,1
9290,20260621,1
9290,20260622,1
9290,20260623,1
9290,20260624,1
9290,20260625,1
9290,20260626,1
9290,20260627,1
9290,20260628,1
9290,20260629,1
9290,20260630,1
9290,20260701,1
9290,20260702,1
9290,20260703,1
9290,20260704,1
9290,20260705,1
9290,20260706,1
9290,20260707,1
9290,20260708,1
9290,20260709,1
9290,20260710,1
9290,20260711,1
9290,20260712,1
9290,20260713,1
9290,20260714,1
9290,20260715,1
9290,20260716,1
9290,20260717,1
9290,20260718,1
9290,20260719,1
9290,20260720,1
9290,20260721,1
9290,20260722,1
9290,20260723,1
9290,20260724,1
9290,20260725,1
9290,20260726,1
9290,20260727,1
9290,20260728,1
9290,20260729,1
9290,20260730,1
9290,20260731,1
9290,20260801,1
9290,20260802,1
9290,20260803,1
9290,20260804,1
9290,20260805,1
9290,20260806,1
9290,20260807,1
9290,20260808,1
9290,20260809,1
9290,20260810,1
9290,20260811,1
9290,20260812,1
9290,20260813,1
9290,20260814,1
9290,20260815,1
9290,20260816,1
9290,20260817,1
9290,20260818,1
9290,20260819,1
9290,20260820,1
9290,20260821,1
9290,20260822,1
9290,20260823,1
9290,20260824,1
9290,20260825,1
9290,20260826,1
9290,20260827,1
9290,20260828,1
9290,20260829,1
9290,20260830,1
9290,20260831,1
9291,20260309,1
9291,20260316,1
9291,20260323,1
9291,20260330,1
9291,20260413,1
9291,20260420,1
9291,20260427,1
9291,20260504,1
9291,20260511,1
9291,20260518,1
9291,20260526,1
9291,20260601,1
9291,20260608,1
9291,20260615,1
9291,20260622,1
9291,20260629,1
9291,20260706,1
9291,20260713,1
9291,20260715,1
9291,20260720,1
9291,20260727,1
9291,20260803,1
9291,20260810,1
9291,20260817,1
9291,20260824,1
9291,20260831,1
9292,20260306,1
9292,20260310,1
9292,20260311,1
9292,20260312,1
9292,20260313,1
9292,20260317,1
9292,20260318,1
9292,20260319,1
9292,20260320,1
9292,20260324,1
9292,20260325,1
9292,20260326,1
9292,20260327,1
9292,20260331,1
9292,20260401,1
9292,20260402,1
9292,20260403,1
9292,20260414,1
9292,20260415,1
9292,20260416,1
9292,20260417,1
9292,20260421,1
9292,20260422,1
9292,20260423,1
9292,20260424,1
9292,20260428,1
9292,20260429,1
9292,20260430,1
9292,20260505,1
9292,20260506,1
9292,20260507,1
9292,20260512,1
9292,20260513,1
9292,20260515,1
9292,20260519,1
9292,20260520,1
9292,20260521,1
9292,20260522,1
9292,20260527,1
9292,20260528,1
9292,20260529,1
9292,20260602,1
9292,20260603,1
9292,20260604,1
9292,20260605,1
9292,20260609,1
9292,20260610,1
9292,20260611,1
9292,20260612,1
9292,20260616,1
9292,20260617,1
9292,20260618,1
9292,20260619,1
9292,20260623,1
9292,20260624,1
9292,20260625,1
9292,20260626,1
9292,20260630,1
9292,20260701,1
9292,20260702,1
9292,20260703,1
9293,20260518,1
9293,20260519,1
9293,20260520,1
9293,20260521,1
9293,20260522,1
9293,20260524,1
9293,20260525,1
9293,20260526,1
9293,20260527,1
9293,20260528,1
9293,20260529,1
9293,20260601,1
9293,20260602,1
9293,20260603,1
9293,20260604,1
9293,20260605,1
9293,20260607,1
9293,20260608,1
9293,20260609,1
9293,20260610,1
9293,20260611,1
9293,20260612,1
9293,20260614,1
9293,20260615,1
9293,20260616,1
9293,20260617,1
9293,20260618,1
9293,20260619,1
9293,20260621,1
9293,20260622,1
9293,20260623,1
9293,20260624,1
9293,20260625,1
9293,20260626,1
9293,20260628,1
9293,20260629,1
9293,20260630,1
9293,20260701,1
9293,20260702,1
9293,20260703,1
9293,20260705,1
9294,20260706,1
9294,20260707,1
9294,20260708,1
9294,20260709,1
9294,20260710,1
9294,20260712,1
9294,20260713,1
9294,20260714,1
9294,20260715,1
9294,20260716,1
9294,20260717,1
9294,20260719,1
9294,20260720,1
9294,20260721,1
9294,20260722,1
9294,20260723,1
9294,20260724,1
9294,20260726,1
9294,20260727,1
9294,20260728,1
9294,20260729,1
9294,20260730,1
9294,20260731,1
9294,20260802,1
9294,20260803,1
9294,20260804,1
9294,20260805,1
9294,20260806,1
9294,20260807,1
9294,20260809,1
9294,20260810,1
9294,20260811,1
9294,20260812,1
9294,20260813,1
9294,20260814,1
9294,20260816,1
9294,20260817,1
9294,20260818,1
9294,20260819,1
9294,20260820,1
9294,20260821,1
9294,20260823,1
9294,20260824,1
9294,20260825,1
9294,20260826,1
9294,20260827,1
9294,20260828,1
9294,20260830,1
9294,20260831,1
9295,20260306,1
9295,20260308,1
9295,20260309,1
9295,20260310,1
9295,20260311,1
9295,20260312,1
9295,20260313,1
9295,20260315,1
9295,20260316,1
9295,20260317,1
9295,20260318,1
9295,20260319,1
9295,20260320,1
9295,20260322,1
9295,20260323,1
9295,20260324,1
9295,20260325,1
9295,20260326,1
9295,20260327,1
9295,20260329,1
9295,20260330,1
9295,20260331,1
9295,20260401,1
9295,20260402,1
9295,20260403,1
9295,20260405,1
9295,20260413,1
9295,20260414,1
9295,20260415,1
9295,20260416,1
9295,20260417,1
9295,20260419,1
9295,20260420,1
9295,20260421,1
9295,20260422,1
9295,20260423,1
9295,20260424,1
9295,20260426,1
9295,20260427,1
9295,20260428,1
9295,20260429,1
9295,20260430,1
9295,20260503,1
9295,20260504,1
9295,20260505,1
9295,20260506,1
9295,20260507,1
9295,20260510,1
9295,20260511,1
9295,20260512,1
9295,20260513,1
9295,20260515,1
9295,20260517,1
9321,20260306,1
9321,20260309,1
9321,20260310,1
9321,20260311,1
9321,20260312,1
9321,20260313,1
9321,20260316,1
9321,20260317,1
9321,20260318,1
9321,20260319,1
9321,20260320,1
9321,20260323,1
9321,20260324,1
9321,20260325,1
9321,20260326,1
9321,20260327,1
9321,20260330,1
9321,20260331,1
9321,20260401,1
9321,20260402,1
9321,20260403,1
9321,20260413,1
9321,20260414,1
9321,20260415,1
9321,20260416,1
9321,20260417,1
9321,20260420,1
9321,20260421,1
9321,20260422,1
9321,20260423,1
9321,20260424,1
9321,20260427,1
9321,20260428,1
9321,20260429,1
9321,20260430,1
9321,20260504,1
9321,20260505,1
9321,20260506,1
9321,20260507,1
9321,20260511,1
9321,20260512,1
9321,20260513,1
9321,20260515,1
9321,20260518,1
9321,20260519,1
9321,20260520,1
9321,20260521,1
9321,20260522,1
9321,20260526,1
9321,20260527,1
9321,20260528,1
9321,20260529,1
9321,20260601,1
9321,20260602,1
9321,20260603,1
9321,20260604,1
9321,20260605,1
9321,20260608,1
9321,20260609,1
9321,20260610,1
9321,20260611,1
9321,20260612,1
9321,20260615,1
9321,20260616,1
9321,20260617,1
9321,20260618,1
9321,20260619,1
9321,20260622,1
9321,20260623,1
9321,20260624,1
9321,20260625,1
9321,20260626,1
9321,20260629,1
9321,20260630,1
9321,20260701,1
9321,20260702,1
9321,20260703,1
9321,20260706,1
9321,20260707,1
9321,20260708,1
9321,20260709,1
9321,20260710,1
9321,20260713,1
9321,20260715,1
9321,20260716,1
9321,20260717,1
9321,20260720,1
9321,20260721,1
9321,20260722,1
9321,20260723,1
9321,20260724,1
9321,20260727,1
9321,20260728,1
9321,20260729,1
9321,20260730,1
9321,20260731,1
9321,20260803,1
9321,20260804,1
9321,20260805,1
9321,20260806,1
9321,20260807,1
9321,20260810,1
9321,20260811,1
9321,20260812,1
9321,20260813,1
9321,20260814,1
9321,20260817,1
9321,20260818,1
9321,20260819,1
9321,20260820,1
9321,20260821,1
9321,20260824,1
9321,20260825,1
9321,20260826,1
9321,20260827,1
9321,20260828,1
9321,20260831,1
9331,20260706,1
9331,20260713,1
9331,20260715,1
9331,20260720,1
9331,20260727,1
9331,20260803,1
9331,20260810,1
9331,20260817,1
9331,20260824,1
9331,20260831,1
9332,20260306,1
9332,20260309,1
9332,20260310,1
9332,20260311,1
9332,20260312,1
9332,20260313,1
9332,20260316,1
9332,20260317,1
9332,20260318,1
9332,20260319,1
9332,20260320,1
9332,20260323,1
9332,20260324,1
9332,20260325,1
9332,20260326,1
9332,20260327,1
9332,20260330,1
9332,20260331,1
9332,20260401,1
9332,20260402,1
9332,20260403,1
9332,20260413,1
9332,20260414,1
9332,20260415,1
9332,20260416,1
9332,20260417,1
9332,20260518,1
9332,20260519,1
9332,20260520,1
9332,20260521,1
9332,20260522,1
9332,20260526,1
9332,20260527,1
9332,20260528,1
9332,20260529,1
9332,20260601,1
9332,20260602,1
9332,20260603,1
9332,20260604,1
9332,20260605,1
9332,20260608,1
9332,20260609,1
9332,20260610,1
9332,20260611,1
9332,20260612,1
9332,20260615,1
9332,20260616,1
9332,20260617,1
9332,20260618,1
9332,20260619,1
9332,20260622,1
9332,20260623,1
9332,20260624,1
9332,20260625,1
9332,20260626,1
9332,20260629,1
9332,20260630,1
9332,20260701,1
9332,20260702,1
9332,20260703,1
9333,20260307,1
9333,20260309,1
9333,20260310,1
9333,20260311,1
9333,20260312,1
9333,20260313,1
9333,20260314,1
9333,20260316,1
9333,20260317,1
9333,20260318,1
9333,20260319,1
9333,20260320,1
9333,20260321,1
9333,20260323,1
9333,20260324,1
9333,20260325,1
9333,20260326,1
9333,20260327,1
9333,20260328,1
9333,20260330,1
9333,20260331,1
9333,20260401,1
9333,20260402,1
9333,20260403,1
9333,20260404,1
9333,20260407,1
9333,20260408,1
9333,20260409,1
9333,20260410,1
9333,20260411,1
9333,20260413,1
9333,20260414,1
9333,20260415,1
9333,20260416,1
9333,20260417,1
9333,20260418,1
9333,20260420,1
9333,20260421,1
9333,20260422,1
9333,20260423,1
9333,20260424,1
9333,20260425,1
9333,20260427,1
9333,20260428,1
9333,20260429,1
9333,20260430,1
9333,20260501,1
9333,20260502,1
9333,20260504,1
9333,20260505,1
9333,20260506,1
9333,20260507,1
9333,20260508,1
9333,20260511,1
9333,20260512,1
9333,20260513,1
9333,20260514,1
9333,20260515,1
9333,20260516,1
9334,20260523,1
9334,20260530,1
9334,20260606,1
9334,20260613,1
9334,20260620,1
9334,20260627,1
9334,20260704,1
9335,20260308,1
9335,20260315,1
9335,20260322,1
9335,20260329,1
9335,20260405,1
9335,20260419,1
9336,20260524,1
9336,20260525,1
9336,20260607,1
9336,20260614,1
9336,20260621,1
9336,20260628,1
9336,20260705,1
9336,20260712,1
9336,20260714,1
9336,20260719,1
9336,20260726,1
9336,20260802,1
9336,20260809,1
9336,20260816,1
9336,20260823,1
9336,20260830,1
9337,20260308,1
9337,20260315,1
9337,20260322,1
9337,20260329,1
9337,20260405,1
9337,20260419,1
9337,20260426,1
9337,20260503,1
9337,20260517,1
9338,20260309,1
9338,20260310,1
9338,20260311,1
9338,20260312,1
9338,20260313,1
9338,20260316,1
9338,20260317,1
9338,20260318,1
9338,20260319,1
9338,20260320,1
9338,20260323,1
9338,20260324,1
9338,20260325,1
9338,20260326,1
9338,20260327,1
9338,20260330,1
9338,20260331,1
9338,20260401,1
9338,20260402,1
9338,20260403,1
9338,20260413,1
9338,20260414,1
9338,20260415,1
9338,20260416,1
9338,20260417,1
9338,20260420,1
9338,20260421,1
9338,20260422,1
9338,20260423,1
9338,20260424,1
9338,20260427,1
9338,20260428,1
9338,20260429,1
9338,20260430,1
9338,20260504,1
9338,20260505,1
9338,20260506,1
9338,20260507,1
9338,20260511,1
9338,20260512,1
9338,20260513,1
9338,20260515,1
9338,20260518,1
9338,20260519,1
9338,20260520,1
9338,20260521,1
9338,20260522,1
9338,20260526,1
9338,20260527,1
9338,20260528,1
9338,20260529,1
9338,20260601,1
9338,20260602,1
9338,20260603,1
9338,20260604,1
9338,20260605,1
9338,20260608,1
9338,20260609,1
9338,20260610,1
9338,20260611,1
9338,20260612,1
9338,20260615,1
9338,20260616,1
9338,20260617,1
9338,20260618,1
9338,20260619,1
9338,20260622,1
9338,20260623,1
9338,20260624,1
9338,20260625,1
9338,20260626,1
9338,20260629,1
9338,20260630,1
9338,20260701,1
9338,20260702,1
9338,20260703,1
9339,20260307,1
9339,20260308,1
9339,20260314,1
9339,20260315,1
9339,20260321,1
9339,20260322,1
9339,20260328,1
9339,20260329,1
9339,20260404,1
9339,20260405,1
9339,20260418,1
9339,20260419,1
9339,20260425,1
9339,20260426,1
9339,20260501,1
9339,20260502,1
9339,20260503,1
9339,20260510,1
9339,20260514,1
9339,20260516,1
9339,20260517,1
9339,20260523,1
9339,20260524,1
9339,20260525,1
9339,20260606,1
9339,20260607,1
9339,20260613,1
9339,20260614,1
9339,20260620,1
9339,20260621,1
9339,20260627,1
9339,20260628,1
9339,20260704,1
9339,20260705,1
9339,20260711,1
9339,20260712,1
9339,20260718,1
9339,20260719,1
9339,20260725,1
9339,20260726,1
9339,20260801,1
9339,20260802,1
9339,20260808,1
9339,20260809,1
9339,20260815,1
9339,20260816,1
9339,20260822,1
9339,20260823,1
9339,20260829,1
9339,20260830,1
9340,20260307,1
9340,20260308,1
9340,20260314,1
9340,20260315,1
9340,20260321,1
9340,20260322,1
9340,20260328,1
9340,20260329,1
9340,20260404,1
9340,20260405,1
9340,20260418,1
9340,20260419,1
9340,20260425,1
9340,20260426,1
9340,20260501,1
9340,20260502,1
9340,20260503,1
9340,20260510,1
9340,20260514,1
9340,20260516,1
9340,20260517,1
9340,20260523,1
9340,20260524,1
9340,20260525,1
9340,20260606,1
9340,20260607,1
9340,20260613,1
9340,20260614,1
9340,20260620,1
9340,20260621,1
9340,20260627,1
9340,20260628,1
9340,20260704,1
9340,20260705,1
9342,20260306,1
9342,20260309,1
9342,20260310,1
9342,20260311,1
9342,20260319,1
9342,20260320,1
9342,20260323,1
9342,20260324,1
9342,20260325,1
9342,20260326,1
9342,20260327,1
9342,20260330,1
9342,20260331,1
9342,20260401,1
9342,20260402,1
9342,20260403,1
9342,20260413,1
9342,20260414,1
9342,20260415,1
9342,20260416,1
9342,20260417,1
9342,20260420,1
9342,20260421,1
9342,20260422,1
9342,20260423,1
9342,20260424,1
9342,20260427,1
9342,20260428,1
9342,20260429,1
9342,20260430,1
9342,20260504,1
9342,20260505,1
9342,20260506,1
9342,20260507,1
9342,20260511,1
9342,20260512,1
9342,20260513,1
9342,20260515,1
9342,20260518,1
9342,20260519,1
9342,20260520,1
9342,20260521,1
9342,20260522,1
9342,20260526,1
9342,20260527,1
9342,20260528,1
9342,20260529,1
9342,20260601,1
9342,20260602,1
9342,20260603,1
9342,20260604,1
9342,20260605,1
9342,20260608,1
9342,20260609,1
9342,20260610,1
9342,20260611,1
9342,20260612,1
9342,20260615,1
9342,20260616,1
9342,20260617,1
9342,20260618,1
9342,20260619,1
9342,20260622,1
9342,20260623,1
9342,20260624,1
9342,20260625,1
9342,20260626,1
9342,20260629,1
9342,20260630,1
9342,20260701,1
9342,20260702,1
9342,20260703,1
9343,20260307,1
9343,20260308,1
9343,20260314,1
9343,20260315,1
9343,20260321,1
9343,20260322,1
9343,20260328,1
9343,20260329,1
9343,20260404,1
9343,20260405,1
9343,20260406,1
9343,20260411,1
9343,20260412,1
9343,20260418,1
9343,20260419,1
9343,20260425,1
9343,20260426,1
9343,20260501,1
9343,20260502,1
9343,20260503,1
9343,20260510,1
9343,20260514,1
9343,20260516,1
9343,20260517,1
9344,20260306,1
9344,20260309,1
9344,20260310,1
9344,20260311,1
9344,20260312,1
9344,20260313,1
9344,20260316,1
9344,20260317,1
9344,20260318,1
9344,20260319,1
9344,20260320,1
9344,20260323,1
9344,20260324,1
9344,20260325,1
9344,20260326,1
9344,20260327,1
9344,20260420,1
9344,20260421,1
9344,20260422,1
9344,20260423,1
9344,20260424,1
9344,20260427,1
9344,20260428,1
9344,20260429,1
9344,20260430,1
9344,20260504,1
9344,20260505,1
9344,20260506,1
9344,20260507,1
9344,20260511,1
9344,20260512,1
9344,20260513,1
9344,20260515,1
9345,20260420,1
9345,20260421,1
9345,20260422,1
9345,20260423,1
9345,20260424,1
9345,20260425,1
9345,20260427,1
9345,20260428,1
9345,20260429,1
9345,20260430,1
9345,20260501,1
9345,20260502,1
9345,20260504,1
9345,20260505,1
9345,20260506,1
9345,20260507,1
9345,20260508,1
9345,20260511,1
9345,20260512,1
9345,20260513,1
9346,20260306,1
9346,20260307,1
9346,20260309,1
9346,20260310,1
9346,20260311,1
9346,20260312,1
9346,20260313,1
9346,20260314,1
9346,20260316,1
9346,20260317,1
9346,20260318,1
9346,20260319,1
9346,20260320,1
9346,20260321,1
9346,20260323,1
9346,20260324,1
9346,20260325,1
9346,20260326,1
9346,20260327,1
9346,20260328,1
9346,20260330,1
9346,20260331,1
9346,20260401,1
9346,20260402,1
9346,20260403,1
9346,20260404,1
9346,20260407,1
9346,20260408,1
9346,20260409,1
9346,20260410,1
9346,20260411,1
9346,20260413,1
9346,20260414,1
9346,20260415,1
9346,20260416,1
9346,20260417,1
9346,20260418,1
9346,20260518,1
9346,20260519,1
9346,20260520,1
9346,20260521,1
9346,20260522,1
9346,20260523,1
9346,20260526,1
9346,20260527,1
9346,20260528,1
9346,20260529,1
9346,20260530,1
9346,20260601,1
9346,20260602,1
9346,20260603,1
9346,20260604,1
9346,20260605,1
9346,20260606,1
9346,20260608,1
9346,20260609,1
9346,20260610,1
9346,20260611,1
9346,20260612,1
9346,20260613,1
9346,20260615,1
9346,20260616,1
9346,20260617,1
9346,20260618,1
9346,20260619,1
9346,20260620,1
9346,20260622,1
9346,20260623,1
9346,20260624,1
9346,20260625,1
9346,20260626,1
9346,20260627,1
9346,20260629,1
9346,20260630,1
9346,20260701,1
9346,20260702,1
9346,20260703,1
9346,20260704,1
9346,20260711,1
9346,20260718,1
9346,20260725,1
9346,20260801,1
9346,20260808,1
9346,20260815,1
9346,20260822,1
9346,20260829,1
9346,20260831,1
9347,20260307,1
9347,20260314,1
9347,20260321,1
9347,20260328,1
9347,20260404,1
9347,20260411,1
9347,20260418,1
9347,20260425,1
9347,20260501,1
9347,20260502,1
9347,20260508,1
9347,20260514,1
9347,20260516,1
9348,20260523,1
9348,20260606,1
9348,20260613,1
9348,20260620,1
9348,20260627,1
9348,20260704,1
9348,20260711,1
9348,20260718,1
9348,20260725,1
9348,20260801,1
9348,20260808,1
9348,20260815,1
9348,20260822,1
9348,20260829,1
9349,20260306,1
9349,20260307,1
9349,20260309,1
9349,20260310,1
9349,20260311,1
9349,20260312,1
9349,20260313,1
9349,20260314,1
9349,20260316,1
9349,20260317,1
9349,20260318,1
9349,20260319,1
9349,20260320,1
9349,20260321,1
9349,20260323,1
9349,20260324,1
9349,20260325,1
9349,20260326,1
9349,20260327,1
9349,20260328,1
9349,20260330,1
9349,20260331,1
9349,20260401,1
9349,20260402,1
9349,20260403,1
9349,20260404,1
9349,20260407,1
9349,20260408,1
9349,20260409,1
9349,20260410,1
9349,20260411,1
9349,20260413,1
9349,20260414,1
9349,20260415,1
9349,20260416,1
9349,20260417,1
9349,20260418,1
9349,20260420,1
9349,20260421,1
9349,20260422,1
9349,20260423,1
9349,20260424,1
9349,20260425,1
9349,20260427,1
9349,20260428,1
9349,20260429,1
9349,20260430,1
9349,20260501,1
9349,20260502,1
9349,20260504,1
9349,20260505,1
9349,20260506,1
9349,20260507,1
9349,20260508,1
9349,20260511,1
9349,20260512,1
9349,20260513,1
9349,20260514,1
9349,20260515,1
9349,20260516,1
9349,20260518,1
9349,20260519,1
9349,20260520,1
9349,20260521,1
9349,20260522,1
9349,20260523,1
9349,20260526,1
9349,20260527,1
9349,20260528,1
9349,20260529,1
9349,20260530,1
9349,20260601,1
9349,20260602,1
9349,20260603,1
9349,20260604,1
9349,20260605,1
9349,20260606,1
9349,20260608,1
9349,20260609,1
9349,20260610,1
9349,20260611,1
9349,20260612,1
9349,20260613,1
9349,20260615,1
9349,20260616,1
9349,20260617,1
9349,20260618,1
9349,20260619,1
9349,20260620,1
9349,20260622,1
9349,20260623,1
9349,20260624,1
9349,20260625,1
9349,20260626,1
9349,20260627,1
9349,20260629,1
9349,20260630,1
9349,20260701,1
9349,20260702,1
9349,20260703,1
9349,20260704,1
9349,20260706,1
9349,20260707,1
9349,20260708,1
9349,20260709,1
9349,20260710,1
9349,20260711,1
9349,20260713,1
9349,20260715,1
9349,20260716,1
9349,20260717,1
9349,20260718,1
9349,20260720,1
9349,20260721,1
9349,20260722,1
9349,20260723,1
9349,20260724,1
9349,20260725,1
9349,20260727,1
9349,20260728,1
9349,20260729,1
9349,20260730,1
9349,20260731,1
9349,20260801,1
9349,20260803,1
9349,20260804,1
9349,20260805,1
9349,20260806,1
9349,20260807,1
9349,20260808,1
9349,20260810,1
9349,20260811,1
9349,20260812,1
9349,20260813,1
9349,20260814,1
9349,20260815,1
9349,20260817,1
9349,20260818,1
9349,20260819,1
9349,20260820,1
9349,20260821,1
9349,20260822,1
9349,20260824,1
9349,20260825,1
9349,20260826,1
9349,20260827,1
9349,20260828,1
9349,20260829,1
9349,20260831,1
9350,20260306,1
9350,20260330,1
9350,20260331,1
9350,20260401,1
9350,20260402,1
9350,20260403,1
9350,20260407,1
9350,20260408,1
9350,20260409,1
9350,20260410,1
9350,20260413,1
9350,20260414,1
9350,20260415,1
9350,20260416,1
9350,20260417,1
9350,20260420,1
9350,20260421,1
9350,20260422,1
9350,20260423,1
9350,20260424,1
9350,20260427,1
9350,20260428,1
9350,20260429,1
9350,20260430,1
9350,20260504,1
9350,20260505,1
9350,20260506,1
9350,20260507,1
9350,20260511,1
9350,20260512,1
9350,20260513,1
9350,20260515,1
9351,20260308,1
9351,20260315,1
9351,20260322,1
9351,20260329,1
9351,20260405,1
9351,20260406,1
9351,20260412,1
9351,20260419,1
9351,20260426,1
9351,20260503,1
9351,20260517,1
9354,20260306,1
9354,20260330,1
9354,20260331,1
9354,20260401,1
9354,20260402,1
9354,20260403,1
9354,20260407,1
9354,20260408,1
9354,20260409,1
9354,20260410,1
9354,20260413,1
9354,20260414,1
9354,20260415,1
9354,20260416,1
9354,20260417,1
9355,20260425,1
9355,20260426,1
9355,20260501,1
9355,20260502,1
9355,20260503,1
9355,20260510,1
9356,20260309,1
9356,20260310,1
9356,20260311,1
9356,20260312,1
9356,20260316,1
9356,20260317,1
9356,20260318,1
9356,20260319,1
9356,20260323,1
9356,20260324,1
9356,20260325,1
9356,20260326,1
9356,20260330,1
9356,20260331,1
9356,20260401,1
9356,20260402,1
9356,20260407,1
9356,20260408,1
9356,20260409,1
9356,20260413,1
9356,20260414,1
9356,20260415,1
9356,20260416,1
9356,20260420,1
9356,20260421,1
9356,20260422,1
9356,20260423,1
9356,20260427,1
9356,20260428,1
9356,20260429,1
9356,20260504,1
9356,20260505,1
9356,20260506,1
9356,20260511,1
9356,20260512,1
9357,20260306,1
9357,20260307,1
9357,20260308,1
9357,20260309,1
9357,20260310,1
9357,20260311,1
9357,20260312,1
9357,20260313,1
9357,20260314,1
9357,20260315,1
9357,20260316,1
9357,20260317,1
9357,20260318,1
9357,20260319,1
9357,20260320,1
9357,20260321,1
9357,20260322,1
9357,20260323,1
9357,20260324,1
9357,20260325,1
9357,20260326,1
9357,20260327,1
9357,20260328,1
9357,20260329,1
9357,20260330,1
9357,20260331,1
9357,20260401,1
9357,20260402,1
9357,20260403,1
9357,20260404,1
9357,20260405,1
9357,20260406,1
9357,20260407,1
9357,20260408,1
9357,20260409,1
9357,20260410,1
9357,20260411,1
9357,20260412,1
9357,20260413,1
9357,20260414,1
9357,20260415,1
9357,20260416,1
9357,20260417,1
9357,20260418,1
9357,20260419,1
9357,20260420,1
9357,20260421,1
9357,20260422,1
9357,20260423,1
9357,20260424,1
9357,20260425,1
9357,20260426,1
9357,20260427,1
9357,20260428,1
9357,20260429,1
9357,20260430,1
9357,20260501,1
9357,20260502,1
9357,20260503,1
9357,20260504,1
9357,20260505,1
9357,20260506,1
9357,20260507,1
9357,20260510,1
9357,20260511,1
9357,20260512,1
9357,20260513,1
9357,20260514,1
9357,20260515,1
9357,20260516,1
9357,20260517,1
9357,20260518,1
9357,20260519,1
9357,20260520,1
9357,20260521,1
9357,20260522,1
9357,20260523,1
9357,20260524,1
9357,20260525,1
9357,20260526,1
9357,20260527,1
9357,20260528,1
9357,20260529,1
9357,20260601,1
9357,20260602,1
9357,20260603,1
9357,20260604,1
9357,20260605,1
9357,20260606,1
9357,20260607,1
9357,20260608,1
9357,20260609,1
9357,20260610,1
9357,20260611,1
9357,20260612,1
9357,20260613,1
9357,20260614,1
9357,20260615,1
9357,20260616,1
9357,20260617,1
9357,20260618,1
9357,20260619,1
9357,20260620,1
9357,20260621,1
9357,20260622,1
9357,20260623,1
9357,20260624,1
9357,20260625,1
9357,20260626,1
9357,20260627,1
9357,20260628,1
9357,20260629,1
9357,20260630,1
9357,20260701,1
9357,20260702,1
9357,20260703,1
9357,20260704,1
9357,20260705,1
9357,20260706,1
9357,20260707,1
9357,20260708,1
9357,20260709,1
9357,20260710,1
9357,20260711,1
9357,20260712,1
9357,20260713,1
9357,20260714,1
9357,20260715,1
9357,20260716,1
9357,20260717,1
9357,20260718,1
9357,20260719,1
9357,20260720,1
9357,20260721,1
9357,20260722,1
9357,20260723,1
9357,20260724,1
9357,20260725,1
9357,20260726,1
9357,20260727,1
9357,20260728,1
9357,20260729,1
9357,20260730,1
9357,20260731,1
9357,20260801,1
9357,20260802,1
9357,20260803,1
9357,20260804,1
9357,20260805,1
9357,20260806,1
9357,20260807,1
9357,20260808,1
9357,20260809,1
9357,20260810,1
9357,20260811,1
9357,20260812,1
9357,20260813,1
9357,20260814,1
9357,20260815,1
9357,20260816,1
9357,20260817,1
9357,20260818,1
9357,20260819,1
9357,20260820,1
9357,20260821,1
9357,20260822,1
9357,20260823,1
9357,20260824,1
9357,20260825,1
9357,20260826,1
9357,20260827,1
9357,20260828,1
9357,20260829,1
9357,20260830,1
9357,20260831,1
9360,20260307,1
9360,20260314,1
9360,20260321,1
9360,20260328,1
9360,20260404,1
9360,20260407,1
9360,20260408,1
9360,20260409,1
9360,20260411,1
9360,20260413,1
9360,20260414,1
9360,20260415,1
9360,20260416,1
9360,20260417,1
9360,20260418,1
9360,20260420,1
9360,20260421,1
9360,20260422,1
9360,20260423,1
9360,20260424,1
9360,20260425,1
9360,20260427,1
9360,20260428,1
9360,20260429,1
9360,20260430,1
9360,20260501,1
9360,20260502,1
9360,20260504,1
9360,20260505,1
9360,20260506,1
9360,20260507,1
9360,20260508,1
9360,20260511,1
9360,20260512,1
9360,20260513,1
9360,20260514,1
9360,20260515,1
9360,20260516,1
9360,20260518,1
9360,20260519,1
9360,20260520,1
9360,20260521,1
9360,20260522,1
9360,20260523,1
9360,20260526,1
9360,20260527,1
9360,20260528,1
9360,20260529,1
9360,20260530,1
9360,20260601,1
9360,20260602,1
9360,20260603,1
9360,20260604,1
9360,20260605,1
9360,20260606,1
9360,20260608,1
9360,20260609,1
9360,20260610,1
9360,20260611,1
9360,20260612,1
9360,20260613,1
9360,20260615,1
9360,20260616,1
9360,20260617,1
9360,20260618,1
9360,20260619,1
9360,20260620,1
9360,20260622,1
9360,20260623,1
9360,20260624,1
9360,20260625,1
9360,20260626,1
9360,20260627,1
9360,20260629,1
9360,20260630,1
9360,20260701,1
9360,20260702,1
9360,20260703,1
9360,20260704,1
9360,20260706,1
9360,20260707,1
9360,20260708,1
9360,20260709,1
9360,20260710,1
9360,20260711,1
9360,20260713,1
9360,20260715,1
9360,20260716,1
9360,20260717,1
9360,20260718,1
9360,20260720,1
9360,20260721,1
9360,20260722,1
9360,20260723,1
9360,20260724,1
9360,20260725,1
9360,20260727,1
9360,20260728,1
9360,20260729,1
9360,20260730,1
9360,20260731,1
9360,20260801,1
9360,20260803,1
9360,20260804,1
9360,20260805,1
9360,20260806,1
9360,20260807,1
9360,20260808,1
9360,20260810,1
9360,20260811,1
9360,20260812,1
9360,20260813,1
9360,20260814,1
9360,20260815,1
9360,20260817,1
9360,20260818,1
9360,20260819,1
9360,20260820,1
9360,20260821,1
9360,20260822,1
9360,20260824,1
9360,20260825,1
9360,20260826,1
9360,20260827,1
9360,20260828,1
9360,20260829,1
9360,20260831,1
9361,20260306,1
9361,20260309,1
9361,20260310,1
9361,20260311,1
9361,20260312,1
9361,20260313,1
9361,20260316,1
9361,20260317,1
9361,20260318,1
9361,20260319,1
9361,20260320,1
9361,20260323,1
9361,20260324,1
9361,20260325,1
9361,20260326,1
9361,20260327,1
9361,20260330,1
9361,20260331,1
9361,20260401,1
9361,20260402,1
9361,20260403,1
9361,20260410,1
9362,20260307,1
9362,20260308,1
9362,20260314,1
9362,20260315,1
9362,20260321,1
9362,20260322,1
9362,20260328,1
9362,20260329,1
9362,20260404,1
9362,20260405,1
9362,20260406,1
9362,20260411,1
9362,20260412,1
9362,20260418,1
9362,20260419,1
9362,20260425,1
9362,20260426,1
9362,20260501,1
9362,20260502,1
9362,20260503,1
9362,20260508,1
9362,20260514,1
9362,20260516,1
9362,20260517,1
9363,20260307,1
9363,20260308,1
9363,20260314,1
9363,20260315,1
9363,20260321,1
9363,20260322,1
9363,20260328,1
9363,20260329,1
9363,20260404,1
9363,20260405,1
9363,20260406,1
9363,20260411,1
9363,20260412,1
9363,20260418,1
9363,20260419,1
9363,20260425,1
9363,20260426,1
9363,20260501,1
9363,20260502,1
9363,20260503,1
9363,20260510,1
9363,20260514,1
9363,20260516,1
9363,20260517,1
9363,20260523,1
9363,20260524,1
9363,20260525,1
9363,20260606,1
9363,20260607,1
9363,20260613,1
9363,20260614,1
9363,20260620,1
9363,20260621,1
9363,20260627,1
9363,20260628,1
9363,20260704,1
9363,20260705,1
9363,20260711,1
9363,20260712,1
9363,20260714,1
9363,20260718,1
9363,20260719,1
9363,20260725,1
9363,20260726,1
9363,20260801,1
9363,20260802,1
9363,20260808,1
9363,20260809,1
9363,20260815,1
9363,20260816,1
9363,20260822,1
9363,20260823,1
9363,20260829,1
9363,20260830,1
9364,20260306,1
9364,20260309,1
9364,20260310,1
9364,20260311,1
9364,20260312,1
9364,20260313,1
9364,20260316,1
9364,20260317,1
9364,20260318,1
9364,20260319,1
9364,20260320,1
9364,20260323,1
9364,20260324,1
9364,20260325,1
9364,20260326,1
9364,20260327,1
9364,20260330,1
9364,20260331,1
9364,20260401,1
9364,20260402,1
9364,20260403,1
9364,20260407,1
9364,20260408,1
9364,20260409,1
9364,20260410,1
9364,20260413,1
9364,20260414,1
9364,20260415,1
9364,20260416,1
9364,20260417,1
9364,20260420,1
9364,20260421,1
9364,20260422,1
9364,20260423,1
9364,20260424,1
9364,20260427,1
9364,20260428,1
9364,20260429,1
9364,20260430,1
9364,20260504,1
9364,20260505,1
9364,20260506,1
9364,20260507,1
9364,20260511,1
9364,20260512,1
9364,20260513,1
9365,20260306,1
9365,20260330,1
9365,20260331,1
9365,20260401,1
9365,20260402,1
9365,20260403,1
9365,20260407,1
9365,20260408,1
9365,20260409,1
9365,20260410,1
9365,20260413,1
9365,20260414,1
9365,20260415,1
9365,20260416,1
9365,20260417,1
9365,20260518,1
9365,20260519,1
9365,20260520,1
9365,20260521,1
9365,20260522,1
9365,20260526,1
9365,20260527,1
9365,20260528,1
9365,20260529,1
9365,20260601,1
9365,20260602,1
9365,20260603,1
9365,20260604,1
9365,20260605,1
9365,20260608,1
9365,20260609,1
9365,20260610,1
9365,20260611,1
9365,20260612,1
9365,20260615,1
9365,20260616,1
9365,20260617,1
9365,20260618,1
9365,20260619,1
9365,20260622,1
9365,20260623,1
9365,20260624,1
9365,20260625,1
9365,20260626,1
9365,20260629,1
9365,20260630,1
9365,20260701,1
9365,20260702,1
9365,20260703,1
9365,20260706,1
9365,20260707,1
9365,20260708,1
9365,20260709,1
9365,20260710,1
9365,20260713,1
9365,20260715,1
9365,20260716,1
9365,20260717,1
9365,20260720,1
9365,20260721,1
9365,20260722,1
9365,20260723,1
9365,20260724,1
9365,20260727,1
9365,20260728,1
9365,20260729,1
9365,20260730,1
9365,20260731,1
9365,20260803,1
9365,20260804,1
9365,20260805,1
9365,20260806,1
9365,20260807,1
9365,20260810,1
9365,20260811,1
9365,20260812,1
9365,20260813,1
9365,20260814,1
9365,20260817,1
9365,20260818,1
9365,20260819,1
9365,20260820,1
9365,20260821,1
9365,20260824,1
9365,20260825,1
9365,20260826,1
9365,20260827,1
9365,20260828,1
9365,20260831,1
9366,20260307,1
9366,20260308,1
9366,20260314,1
9366,20260315,1
9366,20260321,1
9366,20260322,1
9366,20260328,1
9366,20260329,1
9366,20260404,1
9366,20260405,1
9366,20260406,1
9366,20260411,1
9366,20260412,1
9367,20260418,1
9367,20260419,1
9367,20260425,1
9367,20260426,1
9367,20260501,1
9367,20260502,1
9367,20260503,1
9367,20260510,1
9367,20260514,1
9367,20260516,1
9367,20260517,1
9385,20260306,1
9385,20260330,1
9385,20260331,1
9385,20260401,1
9385,20260402,1
9385,20260403,1
9385,20260407,1
9385,20260408,1
9385,20260409,1
9385,20260410,1
9385,20260413,1
9385,20260414,1
9385,20260415,1
9385,20260416,1
9385,20260417,1
9385,20260420,1
9385,20260421,1
9385,20260422,1
9385,20260423,1
9385,20260424,1
9385,20260427,1
9385,20260428,1
9385,20260429,1
9385,20260430,1
9385,20260504,1
9385,20260505,1
9385,20260506,1
9385,20260507,1
9385,20260511,1
9385,20260512,1
9385,20260513,1
9385,20260515,1
9385,20260518,1
9385,20260519,1
9385,20260520,1
9385,20260521,1
9385,20260522,1
9385,20260526,1
9385,20260527,1
9385,20260528,1
9385,20260529,1
9385,20260601,1
9385,20260602,1
9385,20260603,1
9385,20260604,1
9385,20260605,1
9385,20260608,1
9385,20260609,1
9385,20260610,1
9385,20260611,1
9385,20260612,1
9385,20260615,1
9385,20260616,1
9385,20260617,1
9385,20260618,1
9385,20260619,1
9385,20260622,1
9385,20260623,1
9385,20260624,1
9385,20260625,1
9385,20260626,1
9385,20260629,1
9385,20260630,1
9385,20260701,1
9385,20260702,1
9385,20260703,1
9386,20260402,1
9386,20260409,1
9386,20260416,1
9387,20260306,1
9387,20260330,1
9387,20260331,1
9387,20260401,1
9387,20260403,1
9387,20260407,1
9387,20260408,1
9387,20260410,1
9387,20260413,1
9387,20260414,1
9387,20260415,1
9387,20260417,1
9387,20260420,1
9387,20260421,1
9387,20260422,1
9387,20260423,1
9387,20260424,1
9387,20260427,1
9387,20260428,1
9387,20260429,1
9387,20260430,1
9387,20260504,1
9387,20260505,1
9387,20260506,1
9387,20260507,1
9387,20260511,1
9387,20260512,1
9387,20260513,1
9387,20260515,1
9387,20260518,1
9387,20260519,1
9387,20260520,1
9387,20260521,1
9387,20260522,1
9387,20260526,1
9387,20260527,1
9387,20260528,1
9387,20260529,1
9387,20260601,1
9387,20260602,1
9387,20260603,1
9387,20260604,1
9387,20260605,1
9387,20260608,1
9387,20260609,1
9387,20260610,1
9387,20260611,1
9387,20260612,1
9387,20260615,1
9387,20260616,1
9387,20260617,1
9387,20260618,1
9387,20260619,1
9387,20260622,1
9387,20260623,1
9387,20260624,1
9387,20260625,1
9387,20260626,1
9387,20260629,1
9387,20260630,1
9387,20260701,1
9387,20260702,1
9387,20260703,1
9388,20260306,1
9388,20260330,1
9388,20260331,1
9388,20260401,1
9388,20260402,1
9388,20260403,1
9388,20260407,1
9388,20260408,1
9388,20260409,1
9388,20260410,1
9388,20260413,1
9388,20260414,1
9388,20260415,1
9388,20260416,1
9388,20260417,1
9388,20260420,1
9388,20260421,1
9388,20260422,1
9388,20260423,1
9388,20260424,1
9388,20260427,1
9388,20260428,1
9388,20260429,1
9388,20260430,1
9388,20260504,1
9388,20260505,1
9388,20260506,1
9388,20260507,1
9388,20260511,1
9388,20260512,1
9388,20260513,1
9388,20260515,1
9388,20260518,1
9388,20260519,1
9388,20260520,1
9388,20260521,1
9388,20260522,1
9388,20260526,1
9388,20260527,1
9388,20260528,1
9388,20260529,1
9388,20260601,1
9388,20260602,1
9388,20260603,1
9388,20260604,1
9388,20260605,1
9388,20260608,1
9388,20260609,1
9388,20260610,1
9388,20260611,1
9388,20260612,1
9388,20260615,1
9388,20260616,1
9388,20260617,1
9388,20260618,1
9388,20260619,1
9388,20260622,1
9388,20260623,1
9388,20260624,1
9388,20260625,1
9388,20260626,1
9388,20260629,1
9388,20260630,1
9388,20260701,1
9388,20260702,1
9388,20260703,1
9388,20260831,1
9389,20260306,1
9389,20260330,1
9389,20260331,1
9389,20260401,1
9389,20260402,1
9389,20260403,1
9389,20260407,1
9389,20260408,1
9389,20260409,1
9389,20260410,1
9389,20260413,1
9389,20260414,1
9389,20260415,1
9389,20260416,1
9389,20260417,1
9389,20260420,1
9389,20260421,1
9389,20260422,1
9389,20260423,1
9389,20260424,1
9389,20260427,1
9389,20260428,1
9389,20260429,1
9389,20260430,1
9389,20260504,1
9389,20260505,1
9389,20260506,1
9389,20260507,1
9389,20260511,1
9389,20260512,1
9389,20260513,1
9389,20260515,1
9389,20260518,1
9389,20260519,1
9389,20260520,1
9389,20260521,1
9389,20260522,1
9389,20260526,1
9389,20260527,1
9389,20260528,1
9389,20260529,1
9389,20260601,1
9389,20260602,1
9389,20260603,1
9389,20260604,1
9389,20260605,1
9389,20260608,1
9389,20260609,1
9389,20260610,1
9389,20260611,1
9389,20260612,1
9389,20260615,1
9389,20260616,1
9389,20260617,1
9389,20260618,1
9389,20260619,1
9389,20260622,1
9389,20260623,1
9389,20260624,1
9389,20260625,1
9389,20260626,1
9389,20260629,1
9389,20260630,1
9389,20260701,1
9389,20260702,1
9389,20260703,1
9389,20260706,1
9389,20260707,1
9389,20260708,1
9389,20260709,1
9389,20260710,1
9389,20260713,1
9389,20260715,1
9389,20260716,1
9389,20260717,1
9389,20260720,1
9389,20260721,1
9389,20260722,1
9389,20260723,1
9389,20260724,1
9389,20260727,1
9389,20260728,1
9389,20260729,1
9389,20260730,1
9389,20260731,1
9389,20260803,1
9389,20260804,1
9389,20260805,1
9389,20260806,1
9389,20260807,1
9389,20260810,1
9389,20260811,1
9389,20260812,1
9389,20260813,1
9389,20260814,1
9389,20260817,1
9389,20260818,1
9389,20260819,1
9389,20260820,1
9389,20260821,1
9389,20260824,1
9389,20260825,1
9389,20260826,1
9389,20260827,1
9389,20260828,1
9389,20260831,1
9390,20260309,1
9390,20260316,1
9390,20260323,1
9390,20260330,1
9390,20260413,1
9390,20260420,1
9390,20260427,1
9390,20260504,1
9390,20260511,1
9390,20260518,1
9390,20260601,1
9390,20260608,1
9390,20260615,1
9390,20260622,1
9390,20260629,1
9390,20260831,1
9391,20260324,1
9391,20260325,1
9391,20260326,1
9391,20260327,1
9391,20260330,1
9391,20260331,1
9391,20260401,1
9391,20260402,1
9391,20260403,1
9391,20260407,1
9391,20260408,1
9391,20260409,1
9391,20260410,1
9391,20260413,1
9391,20260414,1
9391,20260415,1
9391,20260416,1
9391,20260417,1
9391,20260420,1
9391,20260421,1
9391,20260422,1
9391,20260423,1
9391,20260424,1
9391,20260427,1
9391,20260428,1
9391,20260429,1
9391,20260430,1
9391,20260504,1
9391,20260505,1
9391,20260506,1
9391,20260507,1
9391,20260511,1
9391,20260512,1
9391,20260513,1
9391,20260515,1
9391,20260518,1
9391,20260519,1
9391,20260520,1
9391,20260521,1
9391,20260522,1
9391,20260526,1
9391,20260527,1
9391,20260528,1
9391,20260529,1
9391,20260601,1
9391,20260602,1
9391,20260603,1
9391,20260604,1
9391,20260605,1
9391,20260608,1
9391,20260609,1
9391,20260610,1
9391,20260611,1
9391,20260612,1
9391,20260615,1
9391,20260616,1
9391,20260617,1
9391,20260618,1
9391,20260619,1
9391,20260622,1
9391,20260623,1
9391,20260624,1
9391,20260625,1
9391,20260626,1
9391,20260629,1
9391,20260630,1
9391,20260701,1
9391,20260702,1
9391,20260703,1
9392,20260306,1
9392,20260309,1
9392,20260310,1
9392,20260311,1
9392,20260312,1
9392,20260313,1
9392,20260316,1
9392,20260317,1
9392,20260318,1
9392,20260319,1
9392,20260320,1
9392,20260323,1
9393,20260306,1
9393,20260330,1
9393,20260331,1
9393,20260401,1
9393,20260403,1
9393,20260407,1
9393,20260408,1
9393,20260410,1
9393,20260413,1
9393,20260414,1
9393,20260415,1
9393,20260417,1
9393,20260420,1
9393,20260421,1
9393,20260422,1
9393,20260423,1
9393,20260424,1
9393,20260427,1
9393,20260428,1
9393,20260429,1
9393,20260430,1
9393,20260504,1
9393,20260505,1
9393,20260506,1
9393,20260507,1
9393,20260511,1
9393,20260512,1
9393,20260513,1
9393,20260515,1
9393,20260518,1
9393,20260519,1
9393,20260520,1
9393,20260521,1
9393,20260522,1
9393,20260526,1
9393,20260527,1
9393,20260528,1
9393,20260529,1
9393,20260601,1
9393,20260602,1
9393,20260603,1
9393,20260604,1
9393,20260605,1
9393,20260608,1
9393,20260609,1
9393,20260610,1
9393,20260611,1
9393,20260612,1
9393,20260615,1
9393,20260616,1
9393,20260617,1
9393,20260618,1
9393,20260619,1
9393,20260622,1
9393,20260623,1
9393,20260624,1
9393,20260625,1
9393,20260626,1
9393,20260629,1
9393,20260630,1
9393,20260701,1
9393,20260702,1
9393,20260703,1
9393,20260831,1
9394,20260306,1
9394,20260313,1
9394,20260320,1
9394,20260831,1
9395,20260307,1
9395,20260314,1
9395,20260321,1
9395,20260323,1
9395,20260324,1
9395,20260325,1
9395,20260326,1
9395,20260327,1
9395,20260328,1
9395,20260330,1
9395,20260331,1
9395,20260401,1
9395,20260402,1
9395,20260403,1
9395,20260404,1
9395,20260407,1
9395,20260408,1
9395,20260409,1
9395,20260410,1
9395,20260411,1
9395,20260413,1
9395,20260414,1
9395,20260415,1
9395,20260416,1
9395,20260417,1
9395,20260418,1
9395,20260420,1
9395,20260421,1
9395,20260422,1
9395,20260423,1
9395,20260424,1
9395,20260425,1
9395,20260427,1
9395,20260428,1
9395,20260429,1
9395,20260430,1
9395,20260501,1
9395,20260502,1
9395,20260504,1
9395,20260505,1
9395,20260506,1
9395,20260507,1
9395,20260508,1
9395,20260509,1
9395,20260511,1
9395,20260512,1
9395,20260513,1
9395,20260514,1
9395,20260515,1
9395,20260516,1
9395,20260518,1
9395,20260519,1
9395,20260520,1
9395,20260521,1
9395,20260522,1
9395,20260523,1
9395,20260526,1
9395,20260527,1
9395,20260528,1
9395,20260529,1
9395,20260530,1
9395,20260601,1
9395,20260602,1
9395,20260603,1
9395,20260604,1
9395,20260605,1
9395,20260606,1
9395,20260608,1
9395,20260609,1
9395,20260610,1
9395,20260611,1
9395,20260612,1
9395,20260613,1
9395,20260615,1
9395,20260616,1
9395,20260617,1
9395,20260618,1
9395,20260619,1
9395,20260620,1
9395,20260622,1
9395,20260623,1
9395,20260624,1
9395,20260625,1
9395,20260626,1
9395,20260627,1
9395,20260629,1
9395,20260630,1
9395,20260701,1
9395,20260702,1
9395,20260703,1
9395,20260706,1
9395,20260707,1
9395,20260708,1
9395,20260709,1
9395,20260710,1
9395,20260713,1
9395,20260715,1
9395,20260716,1
9395,20260717,1
9395,20260720,1
9395,20260721,1
9395,20260722,1
9395,20260723,1
9395,20260724,1
9395,20260727,1
9395,20260728,1
9395,20260729,1
9395,20260730,1
9395,20260731,1
9395,20260803,1
9395,20260804,1
9395,20260805,1
9395,20260806,1
9395,20260807,1
9395,20260810,1
9395,20260811,1
9395,20260812,1
9395,20260813,1
9395,20260814,1
9395,20260817,1
9395,20260818,1
9395,20260819,1
9395,20260820,1
9395,20260821,1
9395,20260824,1
9395,20260825,1
9395,20260826,1
9395,20260827,1
9395,20260828,1
9396,20260420,1
9396,20260421,1
9396,20260422,1
9396,20260423,1
9396,20260424,1
9396,20260425,1
9397,20260523,1
9397,20260526,1
9397,20260527,1
9397,20260528,1
9397,20260529,1
9397,20260530,1
9397,20260601,1
9397,20260602,1
9397,20260603,1
9397,20260604,1
9397,20260605,1
9397,20260606,1
9397,20260608,1
9397,20260609,1
9397,20260610,1
9397,20260611,1
9397,20260612,1
9397,20260613,1
9397,20260615,1
9397,20260616,1
9397,20260617,1
9397,20260618,1
9397,20260619,1
9398,20260427,1
9398,20260428,1
9398,20260429,1
9398,20260430,1
9398,20260501,1
9398,20260502,1
9398,20260504,1
9398,20260505,1
9398,20260506,1
9398,20260507,1
9398,20260508,1
9398,20260511,1
9398,20260512,1
9398,20260513,1
9399,20260330,1
9399,20260331,1
9399,20260401,1
9399,20260402,1
9399,20260403,1
9399,20260404,1
9399,20260413,1
9399,20260414,1
9399,20260415,1
9399,20260416,1
9399,20260417,1
9399,20260418,1
9400,20260620,1
9400,20260622,1
9400,20260623,1
9400,20260624,1
9400,20260625,1
9400,20260626,1
9400,20260627,1
9400,20260629,1
9400,20260630,1
9400,20260701,1
9400,20260702,1
9400,20260703,1
9400,20260704,1
9400,20260706,1
9400,20260707,1
9400,20260708,1
9400,20260709,1
9400,20260710,1
9400,20260711,1
9400,20260713,1
9400,20260715,1
9400,20260716,1
9400,20260717,1
9400,20260718,1
9400,20260720,1
9400,20260721,1
9400,20260722,1
9400,20260723,1
9400,20260724,1
9400,20260725,1
9400,20260727,1
9400,20260728,1
9400,20260729,1
9400,20260730,1
9400,20260731,1
9400,20260801,1
9400,20260803,1
9400,20260804,1
9400,20260805,1
9400,20260806,1
9400,20260807,1
9400,20260808,1
9400,20260810,1
9400,20260811,1
9400,20260812,1
9400,20260813,1
9400,20260814,1
9400,20260815,1
9400,20260817,1
9400,20260818,1
9400,20260819,1
9400,20260820,1
9400,20260821,1
9400,20260822,1
9400,20260824,1
9400,20260825,1
9400,20260826,1
9400,20260827,1
9400,20260828,1
9401,20260829,1
9401,20260831,1
9402,20260330,1
9402,20260331,1
9402,20260401,1
9402,20260402,1
9402,20260403,1
9402,20260404,1
9402,20260407,1
9402,20260408,1
9402,20260409,1
9402,20260410,1
9402,20260411,1
9402,20260413,1
9402,20260414,1
9402,20260415,1
9402,20260416,1
9402,20260417,1
9402,20260418,1
9403,20260622,1
9403,20260623,1
9403,20260624,1
9403,20260625,1
9403,20260626,1
9403,20260627,1
9403,20260629,1
9403,20260630,1
9403,20260701,1
9403,20260702,1
9403,20260703,1
9403,20260704,1
9403,20260706,1
9403,20260707,1
9403,20260708,1
9403,20260709,1
9403,20260710,1
9403,20260711,1
9403,20260713,1
9403,20260715,1
9403,20260716,1
9403,20260717,1
9403,20260718,1
9403,20260720,1
9403,20260721,1
9403,20260722,1
9403,20260723,1
9403,20260724,1
9403,20260725,1
9403,20260727,1
9403,20260728,1
9403,20260729,1
9403,20260730,1
9403,20260731,1
9403,20260801,1
9403,20260803,1
9403,20260804,1
9403,20260805,1
9403,20260806,1
9403,20260807,1
9403,20260808,1
9403,20260810,1
9403,20260811,1
9403,20260812,1
9403,20260813,1
9403,20260814,1
9403,20260815,1
9403,20260817,1
9403,20260818,1
9403,20260819,1
9403,20260820,1
9403,20260821,1
9403,20260822,1
9403,20260824,1
9403,20260825,1
9403,20260826,1
9403,20260827,1
9403,20260828,1
9404,20260627,1
9404,20260704,1
9404,20260711,1
9404,20260718,1
9404,20260725,1
9404,20260801,1
9404,20260808,1
9404,20260815,1
9404,20260822,1
9405,20260307,1
9405,20260314,1
9405,20260321,1
9405,20260323,1
9405,20260324,1
9405,20260325,1
9405,20260326,1
9405,20260327,1
9405,20260328,1
9406,20260420,1
9406,20260421,1
9406,20260422,1
9406,20260423,1
9406,20260424,1
9406,20260425,1
9406,20260426,1
9407,20260427,1
9407,20260428,1
9407,20260429,1
9407,20260430,1
9407,20260501,1
9407,20260502,1
9407,20260503,1
9407,20260504,1
9407,20260505,1
9407,20260506,1
9407,20260507,1
9407,20260508,1
9407,20260511,1
9407,20260512,1
9407,20260513,1
9408,20260523,1
9408,20260524,1
9408,20260526,1
9408,20260527,1
9408,20260528,1
9408,20260529,1
9408,20260601,1
9408,20260602,1
9408,20260603,1
9408,20260604,1
9408,20260605,1
9408,20260606,1
9408,20260607,1
9408,20260608,1
9408,20260609,1
9408,20260610,1
9408,20260611,1
9408,20260612,1
9408,20260613,1
9408,20260614,1
9408,20260615,1
9408,20260616,1
9408,20260617,1
9408,20260618,1
9408,20260619,1
9409,20260620,1
9409,20260621,1
9409,20260622,1
9409,20260623,1
9409,20260624,1
9409,20260625,1
9409,20260626,1
9409,20260627,1
9409,20260628,1
9409,20260629,1
9409,20260630,1
9409,20260701,1
9409,20260702,1
9409,20260703,1
9409,20260704,1
9409,20260705,1
9409,20260706,1
9409,20260707,1
9409,20260708,1
9409,20260709,1
9409,20260710,1
9409,20260711,1
9409,20260712,1
9409,20260713,1
9409,20260714,1
9409,20260715,1
9409,20260716,1
9409,20260717,1
9409,20260718,1
9409,20260719,1
9409,20260720,1
9409,20260721,1
9409,20260722,1
9409,20260723,1
9409,20260724,1
9409,20260725,1
9409,20260726,1
9409,20260727,1
9409,20260728,1
9409,20260729,1
9409,20260730,1
9409,20260731,1
9409,20260801,1
9409,20260802,1
9409,20260803,1
9409,20260804,1
9409,20260805,1
9409,20260806,1
9409,20260807,1
9409,20260808,1
9409,20260809,1
9409,20260810,1
9409,20260811,1
9409,20260812,1
9409,20260813,1
9409,20260814,1
9409,20260815,1
9409,20260816,1
9409,20260817,1
9409,20260818,1
9409,20260819,1
9409,20260820,1
9409,20260821,1
9409,20260822,1
9409,20260823,1
9409,20260824,1
9409,20260825,1
9409,20260826,1
9409,20260827,1
9409,20260828,1
9410,20260307,1
9410,20260308,1
9410,20260314,1
9410,20260315,1
9410,20260321,1
9410,20260322,1
9410,20260323,1
9410,20260324,1
9410,20260325,1
9410,20260326,1
9410,20260327,1
9410,20260328,1
9410,20260329,1
9411,20260829,1
9411,20260830,1
9411,20260831,1
9412,20260628,1
9412,20260705,1
9412,20260712,1
9412,20260714,1
9412,20260719,1
9412,20260726,1
9412,20260802,1
9412,20260809,1
9412,20260816,1
9412,20260823,1
9413,20260427,1
9413,20260428,1
9413,20260429,1
9413,20260430,1
9413,20260501,1
9413,20260502,1
9413,20260504,1
9413,20260505,1
9413,20260506,1
9413,20260507,1
9413,20260511,1
9413,20260512,1
9413,20260513,1
9414,20260620,1
9414,20260622,1
9414,20260623,1
9414,20260624,1
9414,20260625,1
9414,20260626,1
9414,20260627,1
9414,20260629,1
9414,20260630,1
9414,20260701,1
9414,20260702,1
9414,20260703,1
9414,20260706,1
9414,20260707,1
9414,20260708,1
9414,20260709,1
9414,20260710,1
9414,20260713,1
9414,20260715,1
9414,20260716,1
9414,20260717,1
9414,20260720,1
9414,20260721,1
9414,20260722,1
9414,20260723,1
9414,20260724,1
9414,20260727,1
9414,20260728,1
9414,20260729,1
9414,20260730,1
9414,20260731,1
9414,20260803,1
9414,20260804,1
9414,20260805,1
9414,20260806,1
9414,20260807,1
9414,20260810,1
9414,20260811,1
9414,20260812,1
9414,20260813,1
9414,20260814,1
9414,20260817,1
9414,20260818,1
9414,20260819,1
9414,20260820,1
9414,20260821,1
9414,20260824,1
9414,20260825,1
9414,20260826,1
9414,20260827,1
9414,20260828,1
9415,20260523,1
9415,20260526,1
9415,20260527,1
9415,20260528,1
9415,20260529,1
9415,20260601,1
9415,20260602,1
9415,20260603,1
9415,20260604,1
9415,20260605,1
9415,20260606,1
9415,20260608,1
9415,20260609,1
9415,20260610,1
9415,20260611,1
9415,20260612,1
9415,20260613,1
9415,20260615,1
9415,20260616,1
9415,20260617,1
9415,20260618,1
9415,20260619,1
9416,20260308,1
9416,20260315,1
9416,20260322,1
9416,20260323,1
9416,20260324,1
9416,20260325,1
9416,20260326,1
9416,20260327,1
9416,20260329,1
9417,20260427,1
9417,20260428,1
9417,20260429,1
9417,20260430,1
9417,20260503,1
9417,20260504,1
9417,20260505,1
9417,20260506,1
9417,20260507,1
9417,20260511,1
9417,20260512,1
9417,20260513,1
9418,20260420,1
9418,20260421,1
9418,20260422,1
9418,20260423,1
9418,20260424,1
9418,20260426,1
9419,20260621,1
9419,20260622,1
9419,20260623,1
9419,20260624,1
9419,20260625,1
9419,20260626,1
9419,20260628,1
9419,20260629,1
9419,20260630,1
9419,20260701,1
9419,20260702,1
9419,20260703,1
9419,20260705,1
9419,20260706,1
9419,20260707,1
9419,20260708,1
9419,20260709,1
9419,20260710,1
9419,20260712,1
9419,20260713,1
9419,20260714,1
9419,20260715,1
9419,20260716,1
9419,20260717,1
9419,20260719,1
9419,20260720,1
9419,20260721,1
9419,20260722,1
9419,20260723,1
9419,20260724,1
9419,20260726,1
9419,20260727,1
9419,20260728,1
9419,20260729,1
9419,20260730,1
9419,20260731,1
9419,20260802,1
9419,20260803,1
9419,20260804,1
9419,20260805,1
9419,20260806,1
9419,20260807,1
9419,20260809,1
9419,20260810,1
9419,20260811,1
9419,20260812,1
9419,20260813,1
9419,20260814,1
9419,20260816,1
9419,20260817,1
9419,20260818,1
9419,20260819,1
9419,20260820,1
9419,20260821,1
9419,20260823,1
9419,20260824,1
9419,20260825,1
9419,20260826,1
9419,20260827,1
9419,20260828,1
9420,20260525,1
9420,20260526,1
9420,20260527,1
9420,20260528,1
9420,20260529,1
9420,20260601,1
9420,20260602,1
9420,20260603,1
9420,20260604,1
9420,20260605,1
9420,20260607,1
9420,20260608,1
9420,20260609,1
9420,20260610,1
9420,20260611,1
9420,20260612,1
9420,20260614,1
9420,20260615,1
9420,20260616,1
9420,20260617,1
9420,20260618,1
9420,20260619,1
9421,20260523,1
9421,20260525,1
9421,20260606,1
9421,20260607,1
9421,20260613,1
9421,20260614,1
9422,20260620,1
9422,20260621,1
9422,20260627,1
9422,20260628,1
9422,20260704,1
9422,20260705,1
9422,20260711,1
9422,20260712,1
9422,20260714,1
9422,20260718,1
9422,20260719,1
9422,20260725,1
9422,20260726,1
9422,20260801,1
9422,20260802,1
9422,20260808,1
9422,20260809,1
9422,20260815,1
9422,20260816,1
9422,20260822,1
9422,20260823,1
9423,20260427,1
9423,20260428,1
9423,20260429,1
9423,20260430,1
9423,20260501,1
9423,20260502,1
9423,20260503,1
9423,20260504,1
9423,20260505,1
9423,20260506,1
9423,20260507,1
9423,20260511,1
9423,20260512,1
9423,20260513,1
9424,20260523,1
9424,20260525,1
9424,20260526,1
9424,20260527,1
9424,20260528,1
9424,20260529,1
9424,20260601,1
9424,20260602,1
9424,20260603,1
9424,20260604,1
9424,20260605,1
9424,20260606,1
9424,20260607,1
9424,20260608,1
9424,20260609,1
9424,20260610,1
9424,20260611,1
9424,20260612,1
9424,20260613,1
9424,20260614,1
9424,20260615,1
9424,20260616,1
9424,20260617,1
9424,20260618,1
9424,20260619,1
9425,20260620,1
9425,20260621,1
9425,20260622,1
9425,20260623,1
9425,20260624,1
9425,20260625,1
9425,20260626,1
9425,20260627,1
9425,20260628,1
9425,20260629,1
9425,20260630,1
9425,20260701,1
9425,20260702,1
9425,20260703,1
9425,20260706,1
9425,20260707,1
9425,20260708,1
9425,20260709,1
9425,20260710,1
9425,20260713,1
9425,20260715,1
9425,20260716,1
9425,20260717,1
9425,20260720,1
9425,20260721,1
9425,20260722,1
9425,20260723,1
9425,20260724,1
9425,20260727,1
9425,20260728,1
9425,20260729,1
9425,20260730,1
9425,20260731,1
9425,20260803,1
9425,20260804,1
9425,20260805,1
9425,20260806,1
9425,20260807,1
9425,20260810,1
9425,20260811,1
9425,20260812,1
9425,20260813,1
9425,20260814,1
9425,20260817,1
9425,20260818,1
9425,20260819,1
9425,20260820,1
9425,20260821,1
9425,20260824,1
9425,20260825,1
9425,20260826,1
9425,20260827,1
9425,20260828,1
9426,20260427,1
9426,20260428,1
9426,20260429,1
9426,20260430,1
9426,20260501,1
9426,20260502,1
9426,20260503,1
9426,20260504,1
9426,20260505,1
9426,20260506,1
9426,20260507,1
9426,20260510,1
9426,20260511,1
9426,20260512,1
9426,20260513,1
9426,20260517,1
9427,20260501,1
9427,20260502,1
9427,20260503,1
9427,20260510,1
9427,20260517,1
9428,20260627,1
9428,20260628,1
9428,20260704,1
9428,20260705,1
9428,20260711,1
9428,20260712,1
9428,20260714,1
9428,20260718,1
9428,20260719,1
9428,20260725,1
9428,20260726,1
9428,20260801,1
9428,20260802,1
9428,20260808,1
9428,20260809,1
9428,20260815,1
9428,20260816,1
9428,20260822,1
9428,20260823,1
9429,20260523,1
9429,20260606,1
9429,20260607,1
9429,20260613,1
9429,20260614,1
9430,20260404,1
9430,20260405,1
9430,20260411,1
9430,20260412,1
9430,20260418,1
9430,20260419,1
9431,20260620,1
9431,20260621,1
9431,20260622,1
9431,20260623,1
9431,20260624,1
9431,20260625,1
9431,20260626,1
9431,20260627,1
9431,20260628,1
9431,20260629,1
9431,20260630,1
9431,20260701,1
9431,20260702,1
9431,20260703,1
9431,20260704,1
9431,20260705,1
9431,20260711,1
9431,20260712,1
9431,20260714,1
9431,20260718,1
9431,20260719,1
9431,20260725,1
9431,20260726,1
9431,20260801,1
9431,20260802,1
9431,20260808,1
9431,20260809,1
9431,20260815,1
9431,20260816,1
9431,20260822,1
9431,20260823,1
9432,20260622,1
9432,20260623,1
9432,20260624,1
9432,20260625,1
9432,20260626,1
9432,20260627,1
9432,20260628,1
9432,20260629,1
9432,20260630,1
9432,20260701,1
9432,20260702,1
9432,20260703,1
9432,20260704,1
9432,20260705,1
9432,20260706,1
9432,20260707,1
9432,20260708,1
9432,20260709,1
9432,20260710,1
9432,20260711,1
9432,20260712,1
9432,20260713,1
9432,20260714,1
9432,20260715,1
9432,20260716,1
9432,20260717,1
9432,20260718,1
9432,20260719,1
9432,20260720,1
9432,20260721,1
9432,20260722,1
9432,20260723,1
9432,20260724,1
9432,20260725,1
9432,20260726,1
9432,20260727,1
9432,20260728,1
9432,20260729,1
9432,20260730,1
9432,20260731,1
9432,20260801,1
9432,20260802,1
9432,20260803,1
9432,20260804,1
9432,20260805,1
9432,20260806,1
9432,20260807,1
9432,20260808,1
9432,20260809,1
9432,20260810,1
9432,20260811,1
9432,20260812,1
9432,20260813,1
9432,20260814,1
9432,20260815,1
9432,20260816,1
9432,20260817,1
9432,20260818,1
9432,20260819,1
9432,20260820,1
9432,20260821,1
9432,20260822,1
9432,20260823,1
9432,20260824,1
9432,20260825,1
9432,20260826,1
9432,20260827,1
9432,20260828,1
9433,20260330,1
9433,20260331,1
9433,20260401,1
9433,20260402,1
9433,20260403,1
9433,20260407,1
9433,20260408,1
9433,20260409,1
9433,20260410,1
9433,20260413,1
9433,20260414,1
9433,20260415,1
9433,20260416,1
9433,20260417,1
9433,20260420,1
9433,20260421,1
9433,20260422,1
9433,20260423,1
9433,20260424,1
9433,20260427,1
9433,20260428,1
9433,20260429,1
9433,20260430,1
9433,20260504,1
9433,20260505,1
9433,20260506,1
9433,20260507,1
9433,20260511,1
9433,20260512,1
9434,20260420,1
9434,20260421,1
9434,20260422,1
9434,20260423,1
9434,20260424,1
9434,20260425,1
9434,20260426,1
9434,20260427,1
9434,20260428,1
9434,20260429,1
9434,20260430,1
9434,20260501,1
9434,20260502,1
9434,20260503,1
9434,20260504,1
9434,20260505,1
9434,20260506,1
9434,20260507,1
9434,20260510,1
9434,20260511,1
9434,20260512,1
9434,20260513,1
9434,20260517,1
9435,20260306,1
9435,20260307,1
9435,20260308,1
9435,20260309,1
9435,20260310,1
9435,20260311,1
9435,20260312,1
9435,20260313,1
9435,20260315,1
9435,20260316,1
9435,20260317,1
9435,20260318,1
9435,20260319,1
9435,20260320,1
9435,20260322,1
9435,20260323,1
9435,20260324,1
9435,20260325,1
9435,20260326,1
9435,20260327,1
9435,20260328,1
9435,20260329,1
9436,20260424,1
9436,20260425,1
9437,20260620,1
9437,20260626,1
9437,20260627,1
9437,20260703,1
9438,20260523,1
9438,20260529,1
9438,20260605,1
9438,20260606,1
9438,20260612,1
9438,20260613,1
9438,20260619,1
9439,20260403,1
9439,20260404,1
9439,20260410,1
9439,20260411,1
9439,20260417,1
9439,20260418,1
9440,20260518,1
9440,20260519,1
9440,20260520,1
9440,20260521,1
9440,20260524,1
9440,20260525,1
9440,20260526,1
9440,20260527,1
9440,20260528,1
9440,20260601,1
9440,20260602,1
9440,20260603,1
9440,20260604,1
9440,20260607,1
9440,20260608,1
9440,20260609,1
9440,20260610,1
9440,20260611,1
9440,20260614,1
9440,20260615,1
9440,20260616,1
9440,20260617,1
9440,20260618,1
9441,20260306,1
9441,20260307,1
9441,20260313,1
9441,20260320,1
9441,20260327,1
9441,20260328,1
9442,20260621,1
9442,20260622,1
9442,20260623,1
9442,20260624,1
9442,20260625,1
9442,20260628,1
9442,20260629,1
9442,20260630,1
9442,20260701,1
9442,20260702,1
9443,20260427,1
9443,20260428,1
9443,20260429,1
9443,20260430,1
9443,20260503,1
9443,20260504,1
9443,20260505,1
9443,20260506,1
9443,20260507,1
9443,20260510,1
9443,20260511,1
9443,20260512,1
9443,20260513,1
9443,20260517,1
9444,20260420,1
9444,20260421,1
9444,20260422,1
9444,20260423,1
9444,20260426,1
9445,20260308,1
9445,20260309,1
9445,20260310,1
9445,20260311,1
9445,20260312,1
9445,20260314,1
9445,20260315,1
9445,20260316,1
9445,20260317,1
9445,20260318,1
9445,20260319,1
9445,20260321,1
9445,20260322,1
9445,20260323,1
9445,20260324,1
9445,20260325,1
9445,20260326,1
9445,20260329,1
9446,20260706,1
9446,20260713,1
9446,20260715,1
9446,20260720,1
9446,20260727,1
9446,20260803,1
9446,20260810,1
9446,20260817,1
9447,20260526,1
9447,20260527,1
9447,20260528,1
9447,20260529,1
9447,20260601,1
9447,20260602,1
9447,20260603,1
9447,20260604,1
9447,20260605,1
9447,20260608,1
9447,20260609,1
9447,20260610,1
9447,20260611,1
9447,20260612,1
9447,20260615,1
9447,20260616,1
9447,20260617,1
9447,20260618,1
9447,20260619,1
9447,20260622,1
9447,20260623,1
9447,20260624,1
9447,20260625,1
9447,20260626,1
9447,20260629,1
9447,20260630,1
9447,20260701,1
9447,20260702,1
9447,20260703,1
9447,20260706,1
9447,20260707,1
9447,20260708,1
9447,20260709,1
9447,20260710,1
9447,20260713,1
9447,20260715,1
9447,20260716,1
9447,20260717,1
9447,20260720,1
9447,20260721,1
9447,20260722,1
9447,20260723,1
9447,20260724,1
9447,20260727,1
9447,20260728,1
9447,20260729,1
9447,20260730,1
9447,20260731,1
9447,20260803,1
9447,20260804,1
9447,20260805,1
9447,20260806,1
9447,20260807,1
9447,20260810,1
9447,20260811,1
9447,20260812,1
9447,20260813,1
9447,20260814,1
9447,20260817,1
9447,20260818,1
9447,20260819,1
9447,20260820,1
9447,20260821,1
9447,20260824,1
9447,20260825,1
9447,20260826,1
9447,20260827,1
9447,20260828,1
9447,20260831,1
9448,20260404,1
9448,20260411,1
9448,20260418,1
9448,20260425,1
9448,20260501,1
9448,20260502,1
9448,20260508,1
9448,20260514,1
9449,20260523,1
9449,20260530,1
9449,20260606,1
9449,20260613,1
9449,20260620,1
9449,20260627,1
9449,20260704,1
9449,20260705,1
9449,20260706,1
9449,20260707,1
9449,20260708,1
9449,20260709,1
9449,20260710,1
9449,20260711,1
9449,20260712,1
9449,20260713,1
9449,20260714,1
9449,20260715,1
9449,20260716,1
9449,20260717,1
9449,20260718,1
9449,20260719,1
9449,20260720,1
9449,20260721,1
9449,20260722,1
9449,20260723,1
9449,20260724,1
9449,20260725,1
9449,20260726,1
9449,20260727,1
9449,20260728,1
9449,20260729,1
9449,20260730,1
9449,20260731,1
9449,20260801,1
9449,20260802,1
9449,20260803,1
9449,20260804,1
9449,20260805,1
9449,20260806,1
9449,20260807,1
9449,20260808,1
9449,20260809,1
9449,20260810,1
9449,20260811,1
9449,20260812,1
9449,20260813,1
9449,20260814,1
9449,20260815,1
9449,20260816,1
9449,20260817,1
9449,20260818,1
9449,20260819,1
9449,20260820,1
9449,20260821,1
9449,20260822,1
9449,20260823,1
9449,20260824,1
9449,20260825,1
9449,20260826,1
9449,20260827,1
9449,20260828,1
9449,20260829,1
9449,20260830,1
9450,20260307,1
9450,20260308,1
9450,20260314,1
9450,20260321,1
9450,20260328,1
9450,20260329,1
9451,20260404,1
9451,20260405,1
9451,20260406,1
9451,20260411,1
9451,20260412,1
9451,20260418,1
9451,20260419,1
9451,20260425,1
9451,20260426,1
9451,20260501,1
9451,20260502,1
9451,20260503,1
9451,20260508,1
9451,20260514,1
9452,20260523,1
9452,20260524,1
9452,20260530,1
9452,20260531,1
9452,20260606,1
9452,20260607,1
9452,20260613,1
9452,20260614,1
9452,20260620,1
9452,20260621,1
9452,20260627,1
9452,20260628,1
9452,20260704,1
9452,20260705,1
9452,20260711,1
9452,20260712,1
9452,20260714,1
9452,20260718,1
9452,20260719,1
9452,20260725,1
9452,20260726,1
9452,20260801,1
9452,20260802,1
9452,20260808,1
9452,20260809,1
9452,20260815,1
9452,20260816,1
9452,20260822,1
9452,20260823,1
9452,20260829,1
9452,20260830,1
9453,20260330,1
9453,20260331,1
9453,20260401,1
9453,20260402,1
9453,20260403,1
9453,20260404,1
9453,20260405,1
9453,20260406,1
9453,20260407,1
9453,20260408,1
9453,20260409,1
9453,20260410,1
9453,20260411,1
9453,20260412,1
9453,20260413,1
9453,20260414,1
9453,20260415,1
9453,20260416,1
9453,20260417,1
9453,20260418,1
9453,20260419,1
9453,20260420,1
9453,20260421,1
9453,20260422,1
9453,20260423,1
9453,20260424,1
9453,20260425,1
9453,20260426,1
9453,20260427,1
9453,20260428,1
9453,20260429,1
9453,20260430,1
9453,20260501,1
9453,20260502,1
9453,20260503,1
9453,20260504,1
9453,20260505,1
9453,20260506,1
9453,20260507,1
9453,20260508,1
9453,20260511,1
9453,20260512,1
9453,20260513,1
9453,20260514,1
9453,20260515,1
9454,20260523,1
9454,20260524,1
9454,20260526,1
9454,20260527,1
9454,20260528,1
9454,20260529,1
9454,20260530,1
9454,20260531,1
9454,20260601,1
9454,20260602,1
9454,20260603,1
9454,20260604,1
9454,20260605,1
9454,20260606,1
9454,20260607,1
9454,20260608,1
9454,20260609,1
9454,20260610,1
9454,20260611,1
9454,20260612,1
9454,20260613,1
9454,20260614,1
9454,20260615,1
9454,20260616,1
9454,20260617,1
9454,20260618,1
9454,20260619,1
9454,20260620,1
9454,20260621,1
9454,20260622,1
9454,20260623,1
9454,20260624,1
9454,20260625,1
9454,20260626,1
9454,20260627,1
9454,20260628,1
9454,20260629,1
9454,20260630,1
9454,20260701,1
9454,20260702,1
9454,20260703,1
9454,20260704,1
9454,20260705,1
9454,20260706,1
9454,20260707,1
9454,20260708,1
9454,20260709,1
9454,20260710,1
9454,20260711,1
9454,20260712,1
9454,20260713,1
9454,20260714,1
9454,20260715,1
9454,20260716,1
9454,20260717,1
9454,20260718,1
9454,20260719,1
9454,20260720,1
9454,20260721,1
9454,20260722,1
9454,20260723,1
9454,20260724,1
9454,20260725,1
9454,20260726,1
9454,20260727,1
9454,20260728,1
9454,20260729,1
9454,20260730,1
9454,20260731,1
9454,20260801,1
9454,20260802,1
9454,20260803,1
9454,20260804,1
9454,20260805,1
9454,20260806,1
9454,20260807,1
9454,20260808,1
9454,20260809,1
9454,20260810,1
9454,20260811,1
9454,20260812,1
9454,20260813,1
9454,20260814,1
9454,20260815,1
9454,20260816,1
9454,20260817,1
9454,20260818,1
9454,20260819,1
9454,20260820,1
9454,20260821,1
9454,20260822,1
9454,20260823,1
9454,20260824,1
9454,20260825,1
9454,20260826,1
9454,20260827,1
9454,20260828,1
9454,20260829,1
9454,20260830,1
9454,20260831,1
9455,20260404,1
9455,20260405,1
9455,20260406,1
9455,20260411,1
9455,20260412,1
9455,20260418,1
9455,20260419,1
9455,20260425,1
9455,20260426,1
9455,20260501,1
9455,20260502,1
9455,20260503,1
9455,20260514,1
9456,20260523,1
9456,20260525,1
9456,20260530,1
9456,20260531,1
9456,20260606,1
9456,20260607,1
9456,20260613,1
9456,20260614,1
9456,20260620,1
9456,20260621,1
9456,20260627,1
9456,20260628,1
9456,20260705,1
9456,20260706,1
9456,20260707,1
9456,20260708,1
9456,20260709,1
9456,20260710,1
9456,20260712,1
9456,20260713,1
9456,20260714,1
9456,20260715,1
9456,20260716,1
9456,20260717,1
9456,20260719,1
9456,20260720,1
9456,20260721,1
9456,20260722,1
9456,20260723,1
9456,20260724,1
9456,20260726,1
9456,20260727,1
9456,20260728,1
9456,20260729,1
9456,20260730,1
9456,20260731,1
9456,20260802,1
9456,20260803,1
9456,20260804,1
9456,20260805,1
9456,20260806,1
9456,20260807,1
9456,20260809,1
9456,20260810,1
9456,20260811,1
9456,20260812,1
9456,20260813,1
9456,20260814,1
9456,20260816,1
9456,20260817,1
9456,20260818,1
9456,20260819,1
9456,20260820,1
9456,20260821,1
9456,20260823,1
9456,20260824,1
9456,20260825,1
9456,20260826,1
9456,20260827,1
9456,20260828,1
9456,20260830,1
9457,20260404,1
9457,20260405,1
9457,20260406,1
9457,20260411,1
9457,20260412,1
9457,20260418,1
9457,20260419,1
9457,20260425,1
9457,20260426,1
9457,20260501,1
9457,20260502,1
9457,20260503,1
9457,20260514,1
9457,20260523,1
9457,20260525,1
9457,20260530,1
9457,20260531,1
9457,20260606,1
9457,20260607,1
9457,20260613,1
9457,20260614,1
9457,20260620,1
9457,20260621,1
9458,20260704,1
9458,20260705,1
9458,20260712,1
9458,20260714,1
9458,20260718,1
9458,20260719,1
9458,20260725,1
9458,20260726,1
9459,20260711,1
9459,20260801,1
9459,20260802,1
9459,20260808,1
9459,20260809,1
9459,20260815,1
9459,20260816,1
9459,20260822,1
9459,20260823,1
9459,20260829,1
9459,20260830,1
9460,20260523,1
9460,20260525,1
9460,20260530,1
9460,20260531,1
9460,20260606,1
9460,20260607,1
9460,20260613,1
9460,20260614,1
9460,20260620,1
9460,20260621,1
9460,20260627,1
9460,20260628,1
9460,20260704,1
9460,20260705,1
9460,20260711,1
9460,20260712,1
9460,20260714,1
9460,20260718,1
9460,20260719,1
9460,20260725,1
9460,20260726,1
9460,20260801,1
9460,20260802,1
9460,20260808,1
9460,20260809,1
9460,20260815,1
9460,20260816,1
9460,20260822,1
9460,20260823,1
9460,20260829,1
9460,20260830,1
9461,20260330,1
9461,20260331,1
9461,20260401,1
9461,20260402,1
9461,20260403,1
9461,20260407,1
9461,20260408,1
9461,20260409,1
9461,20260410,1
9461,20260413,1
9461,20260414,1
9461,20260415,1
9461,20260416,1
9461,20260417,1
9461,20260420,1
9461,20260421,1
9461,20260422,1
9461,20260423,1
9461,20260424,1
9461,20260427,1
9461,20260428,1
9461,20260429,1
9461,20260430,1
9461,20260504,1
9461,20260505,1
9461,20260506,1
9461,20260507,1
9461,20260511,1
9461,20260512,1
9461,20260513,1
9462,20260526,1
9462,20260527,1
9462,20260528,1
9462,20260529,1
9462,20260601,1
9462,20260602,1
9462,20260603,1
9462,20260604,1
9462,20260605,1
9462,20260608,1
9462,20260609,1
9462,20260610,1
9462,20260611,1
9462,20260612,1
9462,20260615,1
9462,20260616,1
9462,20260617,1
9462,20260618,1
9462,20260619,1
9462,20260622,1
9462,20260623,1
9462,20260624,1
9462,20260625,1
9462,20260626,1
9462,20260629,1
9462,20260630,1
9462,20260701,1
9462,20260702,1
9462,20260703,1
9462,20260831,1
9463,20260404,1
9463,20260405,1
9463,20260406,1
9463,20260411,1
9463,20260412,1
9463,20260418,1
9463,20260419,1
9463,20260425,1
9463,20260426,1
9463,20260501,1
9463,20260502,1
9463,20260503,1
9463,20260510,1
9463,20260514,1
9463,20260517,1
9464,20260330,1
9464,20260331,1
9464,20260401,1
9464,20260402,1
9464,20260403,1
9464,20260407,1
9464,20260408,1
9464,20260409,1
9464,20260410,1
9464,20260413,1
9464,20260414,1
9464,20260415,1
9464,20260416,1
9464,20260417,1
9464,20260420,1
9464,20260421,1
9464,20260422,1
9464,20260423,1
9464,20260424,1
9464,20260427,1
9464,20260428,1
9464,20260429,1
9464,20260430,1
9464,20260504,1
9464,20260505,1
9464,20260506,1
9464,20260507,1
9464,20260511,1
9464,20260512,1
9464,20260513,1
9464,20260526,1
9464,20260527,1
9464,20260528,1
9464,20260529,1
9464,20260601,1
9464,20260602,1
9464,20260603,1
9464,20260604,1
9464,20260605,1
9464,20260608,1
9464,20260609,1
9464,20260610,1
9464,20260611,1
9464,20260612,1
9464,20260615,1
9464,20260616,1
9464,20260617,1
9464,20260618,1
9464,20260619,1
9464,20260622,1
9464,20260623,1
9464,20260624,1
9464,20260625,1
9464,20260626,1
9464,20260629,1
9464,20260630,1
9464,20260701,1
9464,20260702,1
9464,20260703,1
9464,20260706,1
9464,20260707,1
9464,20260708,1
9464,20260709,1
9464,20260710,1
9464,20260713,1
9464,20260715,1
9464,20260716,1
9464,20260717,1
9464,20260720,1
9464,20260721,1
9464,20260722,1
9464,20260723,1
9464,20260724,1
9464,20260727,1
9464,20260728,1
9464,20260729,1
9464,20260730,1
9464,20260731,1
9464,20260803,1
9464,20260804,1
9464,20260805,1
9464,20260806,1
9464,20260807,1
9464,20260810,1
9464,20260811,1
9464,20260812,1
9464,20260813,1
9464,20260814,1
9464,20260817,1
9464,20260818,1
9464,20260819,1
9464,20260820,1
9464,20260821,1
9464,20260824,1
9464,20260825,1
9464,20260826,1
9464,20260827,1
9464,20260828,1
9464,20260831,1
9465,20260529,1
9465,20260605,1
9465,20260612,1
9465,20260619,1
9465,20260626,1
9465,20260703,1
9465,20260704,1
9465,20260710,1
9465,20260711,1
9465,20260717,1
9465,20260718,1
9465,20260724,1
9465,20260725,1
9465,20260731,1
9465,20260801,1
9465,20260807,1
9465,20260808,1
9465,20260814,1
9465,20260815,1
9465,20260821,1
9465,20260822,1
9465,20260828,1
9465,20260829,1
9466,20260704,1
9466,20260705,1
9466,20260706,1
9466,20260707,1
9466,20260708,1
9466,20260709,1
9466,20260710,1
9466,20260711,1
9466,20260712,1
9466,20260713,1
9466,20260714,1
9466,20260715,1
9466,20260716,1
9466,20260717,1
9466,20260718,1
9466,20260719,1
9466,20260720,1
9466,20260721,1
9466,20260722,1
9466,20260723,1
9466,20260724,1
9466,20260725,1
9466,20260726,1
9466,20260727,1
9466,20260728,1
9466,20260729,1
9466,20260730,1
9466,20260731,1
9466,20260801,1
9466,20260803,1
9466,20260804,1
9466,20260805,1
9466,20260806,1
9466,20260807,1
9466,20260808,1
9466,20260810,1
9466,20260811,1
9466,20260812,1
9466,20260813,1
9466,20260814,1
9466,20260815,1
9466,20260816,1
9466,20260817,1
9466,20260818,1
9466,20260819,1
9466,20260820,1
9466,20260821,1
9466,20260822,1
9466,20260828,1
9466,20260829,1
9467,20260802,1
9467,20260809,1
9467,20260823,1
9467,20260824,1
9467,20260825,1
9467,20260826,1
9467,20260827,1
9467,20260830,1
9468,20260716,1
9468,20260717,1
9469,20260622,1
9469,20260623,1
9469,20260624,1
9469,20260625,1
9469,20260626,1
9469,20260629,1
9469,20260630,1
9469,20260701,1
9469,20260702,1
9469,20260703,1
9469,20260706,1
9469,20260707,1
9469,20260708,1
9469,20260709,1
9469,20260710,1
9469,20260713,1
9469,20260715,1
9469,20260720,1
9469,20260721,1
9469,20260722,1
9469,20260723,1
9469,20260724,1
9469,20260727,1
9469,20260728,1
9469,20260729,1
9469,20260730,1
9469,20260731,1
9469,20260803,1
9469,20260804,1
9469,20260805,1
9469,20260806,1
9469,20260807,1
9469,20260810,1
9469,20260811,1
9469,20260812,1
9469,20260813,1
9469,20260814,1
9469,20260817,1
9469,20260818,1
9469,20260819,1
9469,20260820,1
9469,20260821,1
9469,20260824,1
9469,20260825,1
9469,20260826,1
9469,20260827,1
9469,20260828,1
9469,20260831,1
9470,20260706,1
9470,20260707,1
9470,20260708,1
9470,20260709,1
9470,20260710,1
9470,20260713,1
9470,20260715,1
9470,20260720,1
9470,20260721,1
9470,20260722,1
9470,20260723,1
9470,20260724,1
9470,20260727,1
9470,20260728,1
9470,20260729,1
9470,20260730,1
9470,20260731,1
9470,20260803,1
9470,20260804,1
9470,20260805,1
9470,20260806,1
9470,20260807,1
9470,20260810,1
9470,20260811,1
9470,20260812,1
9470,20260813,1
9470,20260814,1
9470,20260817,1
9470,20260818,1
9470,20260819,1
9470,20260820,1
9470,20260821,1
9470,20260824,1
9470,20260825,1
9470,20260826,1
9470,20260827,1
9470,20260828,1
9471,20260331,1
9471,20260401,1
9471,20260402,1
9471,20260403,1
9471,20260408,1
9471,20260409,1
9471,20260410,1
9471,20260414,1
9471,20260415,1
9471,20260416,1
9471,20260417,1
9471,20260421,1
9471,20260422,1
9471,20260423,1
9471,20260424,1
9471,20260428,1
9471,20260429,1
9471,20260430,1
9471,20260505,1
9471,20260506,1
9471,20260507,1
9471,20260512,1
9471,20260513,1
9471,20260515,1
9472,20260623,1
9472,20260624,1
9472,20260625,1
9472,20260626,1
9472,20260630,1
9472,20260701,1
9472,20260702,1
9472,20260703,1
9472,20260706,1
9472,20260707,1
9472,20260708,1
9472,20260709,1
9472,20260710,1
9472,20260713,1
9472,20260715,1
9472,20260720,1
9472,20260721,1
9472,20260722,1
9472,20260723,1
9472,20260724,1
9472,20260727,1
9472,20260728,1
9472,20260729,1
9472,20260730,1
9472,20260731,1
9472,20260803,1
9472,20260804,1
9472,20260805,1
9472,20260806,1
9472,20260807,1
9472,20260810,1
9472,20260811,1
9472,20260812,1
9472,20260813,1
9472,20260814,1
9472,20260817,1
9472,20260818,1
9472,20260819,1
9472,20260820,1
9472,20260821,1
9472,20260824,1
9472,20260825,1
9472,20260826,1
9472,20260827,1
9472,20260828,1
9473,20260330,1
9473,20260407,1
9473,20260413,1
9473,20260420,1
9473,20260427,1
9473,20260504,1
9473,20260511,1
9473,20260518,1
9473,20260526,1
9473,20260601,1
9473,20260608,1
9473,20260615,1
9474,20260518,1
9474,20260526,1
9474,20260601,1
9474,20260608,1
9474,20260615,1
9474,20260622,1
9474,20260629,1
9474,20260831,1
9475,20260330,1
9475,20260407,1
9475,20260413,1
9475,20260420,1
9475,20260427,1
9475,20260504,1
9475,20260511,1
9476,20260511,1
9476,20260512,1
9476,20260513,1
9476,20260518,1
9476,20260519,1
9476,20260520,1
9476,20260521,1
9476,20260522,1
9476,20260526,1
9476,20260527,1
9476,20260528,1
9476,20260529,1
9476,20260601,1
9476,20260602,1
9476,20260603,1
9476,20260604,1
9476,20260605,1
9476,20260608,1
9476,20260609,1
9476,20260610,1
9476,20260611,1
9476,20260612,1
9476,20260615,1
9476,20260616,1
9476,20260617,1
9476,20260618,1
9476,20260619,1
9477,20260330,1
9477,20260331,1
9477,20260401,1
9477,20260402,1
9477,20260403,1
9477,20260407,1
9477,20260408,1
9477,20260409,1
9477,20260410,1
9477,20260413,1
9477,20260414,1
9477,20260415,1
9477,20260416,1
9477,20260417,1
9477,20260420,1
9477,20260421,1
9477,20260422,1
9477,20260423,1
9477,20260424,1
9477,20260427,1
9477,20260428,1
9477,20260429,1
9477,20260430,1
9477,20260504,1
9477,20260505,1
9477,20260506,1
9477,20260507,1
9478,20260622,1
9478,20260623,1
9478,20260624,1
9478,20260625,1
9478,20260626,1
9478,20260629,1
9478,20260630,1
9478,20260701,1
9478,20260702,1
9478,20260703,1
9478,20260706,1
9478,20260707,1
9478,20260708,1
9478,20260709,1
9478,20260710,1
9478,20260713,1
9478,20260715,1
9478,20260720,1
9478,20260721,1
9478,20260722,1
9478,20260723,1
9478,20260724,1
9478,20260727,1
9478,20260728,1
9478,20260729,1
9478,20260730,1
9478,20260731,1
9478,20260803,1
9478,20260804,1
9478,20260805,1
9478,20260806,1
9478,20260807,1
9478,20260810,1
9478,20260811,1
9478,20260812,1
9478,20260813,1
9478,20260814,1
9478,20260817,1
9478,20260818,1
9478,20260819,1
9478,20260820,1
9478,20260821,1
9478,20260824,1
9478,20260825,1
9478,20260826,1
9478,20260827,1
9478,20260828,1
9479,20260331,1
9479,20260401,1
9479,20260402,1
9479,20260403,1
9479,20260408,1
9479,20260409,1
9479,20260410,1
9479,20260414,1
9479,20260415,1
9479,20260416,1
9479,20260417,1
9479,20260421,1
9479,20260422,1
9479,20260423,1
9479,20260424,1
9479,20260428,1
9479,20260429,1
9479,20260430,1
9479,20260505,1
9479,20260506,1
9479,20260507,1
9479,20260512,1
9479,20260513,1
9479,20260515,1
9479,20260519,1
9479,20260520,1
9479,20260521,1
9479,20260522,1
9480,20260527,1
9480,20260528,1
9480,20260529,1
9480,20260602,1
9480,20260603,1
9480,20260604,1
9480,20260605,1
9480,20260609,1
9480,20260610,1
9480,20260611,1
9480,20260612,1
9480,20260616,1
9480,20260617,1
9480,20260618,1
9480,20260619,1
9480,20260623,1
9480,20260624,1
9480,20260625,1
9480,20260626,1
9480,20260630,1
9480,20260701,1
9480,20260702,1
9480,20260703,1
9480,20260706,1
9480,20260707,1
9480,20260708,1
9480,20260709,1
9480,20260710,1
9480,20260713,1
9480,20260715,1
9480,20260716,1
9480,20260717,1
9480,20260720,1
9480,20260721,1
9480,20260722,1
9480,20260723,1
9480,20260724,1
9480,20260727,1
9480,20260728,1
9480,20260729,1
9480,20260730,1
9480,20260731,1
9480,20260803,1
9480,20260804,1
9480,20260805,1
9480,20260806,1
9480,20260807,1
9480,20260810,1
9480,20260811,1
9480,20260812,1
9480,20260813,1
9480,20260814,1
9480,20260817,1
9480,20260818,1
9480,20260819,1
9480,20260820,1
9480,20260821,1
9480,20260824,1
9480,20260825,1
9480,20260826,1
9480,20260827,1
9480,20260828,1
9481,20260628,1
9481,20260705,1
9481,20260712,1
9481,20260714,1
9481,20260726,1
9481,20260802,1
9481,20260809,1
9481,20260816,1
9481,20260823,1
9481,20260830,1
9482,20260523,1
9482,20260530,1
9482,20260606,1
9482,20260613,1
9482,20260620,1
9482,20260627,1
9482,20260704,1
9482,20260711,1
9482,20260725,1
9482,20260801,1
9482,20260808,1
9482,20260815,1
9482,20260822,1
9482,20260829,1
9483,20260404,1
9483,20260411,1
9483,20260418,1
9483,20260425,1
9483,20260501,1
9483,20260502,1
9483,20260514,1
9484,20260526,1
9484,20260527,1
9484,20260528,1
9484,20260529,1
9484,20260601,1
9484,20260602,1
9484,20260603,1
9484,20260604,1
9484,20260605,1
9484,20260608,1
9484,20260609,1
9484,20260610,1
9484,20260611,1
9484,20260612,1
9484,20260615,1
9484,20260616,1
9484,20260617,1
9484,20260618,1
9484,20260619,1
9484,20260622,1
9484,20260623,1
9484,20260624,1
9484,20260625,1
9484,20260626,1
9484,20260629,1
9484,20260630,1
9484,20260701,1
9484,20260702,1
9484,20260703,1
9484,20260706,1
9484,20260707,1
9484,20260708,1
9484,20260709,1
9484,20260710,1
9484,20260713,1
9484,20260715,1
9484,20260716,1
9484,20260717,1
9484,20260720,1
9484,20260721,1
9484,20260722,1
9484,20260723,1
9484,20260724,1
9484,20260727,1
9484,20260728,1
9484,20260729,1
9484,20260730,1
9484,20260731,1
9484,20260803,1
9484,20260804,1
9484,20260805,1
9484,20260806,1
9484,20260807,1
9484,20260810,1
9484,20260811,1
9484,20260812,1
9484,20260813,1
9484,20260814,1
9484,20260817,1
9484,20260818,1
9484,20260819,1
9484,20260820,1
9484,20260821,1
9484,20260824,1
9484,20260825,1
9484,20260826,1
9484,20260827,1
9484,20260828,1
9485,20260627,1
9485,20260704,1
9485,20260711,1
9485,20260725,1
9485,20260801,1
9485,20260808,1
9485,20260815,1
9485,20260822,1
9485,20260829,1
9486,20260330,1
9486,20260402,1
9486,20260409,1
9487,20260331,1
9487,20260401,1
9487,20260403,1
9487,20260407,1
9487,20260408,1
9487,20260410,1
9487,20260413,1
9487,20260414,1
9487,20260415,1
9487,20260416,1
9487,20260417,1
9487,20260420,1
9487,20260421,1
9487,20260422,1
9487,20260423,1
9487,20260424,1
9487,20260427,1
9487,20260428,1
9487,20260429,1
9487,20260430,1
9487,20260504,1
9487,20260505,1
9487,20260506,1
9487,20260507,1
9487,20260511,1
9487,20260512,1
9487,20260513,1
9487,20260518,1
9487,20260519,1
9487,20260520,1
9487,20260521,1
9487,20260522,1
9488,20260526,1
9488,20260527,1
9488,20260528,1
9488,20260529,1
9488,20260601,1
9488,20260602,1
9488,20260603,1
9488,20260604,1
9488,20260605,1
9488,20260608,1
9488,20260609,1
9488,20260610,1
9488,20260611,1
9488,20260612,1
9488,20260615,1
9488,20260616,1
9488,20260617,1
9488,20260618,1
9488,20260619,1
9488,20260622,1
9488,20260623,1
9488,20260624,1
9488,20260625,1
9488,20260626,1
9488,20260629,1
9488,20260630,1
9488,20260701,1
9488,20260702,1
9488,20260703,1
9488,20260706,1
9488,20260707,1
9488,20260708,1
9488,20260709,1
9488,20260710,1
9488,20260713,1
9488,20260715,1
9488,20260720,1
9488,20260721,1
9488,20260722,1
9488,20260723,1
9488,20260724,1
9488,20260727,1
9488,20260728,1
9488,20260729,1
9488,20260730,1
9488,20260731,1
9488,20260803,1
9488,20260804,1
9488,20260805,1
9488,20260806,1
9488,20260807,1
9488,20260810,1
9488,20260811,1
9488,20260812,1
9488,20260813,1
9488,20260814,1
9488,20260817,1
9488,20260818,1
9488,20260819,1
9488,20260820,1
9488,20260821,1
9488,20260824,1
9488,20260825,1
9488,20260826,1
9488,20260827,1
9488,20260828,1
9489,20260628,1
9489,20260705,1
9489,20260710,1
9489,20260712,1
9489,20260714,1
9489,20260724,1
9489,20260726,1
9489,20260731,1
9489,20260802,1
9489,20260807,1
9489,20260809,1
9489,20260814,1
9489,20260816,1
9489,20260821,1
9489,20260823,1
9489,20260828,1
9489,20260830,1
9490,20260717,1
9490,20260719,1
9491,20260403,1
9491,20260410,1
9491,20260417,1
9491,20260424,1
9491,20260430,1
9491,20260507,1
9491,20260513,1
9492,20260525,1
9492,20260531,1
9492,20260606,1
9492,20260607,1
9492,20260613,1
9492,20260614,1
9492,20260620,1
9492,20260621,1
9492,20260627,1
9492,20260628,1
9492,20260704,1
9492,20260705,1
9492,20260711,1
9492,20260712,1
9492,20260714,1
9492,20260719,1
9492,20260725,1
9492,20260726,1
9492,20260801,1
9492,20260802,1
9492,20260808,1
9492,20260809,1
9492,20260815,1
9492,20260816,1
9492,20260822,1
9492,20260823,1
9492,20260829,1
9492,20260830,1
9493,20260526,1
9493,20260622,1
9493,20260623,1
9493,20260624,1
9493,20260625,1
9493,20260626,1
9493,20260629,1
9493,20260630,1
9493,20260701,1
9493,20260702,1
9493,20260703,1
9493,20260706,1
9493,20260713,1
9493,20260715,1
9493,20260720,1
9493,20260727,1
9493,20260803,1
9493,20260810,1
9493,20260817,1
9493,20260824,1
9493,20260831,1
9494,20260330,1
9494,20260331,1
9494,20260401,1
9494,20260402,1
9494,20260403,1
9494,20260407,1
9494,20260408,1
9494,20260409,1
9494,20260410,1
9494,20260413,1
9494,20260414,1
9494,20260415,1
9494,20260416,1
9494,20260417,1
9494,20260420,1
9494,20260421,1
9494,20260422,1
9494,20260423,1
9494,20260424,1
9494,20260427,1
9494,20260504,1
9494,20260511,1
9494,20260515,1
9496,20260531,1
9496,20260607,1
9496,20260614,1
9496,20260621,1
9496,20260628,1
9496,20260705,1
9496,20260712,1
9496,20260714,1
9496,20260726,1
9496,20260802,1
9496,20260809,1
9496,20260816,1
9496,20260823,1
9496,20260830,1
9497,20260331,1
9497,20260401,1
9497,20260402,1
9497,20260403,1
9497,20260407,1
9497,20260408,1
9497,20260409,1
9497,20260410,1
9497,20260414,1
9497,20260415,1
9497,20260416,1
9497,20260417,1
9497,20260421,1
9497,20260422,1
9497,20260423,1
9497,20260424,1
9497,20260428,1
9497,20260429,1
9497,20260430,1
9497,20260505,1
9497,20260506,1
9497,20260507,1
9497,20260512,1
9497,20260513,1
9497,20260515,1
9498,20260330,1
9498,20260413,1
9498,20260420,1
9498,20260427,1
9498,20260504,1
9498,20260511,1
9499,20260527,1
9499,20260528,1
9499,20260529,1
9499,20260602,1
9499,20260603,1
9499,20260604,1
9499,20260605,1
9499,20260609,1
9499,20260610,1
9499,20260611,1
9499,20260612,1
9499,20260616,1
9499,20260617,1
9499,20260618,1
9499,20260619,1
9499,20260623,1
9499,20260624,1
9499,20260625,1
9499,20260626,1
9499,20260630,1
9499,20260701,1
9499,20260702,1
9499,20260703,1
9500,20260309,1
9500,20260316,1
9500,20260323,1
9500,20260518,1
9500,20260526,1
9500,20260601,1
9500,20260608,1
9500,20260615,1
9500,20260622,1
9500,20260629,1
9501,20260525,1
9501,20260531,1
9501,20260607,1
9501,20260614,1
9501,20260621,1
9501,20260628,1
9501,20260705,1
9501,20260712,1
9501,20260714,1
9501,20260726,1
9501,20260802,1
9501,20260809,1
9501,20260816,1
9501,20260823,1
9501,20260830,1
9502,20260330,1
9502,20260331,1
9502,20260401,1
9502,20260402,1
9502,20260405,1
9502,20260406,1
9502,20260407,1
9502,20260408,1
9502,20260409,1
9502,20260412,1
9502,20260413,1
9502,20260414,1
9502,20260415,1
9502,20260416,1
9502,20260419,1
9502,20260420,1
9502,20260421,1
9502,20260422,1
9502,20260423,1
9502,20260426,1
9502,20260427,1
9502,20260428,1
9502,20260429,1
9502,20260503,1
9502,20260504,1
9502,20260505,1
9502,20260506,1
9502,20260510,1
9502,20260511,1
9502,20260512,1
9502,20260517,1
9503,20260525,1
9503,20260526,1
9503,20260527,1
9503,20260528,1
9503,20260531,1
9503,20260601,1
9503,20260602,1
9503,20260603,1
9503,20260604,1
9503,20260607,1
9503,20260608,1
9503,20260609,1
9503,20260610,1
9503,20260611,1
9503,20260614,1
9503,20260615,1
9503,20260616,1
9503,20260617,1
9503,20260618,1
9503,20260621,1
9503,20260622,1
9503,20260623,1
9503,20260624,1
9503,20260625,1
9503,20260628,1
9503,20260629,1
9503,20260630,1
9503,20260701,1
9503,20260702,1
9503,20260705,1
9503,20260706,1
9503,20260707,1
9503,20260708,1
9503,20260709,1
9503,20260712,1
9503,20260713,1
9503,20260714,1
9503,20260715,1
9503,20260716,1
9503,20260719,1
9503,20260720,1
9503,20260721,1
9503,20260722,1
9503,20260723,1
9503,20260726,1
9503,20260727,1
9503,20260728,1
9503,20260729,1
9503,20260730,1
9503,20260802,1
9503,20260803,1
9503,20260804,1
9503,20260805,1
9503,20260806,1
9503,20260809,1
9503,20260810,1
9503,20260811,1
9503,20260812,1
9503,20260813,1
9503,20260816,1
9503,20260817,1
9503,20260818,1
9503,20260819,1
9503,20260820,1
9503,20260823,1
9503,20260824,1
9503,20260825,1
9503,20260826,1
9503,20260827,1
9503,20260830,1
9503,20260831,1
9504,20260523,1
9504,20260526,1
9504,20260527,1
9504,20260528,1
9504,20260529,1
9504,20260530,1
9504,20260601,1
9504,20260602,1
9504,20260603,1
9504,20260604,1
9504,20260605,1
9504,20260606,1
9504,20260608,1
9504,20260609,1
9504,20260610,1
9504,20260611,1
9504,20260612,1
9504,20260613,1
9504,20260615,1
9504,20260616,1
9504,20260617,1
9504,20260618,1
9504,20260619,1
9504,20260620,1
9505,20260330,1
9505,20260331,1
9505,20260401,1
9505,20260402,1
9505,20260403,1
9505,20260404,1
9505,20260407,1
9505,20260408,1
9505,20260409,1
9505,20260410,1
9505,20260411,1
9505,20260413,1
9505,20260414,1
9505,20260415,1
9505,20260416,1
9505,20260417,1
9505,20260418,1
9505,20260420,1
9505,20260421,1
9505,20260422,1
9505,20260423,1
9505,20260424,1
9505,20260425,1
9505,20260427,1
9505,20260428,1
9505,20260429,1
9505,20260430,1
9505,20260501,1
9505,20260502,1
9505,20260504,1
9505,20260505,1
9505,20260506,1
9505,20260507,1
9505,20260508,1
9505,20260511,1
9505,20260512,1
9505,20260513,1
9505,20260514,1
9505,20260515,1
9506,20260526,1
9506,20260527,1
9506,20260528,1
9506,20260529,1
9506,20260601,1
9506,20260602,1
9506,20260603,1
9506,20260604,1
9506,20260605,1
9506,20260608,1
9506,20260609,1
9506,20260610,1
9506,20260611,1
9506,20260612,1
9506,20260615,1
9506,20260616,1
9506,20260617,1
9506,20260618,1
9506,20260619,1
9506,20260622,1
9506,20260623,1
9506,20260624,1
9506,20260625,1
9506,20260626,1
9506,20260629,1
9506,20260630,1
9506,20260701,1
9506,20260702,1
9506,20260703,1
9506,20260706,1
9506,20260707,1
9506,20260708,1
9506,20260709,1
9506,20260710,1
9506,20260713,1
9506,20260715,1
9506,20260720,1
9506,20260721,1
9506,20260722,1
9506,20260723,1
9506,20260724,1
9506,20260727,1
9506,20260728,1
9506,20260729,1
9506,20260730,1
9506,20260731,1
9506,20260803,1
9506,20260804,1
9506,20260805,1
9506,20260806,1
9506,20260807,1
9506,20260810,1
9506,20260811,1
9506,20260812,1
9506,20260813,1
9506,20260814,1
9506,20260817,1
9506,20260818,1
9506,20260819,1
9506,20260820,1
9506,20260821,1
9506,20260824,1
9506,20260825,1
9506,20260826,1
9506,20260827,1
9506,20260828,1
9506,20260831,1
9507,20260622,1
9507,20260623,1
9507,20260624,1
9507,20260625,1
9507,20260626,1
9507,20260629,1
9507,20260630,1
9507,20260701,1
9507,20260702,1
9507,20260703,1
9507,20260831,1
9508,20260523,1
9508,20260525,1
9508,20260530,1
9508,20260531,1
9508,20260606,1
9508,20260607,1
9508,20260613,1
9508,20260614,1
9508,20260620,1
9508,20260621,1
9509,20260627,1
9509,20260628,1
9509,20260704,1
9509,20260705,1
9509,20260711,1
9509,20260712,1
9509,20260714,1
9509,20260718,1
9509,20260725,1
9509,20260726,1
9509,20260801,1
9509,20260802,1
9509,20260808,1
9509,20260809,1
9509,20260815,1
9509,20260816,1
9509,20260822,1
9509,20260823,1
9509,20260829,1
9509,20260830,1
9510,20260705,1
9510,20260712,1
9510,20260714,1
9510,20260726,1
9510,20260802,1
9510,20260809,1
9510,20260816,1
9510,20260823,1
9510,20260830,1
9511,20260716,1
9511,20260717,1
9511,20260718,1
9512,20260704,1
9512,20260706,1
9512,20260707,1
9512,20260708,1
9512,20260709,1
9512,20260710,1
9512,20260711,1
9512,20260713,1
9512,20260715,1
9512,20260720,1
9512,20260721,1
9512,20260722,1
9512,20260723,1
9512,20260724,1
9512,20260725,1
9512,20260727,1
9512,20260728,1
9512,20260729,1
9512,20260730,1
9512,20260731,1
9512,20260801,1
9512,20260803,1
9512,20260804,1
9512,20260805,1
9512,20260806,1
9512,20260807,1
9512,20260808,1
9512,20260810,1
9512,20260811,1
9512,20260812,1
9512,20260813,1
9512,20260814,1
9512,20260815,1
9512,20260817,1
9512,20260818,1
9512,20260819,1
9512,20260820,1
9512,20260821,1
9512,20260822,1
9512,20260824,1
9512,20260825,1
9512,20260826,1
9512,20260827,1
9512,20260828,1
9512,20260829,1
9513,20260803,1
9513,20260804,1
9513,20260805,1
9513,20260806,1
9513,20260810,1
9513,20260811,1
9514,20260715,1
9514,20260720,1
9514,20260721,1
9514,20260722,1
9514,20260727,1
9514,20260728,1
9514,20260729,1
9515,20260812,1
9515,20260819,1
9515,20260826,1
9516,20260713,1
9516,20260723,1
9516,20260730,1
9516,20260813,1
9516,20260817,1
9516,20260818,1
9516,20260820,1
9516,20260824,1
9516,20260825,1
9516,20260827,1
9530,20260406,1
9530,20260419,1
9530,20260426,1
9530,20260525,1
9532,20260518,1
9532,20260526,1
9532,20260601,1
9532,20260608,1
9532,20260615,1
9533,20260330,1
9533,20260331,1
9533,20260401,1
9533,20260402,1
9533,20260403,1
9533,20260407,1
9533,20260408,1
9533,20260409,1
9533,20260410,1
9533,20260413,1
9533,20260414,1
9533,20260415,1
9533,20260416,1
9533,20260417,1
9533,20260420,1
9533,20260421,1
9533,20260422,1
9533,20260423,1
9533,20260424,1
9533,20260427,1
9533,20260428,1
9533,20260429,1
9533,20260430,1
9533,20260504,1
9533,20260505,1
9533,20260506,1
9533,20260507,1
9533,20260511,1
9533,20260512,1
9533,20260513,1
9533,20260515,1
9533,20260518,1
9533,20260519,1
9533,20260520,1
9533,20260521,1
9533,20260522,1
9534,20260330,1
9534,20260331,1
9534,20260401,1
9534,20260402,1
9534,20260403,1
9534,20260407,1
9534,20260408,1
9534,20260409,1
9534,20260410,1
9534,20260413,1
9534,20260414,1
9534,20260415,1
9534,20260416,1
9534,20260417,1
9534,20260420,1
9534,20260421,1
9534,20260422,1
9534,20260423,1
9534,20260424,1
9534,20260427,1
9534,20260428,1
9534,20260429,1
9534,20260430,1
9534,20260504,1
9534,20260505,1
9534,20260506,1
9534,20260507,1
9534,20260511,1
9534,20260512,1
9534,20260513,1
9534,20260515,1
9534,20260518,1
9534,20260519,1
9534,20260520,1
9534,20260521,1
9534,20260522,1
9534,20260526,1
9534,20260527,1
9534,20260528,1
9534,20260529,1
9534,20260601,1
9534,20260602,1
9534,20260603,1
9534,20260604,1
9534,20260605,1
9534,20260608,1
9534,20260609,1
9534,20260610,1
9534,20260611,1
9534,20260612,1
9534,20260615,1
9534,20260616,1
9534,20260617,1
9534,20260618,1
9534,20260619,1
9535,20260601,1
9535,20260608,1
9535,20260615,1
9535,20260622,1
9535,20260623,1
9535,20260624,1
9535,20260625,1
9535,20260626,1
9535,20260629,1
9535,20260630,1
9535,20260701,1
9535,20260702,1
9535,20260703,1
9535,20260706,1
9535,20260707,1
9535,20260708,1
9535,20260709,1
9535,20260710,1
9535,20260713,1
9535,20260715,1
9535,20260716,1
9535,20260717,1
9535,20260720,1
9535,20260721,1
9535,20260722,1
9535,20260723,1
9535,20260724,1
9535,20260727,1
9535,20260728,1
9535,20260729,1
9535,20260730,1
9535,20260731,1
9535,20260803,1
9535,20260804,1
9535,20260805,1
9535,20260806,1
9535,20260807,1
9535,20260810,1
9535,20260811,1
9535,20260812,1
9535,20260813,1
9535,20260814,1
9535,20260817,1
9535,20260818,1
9535,20260819,1
9535,20260820,1
9535,20260821,1
9535,20260824,1
9535,20260825,1
9535,20260826,1
9535,20260827,1
9535,20260828,1
9535,20260831,1
9536,20260330,1
9536,20260413,1
9536,20260420,1
9536,20260427,1
9536,20260504,1
9536,20260511,1
9536,20260518,1
9536,20260529,1
9536,20260601,1
9536,20260608,1
9536,20260615,1
9536,20260622,1
9536,20260629,1
9536,20260706,1
9536,20260713,1
9536,20260720,1
9536,20260727,1
9536,20260803,1
9536,20260810,1
9536,20260817,1
9536,20260824,1
9537,20260331,1
9537,20260401,1
9537,20260402,1
9537,20260403,1
9537,20260407,1
9537,20260408,1
9537,20260409,1
9537,20260410,1
9537,20260414,1
9537,20260415,1
9537,20260416,1
9537,20260417,1
9537,20260421,1
9537,20260422,1
9537,20260423,1
9537,20260424,1
9537,20260428,1
9537,20260429,1
9537,20260430,1
9537,20260505,1
9537,20260506,1
9537,20260507,1
9537,20260512,1
9537,20260513,1
9537,20260515,1
9537,20260519,1
9537,20260520,1
9537,20260521,1
9537,20260522,1
9537,20260526,1
9537,20260527,1
9537,20260528,1
9537,20260602,1
9537,20260603,1
9537,20260604,1
9537,20260605,1
9537,20260609,1
9537,20260610,1
9537,20260611,1
9537,20260612,1
9537,20260616,1
9537,20260617,1
9537,20260618,1
9537,20260619,1
9538,20260404,1
9538,20260405,1
9538,20260406,1
9538,20260411,1
9538,20260412,1
9538,20260418,1
9538,20260419,1
9538,20260425,1
9538,20260426,1
9538,20260501,1
9538,20260502,1
9538,20260503,1
9538,20260508,1
9538,20260514,1
9538,20260523,1
9538,20260525,1
9538,20260530,1
9538,20260531,1
9538,20260606,1
9538,20260607,1
9538,20260613,1
9538,20260614,1
9538,20260620,1
9538,20260621,1
9538,20260627,1
9538,20260628,1
9538,20260704,1
9538,20260705,1
9538,20260711,1
9538,20260712,1
9538,20260714,1
9538,20260718,1
9538,20260719,1
9538,20260725,1
9538,20260726,1
9538,20260801,1
9538,20260802,1
9538,20260808,1
9538,20260809,1
9538,20260815,1
9538,20260816,1
9538,20260822,1
9538,20260823,1
9538,20260829,1
9538,20260830,1
9539,20260623,1
9539,20260624,1
9539,20260625,1
9539,20260626,1
9539,20260630,1
9539,20260701,1
9539,20260702,1
9539,20260703,1
9539,20260707,1
9539,20260708,1
9539,20260709,1
9539,20260710,1
9539,20260715,1
9539,20260716,1
9539,20260717,1
9539,20260721,1
9539,20260722,1
9539,20260723,1
9539,20260724,1
9539,20260728,1
9539,20260729,1
9539,20260730,1
9539,20260731,1
9539,20260804,1
9539,20260805,1
9539,20260806,1
9539,20260807,1
9539,20260811,1
9539,20260812,1
9539,20260813,1
9539,20260814,1
9539,20260818,1
9539,20260819,1
9539,20260820,1
9539,20260821,1
9539,20260825,1
9539,20260826,1
9539,20260827,1
9539,20260828,1
9539,20260831,1
9540,20260330,1
9540,20260331,1
9540,20260401,1
9540,20260402,1
9540,20260403,1
9540,20260404,1
9540,20260405,1
9540,20260406,1
9540,20260407,1
9540,20260408,1
9540,20260409,1
9540,20260410,1
9540,20260411,1
9540,20260412,1
9540,20260413,1
9540,20260414,1
9540,20260415,1
9540,20260416,1
9540,20260417,1
9540,20260418,1
9540,20260419,1
9540,20260420,1
9540,20260421,1
9540,20260422,1
9540,20260423,1
9540,20260424,1
9540,20260425,1
9540,20260426,1
9540,20260427,1
9540,20260428,1
9540,20260429,1
9540,20260430,1
9540,20260501,1
9540,20260502,1
9540,20260503,1
9540,20260504,1
9540,20260505,1
9540,20260506,1
9540,20260507,1
9540,20260510,1
9540,20260511,1
9540,20260512,1
9540,20260513,1
9540,20260514,1
9540,20260517,1
9540,20260518,1
9540,20260519,1
9540,20260520,1
9540,20260521,1
9540,20260522,1
9540,20260523,1
9540,20260525,1
9540,20260526,1
9540,20260527,1
9540,20260528,1
9540,20260529,1
9540,20260530,1
9540,20260531,1
9540,20260601,1
9540,20260602,1
9540,20260603,1
9540,20260604,1
9540,20260605,1
9540,20260606,1
9540,20260607,1
9540,20260608,1
9540,20260609,1
9540,20260610,1
9540,20260611,1
9540,20260612,1
9540,20260613,1
9540,20260614,1
9540,20260615,1
9540,20260616,1
9540,20260617,1
9540,20260618,1
9540,20260619,1
9540,20260620,1
9540,20260621,1
9540,20260622,1
9540,20260623,1
9540,20260624,1
9540,20260625,1
9540,20260626,1
9540,20260627,1
9540,20260628,1
9540,20260629,1
9540,20260630,1
9540,20260701,1
9540,20260702,1
9540,20260703,1
9540,20260704,1
9540,20260705,1
9540,20260706,1
9540,20260707,1
9540,20260708,1
9540,20260709,1
9540,20260710,1
9540,20260711,1
9540,20260712,1
9540,20260713,1
9540,20260714,1
9540,20260715,1
9540,20260716,1
9540,20260717,1
9540,20260718,1
9540,20260719,1
9540,20260720,1
9540,20260721,1
9540,20260722,1
9540,20260723,1
9540,20260724,1
9540,20260725,1
9540,20260726,1
9540,20260727,1
9540,20260728,1
9540,20260729,1
9540,20260730,1
9540,20260731,1
9540,20260801,1
9540,20260802,1
9540,20260803,1
9540,20260804,1
9540,20260805,1
9540,20260806,1
9540,20260807,1
9540,20260808,1
9540,20260809,1
9540,20260810,1
9540,20260811,1
9540,20260812,1
9540,20260813,1
9540,20260814,1
9540,20260815,1
9540,20260816,1
9540,20260817,1
9540,20260818,1
9540,20260819,1
9540,20260820,1
9540,20260821,1
9540,20260822,1
9540,20260823,1
9540,20260824,1
9540,20260825,1
9540,20260826,1
9540,20260827,1
9540,20260828,1
9540,20260829,1
9540,20260830,1
9540,20260831,1
9541,20260330,1
9541,20260331,1
9541,20260401,1
9541,20260402,1
9541,20260403,1
9541,20260407,1
9541,20260408,1
9541,20260409,1
9541,20260410,1
9541,20260413,1
9541,20260414,1
9541,20260415,1
9541,20260416,1
9541,20260417,1
9541,20260420,1
9541,20260421,1
9541,20260422,1
9541,20260423,1
9541,20260424,1
9541,20260427,1
9541,20260428,1
9541,20260429,1
9541,20260430,1
9541,20260504,1
9541,20260505,1
9541,20260506,1
9541,20260507,1
9541,20260511,1
9541,20260512,1
9541,20260513,1
9541,20260518,1
9541,20260519,1
9541,20260520,1
9541,20260521,1
9541,20260522,1
9541,20260526,1
9541,20260527,1
9541,20260528,1
9541,20260529,1
9541,20260601,1
9541,20260602,1
9541,20260603,1
9541,20260604,1
9541,20260605,1
9541,20260608,1
9541,20260609,1
9541,20260610,1
9541,20260611,1
9541,20260612,1
9541,20260615,1
9541,20260616,1
9541,20260617,1
9541,20260618,1
9541,20260619,1
9541,20260622,1
9541,20260623,1
9541,20260624,1
9541,20260625,1
9541,20260626,1
9541,20260629,1
9541,20260630,1
9541,20260701,1
9541,20260702,1
9541,20260703,1
9541,20260706,1
9541,20260707,1
9541,20260708,1
9541,20260709,1
9541,20260710,1
9541,20260713,1
9541,20260715,1
9541,20260716,1
9541,20260717,1
9541,20260720,1
9541,20260721,1
9541,20260722,1
9541,20260723,1
9541,20260724,1
9541,20260727,1
9541,20260728,1
9541,20260729,1
9541,20260730,1
9541,20260731,1
9541,20260803,1
9541,20260804,1
9541,20260805,1
9541,20260806,1
9541,20260807,1
9541,20260810,1
9541,20260811,1
9541,20260812,1
9541,20260813,1
9541,20260814,1
9541,20260817,1
9541,20260818,1
9541,20260819,1
9541,20260820,1
9541,20260821,1
9541,20260824,1
9541,20260825,1
9541,20260826,1
9541,20260827,1
9541,20260828,1
9541,20260831,1
9542,20260404,1
9542,20260405,1
9542,20260406,1
9542,20260411,1
9542,20260412,1
9542,20260418,1
9542,20260419,1
9542,20260425,1
9542,20260426,1
9542,20260501,1
9542,20260502,1
9542,20260503,1
9542,20260510,1
9542,20260514,1
9542,20260517,1
9542,20260523,1
9542,20260525,1
9542,20260530,1
9542,20260531,1
9542,20260606,1
9542,20260607,1
9542,20260613,1
9542,20260614,1
9542,20260620,1
9542,20260621,1
9542,20260627,1
9542,20260628,1
9542,20260704,1
9542,20260705,1
9542,20260711,1
9542,20260712,1
9542,20260714,1
9542,20260718,1
9542,20260719,1
9542,20260725,1
9542,20260726,1
9542,20260801,1
9542,20260802,1
9542,20260808,1
9542,20260809,1
9542,20260815,1
9542,20260816,1
9542,20260822,1
9542,20260823,1
9542,20260829,1
9542,20260830,1
9543,20260330,1
9543,20260331,1
9543,20260401,1
9543,20260402,1
9543,20260403,1
9543,20260404,1
9543,20260407,1
9543,20260408,1
9543,20260409,1
9543,20260410,1
9543,20260411,1
9543,20260413,1
9543,20260414,1
9543,20260415,1
9543,20260416,1
9543,20260417,1
9543,20260418,1
9543,20260420,1
9543,20260421,1
9543,20260422,1
9543,20260423,1
9543,20260424,1
9543,20260425,1
9543,20260427,1
9543,20260428,1
9543,20260429,1
9543,20260430,1
9543,20260501,1
9543,20260502,1
9543,20260504,1
9543,20260505,1
9543,20260506,1
9543,20260507,1
9543,20260511,1
9543,20260512,1
9543,20260513,1
9543,20260514,1
9543,20260518,1
9543,20260519,1
9543,20260520,1
9543,20260521,1
9543,20260522,1
9543,20260523,1
9543,20260526,1
9543,20260527,1
9543,20260528,1
9543,20260529,1
9543,20260530,1
9543,20260601,1
9543,20260602,1
9543,20260603,1
9543,20260604,1
9543,20260605,1
9543,20260606,1
9543,20260608,1
9543,20260609,1
9543,20260610,1
9543,20260611,1
9543,20260612,1
9543,20260613,1
9543,20260615,1
9543,20260616,1
9543,20260617,1
9543,20260618,1
9543,20260619,1
9543,20260620,1
9544,20260330,1
9544,20260331,1
9544,20260401,1
9544,20260402,1
9544,20260403,1
9544,20260407,1
9544,20260408,1
9544,20260409,1
9544,20260410,1
9544,20260413,1
9544,20260414,1
9544,20260415,1
9544,20260416,1
9544,20260417,1
9544,20260420,1
9544,20260421,1
9544,20260422,1
9544,20260423,1
9544,20260424,1
9544,20260427,1
9544,20260428,1
9544,20260429,1
9544,20260430,1
9544,20260504,1
9544,20260505,1
9544,20260506,1
9544,20260507,1
9544,20260511,1
9544,20260512,1
9544,20260513,1
9544,20260518,1
9544,20260519,1
9544,20260520,1
9544,20260521,1
9544,20260522,1
9545,20260404,1
9545,20260411,1
9545,20260418,1
9545,20260425,1
9545,20260501,1
9545,20260502,1
9545,20260514,1
9545,20260523,1
9545,20260530,1
9545,20260606,1
9545,20260613,1
9545,20260620,1
9545,20260627,1
9545,20260704,1
9545,20260711,1
9545,20260718,1
9545,20260725,1
9545,20260801,1
9545,20260808,1
9545,20260815,1
9545,20260822,1
9545,20260829,1
9546,20260404,1
9546,20260411,1
9546,20260418,1
9546,20260425,1
9546,20260501,1
9546,20260502,1
9546,20260508,1
9546,20260514,1
9546,20260523,1
9546,20260530,1
9546,20260606,1
9546,20260613,1
9546,20260620,1
9546,20260627,1
9546,20260704,1
9546,20260711,1
9546,20260718,1
9546,20260725,1
9546,20260801,1
9546,20260808,1
9546,20260815,1
9546,20260822,1
9546,20260829,1
9550,20260307,1
9550,20260314,1
9550,20260321,1
9550,20260328,1
9550,20260411,1
9550,20260418,1
9550,20260425,1
9550,20260501,1
9550,20260502,1
9550,20260508,1
9550,20260523,1
9550,20260530,1
9550,20260606,1
9550,20260613,1
9550,20260620,1
9550,20260627,1
9550,20260704,1
9550,20260711,1
9550,20260718,1
9550,20260725,1
9550,20260801,1
9550,20260808,1
9550,20260815,1
9550,20260822,1
9550,20260829,1
9551,20260306,1
9551,20260307,1
9551,20260309,1
9551,20260310,1
9551,20260311,1
9551,20260312,1
9551,20260313,1
9551,20260314,1
9551,20260316,1
9551,20260317,1
9551,20260318,1
9551,20260319,1
9551,20260320,1
9551,20260321,1
9551,20260323,1
9551,20260324,1
9551,20260325,1
9551,20260326,1
9551,20260327,1
9551,20260328,1
9551,20260330,1
9551,20260331,1
9551,20260401,1
9551,20260402,1
9551,20260403,1
9551,20260407,1
9551,20260408,1
9551,20260409,1
9551,20260410,1
9551,20260411,1
9551,20260413,1
9551,20260414,1
9551,20260415,1
9551,20260416,1
9551,20260417,1
9551,20260418,1
9551,20260420,1
9551,20260421,1
9551,20260422,1
9551,20260423,1
9551,20260424,1
9551,20260425,1
9551,20260427,1
9551,20260428,1
9551,20260429,1
9551,20260430,1
9551,20260501,1
9551,20260502,1
9551,20260504,1
9551,20260505,1
9551,20260506,1
9551,20260507,1
9551,20260508,1
9551,20260511,1
9551,20260512,1
9551,20260513,1
9551,20260518,1
9551,20260519,1
9551,20260520,1
9551,20260521,1
9551,20260522,1
9551,20260523,1
9551,20260526,1
9551,20260527,1
9551,20260528,1
9551,20260529,1
9551,20260530,1
9551,20260601,1
9551,20260602,1
9551,20260603,1
9551,20260604,1
9551,20260605,1
9551,20260606,1
9551,20260608,1
9551,20260609,1
9551,20260610,1
9551,20260611,1
9551,20260612,1
9551,20260613,1
9551,20260615,1
9551,20260616,1
9551,20260617,1
9551,20260618,1
9551,20260619,1
9551,20260620,1
9551,20260622,1
9551,20260623,1
9551,20260624,1
9551,20260625,1
9551,20260626,1
9551,20260627,1
9551,20260629,1
9551,20260630,1
9551,20260701,1
9551,20260702,1
9551,20260703,1
9551,20260704,1
9551,20260711,1
9551,20260718,1
9551,20260725,1
9551,20260801,1
9551,20260808,1
9551,20260815,1
9551,20260822,1
9551,20260829,1
9551,20260831,1
9552,20260323,1
9552,20260324,1
9552,20260325,1
9552,20260326,1
9552,20260327,1
9552,20260330,1
9552,20260331,1
9552,20260401,1
9552,20260402,1
9552,20260403,1
9552,20260407,1
9552,20260408,1
9552,20260409,1
9552,20260410,1
9552,20260413,1
9552,20260414,1
9552,20260415,1
9552,20260416,1
9552,20260417,1
9552,20260420,1
9552,20260421,1
9552,20260422,1
9552,20260423,1
9552,20260424,1
9552,20260427,1
9552,20260428,1
9552,20260429,1
9552,20260430,1
9552,20260504,1
9552,20260505,1
9552,20260506,1
9552,20260507,1
9552,20260511,1
9552,20260512,1
9552,20260513,1
9552,20260518,1
9552,20260519,1
9552,20260520,1
9552,20260521,1
9552,20260522,1
9552,20260526,1
9552,20260527,1
9552,20260528,1
9552,20260529,1
9552,20260601,1
9552,20260602,1
9552,20260603,1
9552,20260604,1
9552,20260605,1
9552,20260608,1
9552,20260609,1
9552,20260610,1
9552,20260611,1
9552,20260612,1
9552,20260615,1
9552,20260616,1
9552,20260617,1
9552,20260618,1
9552,20260619,1
9552,20260622,1
9552,20260623,1
9552,20260624,1
9552,20260625,1
9552,20260626,1
9552,20260629,1
9552,20260630,1
9552,20260701,1
9552,20260702,1
9552,20260703,1
9552,20260706,1
9552,20260707,1
9552,20260708,1
9552,20260709,1
9552,20260710,1
9552,20260713,1
9552,20260715,1
9552,20260716,1
9552,20260717,1
9552,20260720,1
9552,20260721,1
9552,20260722,1
9552,20260723,1
9552,20260724,1
9552,20260727,1
9552,20260728,1
9552,20260729,1
9552,20260730,1
9552,20260731,1
9552,20260803,1
9552,20260804,1
9552,20260805,1
9552,20260806,1
9552,20260807,1
9552,20260810,1
9552,20260811,1
9552,20260812,1
9552,20260813,1
9552,20260814,1
9552,20260817,1
9552,20260818,1
9552,20260819,1
9552,20260820,1
9552,20260821,1
9552,20260824,1
9552,20260825,1
9552,20260826,1
9552,20260827,1
9552,20260828,1
9552,20260831,1
9553,20260501,1
9553,20260508,1
9553,20260714,1
9554,20260307,1
9554,20260308,1
9554,20260314,1
9554,20260321,1
9554,20260322,1
9554,20260328,1
9554,20260329,1
9554,20260411,1
9554,20260418,1
9554,20260425,1
9554,20260502,1
9554,20260503,1
9554,20260523,1
9554,20260530,1
9554,20260531,1
9554,20260606,1
9554,20260607,1
9554,20260613,1
9554,20260614,1
9554,20260620,1
9554,20260621,1
9554,20260627,1
9554,20260628,1
9554,20260704,1
9554,20260705,1
9554,20260711,1
9554,20260712,1
9554,20260718,1
9554,20260719,1
9554,20260725,1
9554,20260726,1
9554,20260801,1
9554,20260802,1
9554,20260808,1
9554,20260809,1
9554,20260815,1
9554,20260816,1
9554,20260822,1
9554,20260823,1
9554,20260829,1
9554,20260830,1
9555,20260308,1
9555,20260322,1
9555,20260329,1
9555,20260503,1
9555,20260531,1
9555,20260607,1
9555,20260614,1
9555,20260621,1
9555,20260628,1
9555,20260705,1
9555,20260712,1
9555,20260714,1
9555,20260719,1
9555,20260726,1
9555,20260802,1
9555,20260809,1
9555,20260816,1
9555,20260823,1
9555,20260830,1
9556,20260308,1
9556,20260315,1
9556,20260322,1
9556,20260329,1
9556,20260412,1
9556,20260419,1
9556,20260426,1
9556,20260503,1
9556,20260510,1
9556,20260531,1
9556,20260607,1
9556,20260614,1
9556,20260621,1
9556,20260628,1
9556,20260705,1
9556,20260712,1
9556,20260714,1
9556,20260719,1
9556,20260726,1
9556,20260802,1
9556,20260809,1
9556,20260816,1
9556,20260823,1
9556,20260830,1
9557,20260307,1
9557,20260308,1
9557,20260314,1
9557,20260321,1
9557,20260322,1
9557,20260328,1
9557,20260329,1
9557,20260411,1
9557,20260418,1
9557,20260425,1
9557,20260501,1
9557,20260502,1
9557,20260503,1
9557,20260508,1
9557,20260523,1
9557,20260530,1
9557,20260531,1
9557,20260606,1
9557,20260607,1
9557,20260613,1
9557,20260614,1
9557,20260620,1
9557,20260621,1
9557,20260627,1
9557,20260628,1
9557,20260704,1
9557,20260705,1
9557,20260711,1
9557,20260712,1
9557,20260714,1
9557,20260718,1
9557,20260719,1
9557,20260725,1
9557,20260726,1
9557,20260801,1
9557,20260802,1
9557,20260808,1
9557,20260809,1
9557,20260815,1
9557,20260816,1
9557,20260822,1
9557,20260823,1
9557,20260829,1
9557,20260830,1
9558,20260307,1
9558,20260308,1
9558,20260315,1
9558,20260321,1
9558,20260322,1
9558,20260328,1
9558,20260329,1
9558,20260411,1
9558,20260412,1
9558,20260418,1
9558,20260419,1
9558,20260425,1
9558,20260426,1
9558,20260501,1
9558,20260502,1
9558,20260503,1
9558,20260510,1
9558,20260525,1
9558,20260530,1
9558,20260531,1
9558,20260606,1
9558,20260607,1
9558,20260613,1
9558,20260614,1
9558,20260620,1
9558,20260621,1
9558,20260627,1
9558,20260628,1
9558,20260704,1
9558,20260705,1
9558,20260711,1
9558,20260712,1
9558,20260714,1
9558,20260718,1
9558,20260719,1
9558,20260725,1
9558,20260726,1
9558,20260801,1
9558,20260802,1
9558,20260808,1
9558,20260809,1
9558,20260815,1
9558,20260816,1
9558,20260822,1
9558,20260823,1
9558,20260829,1
9558,20260830,1
9559,20260323,1
9559,20260324,1
9559,20260325,1
9559,20260326,1
9559,20260327,1
9559,20260330,1
9559,20260331,1
9559,20260401,1
9559,20260402,1
9559,20260403,1
9559,20260407,1
9559,20260408,1
9559,20260409,1
9559,20260410,1
9559,20260413,1
9559,20260414,1
9559,20260415,1
9559,20260416,1
9559,20260417,1
9559,20260420,1
9559,20260421,1
9559,20260422,1
9559,20260423,1
9559,20260424,1
9559,20260427,1
9559,20260428,1
9559,20260429,1
9559,20260430,1
9559,20260504,1
9559,20260505,1
9559,20260506,1
9559,20260507,1
9559,20260511,1
9559,20260512,1
9559,20260513,1
9559,20260518,1
9559,20260519,1
9559,20260520,1
9559,20260521,1
9559,20260522,1
9559,20260526,1
9559,20260527,1
9559,20260528,1
9559,20260529,1
9559,20260601,1
9559,20260602,1
9559,20260603,1
9559,20260604,1
9559,20260605,1
9559,20260608,1
9559,20260609,1
9559,20260610,1
9559,20260611,1
9559,20260612,1
9559,20260615,1
9559,20260616,1
9559,20260617,1
9559,20260618,1
9559,20260619,1
9559,20260622,1
9559,20260623,1
9559,20260624,1
9559,20260625,1
9559,20260626,1
9559,20260629,1
9559,20260630,1
9559,20260701,1
9559,20260702,1
9559,20260703,1
9559,20260831,1
9560,20260308,1
9560,20260315,1
9560,20260322,1
9560,20260329,1
9560,20260412,1
9560,20260419,1
9560,20260426,1
9560,20260503,1
9560,20260510,1
9560,20260525,1
9560,20260531,1
9560,20260607,1
9560,20260614,1
9560,20260621,1
9560,20260628,1
9560,20260705,1
9560,20260712,1
9560,20260714,1
9560,20260719,1
9560,20260726,1
9560,20260802,1
9560,20260809,1
9560,20260816,1
9560,20260823,1
9560,20260830,1
9561,20260306,1
9561,20260307,1
9561,20260308,1
9561,20260309,1
9561,20260310,1
9561,20260311,1
9561,20260312,1
9561,20260313,1
9561,20260315,1
9561,20260316,1
9561,20260317,1
9561,20260318,1
9561,20260319,1
9561,20260320,1
9561,20260321,1
9561,20260322,1
9561,20260323,1
9561,20260324,1
9561,20260325,1
9561,20260326,1
9561,20260327,1
9561,20260328,1
9561,20260329,1
9561,20260330,1
9561,20260331,1
9561,20260401,1
9561,20260402,1
9561,20260403,1
9561,20260407,1
9561,20260408,1
9561,20260409,1
9561,20260410,1
9561,20260411,1
9561,20260412,1
9561,20260413,1
9561,20260414,1
9561,20260415,1
9561,20260416,1
9561,20260417,1
9561,20260418,1
9561,20260419,1
9561,20260420,1
9561,20260421,1
9561,20260422,1
9561,20260423,1
9561,20260424,1
9561,20260425,1
9561,20260426,1
9561,20260427,1
9561,20260428,1
9561,20260429,1
9561,20260430,1
9561,20260501,1
9561,20260502,1
9561,20260503,1
9561,20260504,1
9561,20260505,1
9561,20260506,1
9561,20260507,1
9561,20260510,1
9561,20260511,1
9561,20260512,1
9561,20260513,1
9561,20260518,1
9561,20260519,1
9561,20260520,1
9561,20260521,1
9561,20260522,1
9561,20260525,1
9561,20260526,1
9561,20260527,1
9561,20260528,1
9561,20260529,1
9561,20260530,1
9561,20260531,1
9561,20260601,1
9561,20260602,1
9561,20260603,1
9561,20260604,1
9561,20260605,1
9561,20260606,1
9561,20260607,1
9561,20260608,1
9561,20260609,1
9561,20260610,1
9561,20260611,1
9561,20260612,1
9561,20260613,1
9561,20260614,1
9561,20260615,1
9561,20260616,1
9561,20260617,1
9561,20260618,1
9561,20260619,1
9561,20260620,1
9561,20260621,1
9561,20260622,1
9561,20260623,1
9561,20260624,1
9561,20260625,1
9561,20260626,1
9561,20260627,1
9561,20260628,1
9561,20260629,1
9561,20260630,1
9561,20260701,1
9561,20260702,1
9561,20260703,1
9561,20260704,1
9561,20260705,1
9561,20260706,1
9561,20260707,1
9561,20260708,1
9561,20260709,1
9561,20260710,1
9561,20260711,1
9561,20260712,1
9561,20260713,1
9561,20260714,1
9561,20260715,1
9561,20260716,1
9561,20260717,1
9561,20260718,1
9561,20260719,1
9561,20260720,1
9561,20260721,1
9561,20260722,1
9561,20260723,1
9561,20260724,1
9561,20260725,1
9561,20260726,1
9561,20260727,1
9561,20260728,1
9561,20260729,1
9561,20260730,1
9561,20260731,1
9561,20260801,1
9561,20260802,1
9561,20260803,1
9561,20260804,1
9561,20260805,1
9561,20260806,1
9561,20260807,1
9561,20260808,1
9561,20260809,1
9561,20260810,1
9561,20260811,1
9561,20260812,1
9561,20260813,1
9561,20260814,1
9561,20260815,1
9561,20260816,1
9561,20260817,1
9561,20260818,1
9561,20260819,1
9561,20260820,1
9561,20260821,1
9561,20260822,1
9561,20260823,1
9561,20260824,1
9561,20260825,1
9561,20260826,1
9561,20260827,1
9561,20260828,1
9561,20260829,1
9561,20260830,1
9561,20260831,1
9562,20260306,1
9562,20260308,1
9562,20260309,1
9562,20260310,1
9562,20260311,1
9562,20260312,1
9562,20260313,1
9562,20260315,1
9562,20260316,1
9562,20260317,1
9562,20260318,1
9562,20260319,1
9562,20260320,1
9562,20260322,1
9562,20260323,1
9562,20260324,1
9562,20260325,1
9562,20260326,1
9562,20260327,1
9562,20260329,1
9562,20260330,1
9562,20260331,1
9562,20260401,1
9562,20260402,1
9562,20260407,1
9562,20260408,1
9562,20260409,1
9562,20260410,1
9562,20260412,1
9562,20260413,1
9562,20260414,1
9562,20260415,1
9562,20260416,1
9562,20260417,1
9562,20260419,1
9562,20260420,1
9562,20260421,1
9562,20260422,1
9562,20260423,1
9562,20260424,1
9562,20260426,1
9562,20260427,1
9562,20260428,1
9562,20260429,1
9562,20260430,1
9562,20260503,1
9562,20260504,1
9562,20260505,1
9562,20260506,1
9562,20260507,1
9562,20260510,1
9562,20260511,1
9562,20260512,1
9562,20260518,1
9562,20260519,1
9562,20260520,1
9562,20260521,1
9562,20260522,1
9562,20260525,1
9562,20260526,1
9562,20260527,1
9562,20260528,1
9562,20260529,1
9562,20260531,1
9562,20260601,1
9562,20260602,1
9562,20260603,1
9562,20260604,1
9562,20260605,1
9562,20260607,1
9562,20260608,1
9562,20260609,1
9562,20260610,1
9562,20260611,1
9562,20260612,1
9562,20260614,1
9562,20260615,1
9562,20260616,1
9562,20260617,1
9562,20260618,1
9562,20260619,1
9562,20260621,1
9562,20260622,1
9562,20260623,1
9562,20260624,1
9562,20260625,1
9562,20260626,1
9562,20260628,1
9562,20260629,1
9562,20260630,1
9562,20260701,1
9562,20260702,1
9562,20260703,1
9562,20260705,1
9562,20260712,1
9562,20260714,1
9562,20260719,1
9562,20260726,1
9562,20260802,1
9562,20260809,1
9562,20260816,1
9562,20260823,1
9562,20260830,1
9562,20260831,1
9563,20260306,1
9563,20260308,1
9563,20260309,1
9563,20260310,1
9563,20260311,1
9563,20260312,1
9563,20260313,1
9563,20260315,1
9563,20260316,1
9563,20260317,1
9563,20260318,1
9563,20260319,1
9563,20260320,1
9563,20260322,1
9563,20260323,1
9563,20260324,1
9563,20260325,1
9563,20260326,1
9563,20260327,1
9563,20260329,1
9563,20260330,1
9563,20260331,1
9563,20260401,1
9563,20260402,1
9563,20260407,1
9563,20260408,1
9563,20260409,1
9563,20260410,1
9563,20260412,1
9563,20260413,1
9563,20260414,1
9563,20260415,1
9563,20260416,1
9563,20260417,1
9563,20260419,1
9563,20260420,1
9563,20260421,1
9563,20260422,1
9563,20260423,1
9563,20260424,1
9563,20260426,1
9563,20260427,1
9563,20260428,1
9563,20260429,1
9563,20260430,1
9563,20260503,1
9563,20260504,1
9563,20260505,1
9563,20260506,1
9563,20260507,1
9563,20260510,1
9563,20260511,1
9563,20260512,1
9563,20260518,1
9563,20260519,1
9563,20260520,1
9563,20260521,1
9563,20260522,1
9563,20260525,1
9563,20260526,1
9563,20260527,1
9563,20260528,1
9563,20260529,1
9563,20260531,1
9563,20260601,1
9563,20260602,1
9563,20260603,1
9563,20260604,1
9563,20260605,1
9563,20260607,1
9563,20260608,1
9563,20260609,1
9563,20260610,1
9563,20260611,1
9563,20260612,1
9563,20260614,1
9563,20260615,1
9563,20260616,1
9563,20260617,1
9563,20260618,1
9563,20260619,1
9563,20260621,1
9563,20260622,1
9563,20260623,1
9563,20260624,1
9563,20260625,1
9563,20260626,1
9563,20260628,1
9563,20260629,1
9563,20260630,1
9563,20260701,1
9563,20260702,1
9563,20260703,1
9563,20260705,1
9563,20260706,1
9563,20260707,1
9563,20260708,1
9563,20260709,1
9563,20260710,1
9563,20260712,1
9563,20260713,1
9563,20260714,1
9563,20260715,1
9563,20260716,1
9563,20260717,1
9563,20260719,1
9563,20260720,1
9563,20260721,1
9563,20260722,1
9563,20260723,1
9563,20260724,1
9563,20260726,1
9563,20260727,1
9563,20260728,1
9563,20260729,1
9563,20260730,1
9563,20260731,1
9563,20260802,1
9563,20260803,1
9563,20260804,1
9563,20260805,1
9563,20260806,1
9563,20260807,1
9563,20260809,1
9563,20260810,1
9563,20260811,1
9563,20260812,1
9563,20260813,1
9563,20260814,1
9563,20260816,1
9563,20260817,1
9563,20260818,1
9563,20260819,1
9563,20260820,1
9563,20260821,1
9563,20260823,1
9563,20260824,1
9563,20260825,1
9563,20260826,1
9563,20260827,1
9563,20260828,1
9563,20260830,1
9563,20260831,1
9564,20260306,1
9564,20260308,1
9564,20260309,1
9564,20260310,1
9564,20260311,1
9564,20260312,1
9564,20260313,1
9564,20260315,1
9564,20260316,1
9564,20260317,1
9564,20260318,1
9564,20260319,1
9564,20260320,1
9564,20260322,1
9564,20260323,1
9564,20260324,1
9564,20260325,1
9564,20260326,1
9564,20260327,1
9564,20260329,1
9564,20260330,1
9564,20260331,1
9564,20260401,1
9564,20260402,1
9564,20260406,1
9564,20260407,1
9564,20260408,1
9564,20260409,1
9564,20260410,1
9564,20260412,1
9564,20260413,1
9564,20260414,1
9564,20260415,1
9564,20260416,1
9564,20260417,1
9564,20260419,1
9564,20260420,1
9564,20260421,1
9564,20260422,1
9564,20260423,1
9564,20260424,1
9564,20260426,1
9564,20260427,1
9564,20260428,1
9564,20260429,1
9564,20260430,1
9564,20260503,1
9564,20260504,1
9564,20260505,1
9564,20260506,1
9564,20260507,1
9564,20260510,1
9564,20260511,1
9564,20260512,1
9564,20260517,1
9564,20260518,1
9564,20260519,1
9564,20260520,1
9564,20260521,1
9564,20260522,1
9564,20260525,1
9564,20260526,1
9564,20260527,1
9564,20260528,1
9564,20260529,1
9564,20260531,1
9564,20260601,1
9564,20260602,1
9564,20260603,1
9564,20260604,1
9564,20260605,1
9564,20260607,1
9564,20260608,1
9564,20260609,1
9564,20260610,1
9564,20260611,1
9564,20260612,1
9564,20260614,1
9564,20260615,1
9564,20260616,1
9564,20260617,1
9564,20260618,1
9564,20260619,1
9564,20260621,1
9564,20260622,1
9564,20260623,1
9564,20260624,1
9564,20260625,1
9564,20260626,1
9564,20260628,1
9564,20260629,1
9564,20260630,1
9564,20260701,1
9564,20260702,1
9564,20260703,1
9564,20260705,1
9564,20260712,1
9564,20260714,1
9564,20260719,1
9564,20260726,1
9564,20260802,1
9564,20260809,1
9564,20260816,1
9564,20260823,1
9564,20260830,1
9564,20260831,1
9565,20260308,1
9565,20260315,1
9565,20260322,1
9565,20260329,1
9565,20260406,1
9565,20260412,1
9565,20260419,1
9565,20260426,1
9565,20260503,1
9565,20260510,1
9565,20260517,1
9565,20260525,1
9565,20260531,1
9565,20260607,1
9565,20260614,1
9565,20260621,1
9565,20260628,1
9565,20260705,1
9565,20260712,1
9565,20260714,1
9565,20260719,1
9565,20260726,1
9565,20260802,1
9565,20260809,1
9565,20260816,1
9565,20260823,1
9565,20260830,1
9566,20260306,1
9566,20260309,1
9566,20260310,1
9566,20260311,1
9566,20260312,1
9566,20260313,1
9566,20260316,1
9566,20260317,1
9566,20260318,1
9566,20260319,1
9566,20260320,1
9566,20260323,1
9566,20260324,1
9566,20260325,1
9566,20260326,1
9566,20260327,1
9566,20260330,1
9566,20260331,1
9566,20260401,1
9566,20260402,1
9566,20260407,1
9566,20260408,1
9566,20260409,1
9566,20260410,1
9566,20260413,1
9566,20260414,1
9566,20260415,1
9566,20260416,1
9566,20260417,1
9566,20260420,1
9566,20260421,1
9566,20260422,1
9566,20260423,1
9566,20260424,1
9566,20260427,1
9566,20260428,1
9566,20260429,1
9566,20260430,1
9566,20260504,1
9566,20260505,1
9566,20260506,1
9566,20260507,1
9566,20260511,1
9566,20260512,1
9566,20260518,1
9566,20260519,1
9566,20260520,1
9566,20260521,1
9566,20260522,1
9566,20260526,1
9566,20260527,1
9566,20260528,1
9566,20260529,1
9566,20260601,1
9566,20260602,1
9566,20260603,1
9566,20260604,1
9566,20260605,1
9566,20260608,1
9566,20260609,1
9566,20260610,1
9566,20260611,1
9566,20260612,1
9566,20260615,1
9566,20260616,1
9566,20260617,1
9566,20260618,1
9566,20260619,1
9566,20260622,1
9566,20260623,1
9566,20260624,1
9566,20260625,1
9566,20260626,1
9566,20260629,1
9566,20260630,1
9566,20260701,1
9566,20260702,1
9566,20260703,1
9566,20260706,1
9566,20260707,1
9566,20260708,1
9566,20260709,1
9566,20260710,1
9566,20260713,1
9566,20260715,1
9566,20260716,1
9566,20260717,1
9566,20260720,1
9566,20260721,1
9566,20260722,1
9566,20260723,1
9566,20260724,1
9566,20260727,1
9566,20260728,1
9566,20260729,1
9566,20260730,1
9566,20260731,1
9566,20260803,1
9566,20260804,1
9566,20260805,1
9566,20260806,1
9566,20260807,1
9566,20260810,1
9566,20260811,1
9566,20260812,1
9566,20260813,1
9566,20260814,1
9566,20260817,1
9566,20260818,1
9566,20260819,1
9566,20260820,1
9566,20260821,1
9566,20260824,1
9566,20260825,1
9566,20260826,1
9566,20260827,1
9566,20260828,1
9566,20260831,1
9567,20260306,1
9567,20260308,1
9567,20260309,1
9567,20260310,1
9567,20260311,1
9567,20260312,1
9567,20260313,1
9567,20260315,1
9567,20260316,1
9567,20260317,1
9567,20260318,1
9567,20260319,1
9567,20260320,1
9567,20260322,1
9567,20260323,1
9567,20260324,1
9567,20260325,1
9567,20260326,1
9567,20260327,1
9567,20260329,1
9567,20260330,1
9567,20260331,1
9567,20260401,1
9567,20260402,1
9567,20260406,1
9567,20260407,1
9567,20260408,1
9567,20260409,1
9567,20260410,1
9567,20260412,1
9567,20260413,1
9567,20260414,1
9567,20260415,1
9567,20260416,1
9567,20260417,1
9567,20260419,1
9567,20260420,1
9567,20260421,1
9567,20260422,1
9567,20260423,1
9567,20260424,1
9567,20260426,1
9567,20260427,1
9567,20260428,1
9567,20260429,1
9567,20260430,1
9567,20260503,1
9567,20260504,1
9567,20260505,1
9567,20260506,1
9567,20260507,1
9567,20260510,1
9567,20260511,1
9567,20260512,1
9567,20260517,1
9567,20260518,1
9567,20260519,1
9567,20260520,1
9567,20260521,1
9567,20260522,1
9567,20260525,1
9567,20260526,1
9567,20260527,1
9567,20260528,1
9567,20260529,1
9567,20260531,1
9567,20260601,1
9567,20260602,1
9567,20260603,1
9567,20260604,1
9567,20260605,1
9567,20260607,1
9567,20260608,1
9567,20260609,1
9567,20260610,1
9567,20260611,1
9567,20260612,1
9567,20260614,1
9567,20260615,1
9567,20260616,1
9567,20260617,1
9567,20260618,1
9567,20260619,1
9567,20260621,1
9567,20260622,1
9567,20260623,1
9567,20260624,1
9567,20260625,1
9567,20260626,1
9567,20260628,1
9567,20260629,1
9567,20260630,1
9567,20260701,1
9567,20260702,1
9567,20260703,1
9567,20260705,1
9567,20260706,1
9567,20260707,1
9567,20260708,1
9567,20260709,1
9567,20260710,1
9567,20260712,1
9567,20260713,1
9567,20260714,1
9567,20260715,1
9567,20260716,1
9567,20260717,1
9567,20260719,1
9567,20260720,1
9567,20260721,1
9567,20260722,1
9567,20260723,1
9567,20260724,1
9567,20260726,1
9567,20260727,1
9567,20260728,1
9567,20260729,1
9567,20260730,1
9567,20260731,1
9567,20260802,1
9567,20260803,1
9567,20260804,1
9567,20260805,1
9567,20260806,1
9567,20260807,1
9567,20260809,1
9567,20260810,1
9567,20260811,1
9567,20260812,1
9567,20260813,1
9567,20260814,1
9567,20260816,1
9567,20260817,1
9567,20260818,1
9567,20260819,1
9567,20260820,1
9567,20260821,1
9567,20260823,1
9567,20260824,1
9567,20260825,1
9567,20260826,1
9567,20260827,1
9567,20260828,1
9567,20260830,1
9567,20260831,1
9568,20260306,1
9568,20260307,1
9568,20260313,1
9568,20260320,1
9568,20260321,1
9568,20260327,1
9568,20260328,1
9568,20260406,1
9568,20260410,1
9568,20260417,1
9568,20260424,1
9568,20260430,1
9568,20260501,1
9568,20260502,1
9568,20260507,1
9568,20260522,1
9568,20260525,1
9568,20260529,1
9568,20260530,1
9568,20260605,1
9568,20260606,1
9568,20260612,1
9568,20260613,1
9568,20260619,1
9568,20260620,1
9568,20260626,1
9568,20260627,1
9568,20260703,1
9568,20260704,1
9568,20260710,1
9568,20260711,1
9568,20260717,1
9568,20260718,1
9568,20260724,1
9568,20260725,1
9568,20260731,1
9568,20260801,1
9568,20260807,1
9568,20260808,1
9568,20260814,1
9568,20260815,1
9568,20260821,1
9568,20260822,1
9568,20260828,1
9568,20260829,1
9569,20260308,1
9569,20260315,1
9569,20260322,1
9569,20260329,1
9569,20260412,1
9569,20260419,1
9569,20260426,1
9569,20260503,1
9569,20260510,1
9569,20260517,1
9569,20260531,1
9569,20260607,1
9569,20260614,1
9569,20260621,1
9569,20260628,1
9569,20260705,1
9569,20260712,1
9569,20260714,1
9569,20260719,1
9569,20260726,1
9569,20260802,1
9569,20260809,1
9569,20260816,1
9569,20260823,1
9569,20260830,1
9570,20260307,1
9570,20260308,1
9570,20260314,1
9570,20260321,1
9570,20260322,1
9570,20260328,1
9570,20260329,1
9570,20260411,1
9570,20260412,1
9570,20260418,1
9570,20260419,1
9570,20260425,1
9570,20260426,1
9570,20260501,1
9570,20260502,1
9570,20260503,1
9570,20260523,1
9570,20260530,1
9570,20260531,1
9570,20260606,1
9570,20260607,1
9570,20260613,1
9570,20260614,1
9570,20260620,1
9570,20260621,1
9570,20260627,1
9570,20260628,1
9570,20260705,1
9570,20260712,1
9570,20260714,1
9570,20260719,1
9570,20260726,1
9570,20260802,1
9570,20260809,1
9570,20260816,1
9570,20260823,1
9570,20260830,1
9571,20260307,1
9571,20260314,1
9571,20260321,1
9571,20260328,1
9571,20260411,1
9571,20260418,1
9571,20260425,1
9571,20260501,1
9571,20260502,1
9571,20260523,1
9571,20260530,1
9571,20260606,1
9571,20260613,1
9571,20260620,1
9571,20260627,1
9572,20260307,1
9572,20260321,1
9572,20260328,1
9572,20260411,1
9572,20260418,1
9572,20260425,1
9572,20260501,1
9572,20260502,1
9572,20260530,1
9572,20260606,1
9572,20260613,1
9572,20260620,1
9572,20260627,1
9572,20260704,1
9572,20260711,1
9572,20260718,1
9572,20260725,1
9572,20260801,1
9572,20260808,1
9572,20260815,1
9572,20260822,1
9572,20260829,1
9573,20260306,1
9573,20260307,1
9573,20260309,1
9573,20260310,1
9573,20260311,1
9573,20260312,1
9573,20260313,1
9573,20260314,1
9573,20260316,1
9573,20260317,1
9573,20260318,1
9573,20260319,1
9573,20260320,1
9573,20260321,1
9573,20260323,1
9573,20260324,1
9573,20260325,1
9573,20260326,1
9573,20260327,1
9573,20260328,1
9573,20260330,1
9573,20260331,1
9573,20260401,1
9573,20260402,1
9573,20260403,1
9573,20260407,1
9573,20260408,1
9573,20260409,1
9573,20260410,1
9573,20260411,1
9573,20260413,1
9573,20260414,1
9573,20260415,1
9573,20260416,1
9573,20260417,1
9573,20260418,1
9573,20260420,1
9573,20260421,1
9573,20260422,1
9573,20260423,1
9573,20260424,1
9573,20260425,1
9573,20260427,1
9573,20260428,1
9573,20260429,1
9573,20260430,1
9573,20260501,1
9573,20260502,1
9573,20260504,1
9573,20260505,1
9573,20260506,1
9573,20260507,1
9573,20260508,1
9573,20260511,1
9573,20260512,1
9573,20260513,1
9573,20260518,1
9573,20260519,1
9573,20260520,1
9573,20260521,1
9573,20260522,1
9573,20260523,1
9573,20260526,1
9573,20260527,1
9573,20260528,1
9573,20260529,1
9573,20260530,1
9573,20260601,1
9573,20260602,1
9573,20260603,1
9573,20260604,1
9573,20260605,1
9573,20260606,1
9573,20260608,1
9573,20260609,1
9573,20260610,1
9573,20260611,1
9573,20260612,1
9573,20260613,1
9573,20260615,1
9573,20260616,1
9573,20260617,1
9573,20260618,1
9573,20260619,1
9573,20260620,1
9573,20260622,1
9573,20260623,1
9573,20260624,1
9573,20260625,1
9573,20260626,1
9573,20260627,1
9573,20260629,1
9573,20260630,1
9573,20260701,1
9573,20260702,1
9573,20260703,1
9573,20260704,1
9573,20260706,1
9573,20260707,1
9573,20260708,1
9573,20260709,1
9573,20260710,1
9573,20260711,1
9573,20260713,1
9573,20260715,1
9573,20260716,1
9573,20260717,1
9573,20260718,1
9573,20260720,1
9573,20260721,1
9573,20260722,1
9573,20260723,1
9573,20260724,1
9573,20260725,1
9573,20260727,1
9573,20260728,1
9573,20260729,1
9573,20260730,1
9573,20260731,1
9573,20260801,1
9573,20260803,1
9573,20260804,1
9573,20260805,1
9573,20260806,1
9573,20260807,1
9573,20260808,1
9573,20260810,1
9573,20260811,1
9573,20260812,1
9573,20260813,1
9573,20260814,1
9573,20260815,1
9573,20260817,1
9573,20260818,1
9573,20260819,1
9573,20260820,1
9573,20260821,1
9573,20260822,1
9573,20260824,1
9573,20260825,1
9573,20260826,1
9573,20260827,1
9573,20260828,1
9573,20260829,1
9573,20260831,1
9575,20260307,1
9575,20260308,1
9575,20260314,1
9575,20260321,1
9575,20260322,1
9575,20260328,1
9575,20260329,1
9575,20260411,1
9575,20260418,1
9575,20260425,1
9575,20260501,1
9575,20260502,1
9575,20260503,1
9575,20260508,1
9575,20260523,1
9575,20260530,1
9575,20260531,1
9575,20260606,1
9575,20260607,1
9575,20260613,1
9575,20260614,1
9575,20260620,1
9575,20260621,1
9575,20260627,1
9575,20260628,1
9575,20260704,1
9575,20260705,1
9575,20260706,1
9575,20260707,1
9575,20260708,1
9575,20260709,1
9575,20260710,1
9575,20260711,1
9575,20260712,1
9575,20260713,1
9575,20260714,1
9575,20260715,1
9575,20260716,1
9575,20260717,1
9575,20260718,1
9575,20260719,1
9575,20260720,1
9575,20260721,1
9575,20260722,1
9575,20260723,1
9575,20260724,1
9575,20260725,1
9575,20260726,1
9575,20260727,1
9575,20260728,1
9575,20260729,1
9575,20260730,1
9575,20260731,1
9575,20260801,1
9575,20260802,1
9575,20260803,1
9575,20260804,1
9575,20260805,1
9575,20260806,1
9575,20260807,1
9575,20260808,1
9575,20260809,1
9575,20260810,1
9575,20260811,1
9575,20260812,1
9575,20260813,1
9575,20260814,1
9575,20260815,1
9575,20260816,1
9575,20260817,1
9575,20260818,1
9575,20260819,1
9575,20260820,1
9575,20260821,1
9575,20260822,1
9575,20260823,1
9575,20260824,1
9575,20260825,1
9575,20260826,1
9575,20260827,1
9575,20260828,1
9575,20260829,1
9575,20260830,1
9576,20260306,1
9576,20260307,1
9576,20260308,1
9576,20260309,1
9576,20260311,1
9576,20260312,1
9576,20260313,1
9576,20260314,1
9576,20260316,1
9576,20260317,1
9576,20260318,1
9576,20260319,1
9576,20260320,1
9576,20260321,1
9576,20260322,1
9576,20260323,1
9576,20260324,1
9576,20260325,1
9576,20260326,1
9576,20260327,1
9576,20260328,1
9576,20260329,1
9576,20260330,1
9576,20260331,1
9576,20260401,1
9576,20260402,1
9576,20260403,1
9576,20260407,1
9576,20260408,1
9576,20260409,1
9576,20260410,1
9576,20260411,1
9576,20260412,1
9576,20260413,1
9576,20260414,1
9576,20260415,1
9576,20260416,1
9576,20260417,1
9576,20260418,1
9576,20260419,1
9576,20260420,1
9576,20260421,1
9576,20260422,1
9576,20260423,1
9576,20260424,1
9576,20260425,1
9576,20260426,1
9576,20260427,1
9576,20260428,1
9576,20260429,1
9576,20260430,1
9576,20260501,1
9576,20260502,1
9576,20260503,1
9576,20260504,1
9576,20260505,1
9576,20260506,1
9576,20260507,1
9576,20260508,1
9576,20260511,1
9576,20260512,1
9576,20260513,1
9576,20260518,1
9576,20260519,1
9576,20260520,1
9576,20260521,1
9576,20260522,1
9576,20260523,1
9576,20260526,1
9576,20260527,1
9576,20260528,1
9576,20260529,1
9576,20260530,1
9576,20260531,1
9576,20260601,1
9576,20260602,1
9576,20260603,1
9576,20260604,1
9576,20260605,1
9576,20260606,1
9576,20260607,1
9576,20260608,1
9576,20260609,1
9576,20260610,1
9576,20260611,1
9576,20260612,1
9576,20260613,1
9576,20260614,1
9576,20260615,1
9576,20260616,1
9576,20260617,1
9576,20260618,1
9576,20260619,1
9576,20260620,1
9576,20260621,1
9576,20260622,1
9576,20260623,1
9576,20260624,1
9576,20260625,1
9576,20260626,1
9576,20260627,1
9576,20260628,1
9576,20260629,1
9576,20260630,1
9576,20260701,1
9576,20260702,1
9576,20260703,1
9576,20260704,1
9576,20260705,1
9576,20260706,1
9576,20260707,1
9576,20260708,1
9576,20260709,1
9576,20260710,1
9576,20260711,1
9576,20260712,1
9576,20260713,1
9576,20260714,1
9576,20260715,1
9576,20260716,1
9576,20260717,1
9576,20260718,1
9576,20260719,1
9576,20260720,1
9576,20260721,1
9576,20260722,1
9576,20260723,1
9576,20260724,1
9576,20260725,1
9576,20260726,1
9576,20260727,1
9576,20260728,1
9576,20260729,1
9576,20260730,1
9576,20260731,1
9576,20260801,1
9576,20260802,1
9576,20260803,1
9576,20260804,1
9576,20260805,1
9576,20260806,1
9576,20260807,1
9576,20260808,1
9576,20260809,1
9576,20260810,1
9576,20260811,1
9576,20260812,1
9576,20260813,1
9576,20260814,1
9576,20260815,1
9576,20260816,1
9576,20260817,1
9576,20260818,1
9576,20260819,1
9576,20260820,1
9576,20260821,1
9576,20260822,1
9576,20260823,1
9576,20260824,1
9576,20260825,1
9576,20260826,1
9576,20260827,1
9576,20260828,1
9576,20260829,1
9576,20260830,1
9576,20260831,1
9577,20260307,1
9577,20260308,1
9577,20260314,1
9577,20260321,1
9577,20260322,1
9577,20260328,1
9577,20260329,1
9577,20260411,1
9577,20260412,1
9577,20260418,1
9577,20260419,1
9577,20260425,1
9577,20260426,1
9577,20260501,1
9577,20260502,1
9577,20260503,1
9577,20260508,1
9577,20260523,1
9577,20260530,1
9577,20260531,1
9577,20260606,1
9577,20260607,1
9577,20260613,1
9577,20260614,1
9577,20260620,1
9577,20260621,1
9577,20260627,1
9577,20260628,1
9577,20260704,1
9577,20260705,1
9577,20260711,1
9577,20260712,1
9577,20260714,1
9577,20260718,1
9577,20260719,1
9577,20260725,1
9577,20260726,1
9577,20260801,1
9577,20260802,1
9577,20260808,1
9577,20260809,1
9577,20260815,1
9577,20260816,1
9577,20260822,1
9577,20260823,1
9577,20260829,1
9577,20260830,1
9578,20260307,1
9578,20260308,1
9578,20260314,1
9578,20260321,1
9578,20260322,1
9578,20260328,1
9578,20260329,1
9578,20260411,1
9578,20260412,1
9578,20260418,1
9578,20260419,1
9578,20260425,1
9578,20260426,1
9578,20260501,1
9578,20260502,1
9578,20260503,1
9578,20260510,1
9578,20260523,1
9578,20260530,1
9578,20260531,1
9578,20260606,1
9578,20260607,1
9578,20260613,1
9578,20260614,1
9578,20260620,1
9578,20260621,1
9578,20260627,1
9578,20260628,1
9578,20260704,1
9578,20260705,1
9578,20260711,1
9578,20260712,1
9578,20260714,1
9578,20260718,1
9578,20260719,1
9578,20260725,1
9578,20260726,1
9578,20260801,1
9578,20260802,1
9578,20260808,1
9578,20260809,1
9578,20260815,1
9578,20260816,1
9578,20260822,1
9578,20260823,1
9578,20260829,1
9578,20260830,1
9579,20260306,1
9579,20260307,1
9579,20260309,1
9579,20260310,1
9579,20260311,1
9579,20260312,1
9579,20260313,1
9579,20260316,1
9579,20260317,1
9579,20260318,1
9579,20260319,1
9579,20260320,1
9579,20260321,1
9579,20260323,1
9579,20260324,1
9579,20260325,1
9579,20260326,1
9579,20260327,1
9579,20260328,1
9579,20260330,1
9579,20260331,1
9579,20260401,1
9579,20260402,1
9579,20260403,1
9579,20260407,1
9579,20260408,1
9579,20260409,1
9579,20260410,1
9579,20260411,1
9579,20260413,1
9579,20260414,1
9579,20260415,1
9579,20260416,1
9579,20260417,1
9579,20260418,1
9579,20260420,1
9579,20260421,1
9579,20260422,1
9579,20260423,1
9579,20260424,1
9579,20260425,1
9579,20260427,1
9579,20260428,1
9579,20260429,1
9579,20260430,1
9579,20260501,1
9579,20260502,1
9579,20260504,1
9579,20260505,1
9579,20260506,1
9579,20260507,1
9579,20260511,1
9579,20260512,1
9579,20260513,1
9579,20260518,1
9579,20260519,1
9579,20260520,1
9579,20260521,1
9579,20260522,1
9579,20260523,1
9579,20260526,1
9579,20260527,1
9579,20260528,1
9579,20260529,1
9579,20260530,1
9579,20260601,1
9579,20260602,1
9579,20260603,1
9579,20260604,1
9579,20260605,1
9579,20260606,1
9579,20260608,1
9579,20260609,1
9579,20260610,1
9579,20260611,1
9579,20260612,1
9579,20260613,1
9579,20260615,1
9579,20260616,1
9579,20260617,1
9579,20260618,1
9579,20260619,1
9579,20260620,1
9579,20260622,1
9579,20260623,1
9579,20260624,1
9579,20260625,1
9579,20260626,1
9579,20260627,1
9579,20260629,1
9579,20260630,1
9579,20260701,1
9579,20260702,1
9579,20260703,1
9579,20260704,1
9579,20260706,1
9579,20260707,1
9579,20260708,1
9579,20260709,1
9579,20260710,1
9579,20260711,1
9579,20260713,1
9579,20260715,1
9579,20260716,1
9579,20260717,1
9579,20260718,1
9579,20260720,1
9579,20260721,1
9579,20260722,1
9579,20260723,1
9579,20260724,1
9579,20260725,1
9579,20260727,1
9579,20260728,1
9579,20260729,1
9579,20260730,1
9579,20260731,1
9579,20260801,1
9579,20260803,1
9579,20260804,1
9579,20260805,1
9579,20260806,1
9579,20260807,1
9579,20260808,1
9579,20260810,1
9579,20260811,1
9579,20260812,1
9579,20260813,1
9579,20260814,1
9579,20260815,1
9579,20260817,1
9579,20260818,1
9579,20260819,1
9579,20260820,1
9579,20260821,1
9579,20260822,1
9579,20260824,1
9579,20260825,1
9579,20260826,1
9579,20260827,1
9579,20260828,1
9579,20260829,1
9579,20260831,1
9581,20260307,1
9581,20260308,1
9581,20260315,1
9581,20260321,1
9581,20260322,1
9581,20260328,1
9581,20260329,1
9581,20260411,1
9581,20260412,1
9581,20260418,1
9581,20260419,1
9581,20260425,1
9581,20260426,1
9581,20260501,1
9581,20260502,1
9581,20260503,1
9581,20260510,1
9581,20260530,1
9581,20260531,1
9581,20260606,1
9581,20260607,1
9581,20260613,1
9581,20260614,1
9581,20260620,1
9581,20260621,1
9581,20260627,1
9581,20260628,1
9581,20260704,1
9581,20260705,1
9581,20260711,1
9581,20260712,1
9581,20260714,1
9581,20260718,1
9581,20260719,1
9581,20260725,1
9581,20260726,1
9581,20260801,1
9581,20260802,1
9581,20260808,1
9581,20260809,1
9581,20260815,1
9581,20260816,1
9581,20260822,1
9581,20260823,1
9581,20260829,1
9581,20260830,1
9582,20260306,1
9582,20260307,1
9582,20260309,1
9582,20260310,1
9582,20260311,1
9582,20260312,1
9582,20260313,1
9582,20260316,1
9582,20260317,1
9582,20260318,1
9582,20260319,1
9582,20260320,1
9582,20260321,1
9582,20260323,1
9582,20260324,1
9582,20260325,1
9582,20260326,1
9582,20260327,1
9582,20260328,1
9582,20260330,1
9582,20260331,1
9582,20260401,1
9582,20260402,1
9582,20260403,1
9582,20260407,1
9582,20260408,1
9582,20260409,1
9582,20260410,1
9582,20260411,1
9582,20260413,1
9582,20260414,1
9582,20260415,1
9582,20260416,1
9582,20260417,1
9582,20260418,1
9582,20260420,1
9582,20260421,1
9582,20260422,1
9582,20260423,1
9582,20260424,1
9582,20260425,1
9582,20260427,1
9582,20260428,1
9582,20260429,1
9582,20260430,1
9582,20260501,1
9582,20260502,1
9582,20260504,1
9582,20260505,1
9582,20260506,1
9582,20260507,1
9582,20260511,1
9582,20260512,1
9582,20260513,1
9582,20260518,1
9582,20260519,1
9582,20260520,1
9582,20260521,1
9582,20260522,1
9582,20260526,1
9582,20260527,1
9582,20260528,1
9582,20260529,1
9582,20260530,1
9582,20260601,1
9582,20260602,1
9582,20260603,1
9582,20260604,1
9582,20260605,1
9582,20260606,1
9582,20260608,1
9582,20260609,1
9582,20260610,1
9582,20260611,1
9582,20260612,1
9582,20260613,1
9582,20260615,1
9582,20260616,1
9582,20260617,1
9582,20260618,1
9582,20260619,1
9582,20260620,1
9582,20260622,1
9582,20260623,1
9582,20260624,1
9582,20260625,1
9582,20260626,1
9582,20260627,1
9582,20260629,1
9582,20260630,1
9582,20260701,1
9582,20260702,1
9582,20260703,1
9582,20260704,1
9582,20260706,1
9582,20260707,1
9582,20260708,1
9582,20260709,1
9582,20260710,1
9582,20260711,1
9582,20260713,1
9582,20260715,1
9582,20260716,1
9582,20260717,1
9582,20260718,1
9582,20260720,1
9582,20260721,1
9582,20260722,1
9582,20260723,1
9582,20260724,1
9582,20260725,1
9582,20260727,1
9582,20260728,1
9582,20260729,1
9582,20260730,1
9582,20260731,1
9582,20260801,1
9582,20260803,1
9582,20260804,1
9582,20260805,1
9582,20260806,1
9582,20260807,1
9582,20260808,1
9582,20260810,1
9582,20260811,1
9582,20260812,1
9582,20260813,1
9582,20260814,1
9582,20260815,1
9582,20260817,1
9582,20260818,1
9582,20260819,1
9582,20260820,1
9582,20260821,1
9582,20260822,1
9582,20260824,1
9582,20260825,1
9582,20260826,1
9582,20260827,1
9582,20260828,1
9582,20260829,1
9584,20260306,1
9584,20260308,1
9584,20260309,1
9584,20260310,1
9584,20260311,1
9584,20260312,1
9584,20260313,1
9584,20260315,1
9584,20260316,1
9584,20260317,1
9584,20260318,1
9584,20260319,1
9584,20260320,1
9584,20260322,1
9584,20260323,1
9584,20260324,1
9584,20260325,1
9584,20260326,1
9584,20260327,1
9584,20260329,1
9584,20260330,1
9584,20260331,1
9584,20260401,1
9584,20260402,1
9584,20260407,1
9584,20260408,1
9584,20260409,1
9584,20260410,1
9584,20260412,1
9584,20260413,1
9584,20260414,1
9584,20260415,1
9584,20260416,1
9584,20260417,1
9584,20260419,1
9584,20260420,1
9584,20260421,1
9584,20260422,1
9584,20260423,1
9584,20260424,1
9584,20260426,1
9584,20260427,1
9584,20260428,1
9584,20260429,1
9584,20260430,1
9584,20260503,1
9584,20260504,1
9584,20260505,1
9584,20260506,1
9584,20260507,1
9584,20260510,1
9584,20260511,1
9584,20260512,1
9584,20260513,1
9584,20260518,1
9584,20260519,1
9584,20260520,1
9584,20260521,1
9584,20260522,1
9584,20260525,1
9584,20260526,1
9584,20260527,1
9584,20260528,1
9584,20260529,1
9584,20260531,1
9584,20260601,1
9584,20260602,1
9584,20260603,1
9584,20260604,1
9584,20260605,1
9584,20260607,1
9584,20260608,1
9584,20260609,1
9584,20260610,1
9584,20260611,1
9584,20260612,1
9584,20260614,1
9584,20260615,1
9584,20260616,1
9584,20260617,1
9584,20260618,1
9584,20260619,1
9584,20260621,1
9584,20260622,1
9584,20260623,1
9584,20260624,1
9584,20260625,1
9584,20260626,1
9584,20260628,1
9584,20260629,1
9584,20260630,1
9584,20260701,1
9584,20260702,1
9584,20260703,1
9584,20260705,1
9584,20260706,1
9584,20260707,1
9584,20260708,1
9584,20260709,1
9584,20260710,1
9584,20260712,1
9584,20260713,1
9584,20260714,1
9584,20260715,1
9584,20260716,1
9584,20260717,1
9584,20260719,1
9584,20260720,1
9584,20260721,1
9584,20260722,1
9584,20260723,1
9584,20260724,1
9584,20260726,1
9584,20260727,1
9584,20260728,1
9584,20260729,1
9584,20260730,1
9584,20260731,1
9584,20260802,1
9584,20260803,1
9584,20260804,1
9584,20260805,1
9584,20260806,1
9584,20260807,1
9584,20260809,1
9584,20260810,1
9584,20260811,1
9584,20260812,1
9584,20260813,1
9584,20260814,1
9584,20260816,1
9584,20260817,1
9584,20260818,1
9584,20260819,1
9584,20260820,1
9584,20260821,1
9584,20260823,1
9584,20260824,1
9584,20260825,1
9584,20260826,1
9584,20260827,1
9584,20260828,1
9584,20260830,1
9584,20260831,1
9587,20260307,1
9587,20260308,1
9587,20260315,1
9587,20260321,1
9587,20260322,1
9587,20260328,1
9587,20260329,1
9587,20260406,1
9587,20260411,1
9587,20260412,1
9587,20260418,1
9587,20260419,1
9587,20260425,1
9587,20260426,1
9587,20260501,1
9587,20260502,1
9587,20260503,1
9587,20260510,1
9587,20260517,1
9587,20260525,1
9587,20260530,1
9587,20260531,1
9587,20260606,1
9587,20260607,1
9587,20260613,1
9587,20260614,1
9587,20260620,1
9587,20260621,1
9587,20260627,1
9587,20260628,1
9587,20260704,1
9587,20260705,1
9587,20260711,1
9587,20260712,1
9587,20260714,1
9587,20260718,1
9587,20260719,1
9587,20260725,1
9587,20260726,1
9587,20260801,1
9587,20260802,1
9587,20260808,1
9587,20260809,1
9587,20260815,1
9587,20260816,1
9587,20260822,1
9587,20260823,1
9587,20260829,1
9587,20260830,1
9588,20260308,1
9588,20260315,1
9588,20260322,1
9588,20260329,1
9588,20260412,1
9588,20260419,1
9588,20260426,1
9588,20260503,1
9588,20260510,1
9588,20260517,1
9588,20260531,1
9588,20260607,1
9588,20260614,1
9588,20260621,1
9588,20260628,1
9588,20260705,1
9588,20260712,1
9588,20260719,1
9588,20260726,1
9588,20260802,1
9588,20260809,1
9588,20260816,1
9588,20260823,1
9588,20260830,1
9589,20260306,1
9589,20260309,1
9589,20260310,1
9589,20260311,1
9589,20260312,1
9589,20260313,1
9589,20260316,1
9589,20260317,1
9589,20260318,1
9589,20260319,1
9589,20260320,1
9589,20260323,1
9589,20260324,1
9589,20260325,1
9589,20260326,1
9589,20260327,1
9589,20260330,1
9589,20260331,1
9589,20260401,1
9589,20260402,1
9589,20260406,1
9589,20260407,1
9589,20260408,1
9589,20260409,1
9589,20260410,1
9589,20260413,1
9589,20260414,1
9589,20260415,1
9589,20260416,1
9589,20260417,1
9589,20260420,1
9589,20260421,1
9589,20260422,1
9589,20260423,1
9589,20260424,1
9589,20260427,1
9589,20260428,1
9589,20260429,1
9589,20260430,1
9589,20260504,1
9589,20260505,1
9589,20260506,1
9589,20260507,1
9589,20260511,1
9589,20260512,1
9589,20260518,1
9589,20260519,1
9589,20260520,1
9589,20260521,1
9589,20260522,1
9589,20260525,1
9589,20260526,1
9589,20260527,1
9589,20260528,1
9589,20260529,1
9589,20260601,1
9589,20260602,1
9589,20260603,1
9589,20260604,1
9589,20260605,1
9589,20260608,1
9589,20260609,1
9589,20260610,1
9589,20260611,1
9589,20260612,1
9589,20260615,1
9589,20260616,1
9589,20260617,1
9589,20260618,1
9589,20260619,1
9589,20260622,1
9589,20260623,1
9589,20260624,1
9589,20260625,1
9589,20260626,1
9589,20260629,1
9589,20260630,1
9589,20260701,1
9589,20260702,1
9589,20260703,1
9589,20260706,1
9589,20260707,1
9589,20260708,1
9589,20260709,1
9589,20260710,1
9589,20260713,1
9589,20260714,1
9589,20260715,1
9589,20260716,1
9589,20260717,1
9589,20260720,1
9589,20260721,1
9589,20260722,1
9589,20260723,1
9589,20260724,1
9589,20260727,1
9589,20260728,1
9589,20260729,1
9589,20260730,1
9589,20260731,1
9589,20260803,1
9589,20260804,1
9589,20260805,1
9589,20260806,1
9589,20260807,1
9589,20260810,1
9589,20260811,1
9589,20260812,1
9589,20260813,1
9589,20260814,1
9589,20260817,1
9589,20260818,1
9589,20260819,1
9589,20260820,1
9589,20260821,1
9589,20260824,1
9589,20260825,1
9589,20260826,1
9589,20260827,1
9589,20260828,1
9589,20260831,1
9591,20260306,1
9591,20260307,1
9591,20260309,1
9591,20260310,1
9591,20260311,1
9591,20260312,1
9591,20260313,1
9591,20260316,1
9591,20260317,1
9591,20260318,1
9591,20260319,1
9591,20260320,1
9591,20260321,1
9591,20260323,1
9591,20260324,1
9591,20260325,1
9591,20260326,1
9591,20260327,1
9591,20260328,1
9591,20260330,1
9591,20260331,1
9591,20260401,1
9591,20260402,1
9591,20260407,1
9591,20260408,1
9591,20260409,1
9591,20260410,1
9591,20260411,1
9591,20260413,1
9591,20260414,1
9591,20260415,1
9591,20260416,1
9591,20260417,1
9591,20260418,1
9591,20260420,1
9591,20260421,1
9591,20260422,1
9591,20260423,1
9591,20260424,1
9591,20260425,1
9591,20260427,1
9591,20260428,1
9591,20260429,1
9591,20260430,1
9591,20260501,1
9591,20260502,1
9591,20260504,1
9591,20260505,1
9591,20260506,1
9591,20260507,1
9591,20260511,1
9591,20260512,1
9591,20260518,1
9591,20260519,1
9591,20260520,1
9591,20260521,1
9591,20260522,1
9591,20260526,1
9591,20260527,1
9591,20260528,1
9591,20260529,1
9591,20260530,1
9591,20260601,1
9591,20260602,1
9591,20260603,1
9591,20260604,1
9591,20260605,1
9591,20260606,1
9591,20260608,1
9591,20260609,1
9591,20260610,1
9591,20260611,1
9591,20260612,1
9591,20260613,1
9591,20260615,1
9591,20260616,1
9591,20260617,1
9591,20260618,1
9591,20260619,1
9591,20260620,1
9591,20260622,1
9591,20260623,1
9591,20260624,1
9591,20260625,1
9591,20260626,1
9591,20260627,1
9591,20260629,1
9591,20260630,1
9591,20260701,1
9591,20260702,1
9591,20260703,1
9591,20260704,1
9591,20260711,1
9591,20260718,1
9591,20260725,1
9591,20260801,1
9591,20260808,1
9591,20260815,1
9591,20260822,1
9591,20260829,1
9591,20260831,1
9592,20260306,1
9592,20260307,1
9592,20260309,1
9592,20260310,1
9592,20260311,1
9592,20260312,1
9592,20260313,1
9592,20260316,1
9592,20260317,1
9592,20260318,1
9592,20260319,1
9592,20260320,1
9592,20260321,1
9592,20260323,1
9592,20260324,1
9592,20260325,1
9592,20260326,1
9592,20260327,1
9592,20260328,1
9592,20260330,1
9592,20260331,1
9592,20260401,1
9592,20260402,1
9592,20260407,1
9592,20260408,1
9592,20260409,1
9592,20260410,1
9592,20260411,1
9592,20260413,1
9592,20260414,1
9592,20260415,1
9592,20260416,1
9592,20260417,1
9592,20260418,1
9592,20260420,1
9592,20260421,1
9592,20260422,1
9592,20260423,1
9592,20260424,1
9592,20260425,1
9592,20260427,1
9592,20260428,1
9592,20260429,1
9592,20260430,1
9592,20260501,1
9592,20260502,1
9592,20260504,1
9592,20260505,1
9592,20260506,1
9592,20260507,1
9592,20260511,1
9592,20260512,1
9592,20260518,1
9592,20260519,1
9592,20260520,1
9592,20260521,1
9592,20260522,1
9592,20260526,1
9592,20260527,1
9592,20260528,1
9592,20260529,1
9592,20260530,1
9592,20260601,1
9592,20260602,1
9592,20260603,1
9592,20260604,1
9592,20260605,1
9592,20260606,1
9592,20260608,1
9592,20260609,1
9592,20260610,1
9592,20260611,1
9592,20260612,1
9592,20260613,1
9592,20260615,1
9592,20260616,1
9592,20260617,1
9592,20260618,1
9592,20260619,1
9592,20260620,1
9592,20260622,1
9592,20260623,1
9592,20260624,1
9592,20260625,1
9592,20260626,1
9592,20260627,1
9592,20260629,1
9592,20260630,1
9592,20260701,1
9592,20260702,1
9592,20260703,1
9592,20260704,1
9592,20260706,1
9592,20260707,1
9592,20260708,1
9592,20260709,1
9592,20260710,1
9592,20260711,1
9592,20260713,1
9592,20260715,1
9592,20260716,1
9592,20260717,1
9592,20260718,1
9592,20260720,1
9592,20260721,1
9592,20260722,1
9592,20260723,1
9592,20260724,1
9592,20260725,1
9592,20260727,1
9592,20260728,1
9592,20260729,1
9592,20260730,1
9592,20260731,1
9592,20260801,1
9592,20260803,1
9592,20260804,1
9592,20260805,1
9592,20260806,1
9592,20260807,1
9592,20260808,1
9592,20260810,1
9592,20260811,1
9592,20260812,1
9592,20260813,1
9592,20260814,1
9592,20260815,1
9592,20260817,1
9592,20260818,1
9592,20260819,1
9592,20260820,1
9592,20260821,1
9592,20260822,1
9592,20260824,1
9592,20260825,1
9592,20260826,1
9592,20260827,1
9592,20260828,1
9592,20260829,1
9592,20260831,1
9593,20260306,1
9593,20260308,1
9593,20260309,1
9593,20260310,1
9593,20260311,1
9593,20260312,1
9593,20260313,1
9593,20260315,1
9593,20260316,1
9593,20260317,1
9593,20260318,1
9593,20260319,1
9593,20260320,1
9593,20260322,1
9593,20260323,1
9593,20260324,1
9593,20260325,1
9593,20260326,1
9593,20260327,1
9593,20260329,1
9593,20260330,1
9593,20260331,1
9593,20260401,1
9593,20260402,1
9593,20260406,1
9593,20260407,1
9593,20260408,1
9593,20260409,1
9593,20260410,1
9593,20260412,1
9593,20260413,1
9593,20260414,1
9593,20260415,1
9593,20260416,1
9593,20260417,1
9593,20260419,1
9593,20260420,1
9593,20260421,1
9593,20260422,1
9593,20260423,1
9593,20260424,1
9593,20260426,1
9593,20260427,1
9593,20260428,1
9593,20260429,1
9593,20260430,1
9593,20260503,1
9593,20260504,1
9593,20260505,1
9593,20260506,1
9593,20260507,1
9593,20260510,1
9593,20260511,1
9593,20260512,1
9593,20260517,1
9593,20260518,1
9593,20260519,1
9593,20260520,1
9593,20260521,1
9593,20260522,1
9593,20260525,1
9593,20260526,1
9593,20260527,1
9593,20260528,1
9593,20260529,1
9593,20260531,1
9593,20260601,1
9593,20260602,1
9593,20260603,1
9593,20260604,1
9593,20260605,1
9593,20260607,1
9593,20260608,1
9593,20260609,1
9593,20260610,1
9593,20260611,1
9593,20260612,1
9593,20260614,1
9593,20260615,1
9593,20260616,1
9593,20260617,1
9593,20260618,1
9593,20260619,1
9593,20260621,1
9593,20260622,1
9593,20260623,1
9593,20260624,1
9593,20260625,1
9593,20260626,1
9593,20260628,1
9593,20260629,1
9593,20260630,1
9593,20260701,1
9593,20260702,1
9593,20260703,1
9593,20260705,1
9593,20260710,1
9593,20260712,1
9593,20260714,1
9593,20260717,1
9593,20260719,1
9593,20260724,1
9593,20260726,1
9593,20260731,1
9593,20260802,1
9593,20260807,1
9593,20260809,1
9593,20260814,1
9593,20260816,1
9593,20260821,1
9593,20260823,1
9593,20260828,1
9593,20260830,1
9593,20260831,1
9594,20260306,1
9594,20260307,1
9594,20260313,1
9594,20260320,1
9594,20260321,1
9594,20260327,1
9594,20260328,1
9594,20260410,1
9594,20260417,1
9594,20260424,1
9594,20260430,1
9594,20260501,1
9594,20260502,1
9594,20260507,1
9594,20260522,1
9594,20260529,1
9594,20260530,1
9594,20260605,1
9594,20260606,1
9594,20260612,1
9594,20260613,1
9594,20260619,1
9594,20260620,1
9594,20260626,1
9594,20260627,1
9594,20260703,1
9594,20260704,1
9594,20260711,1
9594,20260718,1
9594,20260725,1
9594,20260801,1
9594,20260808,1
9594,20260815,1
9594,20260822,1
9594,20260829,1
9595,20260307,1
9595,20260314,1
9595,20260321,1
9595,20260328,1
9595,20260411,1
9595,20260418,1
9595,20260425,1
9595,20260501,1
9595,20260502,1
9595,20260523,1
9595,20260530,1
9595,20260606,1
9595,20260613,1
9595,20260620,1
9595,20260627,1
9595,20260704,1
9595,20260711,1
9595,20260718,1
9595,20260725,1
9595,20260801,1
9595,20260808,1
9595,20260815,1
9595,20260822,1
9595,20260829,1
9596,20260308,1
9596,20260322,1
9596,20260329,1
9596,20260412,1
9596,20260419,1
9596,20260426,1
9596,20260503,1
9596,20260510,1
9596,20260531,1
9596,20260607,1
9596,20260614,1
9596,20260621,1
9596,20260628,1
9596,20260705,1
9596,20260712,1
9596,20260714,1
9596,20260719,1
9596,20260726,1
9596,20260802,1
9596,20260809,1
9596,20260816,1
9596,20260823,1
9596,20260830,1
9597,20260306,1
9597,20260309,1
9597,20260310,1
9597,20260311,1
9597,20260312,1
9597,20260313,1
9597,20260316,1
9597,20260317,1
9597,20260318,1
9597,20260319,1
9597,20260320,1
9597,20260323,1
9597,20260324,1
9597,20260325,1
9597,20260326,1
9597,20260327,1
9597,20260330,1
9597,20260331,1
9597,20260401,1
9597,20260402,1
9597,20260407,1
9597,20260408,1
9597,20260409,1
9597,20260410,1
9597,20260413,1
9597,20260414,1
9597,20260415,1
9597,20260416,1
9597,20260417,1
9597,20260420,1
9597,20260421,1
9597,20260422,1
9597,20260423,1
9597,20260424,1
9597,20260427,1
9597,20260428,1
9597,20260429,1
9597,20260430,1
9597,20260504,1
9597,20260505,1
9597,20260506,1
9597,20260507,1
9597,20260511,1
9597,20260512,1
9597,20260518,1
9597,20260519,1
9597,20260520,1
9597,20260521,1
9597,20260522,1
9597,20260526,1
9597,20260527,1
9597,20260528,1
9597,20260529,1
9597,20260601,1
9597,20260602,1
9597,20260603,1
9597,20260604,1
9597,20260605,1
9597,20260608,1
9597,20260609,1
9597,20260610,1
9597,20260611,1
9597,20260612,1
9597,20260615,1
9597,20260616,1
9597,20260617,1
9597,20260618,1
9597,20260619,1
9597,20260622,1
9597,20260623,1
9597,20260624,1
9597,20260625,1
9597,20260626,1
9597,20260629,1
9597,20260630,1
9597,20260701,1
9597,20260702,1
9597,20260703,1
9597,20260831,1
9598,20260308,1
9598,20260315,1
9598,20260322,1
9598,20260329,1
9598,20260406,1
9598,20260412,1
9598,20260419,1
9598,20260525,1
9598,20260531,1
9598,20260607,1
9598,20260614,1
9598,20260621,1
9598,20260628,1
9598,20260705,1
9598,20260712,1
9598,20260714,1
9598,20260719,1
9598,20260726,1
9598,20260802,1
9598,20260809,1
9598,20260816,1
9598,20260823,1
9598,20260830,1
9613,20260524,1
9613,20260531,1
9613,20260607,1
9613,20260614,1
9613,20260621,1
9613,20260628,1
9613,20260705,1
9613,20260726,1
9613,20260802,1
9613,20260809,1
9613,20260816,1
9613,20260823,1
9613,20260830,1
9614,20260731,1
9614,20260807,1
9614,20260814,1
9614,20260821,1
9614,20260828,1
9615,20260407,1
9615,20260526,1
9615,20260715,1
9616,20260622,1
9616,20260629,1
9616,20260706,1
9616,20260713,1
9616,20260720,1
9616,20260727,1
9616,20260803,1
9616,20260810,1
9616,20260817,1
9616,20260824,1
9616,20260831,1
9617,20260330,1
9617,20260413,1
9617,20260420,1
9617,20260427,1
9617,20260511,1
9617,20260518,1
9617,20260601,1
9617,20260608,1
9617,20260615,1
9618,20260519,1
9618,20260520,1
9618,20260521,1
9618,20260522,1
9618,20260527,1
9618,20260528,1
9618,20260529,1
9618,20260602,1
9618,20260603,1
9618,20260604,1
9618,20260605,1
9618,20260609,1
9618,20260610,1
9618,20260611,1
9618,20260612,1
9618,20260616,1
9618,20260617,1
9618,20260618,1
9618,20260619,1
9619,20260623,1
9619,20260624,1
9619,20260625,1
9619,20260626,1
9619,20260630,1
9619,20260701,1
9619,20260702,1
9619,20260703,1
9619,20260707,1
9619,20260708,1
9619,20260709,1
9619,20260710,1
9619,20260716,1
9619,20260717,1
9619,20260721,1
9619,20260722,1
9619,20260723,1
9619,20260724,1
9619,20260728,1
9619,20260729,1
9619,20260730,1
9619,20260731,1
9619,20260804,1
9619,20260805,1
9619,20260806,1
9619,20260807,1
9619,20260811,1
9619,20260812,1
9619,20260813,1
9619,20260814,1
9619,20260818,1
9619,20260819,1
9619,20260820,1
9619,20260821,1
9619,20260825,1
9619,20260826,1
9619,20260827,1
9619,20260828,1
9620,20260801,1
9620,20260802,1
9620,20260808,1
9620,20260809,1
9620,20260815,1
9620,20260816,1
9620,20260822,1
9620,20260823,1
9620,20260829,1
9620,20260830,1
9622,20260523,1
9622,20260530,1
9622,20260531,1
9622,20260606,1
9622,20260607,1
9622,20260613,1
9622,20260614,1
9622,20260620,1
9622,20260621,1
9623,20260404,1
9623,20260405,1
9623,20260411,1
9623,20260412,1
9623,20260418,1
9623,20260419,1
9623,20260425,1
9623,20260426,1
9623,20260502,1
9623,20260503,1
9623,20260514,1
9624,20260308,1
9624,20260315,1
9624,20260322,1
9624,20260329,1
9624,20260405,1
9624,20260406,1
9624,20260412,1
9624,20260419,1
9624,20260426,1
9624,20260503,1
9624,20260510,1
9624,20260517,1
9624,20260525,1
9624,20260531,1
9624,20260607,1
9624,20260614,1
9624,20260621,1
9625,20260628,1
9625,20260705,1
9625,20260714,1
9625,20260719,1
9625,20260726,1
9625,20260802,1
9625,20260809,1
9625,20260816,1
9625,20260823,1
9625,20260830,1
9626,20260308,1
9626,20260315,1
9626,20260322,1
9626,20260329,1
9626,20260405,1
9626,20260412,1
9626,20260503,1
9626,20260510,1
9626,20260517,1
9626,20260531,1
9626,20260607,1
9626,20260614,1
9626,20260621,1
9626,20260628,1
9626,20260705,1
9626,20260726,1
9626,20260802,1
9626,20260809,1
9626,20260816,1
9626,20260823,1
9626,20260830,1
9627,20260317,1
9627,20260318,1
9627,20260319,1
9627,20260320,1
9627,20260324,1
9627,20260325,1
9627,20260326,1
9627,20260327,1
9628,20260609,1
9628,20260610,1
9628,20260611,1
9628,20260612,1
9628,20260616,1
9628,20260617,1
9628,20260618,1
9628,20260619,1
9629,20260623,1
9629,20260624,1
9629,20260625,1
9629,20260626,1
9629,20260630,1
9629,20260701,1
9629,20260702,1
9629,20260703,1
9629,20260706,1
9629,20260707,1
9629,20260708,1
9629,20260709,1
9629,20260710,1
9629,20260713,1
9629,20260715,1
9629,20260716,1
9629,20260717,1
9629,20260720,1
9629,20260721,1
9629,20260722,1
9629,20260723,1
9629,20260724,1
9629,20260727,1
9629,20260728,1
9629,20260729,1
9629,20260730,1
9629,20260731,1
9629,20260803,1
9629,20260804,1
9629,20260805,1
9629,20260806,1
9629,20260807,1
9629,20260810,1
9629,20260811,1
9629,20260812,1
9629,20260813,1
9629,20260814,1
9629,20260817,1
9629,20260818,1
9629,20260819,1
9629,20260820,1
9629,20260821,1
9629,20260824,1
9629,20260825,1
9629,20260826,1
9629,20260827,1
9629,20260828,1
9630,20260518,1
9630,20260608,1
9630,20260615,1
9630,20260622,1
9630,20260629,1
9630,20260831,1
9631,20260330,1
9631,20260407,1
9631,20260413,1
9631,20260420,1
9631,20260427,1
9631,20260504,1
9631,20260511,1
9631,20260518,1
9631,20260608,1
9631,20260615,1
9632,20260609,1
9632,20260610,1
9632,20260611,1
9632,20260612,1
9632,20260616,1
9632,20260617,1
9632,20260618,1
9632,20260619,1
9632,20260623,1
9632,20260624,1
9632,20260625,1
9632,20260626,1
9632,20260630,1
9632,20260701,1
9632,20260702,1
9632,20260703,1
9632,20260706,1
9632,20260707,1
9632,20260708,1
9632,20260709,1
9632,20260710,1
9632,20260713,1
9632,20260715,1
9632,20260716,1
9632,20260717,1
9632,20260720,1
9632,20260721,1
9632,20260722,1
9632,20260723,1
9632,20260724,1
9632,20260727,1
9632,20260728,1
9632,20260729,1
9632,20260730,1
9632,20260731,1
9632,20260803,1
9632,20260804,1
9632,20260805,1
9632,20260806,1
9632,20260807,1
9632,20260810,1
9632,20260811,1
9632,20260812,1
9632,20260813,1
9632,20260814,1
9632,20260817,1
9632,20260818,1
9632,20260819,1
9632,20260820,1
9632,20260821,1
9632,20260824,1
9632,20260825,1
9632,20260826,1
9632,20260827,1
9632,20260828,1
9633,20260622,1
9633,20260623,1
9633,20260624,1
9633,20260625,1
9633,20260626,1
9633,20260629,1
9633,20260630,1
9633,20260701,1
9633,20260702,1
9633,20260703,1
9633,20260706,1
9633,20260707,1
9633,20260708,1
9633,20260709,1
9633,20260710,1
9633,20260713,1
9633,20260715,1
9633,20260716,1
9633,20260717,1
9633,20260720,1
9633,20260721,1
9633,20260722,1
9633,20260723,1
9633,20260724,1
9633,20260727,1
9633,20260728,1
9633,20260729,1
9633,20260730,1
9633,20260731,1
9634,20260628,1
9634,20260705,1
9634,20260712,1
9634,20260714,1
9634,20260726,1
9636,20260331,1
9636,20260401,1
9636,20260403,1
9636,20260407,1
9636,20260408,1
9636,20260410,1
9636,20260413,1
9636,20260414,1
9636,20260415,1
9636,20260416,1
9636,20260417,1
9636,20260420,1
9636,20260421,1
9636,20260422,1
9636,20260423,1
9636,20260424,1
9636,20260427,1
9636,20260428,1
9636,20260429,1
9636,20260430,1
9636,20260504,1
9636,20260505,1
9636,20260506,1
9636,20260507,1
9637,20260627,1
9637,20260704,1
9637,20260711,1
9637,20260725,1
9638,20260523,1
9638,20260530,1
9638,20260606,1
9638,20260613,1
9638,20260620,1
9638,20260627,1
9638,20260704,1
9638,20260725,1
9638,20260801,1
9638,20260808,1
9638,20260815,1
9638,20260822,1
9638,20260829,1
9639,20260526,1
9639,20260527,1
9639,20260528,1
9639,20260529,1
9639,20260601,1
9639,20260602,1
9639,20260603,1
9639,20260604,1
9639,20260605,1
9639,20260608,1
9639,20260609,1
9639,20260610,1
9639,20260611,1
9639,20260612,1
9639,20260615,1
9639,20260616,1
9639,20260617,1
9639,20260618,1
9639,20260619,1
9639,20260622,1
9639,20260623,1
9639,20260624,1
9639,20260625,1
9639,20260626,1
9639,20260629,1
9639,20260630,1
9639,20260701,1
9639,20260702,1
9639,20260703,1
9639,20260727,1
9639,20260728,1
9639,20260729,1
9639,20260730,1
9639,20260731,1
9639,20260803,1
9639,20260804,1
9639,20260805,1
9639,20260806,1
9639,20260807,1
9639,20260810,1
9639,20260811,1
9639,20260812,1
9639,20260813,1
9639,20260814,1
9639,20260817,1
9639,20260818,1
9639,20260819,1
9639,20260820,1
9639,20260821,1
9639,20260824,1
9639,20260825,1
9639,20260826,1
9639,20260827,1
9639,20260828,1
9639,20260831,1
9640,20260306,1
9640,20260313,1
9640,20260320,1
9640,20260327,1
9640,20260522,1
9640,20260529,1
9640,20260605,1
9640,20260612,1
9640,20260619,1
9640,20260626,1
9640,20260703,1
12529,20260704,1
12529,20260711,1
12529,20260718,1
12529,20260725,1
12529,20260808,1
12529,20260815,1
12529,20260822,1
12529,20260829,1
0,20260306,1
0,20260307,1
0,20260308,1
0,20260309,1
0,20260310,1
0,20260311,1
0,20260312,1
0,20260313,1
0,20260314,1
0,20260315,1
0,20260316,1
0,20260317,1
0,20260318,1
0,20260319,1
0,20260320,1
0,20260321,1
0,20260322,1
0,20260323,1
0,20260324,1
0,20260325,1
0,20260326,1
0,20260327,1
0,20260328,1
0,20260329,1
0,20260330,1
0,20260331,1
0,20260401,1
0,20260402,1
0,20260403,1
0,20260404,1
0,20260405,1
0,20260406,1
0,20260407,1
0,20260408,1
0,20260409,1
0,20260410,1
0,20260411,1
0,20260412,1
0,20260413,1
0,20260414,1
0,20260415,1
0,20260416,1
0,20260417,1
0,20260418,1
0,20260419,1
0,20260420,1
0,20260421,1
0,20260422,1
0,20260423,1
0,20260424,1
0,20260425,1
0,20260426,1
0,20260427,1
0,20260428,1
0,20260429,1
0,20260430,1
0,20260501,1
0,20260502,1
0,20260503,1
0,20260504,1
0,20260505,1
0,20260506,1
0,20260507,1
0,20260508,1
0,20260509,1
0,20260510,1
0,20260511,1
0,20260512,1
0,20260513,1
0,20260514,1
0,20260515,1
0,20260516,1
0,20260517,1
0,20260518,1
0,20260519,1
0,20260520,1
0,20260521,1
0,20260522,1
0,20260523,1
0,20260524,1
0,20260525,1
0,20260526,1
0,20260527,1
0,20260528,1
0,20260529,1
0,20260530,1
0,20260531,1
0,20260601,1
0,20260602,1
0,20260603,1
0,20260604,1
0,20260605,1
0,20260606,1
0,20260607,1
0,20260608,1
0,20260609,1
0,20260610,1
0,20260611,1
0,20260612,1
0,20260613,1
0,20260614,1
0,20260615,1
0,20260616,1
0,20260617,1
0,20260618,1
0,20260619,1
0,20260620,1
0,20260621,1
0,20260622,1
0,20260623,1
0,20260624,1
0,20260625,1
0,20260626,1
0,20260627,1
0,20260628,1
0,20260629,1
0,20260630,1
0,20260701,1
0,20260702,1
0,20260703,1
0,20260704,1
0,20260705,1
0,20260706,1
0,20260707,1
0,20260708,1
0,20260709,1
0,20260710,1
0,20260711,1
0,20260712,1
0,20260713,1
0,20260714,1
0,20260715,1
0,20260716,1
0,20260717,1
0,20260718,1
0,20260719,1
0,20260720,1
0,20260721,1
0,20260722,1
0,20260723,1
0,20260724,1
0,20260725,1
0,20260726,1
0,20260727,1
0,20260728,1
0,20260729,1
0,20260730,1
0,20260731,1
0,20260801,1
0,20260802,1
0,20260803,1
0,20260804,1
0,20260805,1
0,20260806,1
0,20260807,1
0,20260808,1
0,20260809,1
0,20260810,1
0,20260811,1
0,20260812,1
0,20260813,1
0,20260814,1
0,20260815,1
0,20260816,1
0,20260817,1
0,20260818,1
0,20260819,1
0,20260820,1
0,20260821,1
0,20260822,1
0,20260823,1
0,20260824,1
0,20260825,1
0,20260826,1
0,20260827,1
0,20260828,1
0,20260829,1
0,20260830,1
0,20260831,1
