trip_id,arrival_time,departure_time,stop_id,stop_sequence,stop_headsign,pickup_type,drop_off_type,shape_dist_traveled
OCESN17750F1187_F:TER:FR:Line::B10C45A0-C32C-4232-85F2-4BB81B810084::87713040:87686667:10:838:20260522,07:26:00,07:28:00,StopPoint:OCETrain TER-87683003,8,,0,0,
OCESN17750F1187_F:TER:FR:Line::B10C45A0-C32C-4232-85F2-4BB81B810084::87713040:87686667:10:849:20260905,07:26:00,07:28:00,StopPoint:OCETrain TER-87683003,8,,0,0,
OCESN17750F1187_F:TER:FR:Line::B10C45A0-C32C-4232-85F2-4BB81B810084::87683268:87686667:4:830:20260425,07:28:00,07:30:00,StopPoint:OCETrain TER-87683003,2,,0,0,
OCESN17750F1187_F:TER:FR:Line::B10C45A0-C32C-4232-85F2-4BB81B810084::87713040:87686667:10:838:20260904,07:21:00,07:23:00,StopPoint:OCETrain TER-87683003,8,,0,0,
OCESN17750F1187_F:TER:FR:Line::B10C45A0-C32C-4232-85F2-4BB81B810084::87713040:87686667:10:838:20260903,07:22:00,07:24:00,StopPoint:OCETrain TER-87683003,8,,0,0,
OCESN17750F1187_F:TER:FR:Line::B10C45A0-C32C-4232-85F2-4BB81B810084::87713040:87686667:10:830:20260829,07:21:00,07:23:00,StopPoint:OCETrain TER-87683003,8,,0,0,
OCESN17750F1187_F:TER:FR:Line::B10C45A0-C32C-4232-85F2-4BB81B810084::87713040:87686667:10:849:20260912,07:28:00,07:30:00,StopPoint:OCETrain TER-87683003,8,,0,0,
OCESN17750F1187_F:TER:FR:Line::B10C45A0-C32C-4232-85F2-4BB81B810084::87713040:87686006:10:829:20260516,07:25:00,07:27:00,StopPoint:OCETrain TER-87683003,8,,0,0,
OCESN17750F1187_F:TER:FR:Line::B10C45A0-C32C-4232-85F2-4BB81B810084::87713040:87686667:10:838:20260703,07:22:00,07:24:00,StopPoint:OCETrain TER-87683003,8,,0,0,
OCESN17750F1187_F:TER:FR:Line::B10C45A0-C32C-4232-85F2-4BB81B810084::87713040:87686667:10:830:20260514,07:25:00,07:27:00,StopPoint:OCETrain TER-87683003,8,,0,0,
OCESN17750F1187_F:TER:FR:Line::B10C45A0-C32C-4232-85F2-4BB81B810084::87713040:87547000:10:838:20260502,07:26:00,07:28:00,StopPoint:OCETrain TER-87683003,8,,0,0,
OCESN17750F1187_F:TER:FR:Line::B10C45A0-C32C-4232-85F2-4BB81B810084::87713040:87686667:10:830:20260718,07:21:00,07:23:00,StopPoint:OCETrain TER-87683003,8,,0,0,
OCESN17750F1187_F:TER:FR:Line::B10C45A0-C32C-4232-85F2-4BB81B810084::87713040:87547000:10:838:20260501,07:25:00,07:27:00,StopPoint:OCETrain TER-87683003,8,,0,0,
OCESN17750F1187_F:TER:FR:Line::B10C45A0-C32C-4232-85F2-4BB81B810084::87713040:87686006:10:829:20260523,07:23:00,07:25:00,StopPoint:OCETrain TER-87683003,8,,0,0,
OCESN17750F1187_F:TER:FR:Line::B10C45A0-C32C-4232-85F2-4BB81B810084::87713040:87686667:10:834:20260509,07:21:00,07:23:00,StopPoint:OCETrain TER-87683003,8,,0,0,
OCESN17750F1187_F:TER:FR:Line::B10C45A0-C32C-4232-85F2-4BB81B810084::87713040:87686667:10:838:20260930,07:28:00,07:30:00,StopPoint:OCETrain TER-87683003,8,,0,0,
OCESN17752F1187_F:TER:FR:Line::B10C45A0-C32C-4232-85F2-4BB81B810084::87725689:87686667:15:1054:20260715,09:27:00,09:29:00,StopPoint:OCETrain TER-87683003,13,,0,0,
OCESN17752F1187_F:TER:FR:Line::B10C45A0-C32C-4232-85F2-4BB81B810084::87725689:87686667:15:1027:20260627,09:22:00,09:24:00,StopPoint:OCETrain TER-87683003,13,,0,0,
OCESN17752F1187_F:TER:FR:Line::B10C45A0-C32C-4232-85F2-4BB81B810084::87725689:87686667:15:1027:20260522,09:24:00,09:26:00,StopPoint:OCETrain TER-87683003,13,,0,0,
OCESN17752F1187_F:TER:FR:Line::B10C45A0-C32C-4232-85F2-4BB81B810084::87725689:87686667:15:1027:20260514,09:22:00,09:24:00,StopPoint:OCETrain TER-87683003,13,,0,0,
OCESN17752F1187_F:TER:FR:Line::B10C45A0-C32C-4232-85F2-4BB81B810084::87722025:87686006:20:1051:20260706,09:27:00,09:29:00,StopPoint:OCETrain TER-87683003,18,,0,0,
OCESN17752F1187_F:TER:FR:Line::B10C45A0-C32C-4232-85F2-4BB81B810084::87725689:87686667:15:1028:20260507,09:25:00,09:27:00,StopPoint:OCETrain TER-87683003,13,,0,0,
OCESN17752F1187_F:TER:FR:Line::B10C45A0-C32C-4232-85F2-4BB81B810084::87725689:87547000:15:1051:20260502,09:26:00,09:28:00,StopPoint:OCETrain TER-87683003,13,,0,0,
OCESN17752F1187_F:TER:FR:Line::B10C45A0-C32C-4232-85F2-4BB81B810084::87725689:87686006:15:1030:20260523,09:23:00,09:25:00,StopPoint:OCETrain TER-87683003,13,,0,0,
OCESN17752F1187_F:TER:FR:Line::B10C45A0-C32C-4232-85F2-4BB81B810084::87725689:87686667:15:1045:20260710,09:26:00,09:28:00,StopPoint:OCETrain TER-87683003,13,,0,0,
OCESN17752F1187_F:TER:FR:Line::B10C45A0-C32C-4232-85F2-4BB81B810084::87723197:87686006:19:1051:20260622,09:28:00,09:30:00,StopPoint:OCETrain TER-87683003,17,,0,0,
OCESN17752F1187_F:TER:FR:Line::B10C45A0-C32C-4232-85F2-4BB81B810084::87722025:87686667:20:1027:20260518,09:24:00,09:26:00,StopPoint:OCETrain TER-87683003,18,,0,0,
OCESN17752F1187_F:TER:FR:Line::B10C45A0-C32C-4232-85F2-4BB81B810084::87725689:87686667:15:1039:20260718,09:25:00,09:27:00,StopPoint:OCETrain TER-87683003,13,,0,0,
OCESN17752F1187_F:TER:FR:Line::B10C45A0-C32C-4232-85F2-4BB81B810084::87722025:87686667:20:1050:20260615,09:28:00,09:30:00,StopPoint:OCETrain TER-87683003,18,,0,0,
OCESN17752F1187_F:TER:FR:Line::B10C45A0-C32C-4232-85F2-4BB81B810084::87725689:87686667:15:1035:20260912,09:28:00,09:30:00,StopPoint:OCETrain TER-87683003,13,,0,0,
OCESN17752F1187_F:TER:FR:Line::B10C45A0-C32C-4232-85F2-4BB81B810084::87725689:87686006:15:1051:20260625,09:26:00,09:28:00,StopPoint:OCETrain TER-87683003,13,,0,0,
OCESN17752F1187_F:TER:FR:Line::B10C45A0-C32C-4232-85F2-4BB81B810084::87723197:87686667:19:1050:20260608,09:28:00,09:30:00,StopPoint:OCETrain TER-87683003,17,,0,0,
OCESN17752F1187_F:TER:FR:Line::B10C45A0-C32C-4232-85F2-4BB81B810084::87725689:87686667:15:1027:20260515,09:23:00,09:25:00,StopPoint:OCETrain TER-87683003,13,,0,0,
OCESN17752F1187_F:TER:FR:Line::B10C45A0-C32C-4232-85F2-4BB81B810084::87722025:87686006:20:1028:20260511,09:24:00,09:26:00,StopPoint:OCETrain TER-87683003,18,,0,0,
OCESN17752F1187_F:TER:FR:Line::B10C45A0-C32C-4232-85F2-4BB81B810084::87722025:87686006:20:1029:20260427,09:28:00,09:30:00,StopPoint:OCETrain TER-87683003,18,,0,0,
OCESN17752F1187_F:TER:FR:Line::B10C45A0-C32C-4232-85F2-4BB81B810084::87725689:87686006:15:1047:20260709,09:26:00,09:28:00,StopPoint:OCETrain TER-87683003,13,,0,0,
OCESN17752F1187_F:TER:FR:Line::B10C45A0-C32C-4232-85F2-4BB81B810084::87725689:87686667:15:1047:20260807,09:26:00,09:28:00,StopPoint:OCETrain TER-87683003,13,,0,0,
OCESN17752F1187_F:TER:FR:Line::B10C45A0-C32C-4232-85F2-4BB81B810084::87722025:87686667:20:1027:20260921,09:26:00,09:28:00,StopPoint:OCETrain TER-87683003,18,,0,0,
OCESN17752F1187_F:TER:FR:Line::B10C45A0-C32C-4232-85F2-4BB81B810084::87713040:87686667:10:1034:20260509,09:22:00,09:24:00,StopPoint:OCETrain TER-87683003,8,,0,0,
OCESN17752F1187_F:TER:FR:Line::B10C45A0-C32C-4232-85F2-4BB81B810084::87725689:87686667:15:1029:20260924,09:27:00,09:29:00,StopPoint:OCETrain TER-87683003,13,,0,0,
OCESN17752F1187_F:TER:FR:Line::B10C45A0-C32C-4232-85F2-4BB81B810084::87725689:87686667:15:1029:20260606,09:22:00,09:23:00,StopPoint:OCETrain TER-87683003,13,,0,0,
OCESN17752F1187_F:TER:FR:Line::B10C45A0-C32C-4232-85F2-4BB81B810084::87725689:87686667:15:1030:20260530,09:22:00,09:24:00,StopPoint:OCETrain TER-87683003,13,,0,0,
OCESN17752F1187_F:TER:FR:Line::B10C45A0-C32C-4232-85F2-4BB81B810084::87725689:87686667:15:1027:20260930,09:26:00,09:28:00,StopPoint:OCETrain TER-87683003,13,,0,0,
OCESN17752F1187_F:TER:FR:Line::B10C45A0-C32C-4232-85F2-4BB81B810084::87722025:87686667:20:1050:20260831,09:28:00,09:30:00,StopPoint:OCETrain TER-87683003,18,,0,0,
OCESN17752F1187_F:TER:FR:Line::B10C45A0-C32C-4232-85F2-4BB81B810084::87725689:87686006:15:1028:20260529,09:20:00,09:21:00,StopPoint:OCETrain TER-87683003,13,,0,0,
OCESN17752F1187_F:TER:FR:Line::B10C45A0-C32C-4232-85F2-4BB81B810084::87725689:87686667:15:1047:20260905,09:28:00,09:30:00,StopPoint:OCETrain TER-87683003,13,,0,0,
OCESN17752F1187_F:TER:FR:Line::B10C45A0-C32C-4232-85F2-4BB81B810084::87725689:87686667:15:1027:20260703,09:19:00,09:20:00,StopPoint:OCETrain TER-87683003,13,,0,0,
OCESN17752F1187_F:TER:FR:Line::B10C45A0-C32C-4232-85F2-4BB81B810084::87725689:87686006:15:1030:20260429,09:26:00,09:28:00,StopPoint:OCETrain TER-87683003,13,,0,0,
OCESN17752F1187_F:TER:FR:Line::B10C45A0-C32C-4232-85F2-4BB81B810084::87725689:87686667:15:1027:20260527,09:20:00,09:21:00,StopPoint:OCETrain TER-87683003,13,,0,0,
OCESN17752F1187_F:TER:FR:Line::B10C45A0-C32C-4232-85F2-4BB81B810084::87722025:87686667:20:1050:20260629,09:28:00,09:30:00,StopPoint:OCETrain TER-87683003,18,,0,0,
OCESN17752F1187_F:TER:FR:Line::B10C45A0-C32C-4232-85F2-4BB81B810084::87725689:87686667:15:1029:20260904,09:20:00,09:21:00,StopPoint:OCETrain TER-87683003,13,,0,0,
OCESN17752F1187_F:TER:FR:Line::B10C45A0-C32C-4232-85F2-4BB81B810084::87725689:87686667:15:1027:20260626,09:20:00,09:22:00,StopPoint:OCETrain TER-87683003,13,,0,0,
OCESN17752F1187_F:TER:FR:Line::B10C45A0-C32C-4232-85F2-4BB81B810084::87725689:87686667:15:1027:20260612,09:19:00,09:21:00,StopPoint:OCETrain TER-87683003,13,,0,0,
OCESN17752F1187_F:TER:FR:Line::B10C45A0-C32C-4232-85F2-4BB81B810084::87722025:87686667:20:1027:20260928,09:26:00,09:28:00,StopPoint:OCETrain TER-87683003,18,,0,0,
OCESN17752F1187_F:TER:FR:Line::B10C45A0-C32C-4232-85F2-4BB81B810084::87725689:87686006:15:1029:20260611,09:19:00,09:21:00,StopPoint:OCETrain TER-87683003,13,,0,0,
OCESN17752F1187_F:TER:FR:Line::B10C45A0-C32C-4232-85F2-4BB81B810084::87725689:87686006:15:1028:20260716,09:20:00,09:22:00,StopPoint:OCETrain TER-87683003,13,,0,0,
OCESN17752F1187_F:TER:FR:Line::B10C45A0-C32C-4232-85F2-4BB81B810084::87725689:87686667:15:1027:20260911,09:26:00,09:28:00,StopPoint:OCETrain TER-87683003,13,,0,0,
OCESN17752F1187_F:TER:FR:Line::B10C45A0-C32C-4232-85F2-4BB81B810084::87725689:87686667:15:1027:20260822,09:22:00,09:24:00,StopPoint:OCETrain TER-87683003,13,,0,0,
OCESN17752F1187_F:TER:FR:Line::B10C45A0-C32C-4232-85F2-4BB81B810084::87725689:87686667:15:1030:20260829,09:22:00,09:24:00,StopPoint:OCETrain TER-87683003,13,,0,0,
OCESN17752F1187_F:TER:FR:Line::B10C45A0-C32C-4232-85F2-4BB81B810084::87725689:87686006:15:1028:20260723,09:20:00,09:21:00,StopPoint:OCETrain TER-87683003,13,,0,0,
OCESN17752F1187_F:TER:FR:Line::B10C45A0-C32C-4232-85F2-4BB81B810084::87725689:87686006:15:1028:20260430,09:26:00,09:28:00,StopPoint:OCETrain TER-87683003,13,,0,0,
OCESN17752F1187_F:TER:FR:Line::B10C45A0-C32C-4232-85F2-4BB81B810084::87725689:87686667:15:1027:20260731,09:19:00,09:20:00,StopPoint:OCETrain TER-87683003,13,,0,0,
OCESN17752F1187_F:TER:FR:Line::B10C45A0-C32C-4232-85F2-4BB81B810084::87725689:87686006:15:1053:20260806,09:26:00,09:28:00,StopPoint:OCETrain TER-87683003,13,,0,0,
OCESN17752F1187_F:TER:FR:Line::B10C45A0-C32C-4232-85F2-4BB81B810084::87725689:87686667:15:1027:20260814,09:20:00,09:21:00,StopPoint:OCETrain TER-87683003,13,,0,0,
OCESN17752F1187_F:TER:FR:Line::B10C45A0-C32C-4232-85F2-4BB81B810084::87722025:87686667:20:1050:20260824,09:28:00,09:30:00,StopPoint:OCETrain TER-87683003,18,,0,0,
OCESN17752F1187_F:TER:FR:Line::B10C45A0-C32C-4232-85F2-4BB81B810084::87725689:87686667:15:1029:20260828,09:20:00,09:21:00,StopPoint:OCETrain TER-87683003,13,,0,0,
OCESN17752F1187_F:TER:FR:Line::B10C45A0-C32C-4232-85F2-4BB81B810084::87725689:87686667:15:1027:20260821,09:20:00,09:22:00,StopPoint:OCETrain TER-87683003,13,,0,0,
OCESN17752F1187_F:TER:FR:Line::B10C45A0-C32C-4232-85F2-4BB81B810084::87725689:87686667:15:1027:20260424,09:26:00,09:28:00,StopPoint:OCETrain TER-87683003,13,,0,0,
OCESN17754F1187_F:TER:FR:Line::B10C45A0-C32C-4232-85F2-4BB81B810084::87723197:87686667:19:1229:20260823,11:22:00,11:24:00,StopPoint:OCETrain TER-87683003,17,,0,0,
OCESN17754F1187_F:TER:FR:Line::B10C45A0-C32C-4232-85F2-4BB81B810084::87723197:87686667:19:1229:20260525,11:23:00,11:24:00,StopPoint:OCETrain TER-87683003,17,,0,0,
OCESN17754F1187_F:TER:FR:Line::B10C45A0-C32C-4232-85F2-4BB81B810084::87723197:87686006:19:1228:20260523,11:24:00,11:26:00,StopPoint:OCETrain TER-87683003,17,,0,0,
OCESN17754F1187_F:TER:FR:Line::B10C45A0-C32C-4232-85F2-4BB81B810084::87723197:87686667:19:1236:20260913,11:28:00,11:30:00,StopPoint:OCETrain TER-87683003,17,,0,0,
OCESN17754F1187_F:TER:FR:Line::B10C45A0-C32C-4232-85F2-4BB81B810084::87723197:87686006:19:1232:20260524,11:24:00,11:26:00,StopPoint:OCETrain TER-87683003,17,,0,0,
OCESN17754F1187_F:TER:FR:Line::B10C45A0-C32C-4232-85F2-4BB81B810084::87723197:87686667:19:1229:20260714,11:23:00,11:24:00,StopPoint:OCETrain TER-87683003,17,,0,0,
OCESN17754F1187_F:TER:FR:Line::B10C45A0-C32C-4232-85F2-4BB81B810084::87723197:87686667:19:1236:20260906,11:23:00,11:25:00,StopPoint:OCETrain TER-87683003,17,,0,0,
OCESN17754F1187_F:TER:FR:Line::B10C45A0-C32C-4232-85F2-4BB81B810084::87723197:87547000:19:1236:20260502,11:24:00,11:26:00,StopPoint:OCETrain TER-87683003,17,,0,0,
OCESN17754F1187_F:TER:FR:Line::B10C45A0-C32C-4232-85F2-4BB81B810084::87723197:87686667:19:1236:20260905,11:23:00,11:25:00,StopPoint:OCETrain TER-87683003,17,,0,0,
OCESN17754F1187_F:TER:FR:Line::B10C45A0-C32C-4232-85F2-4BB81B810084::87723197:87686667:19:1229:20260621,11:22:00,11:24:00,StopPoint:OCETrain TER-87683003,17,,0,0,
OCESN17754F1187_F:TER:FR:Line::B10C45A0-C32C-4232-85F2-4BB81B810084::87723197:87686667:11:1312:20260510,11:44:00,11:49:00,StopPoint:OCETrain TER-87683003,9,,0,0,
OCESN17754F1187_F:TER:FR:Line::B10C45A0-C32C-4232-85F2-4BB81B810084::87723197:87686667:19:1232:20260830,11:22:00,11:24:00,StopPoint:OCETrain TER-87683003,17,,0,0,
OCESN17754F1187_F:TER:FR:Line::B10C45A0-C32C-4232-85F2-4BB81B810084::87723197:87686006:19:1226:20260517,11:25:00,11:27:00,StopPoint:OCETrain TER-87683003,17,,0,0,
OCESN17754F1187_F:TER:FR:Line::B10C45A0-C32C-4232-85F2-4BB81B810084::87723197:87686667:19:1228:20260503,11:28:00,11:30:00,StopPoint:OCETrain TER-87683003,17,,0,0,
OCESN17754F1187_F:TER:FR:Line::B10C45A0-C32C-4232-85F2-4BB81B810084::87723197:87686667:19:1233:20260607,11:22:00,11:23:00,StopPoint:OCETrain TER-87683003,17,,0,0,
OCESN17754F1187_F:TER:FR:Line::B10C45A0-C32C-4232-85F2-4BB81B810084::87723197:87686667:19:1236:20260614,11:23:00,11:25:00,StopPoint:OCETrain TER-87683003,17,,0,0,
OCESN17754F1187_F:TER:FR:Line::B10C45A0-C32C-4232-85F2-4BB81B810084::87723197:87686667:19:1227:20260514,11:24:00,11:26:00,StopPoint:OCETrain TER-87683003,17,,0,0,
OCESN17756F1187_F:TER:FR:Line::B10C45A0-C32C-4232-85F2-4BB81B810084::87723197:87686667:19:1427:20260823,13:21:00,13:23:00,StopPoint:OCETrain TER-87683003,17,,0,0,
OCESN17756F1187_F:TER:FR:Line::B10C45A0-C32C-4232-85F2-4BB81B810084::87723197:87686667:19:1429:20260719,13:21:00,13:23:00,StopPoint:OCETrain TER-87683003,17,,0,0,
OCESN17756F1187_F:TER:FR:Line::B10C45A0-C32C-4232-85F2-4BB81B810084::87723197:87547000:19:1448:20260501,13:27:00,13:29:00,StopPoint:OCETrain TER-87683003,17,,0,0,
OCESN17756F1187_F:TER:FR:Line::B10C45A0-C32C-4232-85F2-4BB81B810084::87723197:87686667:19:1429:20260531,13:21:00,13:23:00,StopPoint:OCETrain TER-87683003,17,,0,0,
OCESN17756F1187_F:TER:FR:Line::B10C45A0-C32C-4232-85F2-4BB81B810084::87723197:87686667:19:1428:20260830,13:20:00,13:22:00,StopPoint:OCETrain TER-87683003,17,,0,0,
OCESN17756F1187_F:TER:FR:Line::B10C45A0-C32C-4232-85F2-4BB81B810084::87723197:87686667:19:1437:20260913,13:27:00,13:29:00,StopPoint:OCETrain TER-87683003,17,,0,0,
OCESN17756F1187_F:TER:FR:Line::B10C45A0-C32C-4232-85F2-4BB81B810084::87723197:87547000:19:1448:20260502,13:26:00,13:28:00,StopPoint:OCETrain TER-87683003,17,,0,0,
OCESN17756F1187_F:TER:FR:Line::B10C45A0-C32C-4232-85F2-4BB81B810084::87723197:87686667:19:1427:20260621,13:21:00,13:23:00,StopPoint:OCETrain TER-87683003,17,,0,0,
OCESN17756F1187_F:TER:FR:Line::B10C45A0-C32C-4232-85F2-4BB81B810084::87723197:87686006:19:1434:20260516,13:25:00,13:27:00,StopPoint:OCETrain TER-87683003,17,,0,0,
OCESN17756F1187_F:TER:FR:Line::B10C45A0-C32C-4232-85F2-4BB81B810084::87723197:87686006:19:1434:20260523,13:23:00,13:25:00,StopPoint:OCETrain TER-87683003,17,,0,0,
OCESN17756F1187_F:TER:FR:Line::B10C45A0-C32C-4232-85F2-4BB81B810084::87723197:87686667:19:1427:20260524,13:23:00,13:25:00,StopPoint:OCETrain TER-87683003,17,,0,0,
OCESN17756F1187_F:TER:FR:Line::B10C45A0-C32C-4232-85F2-4BB81B810084::87723197:87686667:19:1427:20260503,13:26:00,13:28:00,StopPoint:OCETrain TER-87683003,17,,0,0,
OCESN17756F1187_F:TER:FR:Line::B10C45A0-C32C-4232-85F2-4BB81B810084::87723197:87686667:11:1504:20260510,13:41:00,13:43:00,StopPoint:OCETrain TER-87683003,9,,0,0,
OCESN17756F1187_F:TER:FR:Line::B10C45A0-C32C-4232-85F2-4BB81B810084::87723197:87686667:19:1427:20260517,13:25:00,13:27:00,StopPoint:OCETrain TER-87683003,17,,0,0,
OCESN17756F1187_F:TER:FR:Line::B10C45A0-C32C-4232-85F2-4BB81B810084::87723197:87686667:19:1427:20260714,13:19:00,13:21:00,StopPoint:OCETrain TER-87683003,17,,0,0,
OCESN17756F1187_F:TER:FR:Line::B10C45A0-C32C-4232-85F2-4BB81B810084::87723197:87686667:19:1429:20260607,13:21:00,13:23:00,StopPoint:OCETrain TER-87683003,17,,0,0,
OCESN17756F1187_F:TER:FR:Line::B10C45A0-C32C-4232-85F2-4BB81B810084::87723197:87686667:19:1437:20260614,13:24:00,13:26:00,StopPoint:OCETrain TER-87683003,17,,0,0,
OCESN17756F1187_F:TER:FR:Line::B10C45A0-C32C-4232-85F2-4BB81B810084::87723197:87686667:19:1427:20260514,13:23:00,13:25:00,StopPoint:OCETrain TER-87683003,17,,0,0,
OCESN17756F1187_F:TER:FR:Line::B10C45A0-C32C-4232-85F2-4BB81B810084::87723197:87686667:19:1427:20260525,13:19:00,13:21:00,StopPoint:OCETrain TER-87683003,17,,0,0,
OCESN17756F1187_F:TER:FR:Line::B10C45A0-C32C-4232-85F2-4BB81B810084::87723197:87686667:19:1437:20260905,13:23:00,13:24:00,StopPoint:OCETrain TER-87683003,17,,0,0,
OCESN17756F1187_F:TER:FR:Line::B10C45A0-C32C-4232-85F2-4BB81B810084::87723197:87686667:19:1437:20260906,13:24:00,13:25:00,StopPoint:OCETrain TER-87683003,17,,0,0,
OCESN17758F1187_F:TER:FR:Line::B10C45A0-C32C-4232-85F2-4BB81B810084::87723197:87686667:19:1627:20260823,15:22:00,15:23:00,StopPoint:OCETrain TER-87683003,17,,0,0,
OCESN17758F1187_F:TER:FR:Line::B10C45A0-C32C-4232-85F2-4BB81B810084::87723197:87686667:19:1706:20260821,15:30:00,15:32:00,StopPoint:OCETrain TER-87683003,17,,0,0,
OCESN17758F1187_F:TER:FR:Line::B10C45A0-C32C-4232-85F2-4BB81B810084::87723197:87686667:11:1633:20260509,15:22:00,15:24:00,StopPoint:OCETrain TER-87683003,9,,0,0,
OCESN17758F1187_F:TER:FR:Line::B10C45A0-C32C-4232-85F2-4BB81B810084::87723197:87686667:19:1627:20260517,15:25:00,15:27:00,StopPoint:OCETrain TER-87683003,17,,0,0,
OCESN17758F1187_F:TER:FR:Line::B10C45A0-C32C-4232-85F2-4BB81B810084::87723197:87686006:19:1630:20260523,15:24:00,15:26:00,StopPoint:OCETrain TER-87683003,17,,0,0,
OCESN17758F1187_F:TER:FR:Line::B10C45A0-C32C-4232-85F2-4BB81B810084::87723197:87686667:19:1627:20260713,15:21:00,15:22:00,StopPoint:OCETrain TER-87683003,17,,0,0,
OCESN17758F1187_F:TER:FR:Line::B10C45A0-C32C-4232-85F2-4BB81B810084::87723197:87686667:19:1627:20260714,15:21:00,15:22:00,StopPoint:OCETrain TER-87683003,17,,0,0,
OCESN17758F1187_F:TER:FR:Line::B10C45A0-C32C-4232-85F2-4BB81B810084::87723197:87686667:19:1627:20260525,15:21:00,15:22:00,StopPoint:OCETrain TER-87683003,17,,0,0,
OCESN17758F1187_F:TER:FR:Line::B10C45A0-C32C-4232-85F2-4BB81B810084::87723197:87686667:19:1636:20260614,15:24:00,15:26:00,StopPoint:OCETrain TER-87683003,17,,0,0,
OCESN17758F1187_F:TER:FR:Line::B10C45A0-C32C-4232-85F2-4BB81B810084::87723197:87686667:19:1629:20260830,15:22:00,15:23:00,StopPoint:OCETrain TER-87683003,17,,0,0,
OCESN17758F1187_F:TER:FR:Line::B10C45A0-C32C-4232-85F2-4BB81B810084::87723197:87686006:19:1630:20260516,15:25:00,15:27:00,StopPoint:OCETrain TER-87683003,17,,0,0,
OCESN17758F1187_F:TER:FR:Line::B10C45A0-C32C-4232-85F2-4BB81B810084::87723197:87686667:19:1628:20260524,15:24:00,15:26:00,StopPoint:OCETrain TER-87683003,17,,0,0,
OCESN17758F1187_F:TER:FR:Line::B10C45A0-C32C-4232-85F2-4BB81B810084::87723197:87686667:19:1627:20260430,15:28:00,15:30:00,StopPoint:OCETrain TER-87683003,17,,0,0,
OCESN17758F1187_F:TER:FR:Line::B10C45A0-C32C-4232-85F2-4BB81B810084::87723197:87686667:19:1630:20260719,15:22:00,15:23:00,StopPoint:OCETrain TER-87683003,17,,0,0,
OCESN17758F1187_F:TER:FR:Line::B10C45A0-C32C-4232-85F2-4BB81B810084::87723197:87686667:19:1629:20260531,15:22:00,15:23:00,StopPoint:OCETrain TER-87683003,17,,0,0,
OCESN17758F1187_F:TER:FR:Line::B10C45A0-C32C-4232-85F2-4BB81B810084::87723197:87686667:19:1627:20260507,15:25:00,15:27:00,StopPoint:OCETrain TER-87683003,17,,0,0,
OCESN17758F1187_F:TER:FR:Line::B10C45A0-C32C-4232-85F2-4BB81B810084::87723197:87547000:19:1647:20260502,15:27:00,15:29:00,StopPoint:OCETrain TER-87683003,17,,0,0,
OCESN17758F1187_F:TER:FR:Line::B10C45A0-C32C-4232-85F2-4BB81B810084::87723197:87686667:19:1636:20260913,15:28:00,15:30:00,StopPoint:OCETrain TER-87683003,17,,0,0,
OCESN17758F1187_F:TER:FR:Line::B10C45A0-C32C-4232-85F2-4BB81B810084::87723197:87686667:19:1630:20260607,15:22:00,15:23:00,StopPoint:OCETrain TER-87683003,17,,0,0,
OCESN17758F1187_F:TER:FR:Line::B10C45A0-C32C-4232-85F2-4BB81B810084::87723197:87686667:19:1627:20260621,15:22:00,15:23:00,StopPoint:OCETrain TER-87683003,17,,0,0,
OCESN17758F1187_F:TER:FR:Line::B10C45A0-C32C-4232-85F2-4BB81B810084::87723197:87686667:19:1627:20260503,15:28:00,15:30:00,StopPoint:OCETrain TER-87683003,17,,0,0,
OCESN17758F1187_F:TER:FR:Line::B10C45A0-C32C-4232-85F2-4BB81B810084::87723197:87686667:19:1706:20260619,15:30:00,15:32:00,StopPoint:OCETrain TER-87683003,17,,0,0,
OCESN17758F1187_F:TER:FR:Line::B10C45A0-C32C-4232-85F2-4BB81B810084::87723197:87686667:19:1636:20260906,15:24:00,15:26:00,StopPoint:OCETrain TER-87683003,17,,0,0,
OCESN17758F1187_F:TER:FR:Line::B10C45A0-C32C-4232-85F2-4BB81B810084::87723197:87686667:19:1633:20260510,15:22:00,15:24:00,StopPoint:OCETrain TER-87683003,17,,0,0,
OCESN17758F1187_F:TER:FR:Line::B10C45A0-C32C-4232-85F2-4BB81B810084::87723197:87686667:19:1627:20260424,15:28:00,15:30:00,StopPoint:OCETrain TER-87683003,17,,0,0,
OCESN17760F1187_F:TER:FR:Line::B10C45A0-C32C-4232-85F2-4BB81B810084::87723197:87686667:19:1827:20260823,17:22:00,17:23:00,StopPoint:OCETrain TER-87683003,17,,0,0,
OCESN17760F1187_F:TER:FR:Line::B10C45A0-C32C-4232-85F2-4BB81B810084::87723197:87686667:19:1836:20260906,17:25:00,17:27:00,StopPoint:OCETrain TER-87683003,17,,0,0,
OCESN17760F1187_F:TER:FR:Line::B10C45A0-C32C-4232-85F2-4BB81B810084::87723197:87686006:19:1827:20260516,17:25:00,17:27:00,StopPoint:OCETrain TER-87683003,17,,0,0,
OCESN17760F1187_F:TER:FR:Line::B10C45A0-C32C-4232-85F2-4BB81B810084::87723197:87686006:19:1827:20260523,17:23:00,17:25:00,StopPoint:OCETrain TER-87683003,17,,0,0,
OCESN17760F1187_F:TER:FR:Line::B10C45A0-C32C-4232-85F2-4BB81B810084::87723197:87686667:11:2009:20260509,18:34:00,18:36:00,StopPoint:OCETrain TER-87683003,9,,0,0,
OCESN17760F1187_F:TER:FR:Line::B10C45A0-C32C-4232-85F2-4BB81B810084::87723197:87686667:19:1829:20260719,17:21:00,17:22:00,StopPoint:OCETrain TER-87683003,17,,0,0,
OCESN17760F1187_F:TER:FR:Line::B10C45A0-C32C-4232-85F2-4BB81B810084::87723197:87686667:19:1827:20260524,17:23:00,17:25:00,StopPoint:OCETrain TER-87683003,17,,0,0,
OCESN17760F1187_F:TER:FR:Line::B10C45A0-C32C-4232-85F2-4BB81B810084::87723197:87686667:19:1836:20260614,17:25:00,17:27:00,StopPoint:OCETrain TER-87683003,17,,0,0,
OCESN17760F1187_F:TER:FR:Line::B10C45A0-C32C-4232-85F2-4BB81B810084::87723197:87686667:19:1836:20260913,17:28:00,17:30:00,StopPoint:OCETrain TER-87683003,17,,0,0,
OCESN17760F1187_F:TER:FR:Line::B10C45A0-C32C-4232-85F2-4BB81B810084::87723197:87547000:19:1848:20260502,17:26:00,17:28:00,StopPoint:OCETrain TER-87683003,17,,0,0,
OCESN17760F1187_F:TER:FR:Line::B10C45A0-C32C-4232-85F2-4BB81B810084::87723197:87686667:19:1828:20260531,17:21:00,17:22:00,StopPoint:OCETrain TER-87683003,17,,0,0,
OCESN17760F1187_F:TER:FR:Line::B10C45A0-C32C-4232-85F2-4BB81B810084::87723197:87686667:19:1827:20260522,17:25:00,17:27:00,StopPoint:OCETrain TER-87683003,17,,0,0,
OCESN17760F1187_F:TER:FR:Line::B10C45A0-C32C-4232-85F2-4BB81B810084::87723197:87686667:19:1827:20260430,17:26:00,17:28:00,StopPoint:OCETrain TER-87683003,17,,0,0,
OCESN17760F1187_F:TER:FR:Line::B10C45A0-C32C-4232-85F2-4BB81B810084::87723197:87686667:19:1827:20260621,17:22:00,17:23:00,StopPoint:OCETrain TER-87683003,17,,0,0,
OCESN17760F1187_F:TER:FR:Line::B10C45A0-C32C-4232-85F2-4BB81B810084::87723197:87686667:19:1829:20260607,17:22:00,17:23:00,StopPoint:OCETrain TER-87683003,17,,0,0,
OCESN17760F1187_F:TER:FR:Line::B10C45A0-C32C-4232-85F2-4BB81B810084::87723197:87686667:19:1829:20260904,17:22:00,17:23:00,StopPoint:OCETrain TER-87683003,17,,0,0,
OCESN17760F1187_F:TER:FR:Line::B10C45A0-C32C-4232-85F2-4BB81B810084::87723197:87686667:19:1834:20260510,17:23:00,17:24:00,StopPoint:OCETrain TER-87683003,17,,0,0,
OCESN17760F1187_F:TER:FR:Line::B10C45A0-C32C-4232-85F2-4BB81B810084::87723197:87686667:19:1827:20260925,17:26:00,17:28:00,StopPoint:OCETrain TER-87683003,17,,0,0,
OCESN17760F1187_F:TER:FR:Line::B10C45A0-C32C-4232-85F2-4BB81B810084::87723197:87686667:19:1827:20260503,17:26:00,17:28:00,StopPoint:OCETrain TER-87683003,17,,0,0,
OCESN17762F1187_F:TER:FR:Line::B10C45A0-C32C-4232-85F2-4BB81B810084::87723197:87686667:19:2027:20260816,19:22:00,19:24:00,StopPoint:OCETrain TER-87683003,17,,0,0,
OCESN17762F1187_F:TER:FR:Line::B10C45A0-C32C-4232-85F2-4BB81B810084::87723197:87547000:19:2036:20260502,19:24:00,19:26:00,StopPoint:OCETrain TER-87683003,17,,0,0,
OCESN17762F1187_F:TER:FR:Line::B10C45A0-C32C-4232-85F2-4BB81B810084::87723197:87686667:19:2029:20260524,19:24:00,19:26:00,StopPoint:OCETrain TER-87683003,17,,0,0,
OCESN17762F1187_F:TER:FR:Line::B10C45A0-C32C-4232-85F2-4BB81B810084::87723197:87686667:19:2042:20260510,19:22:00,19:24:00,StopPoint:OCETrain TER-87683003,17,,0,0,
OCESN17762F1187_F:TER:FR:Line::B10C45A0-C32C-4232-85F2-4BB81B810084::87723197:87686667:19:2036:20260906,19:23:00,19:25:00,StopPoint:OCETrain TER-87683003,17,,0,0,
OCESN17762F1187_F:TER:FR:Line::B10C45A0-C32C-4232-85F2-4BB81B810084::87723197:87686006:19:2029:20260426,19:28:00,19:30:00,StopPoint:OCETrain TER-87683003,17,,0,0,
OCESN17762F1187_F:TER:FR:Line::B10C45A0-C32C-4232-85F2-4BB81B810084::87723197:87686667:19:2027:20260927,19:25:00,19:27:00,StopPoint:OCETrain TER-87683003,17,,0,0,
OCESN17762F1187_F:TER:FR:Line::B10C45A0-C32C-4232-85F2-4BB81B810084::87723197:87547000:19:2033:20260501,19:12:00,19:14:00,StopPoint:OCETrain TER-87683003,17,,0,0,
OCESN17762F1187_F:TER:FR:Line::B10C45A0-C32C-4232-85F2-4BB81B810084::87723197:87686667:19:2029:20260607,19:22:00,19:23:00,StopPoint:OCETrain TER-87683003,17,,0,0,
OCESN17762F1187_F:TER:FR:Line::B10C45A0-C32C-4232-85F2-4BB81B810084::87723197:87686006:19:2028:20260516,19:25:00,19:27:00,StopPoint:OCETrain TER-87683003,17,,0,0,
OCESN17762F1187_F:TER:FR:Line::B10C45A0-C32C-4232-85F2-4BB81B810084::87723197:87686667:19:2036:20260913,19:28:00,19:30:00,StopPoint:OCETrain TER-87683003,17,,0,0,
OCESN17762F1187_F:TER:FR:Line::B10C45A0-C32C-4232-85F2-4BB81B810084::87723197:87686667:11:2134:20260509,20:04:00,20:06:00,StopPoint:OCETrain TER-87683003,9,,0,0,
OCESN17762F1187_F:TER:FR:Line::B10C45A0-C32C-4232-85F2-4BB81B810084::87723197:87686006:19:2028:20260523,19:24:00,19:26:00,StopPoint:OCETrain TER-87683003,17,,0,0,
OCESN17762F1187_F:TER:FR:Line::B10C45A0-C32C-4232-85F2-4BB81B810084::87723197:87686667:19:2029:20260719,19:20:00,19:22:00,StopPoint:OCETrain TER-87683003,17,,0,0,
OCESN17762F1187_F:TER:FR:Line::B10C45A0-C32C-4232-85F2-4BB81B810084::87723197:87686667:19:2027:20260823,19:22:00,19:23:00,StopPoint:OCETrain TER-87683003,17,,0,0,
OCESN17762F1187_F:TER:FR:Line::B10C45A0-C32C-4232-85F2-4BB81B810084::87723197:87686667:19:2027:20260503,19:28:00,19:30:00,StopPoint:OCETrain TER-87683003,17,,0,0,
OCESN17762F1187_F:TER:FR:Line::B10C45A0-C32C-4232-85F2-4BB81B810084::87723197:87686667:19:2029:20260531,19:22:00,19:24:00,StopPoint:OCETrain TER-87683003,17,,0,0,
OCESN17762F1187_F:TER:FR:Line::B10C45A0-C32C-4232-85F2-4BB81B810084::87723197:87686667:19:2036:20260614,19:23:00,19:24:00,StopPoint:OCETrain TER-87683003,17,,0,0,
OCESN17762F1187_F:TER:FR:Line::B10C45A0-C32C-4232-85F2-4BB81B810084::87723197:87686667:19:2036:20260905,19:23:00,19:24:00,StopPoint:OCETrain TER-87683003,17,,0,0,
OCESN17762F1187_F:TER:FR:Line::B10C45A0-C32C-4232-85F2-4BB81B810084::87723197:87686667:19:2029:20260904,19:22:00,19:23:00,StopPoint:OCETrain TER-87683003,17,,0,0,
OCESN17762F1187_F:TER:FR:Line::B10C45A0-C32C-4232-85F2-4BB81B810084::87723197:87686667:19:2027:20260529,19:22:00,19:24:00,StopPoint:OCETrain TER-87683003,17,,0,0,
OCESN17762F1187_F:TER:FR:Line::B10C45A0-C32C-4232-85F2-4BB81B810084::87723197:87686667:19:2027:20260522,19:25:00,19:27:00,StopPoint:OCETrain TER-87683003,17,,0,0,
OCESN17762F1187_F:TER:FR:Line::B10C45A0-C32C-4232-85F2-4BB81B810084::87723197:87686667:19:2027:20260621,19:22:00,19:23:00,StopPoint:OCETrain TER-87683003,17,,0,0,
OCESN17762F1187_F:TER:FR:Line::B10C45A0-C32C-4232-85F2-4BB81B810084::87723197:87686667:19:2029:20260930,19:28:00,19:30:00,StopPoint:OCETrain TER-87683003,17,,0,0,
OCESN17762F1187_F:TER:FR:Line::B10C45A0-C32C-4232-85F2-4BB81B810084::87723197:87686667:19:2027:20260424,19:28:00,19:30:00,StopPoint:OCETrain TER-87683003,17,,0,0,
OCESN17764F1187_F:TER:FR:Line::B10C45A0-C32C-4232-85F2-4BB81B810084::87723197:87686667:19:2227:20260426,21:26:00,21:28:00,StopPoint:OCETrain TER-87683003,17,,0,0,
OCESN17764F1187_F:TER:FR:Line::B10C45A0-C32C-4232-85F2-4BB81B810084::87723197:87686667:19:2237:20260904,21:21:00,21:23:00,StopPoint:OCETrain TER-87683003,17,,0,0,
OCESN17764F1187_F:TER:FR:Line::B10C45A0-C32C-4232-85F2-4BB81B810084::87723197:87686667:19:2229:20260918,21:28:00,21:30:00,StopPoint:OCETrain TER-87683003,17,,0,0,
OCESN17764F1187_F:TER:FR:Line::B10C45A0-C32C-4232-85F2-4BB81B810084::87723197:87547000:19:2239:20260430,21:23:00,21:25:00,StopPoint:OCETrain TER-87683003,17,,0,0,
OCESN17764F1187_F:TER:FR:Line::B10C45A0-C32C-4232-85F2-4BB81B810084::87723197:87686006:19:2228:20260523,21:23:00,21:25:00,StopPoint:OCETrain TER-87683003,17,,0,0,
OCESN17764F1187_F:TER:FR:Line::B10C45A0-C32C-4232-85F2-4BB81B810084::87723197:87686667:19:2230:20260927,21:26:00,21:28:00,StopPoint:OCETrain TER-87683003,17,,0,0,
OCESN17764F1187_F:TER:FR:Line::B10C45A0-C32C-4232-85F2-4BB81B810084::87723197:87686667:19:2234:20260510,21:24:00,21:26:00,StopPoint:OCETrain TER-87683003,17,,0,0,
OCESN17764F1187_F:TER:FR:Line::B10C45A0-C32C-4232-85F2-4BB81B810084::87723197:87686667:19:2229:20260531,21:21:00,21:23:00,StopPoint:OCETrain TER-87683003,17,,0,0,
OCESN17764F1187_F:TER:FR:Line::B10C45A0-C32C-4232-85F2-4BB81B810084::87723197:87686006:19:2228:20260516,21:25:00,21:27:00,StopPoint:OCETrain TER-87683003,17,,0,0,
OCESN17764F1187_F:TER:FR:Line::B10C45A0-C32C-4232-85F2-4BB81B810084::87723197:87686667:19:2227:20260503,21:28:00,21:30:00,StopPoint:OCETrain TER-87683003,17,,0,0,
OCESN17764F1187_F:TER:FR:Line::B10C45A0-C32C-4232-85F2-4BB81B810084::87723197:87686667:19:2229:20260607,21:21:00,21:23:00,StopPoint:OCETrain TER-87683003,17,,0,0,
OCESN17764F1187_F:TER:FR:Line::B10C45A0-C32C-4232-85F2-4BB81B810084::87723197:87686667:19:2229:20260930,21:28:00,21:30:00,StopPoint:OCETrain TER-87683003,17,,0,0,
OCESN17764F1187_F:TER:FR:Line::B10C45A0-C32C-4232-85F2-4BB81B810084::87723197:87547000:19:2239:20260502,21:24:00,21:26:00,StopPoint:OCETrain TER-87683003,17,,0,0,
OCESN17764F1187_F:TER:FR:Line::B10C45A0-C32C-4232-85F2-4BB81B810084::87723197:87686667:19:2227:20260621,21:21:00,21:23:00,StopPoint:OCETrain TER-87683003,17,,0,0,
OCESN17764F1187_F:TER:FR:Line::B10C45A0-C32C-4232-85F2-4BB81B810084::87723197:87686667:19:2229:20260719,21:20:00,21:22:00,StopPoint:OCETrain TER-87683003,17,,0,0,
OCESN17764F1187_F:TER:FR:Line::B10C45A0-C32C-4232-85F2-4BB81B810084::87723197:87686667:19:2237:20260626,21:26:00,21:28:00,StopPoint:OCETrain TER-87683003,17,,0,0,
OCESN17764F1187_F:TER:FR:Line::B10C45A0-C32C-4232-85F2-4BB81B810084::87723197:87686667:19:2236:20260906,21:24:00,21:26:00,StopPoint:OCETrain TER-87683003,17,,0,0,
OCESN17764F1187_F:TER:FR:Line::B10C45A0-C32C-4232-85F2-4BB81B810084::87723197:87686667:11:2301:20260509,21:40:00,21:43:00,StopPoint:OCETrain TER-87683003,9,,0,0,
OCESN17764F1187_F:TER:FR:Line::B10C45A0-C32C-4232-85F2-4BB81B810084::87723197:87686667:19:2227:20260524,21:23:00,21:25:00,StopPoint:OCETrain TER-87683003,17,,0,0,
OCESN17764F1187_F:TER:FR:Line::B10C45A0-C32C-4232-85F2-4BB81B810084::87723197:87686667:19:2227:20260522,21:25:00,21:27:00,StopPoint:OCETrain TER-87683003,17,,0,0,
OCESN17764F1187_F:TER:FR:Line::B10C45A0-C32C-4232-85F2-4BB81B810084::87723197:87686667:19:2227:20260830,21:21:00,21:23:00,StopPoint:OCETrain TER-87683003,17,,0,0,
OCESN17764F1187_F:TER:FR:Line::B10C45A0-C32C-4232-85F2-4BB81B810084::87723197:87686667:19:2228:20260807,21:21:00,21:23:00,StopPoint:OCETrain TER-87683003,17,,0,0,
OCESN17764F1187_F:TER:FR:Line::B10C45A0-C32C-4232-85F2-4BB81B810084::87723197:87686667:19:2238:20260913,21:28:00,21:30:00,StopPoint:OCETrain TER-87683003,17,,0,0,
OCESN17764F1187_F:TER:FR:Line::B10C45A0-C32C-4232-85F2-4BB81B810084::87723197:87686667:19:2227:20260612,21:21:00,21:23:00,StopPoint:OCETrain TER-87683003,17,,0,0,
OCESN17764F1187_F:TER:FR:Line::B10C45A0-C32C-4232-85F2-4BB81B810084::87723197:87686667:19:2227:20260424,21:28:00,21:30:00,StopPoint:OCETrain TER-87683003,17,,0,0,
OCESN17769F1187_F:TER:FR:Line::B10C45A0-C32C-4232-85F2-4BB81B810084::87686667:87723197:19:1245:20260830,08:40:00,08:42:00,StopPoint:OCETrain TER-87683003,1,,0,0,
OCESN17769F1187_F:TER:FR:Line::B10C45A0-C32C-4232-85F2-4BB81B810084::87686667:87723197:11:1300:20260509,08:33:00,08:35:00,StopPoint:OCETrain TER-87683003,1,,0,0,
OCESN17769F1187_F:TER:FR:Line::B10C45A0-C32C-4232-85F2-4BB81B810084::87686006:87723197:19:1244:20260724,08:39:00,08:41:00,StopPoint:OCETrain TER-87683003,1,,0,0,
OCESN17769F1187_F:TER:FR:Line::B10C45A0-C32C-4232-85F2-4BB81B810084::87686006:87723197:19:1244:20260710,08:38:00,08:40:00,StopPoint:OCETrain TER-87683003,1,,0,0,
OCESN17769F1187_F:TER:FR:Line::B10C45A0-C32C-4232-85F2-4BB81B810084::87686006:87723197:19:1244:20260904,08:40:00,08:41:00,StopPoint:OCETrain TER-87683003,1,,0,0,
OCESN17769F1187_F:TER:FR:Line::B10C45A0-C32C-4232-85F2-4BB81B810084::87686667:87723197:19:1244:20260613,08:52:00,08:53:00,StopPoint:OCETrain TER-87683003,1,,0,0,
OCESN17769F1187_F:TER:FR:Line::B10C45A0-C32C-4232-85F2-4BB81B810084::87686667:87723197:19:1245:20260514,08:33:00,08:35:00,StopPoint:OCETrain TER-87683003,1,,0,0,
OCESN17769F1187_F:TER:FR:Line::B10C45A0-C32C-4232-85F2-4BB81B810084::87686667:87723197:19:1244:20260606,08:40:00,08:42:00,StopPoint:OCETrain TER-87683003,1,,0,0,
OCESN17769F1187_F:TER:FR:Line::B10C45A0-C32C-4232-85F2-4BB81B810084::87686667:87723197:19:1244:20260614,08:26:00,08:28:00,StopPoint:OCETrain TER-87683003,1,,0,0,
OCESN17769F1187_F:TER:FR:Line::B10C45A0-C32C-4232-85F2-4BB81B810084::87686667:87723197:19:1245:20260607,08:40:00,08:42:00,StopPoint:OCETrain TER-87683003,1,,0,0,
OCESN17769F1187_F:TER:FR:Line::B10C45A0-C32C-4232-85F2-4BB81B810084::87686006:87723197:19:1244:20260925,08:34:00,08:36:00,StopPoint:OCETrain TER-87683003,1,,0,0,
OCESN17769F1187_F:TER:FR:Line::B10C45A0-C32C-4232-85F2-4BB81B810084::87547000:87723197:19:1244:20260501,08:34:00,08:36:00,StopPoint:OCETrain TER-87683003,1,,0,0,
OCESN17769F1187_F:TER:FR:Line::B10C45A0-C32C-4232-85F2-4BB81B810084::87686667:87723197:19:1244:20260620,08:40:00,08:42:00,StopPoint:OCETrain TER-87683003,1,,0,0,
OCESN17769F1187_F:TER:FR:Line::B10C45A0-C32C-4232-85F2-4BB81B810084::87686667:87723197:19:1245:20260714,08:41:00,08:43:00,StopPoint:OCETrain TER-87683003,1,,0,0,
OCESN17769F1187_F:TER:FR:Line::B10C45A0-C32C-4232-85F2-4BB81B810084::87686006:87723197:19:1244:20260523,08:33:00,08:35:00,StopPoint:OCETrain TER-87683003,1,,0,0,
OCESN17769F1187_F:TER:FR:Line::B10C45A0-C32C-4232-85F2-4BB81B810084::87686667:87723197:19:1244:20260913,08:45:00,08:47:00,StopPoint:OCETrain TER-87683003,1,,0,0,
OCESN17769F1187_F:TER:FR:Line::B10C45A0-C32C-4232-85F2-4BB81B810084::87686667:87723197:19:1244:20260530,08:40:00,08:42:00,StopPoint:OCETrain TER-87683003,1,,0,0,
OCESN17769F1187_F:TER:FR:Line::B10C45A0-C32C-4232-85F2-4BB81B810084::87686006:87723197:19:1244:20260619,08:38:00,08:40:00,StopPoint:OCETrain TER-87683003,1,,0,0,
OCESN17769F1187_F:TER:FR:Line::B10C45A0-C32C-4232-85F2-4BB81B810084::87686667:87723197:19:1244:20260912,08:45:00,08:47:00,StopPoint:OCETrain TER-87683003,1,,0,0,
OCESN17769F1187_F:TER:FR:Line::B10C45A0-C32C-4232-85F2-4BB81B810084::87686667:87723197:19:1244:20260905,08:48:00,08:49:00,StopPoint:OCETrain TER-87683003,1,,0,0,
OCESN17769F1187_F:TER:FR:Line::B10C45A0-C32C-4232-85F2-4BB81B810084::87686667:87723197:19:1245:20260531,08:40:00,08:42:00,StopPoint:OCETrain TER-87683003,1,,0,0,
OCESN17769F1187_F:TER:FR:Line::B10C45A0-C32C-4232-85F2-4BB81B810084::87547000:87723197:19:1244:20260502,08:33:00,08:35:00,StopPoint:OCETrain TER-87683003,1,,0,0,
OCESN17769F1187_F:TER:FR:Line::B10C45A0-C32C-4232-85F2-4BB81B810084::87686667:87723197:19:1244:20260719,08:40:00,08:42:00,StopPoint:OCETrain TER-87683003,1,,0,0,
OCESN17769F1187_F:TER:FR:Line::B10C45A0-C32C-4232-85F2-4BB81B810084::87686006:87723197:19:1244:20260618,08:38:00,08:40:00,StopPoint:OCETrain TER-87683003,1,,0,0,
OCESN17769F1187_F:TER:FR:Line::B10C45A0-C32C-4232-85F2-4BB81B810084::87686006:87723197:19:1244:20260827,08:41:00,08:42:00,StopPoint:OCETrain TER-87683003,1,,0,0,
OCESN17769F1187_F:TER:FR:Line::B10C45A0-C32C-4232-85F2-4BB81B810084::87686006:87723197:19:1245:20260524,08:34:00,08:36:00,StopPoint:OCETrain TER-87683003,1,,0,0,
OCESN17769F1187_F:TER:FR:Line::B10C45A0-C32C-4232-85F2-4BB81B810084::87686006:87723197:19:1244:20260807,08:40:00,08:41:00,StopPoint:OCETrain TER-87683003,1,,0,0,
OCESN17769F1187_F:TER:FR:Line::B10C45A0-C32C-4232-85F2-4BB81B810084::87686667:87723197:19:1244:20260906,08:49:00,08:50:00,StopPoint:OCETrain TER-87683003,1,,0,0,
OCESN17769F1187_F:TER:FR:Line::B10C45A0-C32C-4232-85F2-4BB81B810084::87686667:87723197:19:1244:20260829,08:40:00,08:42:00,StopPoint:OCETrain TER-87683003,1,,0,0,
OCESN17769F1187_F:TER:FR:Line::B10C45A0-C32C-4232-85F2-4BB81B810084::87686006:87723197:19:1244:20260625,08:38:00,08:40:00,StopPoint:OCETrain TER-87683003,1,,0,0,
OCESN17769F1187_F:TER:FR:Line::B10C45A0-C32C-4232-85F2-4BB81B810084::87547000:87723197:19:1245:20260503,08:35:00,08:37:00,StopPoint:OCETrain TER-87683003,1,,0,0,
OCESN17769F1187_F:TER:FR:Line::B10C45A0-C32C-4232-85F2-4BB81B810084::87686006:87723197:19:1244:20260507,08:30:00,08:32:00,StopPoint:OCETrain TER-87683003,1,,0,0,
OCESN17769F1187_F:TER:FR:Line::B10C45A0-C32C-4232-85F2-4BB81B810084::87686667:87723197:19:1244:20260525,08:37:00,08:39:00,StopPoint:OCETrain TER-87683003,1,,0,0,
OCESN17769F1187_F:TER:FR:Line::B10C45A0-C32C-4232-85F2-4BB81B810084::87686006:87723197:19:1244:20260731,08:39:00,08:41:00,StopPoint:OCETrain TER-87683003,1,,0,0,
OCESN17769F1187_F:TER:FR:Line::B10C45A0-C32C-4232-85F2-4BB81B810084::87686667:87723197:19:1244:20260508,08:30:00,08:32:00,StopPoint:OCETrain TER-87683003,1,,0,0,
OCESN17769F1187_F:TER:FR:Line::B10C45A0-C32C-4232-85F2-4BB81B810084::87686006:87723197:19:1244:20260529,08:38:00,08:40:00,StopPoint:OCETrain TER-87683003,1,,0,0,
OCESN17769F1187_F:TER:FR:Line::B10C45A0-C32C-4232-85F2-4BB81B810084::87686006:87723197:19:1244:20260717,08:38:00,08:40:00,StopPoint:OCETrain TER-87683003,1,,0,0,
OCESN17769F1187_F:TER:FR:Line::B10C45A0-C32C-4232-85F2-4BB81B810084::87686006:87723197:19:1244:20260522,08:39:00,08:41:00,StopPoint:OCETrain TER-87683003,1,,0,0,
OCESN17769F1187_F:TER:FR:Line::B10C45A0-C32C-4232-85F2-4BB81B810084::87686006:87723197:19:1244:20260820,08:40:00,08:41:00,StopPoint:OCETrain TER-87683003,1,,0,0,
OCESN17769F1187_F:TER:FR:Line::B10C45A0-C32C-4232-85F2-4BB81B810084::87686006:87723197:19:1244:20260612,08:39:00,08:41:00,StopPoint:OCETrain TER-87683003,1,,0,0,
OCESN17769F1187_F:TER:FR:Line::B10C45A0-C32C-4232-85F2-4BB81B810084::87686006:87723197:19:1244:20260911,08:33:00,08:35:00,StopPoint:OCETrain TER-87683003,1,,0,0,
OCESN17769F1187_F:TER:FR:Line::B10C45A0-C32C-4232-85F2-4BB81B810084::87686006:87723197:19:1244:20260828,08:40:00,08:42:00,StopPoint:OCETrain TER-87683003,1,,0,0,
OCESN17769F1187_F:TER:FR:Line::B10C45A0-C32C-4232-85F2-4BB81B810084::87686006:87723197:19:1244:20260515,08:30:00,08:32:00,StopPoint:OCETrain TER-87683003,1,,0,0,
OCESN17769F1187_F:TER:FR:Line::B10C45A0-C32C-4232-85F2-4BB81B810084::87686006:87723197:19:1244:20260821,08:40:00,08:41:00,StopPoint:OCETrain TER-87683003,1,,0,0,
OCESN17769F1187_F:TER:FR:Line::B10C45A0-C32C-4232-85F2-4BB81B810084::87686667:87723197:19:1245:20260621,08:40:00,08:42:00,StopPoint:OCETrain TER-87683003,1,,0,0,
OCESN17769F1187_F:TER:FR:Line::B10C45A0-C32C-4232-85F2-4BB81B810084::87686006:87723197:19:1244:20260818,08:40:00,08:42:00,StopPoint:OCETrain TER-87683003,1,,0,0,
OCESN17769F1187_F:TER:FR:Line::B10C45A0-C32C-4232-85F2-4BB81B810084::87686667:87723197:19:1248:20260510,08:33:00,08:35:00,StopPoint:OCETrain TER-87683003,1,,0,0,
OCESN17769F1187_F:TER:FR:Line::B10C45A0-C32C-4232-85F2-4BB81B810084::87686006:87723197:19:1244:20260424,08:30:00,08:32:00,StopPoint:OCETrain TER-87683003,1,,0,0,
OCESN17771F1187_F:TER:FR:Line::B10C45A0-C32C-4232-85F2-4BB81B810084::87686667:87723197:19:1446:20260906,10:50:00,10:52:00,StopPoint:OCETrain TER-87683003,1,,0,0,
OCESN17771F1187_F:TER:FR:Line::B10C45A0-C32C-4232-85F2-4BB81B810084::87686667:87723197:19:1446:20260913,10:49:00,10:51:00,StopPoint:OCETrain TER-87683003,1,,0,0,
OCESN17771F1187_F:TER:FR:Line::B10C45A0-C32C-4232-85F2-4BB81B810084::87686667:87723197:19:1444:20260802,10:37:00,10:39:00,StopPoint:OCETrain TER-87683003,1,,0,0,
OCESN17771F1187_F:TER:FR:Line::B10C45A0-C32C-4232-85F2-4BB81B810084::87686667:87723197:11:1529:20260509,10:32:00,10:34:00,StopPoint:OCETrain TER-87683003,1,,0,0,
OCESN17771F1187_F:TER:FR:Line::B10C45A0-C32C-4232-85F2-4BB81B810084::87686006:87723197:19:1444:20260523,10:32:00,10:34:00,StopPoint:OCETrain TER-87683003,1,,0,0,
OCESN17771F1187_F:TER:FR:Line::B10C45A0-C32C-4232-85F2-4BB81B810084::87686667:87723197:19:1444:20260531,10:38:00,10:40:00,StopPoint:OCETrain TER-87683003,1,,0,0,
OCESN17771F1187_F:TER:FR:Line::B10C45A0-C32C-4232-85F2-4BB81B810084::87686667:87723197:19:1444:20260621,10:38:00,10:40:00,StopPoint:OCETrain TER-87683003,1,,0,0,
OCESN17771F1187_F:TER:FR:Line::B10C45A0-C32C-4232-85F2-4BB81B810084::87686667:87723197:19:1449:20260508,10:42:00,10:44:00,StopPoint:OCETrain TER-87683003,1,,0,0,
OCESN17771F1187_F:TER:FR:Line::B10C45A0-C32C-4232-85F2-4BB81B810084::87686667:87723197:19:1444:20260614,10:30:00,10:32:00,StopPoint:OCETrain TER-87683003,1,,0,0,
OCESN17771F1187_F:TER:FR:Line::B10C45A0-C32C-4232-85F2-4BB81B810084::87686667:87723197:19:1444:20260514,10:32:00,10:34:00,StopPoint:OCETrain TER-87683003,1,,0,0,
OCESN17771F1187_F:TER:FR:Line::B10C45A0-C32C-4232-85F2-4BB81B810084::87686667:87723197:19:1444:20260719,10:38:00,10:40:00,StopPoint:OCETrain TER-87683003,1,,0,0,
OCESN17771F1187_F:TER:FR:Line::B10C45A0-C32C-4232-85F2-4BB81B810084::87686667:87723197:19:1444:20260524,10:32:00,10:34:00,StopPoint:OCETrain TER-87683003,1,,0,0,
OCESN17771F1187_F:TER:FR:Line::B10C45A0-C32C-4232-85F2-4BB81B810084::87686006:87723197:19:1444:20260516,10:32:00,10:34:00,StopPoint:OCETrain TER-87683003,1,,0,0,
OCESN17771F1187_F:TER:FR:Line::B10C45A0-C32C-4232-85F2-4BB81B810084::87686667:87723197:19:1444:20260830,10:40:00,10:42:00,StopPoint:OCETrain TER-87683003,1,,0,0,
OCESN17771F1187_F:TER:FR:Line::B10C45A0-C32C-4232-85F2-4BB81B810084::87686667:87723197:19:1449:20260714,10:41:00,10:43:00,StopPoint:OCETrain TER-87683003,1,,0,0,
OCESN17771F1187_F:TER:FR:Line::B10C45A0-C32C-4232-85F2-4BB81B810084::87686667:87723197:19:1449:20260525,10:41:00,10:43:00,StopPoint:OCETrain TER-87683003,1,,0,0,
OCESN17771F1187_F:TER:FR:Line::B10C45A0-C32C-4232-85F2-4BB81B810084::87686667:87723197:19:1444:20260809,10:38:00,10:40:00,StopPoint:OCETrain TER-87683003,1,,0,0,
OCESN17771F1187_F:TER:FR:Line::B10C45A0-C32C-4232-85F2-4BB81B810084::87547000:87723197:19:1444:20260502,10:35:00,10:37:00,StopPoint:OCETrain TER-87683003,1,,0,0,
OCESN17771F1187_F:TER:FR:Line::B10C45A0-C32C-4232-85F2-4BB81B810084::87686667:87723197:19:1444:20260613,10:30:00,10:32:00,StopPoint:OCETrain TER-87683003,1,,0,0,
OCESN17771F1187_F:TER:FR:Line::B10C45A0-C32C-4232-85F2-4BB81B810084::87686667:87723197:19:1444:20260712,10:38:00,10:40:00,StopPoint:OCETrain TER-87683003,1,,0,0,
OCESN17771F1187_F:TER:FR:Line::B10C45A0-C32C-4232-85F2-4BB81B810084::87547000:87723197:19:1444:20260503,10:35:00,10:37:00,StopPoint:OCETrain TER-87683003,1,,0,0,
OCESN17771F1187_F:TER:FR:Line::B10C45A0-C32C-4232-85F2-4BB81B810084::87686667:87723197:19:1500:20260510,10:32:00,10:34:00,StopPoint:OCETrain TER-87683003,1,,0,0,
OCESN17773F1187_F:TER:FR:Line::B10C45A0-C32C-4232-85F2-4BB81B810084::87547000:87723197:19:1644:20260503,12:34:00,12:36:00,StopPoint:OCETrain TER-87683003,1,,0,0,
OCESN17773F1187_F:TER:FR:Line::B10C45A0-C32C-4232-85F2-4BB81B810084::87686667:87723197:19:1644:20260802,12:39:00,12:41:00,StopPoint:OCETrain TER-87683003,1,,0,0,
OCESN17773F1187_F:TER:FR:Line::B10C45A0-C32C-4232-85F2-4BB81B810084::87686667:87723197:19:1644:20260809,12:38:00,12:40:00,StopPoint:OCETrain TER-87683003,1,,0,0,
OCESN17773F1187_F:TER:FR:Line::B10C45A0-C32C-4232-85F2-4BB81B810084::87686667:87723197:19:1644:20260510,12:31:00,12:33:00,StopPoint:OCETrain TER-87683003,1,,0,0,
OCESN17773F1187_F:TER:FR:Line::B10C45A0-C32C-4232-85F2-4BB81B810084::87686006:87723197:19:1644:20260516,12:31:00,12:33:00,StopPoint:OCETrain TER-87683003,1,,0,0,
OCESN17773F1187_F:TER:FR:Line::B10C45A0-C32C-4232-85F2-4BB81B810084::87686006:87723197:19:1644:20260523,12:31:00,12:33:00,StopPoint:OCETrain TER-87683003,1,,0,0,
OCESN17773F1187_F:TER:FR:Line::B10C45A0-C32C-4232-85F2-4BB81B810084::87686667:87723197:19:1644:20260614,12:47:00,12:48:00,StopPoint:OCETrain TER-87683003,1,,0,0,
OCESN17773F1187_F:TER:FR:Line::B10C45A0-C32C-4232-85F2-4BB81B810084::87686667:87723197:19:1644:20260525,12:38:00,12:40:00,StopPoint:OCETrain TER-87683003,1,,0,0,
OCESN17773F1187_F:TER:FR:Line::B10C45A0-C32C-4232-85F2-4BB81B810084::87686667:87723197:19:1644:20260621,12:38:00,12:40:00,StopPoint:OCETrain TER-87683003,1,,0,0,
OCESN17773F1187_F:TER:FR:Line::B10C45A0-C32C-4232-85F2-4BB81B810084::87547000:87723197:19:1644:20260502,12:34:00,12:36:00,StopPoint:OCETrain TER-87683003,1,,0,0,
OCESN17773F1187_F:TER:FR:Line::B10C45A0-C32C-4232-85F2-4BB81B810084::87686667:87723197:19:1644:20260524,12:31:00,12:33:00,StopPoint:OCETrain TER-87683003,1,,0,0,
OCESN17773F1187_F:TER:FR:Line::B10C45A0-C32C-4232-85F2-4BB81B810084::87686667:87723197:19:1644:20260913,12:43:00,12:45:00,StopPoint:OCETrain TER-87683003,1,,0,0,
OCESN17773F1187_F:TER:FR:Line::B10C45A0-C32C-4232-85F2-4BB81B810084::87686667:87723197:19:1644:20260514,12:31:00,12:33:00,StopPoint:OCETrain TER-87683003,1,,0,0,
OCESN17773F1187_F:TER:FR:Line::B10C45A0-C32C-4232-85F2-4BB81B810084::87686667:87723197:11:1706:20260509,12:30:00,12:32:00,StopPoint:OCETrain TER-87683003,1,,0,0,
OCESN17773F1187_F:TER:FR:Line::B10C45A0-C32C-4232-85F2-4BB81B810084::87686667:87723197:19:1644:20260830,12:38:00,12:40:00,StopPoint:OCETrain TER-87683003,1,,0,0,
OCESN17773F1187_F:TER:FR:Line::B10C45A0-C32C-4232-85F2-4BB81B810084::87686667:87723197:19:1644:20260531,12:38:00,12:40:00,StopPoint:OCETrain TER-87683003,1,,0,0,
OCESN17773F1187_F:TER:FR:Line::B10C45A0-C32C-4232-85F2-4BB81B810084::87686667:87723197:19:1644:20260719,12:38:00,12:40:00,StopPoint:OCETrain TER-87683003,1,,0,0,
OCESN17773F1187_F:TER:FR:Line::B10C45A0-C32C-4232-85F2-4BB81B810084::87686667:87723197:19:1644:20260607,12:38:00,12:40:00,StopPoint:OCETrain TER-87683003,1,,0,0,
OCESN17773F1187_F:TER:FR:Line::B10C45A0-C32C-4232-85F2-4BB81B810084::87686667:87723197:19:1644:20260906,12:47:00,12:48:00,StopPoint:OCETrain TER-87683003,1,,0,0,
OCESN17773F1187_F:TER:FR:Line::B10C45A0-C32C-4232-85F2-4BB81B810084::87686667:87723197:19:1644:20260714,12:38:00,12:40:00,StopPoint:OCETrain TER-87683003,1,,0,0,
OCESN17775F1187_F:TER:FR:Line::B10C45A0-C32C-4232-85F2-4BB81B810084::87686667:87723197:19:1843:20260712,14:37:00,14:38:00,StopPoint:OCETrain TER-87683003,1,,0,0,
OCESN17775F1187_F:TER:FR:Line::B10C45A0-C32C-4232-85F2-4BB81B810084::87686667:87723197:19:1844:20260731,14:36:00,14:38:00,StopPoint:OCETrain TER-87683003,1,,0,0,
OCESN17775F1187_F:TER:FR:Line::B10C45A0-C32C-4232-85F2-4BB81B810084::87686667:87723197:19:1844:20260717,14:36:00,14:38:00,StopPoint:OCETrain TER-87683003,1,,0,0,
OCESN17775F1187_F:TER:FR:Line::B10C45A0-C32C-4232-85F2-4BB81B810084::87686667:87723197:19:1843:20260906,14:49:00,14:51:00,StopPoint:OCETrain TER-87683003,1,,0,0,
OCESN17775F1187_F:TER:FR:Line::B10C45A0-C32C-4232-85F2-4BB81B810084::87686667:87723197:19:1844:20260829,14:37:00,14:38:00,StopPoint:OCETrain TER-87683003,1,,0,0,
OCESN17775F1187_F:TER:FR:Line::B10C45A0-C32C-4232-85F2-4BB81B810084::87686667:87723197:19:1844:20260606,14:37:00,14:38:00,StopPoint:OCETrain TER-87683003,1,,0,0,
OCESN17775F1187_F:TER:FR:Line::B10C45A0-C32C-4232-85F2-4BB81B810084::87686667:87723197:19:1843:20260607,14:37:00,14:38:00,StopPoint:OCETrain TER-87683003,1,,0,0,
OCESN17775F1187_F:TER:FR:Line::B10C45A0-C32C-4232-85F2-4BB81B810084::87686667:87723197:19:1843:20260802,14:38:00,14:39:00,StopPoint:OCETrain TER-87683003,1,,0,0,
OCESN17775F1187_F:TER:FR:Line::B10C45A0-C32C-4232-85F2-4BB81B810084::87686667:87723197:19:1843:20260531,14:37:00,14:38:00,StopPoint:OCETrain TER-87683003,1,,0,0,
OCESN17775F1187_F:TER:FR:Line::B10C45A0-C32C-4232-85F2-4BB81B810084::87686667:87723197:19:1843:20260503,14:30:00,14:32:00,StopPoint:OCETrain TER-87683003,1,,0,0,
OCESN17775F1187_F:TER:FR:Line::B10C45A0-C32C-4232-85F2-4BB81B810084::87686667:87723197:19:1843:20260808,14:38:00,14:40:00,StopPoint:OCETrain TER-87683003,1,,0,0,
OCESN17775F1187_F:TER:FR:Line::B10C45A0-C32C-4232-85F2-4BB81B810084::87686667:87723197:19:1843:20260525,14:36:00,14:38:00,StopPoint:OCETrain TER-87683003,1,,0,0,
OCESN17775F1187_F:TER:FR:Line::B10C45A0-C32C-4232-85F2-4BB81B810084::87686667:87723197:19:1844:20260801,14:38:00,14:39:00,StopPoint:OCETrain TER-87683003,1,,0,0,
OCESN17775F1187_F:TER:FR:Line::B10C45A0-C32C-4232-85F2-4BB81B810084::87686667:87723197:19:1843:20260621,14:37:00,14:38:00,StopPoint:OCETrain TER-87683003,1,,0,0,
OCESN17775F1187_F:TER:FR:Line::B10C45A0-C32C-4232-85F2-4BB81B810084::87686667:87723197:19:1843:20260913,14:43:00,14:45:00,StopPoint:OCETrain TER-87683003,1,,0,0,
OCESN17775F1187_F:TER:FR:Line::B10C45A0-C32C-4232-85F2-4BB81B810084::87686006:87723197:19:1843:20260524,14:30:00,14:32:00,StopPoint:OCETrain TER-87683003,1,,0,0,
OCESN17775F1187_F:TER:FR:Line::B10C45A0-C32C-4232-85F2-4BB81B810084::87686667:87723197:19:1843:20260510,14:30:00,14:32:00,StopPoint:OCETrain TER-87683003,1,,0,0,
OCESN17775F1187_F:TER:FR:Line::B10C45A0-C32C-4232-85F2-4BB81B810084::87686667:87723197:19:1844:20260530,14:37:00,14:38:00,StopPoint:OCETrain TER-87683003,1,,0,0,
OCESN17775F1187_F:TER:FR:Line::B10C45A0-C32C-4232-85F2-4BB81B810084::87686667:87723197:19:1844:20260711,14:37:00,14:38:00,StopPoint:OCETrain TER-87683003,1,,0,0,
OCESN17775F1187_F:TER:FR:Line::B10C45A0-C32C-4232-85F2-4BB81B810084::87686667:87723197:19:1843:20260614,14:49:00,14:51:00,StopPoint:OCETrain TER-87683003,1,,0,0,
OCESN17775F1187_F:TER:FR:Line::B10C45A0-C32C-4232-85F2-4BB81B810084::87547000:87723197:19:1844:20260502,14:30:00,14:32:00,StopPoint:OCETrain TER-87683003,1,,0,0,
OCESN17775F1187_F:TER:FR:Line::B10C45A0-C32C-4232-85F2-4BB81B810084::87686667:87723197:19:1844:20260619,14:36:00,14:38:00,StopPoint:OCETrain TER-87683003,1,,0,0,
OCESN17775F1187_F:TER:FR:Line::B10C45A0-C32C-4232-85F2-4BB81B810084::87686667:87723197:19:1844:20260605,14:37:00,14:39:00,StopPoint:OCETrain TER-87683003,1,,0,0,
OCESN17775F1187_F:TER:FR:Line::B10C45A0-C32C-4232-85F2-4BB81B810084::87686667:87723197:19:1844:20260612,14:37:00,14:39:00,StopPoint:OCETrain TER-87683003,1,,0,0,
OCESN17775F1187_F:TER:FR:Line::B10C45A0-C32C-4232-85F2-4BB81B810084::87686667:87723197:19:1844:20260904,14:33:00,14:34:00,StopPoint:OCETrain TER-87683003,1,,0,0,
OCESN17775F1187_F:TER:FR:Line::B10C45A0-C32C-4232-85F2-4BB81B810084::87686006:87723197:19:1844:20260523,14:30:00,14:32:00,StopPoint:OCETrain TER-87683003,1,,0,0,
OCESN17775F1187_F:TER:FR:Line::B10C45A0-C32C-4232-85F2-4BB81B810084::87686667:87723197:19:1844:20260814,14:37:00,14:39:00,StopPoint:OCETrain TER-87683003,1,,0,0,
OCESN17775F1187_F:TER:FR:Line::B10C45A0-C32C-4232-85F2-4BB81B810084::87686667:87723197:19:1844:20260620,14:37:00,14:38:00,StopPoint:OCETrain TER-87683003,1,,0,0,
OCESN17775F1187_F:TER:FR:Line::B10C45A0-C32C-4232-85F2-4BB81B810084::87686667:87723197:19:1843:20260719,14:37:00,14:39:00,StopPoint:OCETrain TER-87683003,1,,0,0,
OCESN17775F1187_F:TER:FR:Line::B10C45A0-C32C-4232-85F2-4BB81B810084::87686667:87723197:19:1844:20260703,14:37:00,14:39:00,StopPoint:OCETrain TER-87683003,1,,0,0,
OCESN17775F1187_F:TER:FR:Line::B10C45A0-C32C-4232-85F2-4BB81B810084::87686667:87723197:19:1844:20260807,14:35:00,14:37:00,StopPoint:OCETrain TER-87683003,1,,0,0,
OCESN17775F1187_F:TER:FR:Line::B10C45A0-C32C-4232-85F2-4BB81B810084::87686667:87723197:19:1843:20260830,14:37:00,14:38:00,StopPoint:OCETrain TER-87683003,1,,0,0,
OCESN17775F1187_F:TER:FR:Line::B10C45A0-C32C-4232-85F2-4BB81B810084::87686667:87723197:19:1843:20260714,14:36:00,14:38:00,StopPoint:OCETrain TER-87683003,1,,0,0,
OCESN17775F1187_F:TER:FR:Line::B10C45A0-C32C-4232-85F2-4BB81B810084::87686667:87723197:19:1844:20260821,14:36:00,14:38:00,StopPoint:OCETrain TER-87683003,1,,0,0,
OCESN17775F1187_F:TER:FR:Line::B10C45A0-C32C-4232-85F2-4BB81B810084::87686667:87723197:11:1919:20260509,14:31:00,14:33:00,StopPoint:OCETrain TER-87683003,1,,0,0,
OCESN17775F1187_F:TER:FR:Line::B10C45A0-C32C-4232-85F2-4BB81B810084::87686667:87723197:19:1844:20260507,14:04:00,14:06:00,StopPoint:OCETrain TER-87683003,1,,0,0,
OCESN17775F1187_F:TER:FR:Line::B10C45A0-C32C-4232-85F2-4BB81B810084::87686667:87723197:19:1844:20260424,14:08:00,14:10:00,StopPoint:OCETrain TER-87683003,1,,0,0,
OCESN17777F1187_F:TER:FR:Line::B10C45A0-C32C-4232-85F2-4BB81B810084::87686667:87723197:19:2100:20260905,16:51:00,16:53:00,StopPoint:OCETrain TER-87683003,1,,0,0,
OCESN17777F1187_F:TER:FR:Line::B10C45A0-C32C-4232-85F2-4BB81B810084::87686667:87723197:19:2100:20260913,16:45:00,16:47:00,StopPoint:OCETrain TER-87683003,1,,0,0,
OCESN17777F1187_F:TER:FR:Line::B10C45A0-C32C-4232-85F2-4BB81B810084::87547000:87723197:19:2044:20260502,16:29:00,16:31:00,StopPoint:OCETrain TER-87683003,1,,0,0,
OCESN17777F1187_F:TER:FR:Line::B10C45A0-C32C-4232-85F2-4BB81B810084::87686667:87723197:19:2044:20260607,16:35:00,16:37:00,StopPoint:OCETrain TER-87683003,1,,0,0,
OCESN17777F1187_F:TER:FR:Line::B10C45A0-C32C-4232-85F2-4BB81B810084::87686667:87723197:19:2044:20260510,16:29:00,16:31:00,StopPoint:OCETrain TER-87683003,1,,0,0,
OCESN17777F1187_F:TER:FR:Line::B10C45A0-C32C-4232-85F2-4BB81B810084::87547000:87723197:19:2044:20260501,16:34:00,16:36:00,StopPoint:OCETrain TER-87683003,1,,0,0,
OCESN17777F1187_F:TER:FR:Line::B10C45A0-C32C-4232-85F2-4BB81B810084::87686667:87723197:19:2044:20260524,16:29:00,16:31:00,StopPoint:OCETrain TER-87683003,1,,0,0,
OCESN17777F1187_F:TER:FR:Line::B10C45A0-C32C-4232-85F2-4BB81B810084::87686006:87723197:19:2044:20260523,16:29:00,16:31:00,StopPoint:OCETrain TER-87683003,1,,0,0,
OCESN17777F1187_F:TER:FR:Line::B10C45A0-C32C-4232-85F2-4BB81B810084::87686667:87723197:19:2044:20260911,16:30:00,16:32:00,StopPoint:OCETrain TER-87683003,1,,0,0,
OCESN17777F1187_F:TER:FR:Line::B10C45A0-C32C-4232-85F2-4BB81B810084::87686667:87723197:19:2044:20260621,16:35:00,16:37:00,StopPoint:OCETrain TER-87683003,1,,0,0,
OCESN17777F1187_F:TER:FR:Line::B10C45A0-C32C-4232-85F2-4BB81B810084::87686667:87723197:19:2044:20260531,16:35:00,16:37:00,StopPoint:OCETrain TER-87683003,1,,0,0,
OCESN17777F1187_F:TER:FR:Line::B10C45A0-C32C-4232-85F2-4BB81B810084::87686667:87723197:19:2044:20260930,16:33:00,16:35:00,StopPoint:OCETrain TER-87683003,1,,0,0,
OCESN17777F1187_F:TER:FR:Line::B10C45A0-C32C-4232-85F2-4BB81B810084::87686667:87723197:19:2044:20260719,16:36:00,16:37:00,StopPoint:OCETrain TER-87683003,1,,0,0,
OCESN17777F1187_F:TER:FR:Line::B10C45A0-C32C-4232-85F2-4BB81B810084::87686667:87723197:19:2044:20260522,16:31:00,16:33:00,StopPoint:OCETrain TER-87683003,1,,0,0,
OCESN17777F1187_F:TER:FR:Line::B10C45A0-C32C-4232-85F2-4BB81B810084::87686667:87723197:19:2100:20260906,16:51:00,16:53:00,StopPoint:OCETrain TER-87683003,1,,0,0,
OCESN17777F1187_F:TER:FR:Line::B10C45A0-C32C-4232-85F2-4BB81B810084::87686667:87723197:19:2044:20260904,16:37:00,16:39:00,StopPoint:OCETrain TER-87683003,1,,0,0,
OCESN17777F1187_F:TER:FR:Line::B10C45A0-C32C-4232-85F2-4BB81B810084::87686667:87723197:19:2044:20260802,16:35:00,16:37:00,StopPoint:OCETrain TER-87683003,1,,0,0,
OCESN17777F1187_F:TER:FR:Line::B10C45A0-C32C-4232-85F2-4BB81B810084::87686667:87723197:11:2106:20260509,16:30:00,16:32:00,StopPoint:OCETrain TER-87683003,1,,0,0,
OCESN17777F1187_F:TER:FR:Line::B10C45A0-C32C-4232-85F2-4BB81B810084::87686667:87723197:19:2044:20260830,16:35:00,16:37:00,StopPoint:OCETrain TER-87683003,1,,0,0,
OCESN17777F1187_F:TER:FR:Line::B10C45A0-C32C-4232-85F2-4BB81B810084::87686667:87723197:19:2044:20260426,16:29:00,16:31:00,StopPoint:OCETrain TER-87683003,1,,0,0,
OCESN17777F1187_F:TER:FR:Line::B10C45A0-C32C-4232-85F2-4BB81B810084::87686667:87723197:19:2044:20260424,16:31:00,16:33:00,StopPoint:OCETrain TER-87683003,1,,0,0,
OCESN17779F1187_F:TER:FR:Line::B10C45A0-C32C-4232-85F2-4BB81B810084::87686667:87713040:10:2027:20260801,18:34:00,18:36:00,StopPoint:OCETrain TER-87683003,1,,0,0,
OCESN17779F1187_F:TER:FR:Line::B10C45A0-C32C-4232-85F2-4BB81B810084::87686667:87723197:11:2309:20260717,18:38:00,18:40:00,StopPoint:OCETrain TER-87683003,1,,0,0,
OCESN17779F1187_F:TER:FR:Line::B10C45A0-C32C-4232-85F2-4BB81B810084::87686667:87723197:11:2301:20260629,18:37:00,18:38:00,StopPoint:OCETrain TER-87683003,1,,0,0,
OCESN17779F1187_F:TER:FR:Line::B10C45A0-C32C-4232-85F2-4BB81B810084::87686667:87713040:10:2027:20260912,18:30:00,18:32:00,StopPoint:OCETrain TER-87683003,1,,0,0,
OCESN17779F1187_F:TER:FR:Line::B10C45A0-C32C-4232-85F2-4BB81B810084::87686667:87722025:20:2300:20260830,18:35:00,18:37:00,StopPoint:OCETrain TER-87683003,1,,0,0,
OCESN17779F1187_F:TER:FR:Line::B10C45A0-C32C-4232-85F2-4BB81B810084::87547000:87713040:10:2027:20260502,18:30:00,18:32:00,StopPoint:OCETrain TER-87683003,1,,0,0,
OCESN17779F1187_F:TER:FR:Line::B10C45A0-C32C-4232-85F2-4BB81B810084::87686667:87683268:4:1856:20260425,18:30:00,18:32:00,StopPoint:OCETrain TER-87683003,1,,0,0,
OCESN17779F1187_F:TER:FR:Line::B10C45A0-C32C-4232-85F2-4BB81B810084::87686006:87713040:10:2027:20260523,18:30:00,18:32:00,StopPoint:OCETrain TER-87683003,1,,0,0,
OCESN17779F1187_F:TER:FR:Line::B10C45A0-C32C-4232-85F2-4BB81B810084::87686667:87723197:19:2245:20260621,18:34:00,18:36:00,StopPoint:OCETrain TER-87683003,1,,0,0,
OCESN17779F1187_F:TER:FR:Line::B10C45A0-C32C-4232-85F2-4BB81B810084::87686667:87722025:20:2300:20260510,18:30:00,18:32:00,StopPoint:OCETrain TER-87683003,1,,0,0,
OCESN17779F1187_F:TER:FR:Line::B10C45A0-C32C-4232-85F2-4BB81B810084::87686667:87722025:20:2300:20260503,18:30:00,18:32:00,StopPoint:OCETrain TER-87683003,1,,0,0,
OCESN17779F1187_F:TER:FR:Line::B10C45A0-C32C-4232-85F2-4BB81B810084::87686667:87713040:10:2027:20260829,18:35:00,18:37:00,StopPoint:OCETrain TER-87683003,1,,0,0,
OCESN17779F1187_F:TER:FR:Line::B10C45A0-C32C-4232-85F2-4BB81B810084::87686667:87722025:20:2300:20260719,18:36:00,18:38:00,StopPoint:OCETrain TER-87683003,1,,0,0,
OCESN17779F1187_F:TER:FR:Line::B10C45A0-C32C-4232-85F2-4BB81B810084::87686667:87723197:19:2244:20260525,18:34:00,18:36:00,StopPoint:OCETrain TER-87683003,1,,0,0,
OCESN17779F1187_F:TER:FR:Line::B10C45A0-C32C-4232-85F2-4BB81B810084::87686667:87723197:19:2244:20260607,18:34:00,18:36:00,StopPoint:OCETrain TER-87683003,1,,0,0,
OCESN17779F1187_F:TER:FR:Line::B10C45A0-C32C-4232-85F2-4BB81B810084::87686667:87722025:20:2300:20260614,18:30:00,18:32:00,StopPoint:OCETrain TER-87683003,1,,0,0,
OCESN17779F1187_F:TER:FR:Line::B10C45A0-C32C-4232-85F2-4BB81B810084::87686667:87722025:20:2300:20260531,18:34:00,18:36:00,StopPoint:OCETrain TER-87683003,1,,0,0,
OCESN17779F1187_F:TER:FR:Line::B10C45A0-C32C-4232-85F2-4BB81B810084::87686667:87722025:19:2250:20260913,18:30:00,18:32:00,StopPoint:OCETrain TER-87683003,1,,0,0,
OCESN17779F1187_F:TER:FR:Line::B10C45A0-C32C-4232-85F2-4BB81B810084::87686667:87723197:19:2244:20260930,18:32:00,18:34:00,StopPoint:OCETrain TER-87683003,1,,0,0,
OCESN17779F1187_F:TER:FR:Line::B10C45A0-C32C-4232-85F2-4BB81B810084::87686667:87713040:10:2027:20260509,18:30:00,18:32:00,StopPoint:OCETrain TER-87683003,1,,0,0,
OCESN17779F1187_F:TER:FR:Line::B10C45A0-C32C-4232-85F2-4BB81B810084::87686667:87713040:10:2027:20260714,18:34:00,18:36:00,StopPoint:OCETrain TER-87683003,1,,0,0,
OCESN17779F1187_F:TER:FR:Line::B10C45A0-C32C-4232-85F2-4BB81B810084::87686667:87713040:10:2027:20260718,18:34:00,18:36:00,StopPoint:OCETrain TER-87683003,1,,0,0,
OCESN17779F1187_F:TER:FR:Line::B10C45A0-C32C-4232-85F2-4BB81B810084::87686667:87723197:19:2244:20260904,18:39:00,18:41:00,StopPoint:OCETrain TER-87683003,1,,0,0,
OCESN17779F1187_F:TER:FR:Line::B10C45A0-C32C-4232-85F2-4BB81B810084::87686667:87722025:20:2300:20260802,18:34:00,18:36:00,StopPoint:OCETrain TER-87683003,1,,0,0,
OCESN17779F1187_F:TER:FR:Line::B10C45A0-C32C-4232-85F2-4BB81B810084::87686667:87723197:19:2244:20260529,18:39:00,18:41:00,StopPoint:OCETrain TER-87683003,1,,0,0,
OCESN17779F1187_F:TER:FR:Line::B10C45A0-C32C-4232-85F2-4BB81B810084::87686667:87722025:20:2300:20260524,18:30:00,18:32:00,StopPoint:OCETrain TER-87683003,1,,0,0,
OCESN17779F1187_F:TER:FR:Line::B10C45A0-C32C-4232-85F2-4BB81B810084::87686667:87723197:19:2244:20260522,18:32:00,18:34:00,StopPoint:OCETrain TER-87683003,1,,0,0,
OCESN17779F1187_F:TER:FR:Line::B10C45A0-C32C-4232-85F2-4BB81B810084::87547000:87725689:15:2158:20260501,18:30:00,18:32:00,StopPoint:OCETrain TER-87683003,1,,0,0,
OCESN17779F1187_F:TER:FR:Line::B10C45A0-C32C-4232-85F2-4BB81B810084::87686667:87725689:15:2152:20260514,18:30:00,18:32:00,StopPoint:OCETrain TER-87683003,1,,0,0,
OCESN17779F1187_F:TER:FR:Line::B10C45A0-C32C-4232-85F2-4BB81B810084::87686667:87713040:10:2027:20260508,18:30:00,18:32:00,StopPoint:OCETrain TER-87683003,1,,0,0,
OCESN17779F1187_F:TER:FR:Line::B10C45A0-C32C-4232-85F2-4BB81B810084::87686667:87722025:20:2300:20260426,18:30:00,18:32:00,StopPoint:OCETrain TER-87683003,1,,0,0,
OCESN17779F1187_F:TER:FR:Line::B10C45A0-C32C-4232-85F2-4BB81B810084::87686667:87723197:19:2244:20260424,18:32:00,18:34:00,StopPoint:OCETrain TER-87683003,1,,0,0,
OCESN17781F1187_F:TER:FR:Line::B10C45A0-C32C-4232-85F2-4BB81B810084::87686667:87713040:10:2226:20260731,20:37:00,20:38:00,StopPoint:OCETrain TER-87683003,1,,0,0,
OCESN17781F1187_F:TER:FR:Line::B10C45A0-C32C-4232-85F2-4BB81B810084::87686667:87713040:10:2225:20260510,20:30:00,20:32:00,StopPoint:OCETrain TER-87683003,1,,0,0,
OCESN17781F1187_F:TER:FR:Line::B10C45A0-C32C-4232-85F2-4BB81B810084::87686667:87713040:10:2225:20260802,20:31:00,20:33:00,StopPoint:OCETrain TER-87683003,1,,0,0,
OCESN17781F1187_F:TER:FR:Line::B10C45A0-C32C-4232-85F2-4BB81B810084::87686667:87713040:10:2228:20260717,20:37:00,20:39:00,StopPoint:OCETrain TER-87683003,1,,0,0,
OCESN17781F1187_F:TER:FR:Line::B10C45A0-C32C-4232-85F2-4BB81B810084::87686667:87713040:10:2225:20260714,20:31:00,20:33:00,StopPoint:OCETrain TER-87683003,1,,0,0,
OCESN17781F1187_F:TER:FR:Line::B10C45A0-C32C-4232-85F2-4BB81B810084::87686667:87713040:10:2225:20260614,20:30:00,20:32:00,StopPoint:OCETrain TER-87683003,1,,0,0,
OCESN17781F1187_F:TER:FR:Line::B10C45A0-C32C-4232-85F2-4BB81B810084::87686667:87713040:10:2225:20260913,20:30:00,20:32:00,StopPoint:OCETrain TER-87683003,1,,0,0,
OCESN17781F1187_F:TER:FR:Line::B10C45A0-C32C-4232-85F2-4BB81B810084::87686667:87683268:4:2057:20260425,20:30:00,20:32:00,StopPoint:OCETrain TER-87683003,1,,0,0,
OCESN17781F1187_F:TER:FR:Line::B10C45A0-C32C-4232-85F2-4BB81B810084::87686667:87713040:10:2225:20260906,20:31:00,20:33:00,StopPoint:OCETrain TER-87683003,1,,0,0,
OCESN17781F1187_F:TER:FR:Line::B10C45A0-C32C-4232-85F2-4BB81B810084::87547000:87713040:10:2225:20260502,20:31:00,20:33:00,StopPoint:OCETrain TER-87683003,1,,0,0,
OCESN17781F1187_F:TER:FR:Line::B10C45A0-C32C-4232-85F2-4BB81B810084::87686006:87713040:10:2225:20260523,20:30:00,20:32:00,StopPoint:OCETrain TER-87683003,1,,0,0,
OCESN17781F1187_F:TER:FR:Line::B10C45A0-C32C-4232-85F2-4BB81B810084::87686667:87713040:10:2228:20260904,20:37:00,20:39:00,StopPoint:OCETrain TER-87683003,1,,0,0,
OCESN17781F1187_F:TER:FR:Line::B10C45A0-C32C-4232-85F2-4BB81B810084::87686667:87713040:10:2228:20260814,20:38:00,20:40:00,StopPoint:OCETrain TER-87683003,1,,0,0,
OCESN17781F1187_F:TER:FR:Line::B10C45A0-C32C-4232-85F2-4BB81B810084::87686667:87713040:10:2225:20260930,20:32:00,20:34:00,StopPoint:OCETrain TER-87683003,1,,0,0,
OCESN17781F1187_F:TER:FR:Line::B10C45A0-C32C-4232-85F2-4BB81B810084::87686667:87713040:10:2225:20260719,20:31:00,20:33:00,StopPoint:OCETrain TER-87683003,1,,0,0,
OCESN17781F1187_F:TER:FR:Line::B10C45A0-C32C-4232-85F2-4BB81B810084::87686667:87713040:10:2225:20260830,20:31:00,20:33:00,StopPoint:OCETrain TER-87683003,1,,0,0,
OCESN17781F1187_F:TER:FR:Line::B10C45A0-C32C-4232-85F2-4BB81B810084::87686667:87713040:10:2225:20260524,20:30:00,20:32:00,StopPoint:OCETrain TER-87683003,1,,0,0,
OCESN21901F1187_F:TER:FR:Line::B10C45A0-C32C-4232-85F2-4BB81B810084::87686667:87723197:16:1340:20260801,09:23:00,09:25:00,StopPoint:OCETrain TER-87683003,1,,0,0,
OCESN21901F1187_F:TER:FR:Line::B10C45A0-C32C-4232-85F2-4BB81B810084::87686667:87723197:16:1340:20260711,09:23:00,09:25:00,StopPoint:OCETrain TER-87683003,1,,0,0,
OCESN21901F1187_F:TER:FR:Line::B10C45A0-C32C-4232-85F2-4BB81B810084::87547000:87723197:16:1340:20260501,09:17:00,09:19:00,StopPoint:OCETrain TER-87683003,1,,0,0,
OCESN21901F1187_F:TER:FR:Line::B10C45A0-C32C-4232-85F2-4BB81B810084::87686006:87723197:16:1340:20260523,09:15:00,09:17:00,StopPoint:OCETrain TER-87683003,1,,0,0,
OCESN21901F1187_F:TER:FR:Line::B10C45A0-C32C-4232-85F2-4BB81B810084::87686667:87723197:16:1340:20260815,09:23:00,09:25:00,StopPoint:OCETrain TER-87683003,1,,0,0,
OCESN21903F1187_F:TER:FR:Line::B10C45A0-C32C-4232-85F2-4BB81B810084::87686006:87713040:10:1335:20260523,11:37:00,11:38:00,StopPoint:OCETrain TER-87683003,1,,0,0,
OCESN21903F1187_F:TER:FR:Line::B10C45A0-C32C-4232-85F2-4BB81B810084::87686667:87713040:10:1335:20260514,11:37:00,11:38:00,StopPoint:OCETrain TER-87683003,1,,0,0,
OCESN21905F1187_F:TER:FR:Line::B10C45A0-C32C-4232-85F2-4BB81B810084::87686667:87713040:10:2113:20260830,19:22:00,19:24:00,StopPoint:OCETrain TER-87683003,1,,0,0,
OCESN21905F1187_F:TER:FR:Line::B10C45A0-C32C-4232-85F2-4BB81B810084::87686667:87713040:10:2115:20260525,19:18:00,19:22:00,StopPoint:OCETrain TER-87683003,1,,0,0,
OCESN21905F1187_F:TER:FR:Line::B10C45A0-C32C-4232-85F2-4BB81B810084::87686667:87713040:10:2115:20260517,19:23:00,19:25:00,StopPoint:OCETrain TER-87683003,1,,0,0,
OCESN21905F1187_F:TER:FR:Line::B10C45A0-C32C-4232-85F2-4BB81B810084::87686667:87713040:10:2133:20260510,19:36:00,19:38:00,StopPoint:OCETrain TER-87683003,1,,0,0,
OCESN21907F1187_F:TER:FR:Line::B10C45A0-C32C-4232-85F2-4BB81B810084::87686667:87683268:4:2230:20260510,22:03:00,22:05:00,StopPoint:OCETrain TER-87683003,1,,0,0,
OCESN21907F1187_F:TER:FR:Line::B10C45A0-C32C-4232-85F2-4BB81B810084::87686667:87683268:4:2234:20260525,22:09:00,22:11:00,StopPoint:OCETrain TER-87683003,1,,0,0,
OCESN21907F1187_F:TER:FR:Line::B10C45A0-C32C-4232-85F2-4BB81B810084::87686667:87683268:4:2233:20260802,22:08:00,22:10:00,StopPoint:OCETrain TER-87683003,1,,0,0,
OCESN21907F1187_F:TER:FR:Line::B10C45A0-C32C-4232-85F2-4BB81B810084::87686667:87683268:4:2232:20260714,22:07:00,22:09:00,StopPoint:OCETrain TER-87683003,1,,0,0,
OCESN21907F1187_F:TER:FR:Line::B10C45A0-C32C-4232-85F2-4BB81B810084::87686667:87683268:4:2237:20260531,22:12:00,22:14:00,StopPoint:OCETrain TER-87683003,1,,0,0,
OCESN21907F1187_F:TER:FR:Line::B10C45A0-C32C-4232-85F2-4BB81B810084::87686667:87683268:4:2235:20260830,22:10:00,22:12:00,StopPoint:OCETrain TER-87683003,1,,0,0,
OCESN21907F1187_F:TER:FR:Line::B10C45A0-C32C-4232-85F2-4BB81B810084::87686667:87683268:4:2235:20260628,22:10:00,22:12:00,StopPoint:OCETrain TER-87683003,1,,0,0,
OCESN21907F1187_F:TER:FR:Line::B10C45A0-C32C-4232-85F2-4BB81B810084::87686667:87683268:4:2239:20260607,22:15:00,22:16:00,StopPoint:OCETrain TER-87683003,1,,0,0,
OCESN21907F1187_F:TER:FR:Line::B10C45A0-C32C-4232-85F2-4BB81B810084::87686667:87683268:4:2230:20260927,22:03:00,22:05:00,StopPoint:OCETrain TER-87683003,1,,0,0,
OCESN21907F1187_F:TER:FR:Line::B10C45A0-C32C-4232-85F2-4BB81B810084::87686667:87683268:4:2233:20260906,22:08:00,22:10:00,StopPoint:OCETrain TER-87683003,1,,0,0,
OCESN21907F1187_F:TER:FR:Line::B10C45A0-C32C-4232-85F2-4BB81B810084::87686667:87683268:4:2230:20260517,22:03:00,22:05:00,StopPoint:OCETrain TER-87683003,1,,0,0,
OCESN21909F1187_F:TER:FR:Line::0A658222-AADD-44FF-B769-75FEE61C107E::87686667:87683268:4:1032:20260514,10:00:00,10:02:00,StopPoint:OCETrain TER-87683003,1,,0,0,
OCESN21912F1187_F:TER:FR:Line::B10C45A0-C32C-4232-85F2-4BB81B810084::87713040:87686667:10:1750:20260503,16:39:00,16:41:00,StopPoint:OCETrain TER-87683003,8,,0,0,
OCESN21912F1187_F:TER:FR:Line::B10C45A0-C32C-4232-85F2-4BB81B810084::87713040:87686667:10:1804:20260510,16:40:00,16:42:00,StopPoint:OCETrain TER-87683003,8,,0,0,
OCESN21912F1187_F:TER:FR:Line::B10C45A0-C32C-4232-85F2-4BB81B810084::87713040:87686667:10:1750:20260517,16:40:00,16:42:00,StopPoint:OCETrain TER-87683003,8,,0,0,
OCESN21912F1187_F:TER:FR:Line::B10C45A0-C32C-4232-85F2-4BB81B810084::87713040:87686667:10:1750:20260830,16:38:00,16:40:00,StopPoint:OCETrain TER-87683003,8,,0,0,
OCESN21916F1187_F:TER:FR:Line::B10C45A0-C32C-4232-85F2-4BB81B810084::87723197:87686667:16:2035:20260517,19:19:00,19:20:00,StopPoint:OCETrain TER-87683003,14,,0,0,
OCESN21916F1187_F:TER:FR:Line::B10C45A0-C32C-4232-85F2-4BB81B810084::87723197:87686667:16:2038:20260525,19:16:00,19:17:00,StopPoint:OCETrain TER-87683003,14,,0,0,
OCESN21916F1187_F:TER:FR:Line::B10C45A0-C32C-4232-85F2-4BB81B810084::87723197:87686667:16:2049:20260531,19:18:00,19:19:00,StopPoint:OCETrain TER-87683003,14,,0,0,
OCESN21916F1187_F:TER:FR:Line::B10C45A0-C32C-4232-85F2-4BB81B810084::87723197:87686667:16:2035:20260830,19:17:00,19:18:00,StopPoint:OCETrain TER-87683003,14,,0,0,
OCESN21916F1187_F:TER:FR:Line::B10C45A0-C32C-4232-85F2-4BB81B810084::87723197:87686667:16:2037:20260927,19:20:00,19:21:00,StopPoint:OCETrain TER-87683003,14,,0,0,
OCESN21916F1187_F:TER:FR:Line::B10C45A0-C32C-4232-85F2-4BB81B810084::87723197:87686667:16:2041:20260913,19:19:00,19:20:00,StopPoint:OCETrain TER-87683003,14,,0,0,
OCESN21916F1187_F:TER:FR:Line::B10C45A0-C32C-4232-85F2-4BB81B810084::87723197:87686667:16:2035:20260802,19:18:00,19:19:00,StopPoint:OCETrain TER-87683003,14,,0,0,
OCESN21916F1187_F:TER:FR:Line::B10C45A0-C32C-4232-85F2-4BB81B810084::87723197:87686667:16:2002:20260628,18:44:00,18:45:00,StopPoint:OCETrain TER-87683003,14,,0,0,
OCESN21916F1187_F:TER:FR:Line::B10C45A0-C32C-4232-85F2-4BB81B810084::87723197:87686667:16:2041:20260906,19:19:00,19:20:00,StopPoint:OCETrain TER-87683003,14,,0,0,
OCESN21916F1187_F:TER:FR:Line::B10C45A0-C32C-4232-85F2-4BB81B810084::87723197:87686667:16:2034:20260510,19:17:00,19:18:00,StopPoint:OCETrain TER-87683003,14,,0,0,
OCESN21916F1187_F:TER:FR:Line::B10C45A0-C32C-4232-85F2-4BB81B810084::87723197:87686667:16:2003:20260607,18:44:00,18:45:00,StopPoint:OCETrain TER-87683003,14,,0,0,
OCESN424210R1187_R:CTE:FR:Line::769AD820-F58A-410A-9C2A-CB0BA7789DAB::87574004:87744243:5:1225:20260421,11:10:00,11:10:00,StopPoint:OCECar TER-87574194,1,,0,0,
OCESN424215R1187_R:CTE:FR:Line::769AD820-F58A-410A-9C2A-CB0BA7789DAB::87744243:87571000:6:1330:20260424,11:45:00,11:45:00,StopPoint:OCECar TER-87574194,3,,0,0,
OCESN424216R1187_R:CTE:FR:Line::769AD820-F58A-410A-9C2A-CB0BA7789DAB::87574004:87744243:5:1455:20260424,13:40:00,13:40:00,StopPoint:OCECar TER-87574194,1,,0,0,
OCESN424217R1187_R:CTE:FR:Line::769AD820-F58A-410A-9C2A-CB0BA7789DAB::87744243:87574004:5:1425:20260424,13:45:00,13:45:00,StopPoint:OCECar TER-87574194,3,,0,0,
OCESN427701R1187_R:CTE:FR:Line::F5BCEFBC-8297-4542-9B8C-14358B248111::87171553:87171009:6:1124:20260424,10:36:00,10:36:00,StopPoint:OCECar TER-87171587,3,,0,0,
OCESN427702R1187_R:CTE:FR:Line::F5BCEFBC-8297-4542-9B8C-14358B248111::87171009:87171553:6:1211:20260424,11:37:00,11:37:00,StopPoint:OCECar TER-87171587,2,,0,0,
OCESN427703R1187_R:CTE:FR:Line::F5BCEFBC-8297-4542-9B8C-14358B248111::87171553:87171009:6:1224:20260424,11:36:00,11:36:00,StopPoint:OCECar TER-87171587,3,,0,0,
OCESN427704R1187_R:CTE:FR:Line::F5BCEFBC-8297-4542-9B8C-14358B248111::87171009:87171553:6:1311:20260424,12:37:00,12:37:00,StopPoint:OCECar TER-87171587,2,,0,0,
OCESN427705R1187_R:CTE:FR:Line::F5BCEFBC-8297-4542-9B8C-14358B248111::87171553:87171009:6:1324:20260424,12:36:00,12:36:00,StopPoint:OCECar TER-87171587,3,,0,0,
OCESN427706R1187_R:CTE:FR:Line::F5BCEFBC-8297-4542-9B8C-14358B248111::87171009:87171553:6:1411:20260424,13:37:00,13:37:00,StopPoint:OCECar TER-87171587,2,,0,0,
OCESN427707R1187_R:CTE:FR:Line::F5BCEFBC-8297-4542-9B8C-14358B248111::87171553:87171009:6:1424:20260424,13:36:00,13:36:00,StopPoint:OCECar TER-87171587,3,,0,0,
OCESN427708R1187_R:CTE:FR:Line::F5BCEFBC-8297-4542-9B8C-14358B248111::87171009:87171553:6:1511:20260424,14:37:00,14:37:00,StopPoint:OCECar TER-87171587,2,,0,0,
OCESN427709R1187_R:CTE:FR:Line::F5BCEFBC-8297-4542-9B8C-14358B248111::87171553:87171009:6:1524:20260424,14:36:00,14:36:00,StopPoint:OCECar TER-87171587,3,,0,0,
OCESN427710R1187_R:CTE:FR:Line::F5BCEFBC-8297-4542-9B8C-14358B248111::87171009:87171553:6:1541:20260424,15:07:00,15:07:00,StopPoint:OCECar TER-87171587,2,,0,0,
OCESN453019R1187_R:CTE:FR:Line::3ebed947-d25a-4cb1-ad23-a6db52a6f082::87581009:87581389:15:1320:20260930,10:25:00,10:25:00,StopPoint:OCECar TER-87278259,1,,0,0,
OCESN453019R1187_R:CTE:FR:Line::3ebed947-d25a-4cb1-ad23-a6db52a6f082::87581009:87581389:15:1320:20260930,10:35:00,10:35:00,StopPoint:OCECar TER-87581538,2,,0,0,
OCESN453019R1187_R:CTE:FR:Line::3ebed947-d25a-4cb1-ad23-a6db52a6f082::87581009:87581389:15:1320:20260930,10:50:00,10:50:00,StopPoint:OCECar TER-87738096,3,,0,0,
OCESN453019R1187_R:CTE:FR:Line::3ebed947-d25a-4cb1-ad23-a6db52a6f082::87581009:87581389:15:1320:20260930,10:55:00,10:55:00,StopPoint:OCECar TER-87581736,4,,0,0,
OCESN453019R1187_R:CTE:FR:Line::3ebed947-d25a-4cb1-ad23-a6db52a6f082::87581009:87581389:15:1320:20260930,11:05:00,11:05:00,StopPoint:OCECar TER-87581728,5,,0,0,
OCESN453020R1187_R:CTE:FR:Line::3ebed947-d25a-4cb1-ad23-a6db52a6f082::87581389:87581009:15:1301:20260930,11:55:00,11:55:00,StopPoint:OCECar TER-87581728,9,,0,0,
OCESN453020R1187_R:CTE:FR:Line::3ebed947-d25a-4cb1-ad23-a6db52a6f082::87581389:87581009:15:1301:20260930,12:05:00,12:05:00,StopPoint:OCECar TER-87581736,10,,0,0,
OCESN453020R1187_R:CTE:FR:Line::3ebed947-d25a-4cb1-ad23-a6db52a6f082::87581389:87581009:15:1301:20260930,12:11:00,12:11:00,StopPoint:OCECar TER-87738096,11,,0,0,
OCESN453020R1187_R:CTE:FR:Line::3ebed947-d25a-4cb1-ad23-a6db52a6f082::87581389:87581009:15:1301:20260930,12:26:00,12:26:00,StopPoint:OCECar TER-87581538,12,,0,0,
OCESN453020R1187_R:CTE:FR:Line::3ebed947-d25a-4cb1-ad23-a6db52a6f082::87581389:87581009:15:1301:20260930,12:36:00,12:36:00,StopPoint:OCECar TER-87278259,13,,0,0,
OCESN453025R1187_R:CTE:FR:Line::3ebed947-d25a-4cb1-ad23-a6db52a6f082::87581009:87581314:13:1337:20260930,11:25:00,11:25:00,StopPoint:OCECar TER-87278259,1,,0,0,
OCESN453025R1187_R:CTE:FR:Line::3ebed947-d25a-4cb1-ad23-a6db52a6f082::87581009:87581314:13:1337:20260930,11:35:00,11:35:00,StopPoint:OCECar TER-87581538,2,,0,0,
OCESN453025R1187_R:CTE:FR:Line::3ebed947-d25a-4cb1-ad23-a6db52a6f082::87581009:87581314:13:1337:20260930,11:50:00,11:50:00,StopPoint:OCECar TER-87738096,3,,0,0,
OCESN453025R1187_R:CTE:FR:Line::3ebed947-d25a-4cb1-ad23-a6db52a6f082::87581009:87581314:13:1337:20260930,11:55:00,11:55:00,StopPoint:OCECar TER-87581736,4,,0,0,
OCESN453025R1187_R:CTE:FR:Line::3ebed947-d25a-4cb1-ad23-a6db52a6f082::87581009:87581314:13:1337:20260930,12:05:00,12:05:00,StopPoint:OCECar TER-87581728,5,,0,0,
OCESN453026R1187_R:CTE:FR:Line::3ebed947-d25a-4cb1-ad23-a6db52a6f082::87581314:87581009:13:1401:20260930,12:55:00,12:55:00,StopPoint:OCECar TER-87581728,7,,0,0,
OCESN453026R1187_R:CTE:FR:Line::3ebed947-d25a-4cb1-ad23-a6db52a6f082::87581314:87581009:13:1401:20260930,13:05:00,13:05:00,StopPoint:OCECar TER-87581736,8,,0,0,
OCESN453026R1187_R:CTE:FR:Line::3ebed947-d25a-4cb1-ad23-a6db52a6f082::87581314:87581009:13:1401:20260930,13:11:00,13:11:00,StopPoint:OCECar TER-87738096,9,,0,0,
OCESN453026R1187_R:CTE:FR:Line::3ebed947-d25a-4cb1-ad23-a6db52a6f082::87581314:87581009:13:1401:20260930,13:26:00,13:26:00,StopPoint:OCECar TER-87581538,10,,0,0,
OCESN453026R1187_R:CTE:FR:Line::3ebed947-d25a-4cb1-ad23-a6db52a6f082::87581314:87581009:13:1401:20260930,13:36:00,13:36:00,StopPoint:OCECar TER-87278259,11,,0,0,
OCESN453029R1187_R:CTE:FR:Line::3ebed947-d25a-4cb1-ad23-a6db52a6f082::87581009:87581314:13:1437:20260930,12:25:00,12:25:00,StopPoint:OCECar TER-87278259,1,,0,0,
OCESN453029R1187_R:CTE:FR:Line::3ebed947-d25a-4cb1-ad23-a6db52a6f082::87581009:87581314:13:1437:20260930,12:35:00,12:35:00,StopPoint:OCECar TER-87581538,2,,0,0,
OCESN453029R1187_R:CTE:FR:Line::3ebed947-d25a-4cb1-ad23-a6db52a6f082::87581009:87581314:13:1437:20260930,12:50:00,12:50:00,StopPoint:OCECar TER-87738096,3,,0,0,
OCESN453029R1187_R:CTE:FR:Line::3ebed947-d25a-4cb1-ad23-a6db52a6f082::87581009:87581314:13:1437:20260930,12:55:00,12:55:00,StopPoint:OCECar TER-87581736,4,,0,0,
OCESN453029R1187_R:CTE:FR:Line::3ebed947-d25a-4cb1-ad23-a6db52a6f082::87581009:87581314:13:1437:20260930,13:05:00,13:05:00,StopPoint:OCECar TER-87581728,5,,0,0,
OCESN453032R1187_R:CTE:FR:Line::3ebed947-d25a-4cb1-ad23-a6db52a6f082::87581389:87581009:15:1601:20260930,14:55:00,14:55:00,StopPoint:OCECar TER-87581728,9,,0,0,
OCESN453032R1187_R:CTE:FR:Line::3ebed947-d25a-4cb1-ad23-a6db52a6f082::87581389:87581009:15:1601:20260930,15:05:00,15:05:00,StopPoint:OCECar TER-87581736,10,,0,0,
OCESN453032R1187_R:CTE:FR:Line::3ebed947-d25a-4cb1-ad23-a6db52a6f082::87581389:87581009:15:1601:20260930,15:11:00,15:11:00,StopPoint:OCECar TER-87738096,11,,0,0,
OCESN453032R1187_R:CTE:FR:Line::3ebed947-d25a-4cb1-ad23-a6db52a6f082::87581389:87581009:15:1601:20260930,15:26:00,15:26:00,StopPoint:OCECar TER-87581538,12,,0,0,
OCESN453032R1187_R:CTE:FR:Line::3ebed947-d25a-4cb1-ad23-a6db52a6f082::87581389:87581009:15:1601:20260930,15:36:00,15:36:00,StopPoint:OCECar TER-87278259,13,,0,0,
OCESN453034R1187_R:CTE:FR:Line::3ebed947-d25a-4cb1-ad23-a6db52a6f082::87581314:87581009:13:1701:20260930,15:55:00,15:55:00,StopPoint:OCECar TER-87581728,7,,0,0,
OCESN453034R1187_R:CTE:FR:Line::3ebed947-d25a-4cb1-ad23-a6db52a6f082::87581314:87581009:13:1701:20260930,16:05:00,16:05:00,StopPoint:OCECar TER-87581736,8,,0,0,
OCESN453034R1187_R:CTE:FR:Line::3ebed947-d25a-4cb1-ad23-a6db52a6f082::87581314:87581009:13:1701:20260930,16:11:00,16:11:00,StopPoint:OCECar TER-87738096,9,,0,0,
OCESN453034R1187_R:CTE:FR:Line::3ebed947-d25a-4cb1-ad23-a6db52a6f082::87581314:87581009:13:1701:20260930,16:26:00,16:26:00,StopPoint:OCECar TER-87581538,10,,0,0,
OCESN453034R1187_R:CTE:FR:Line::3ebed947-d25a-4cb1-ad23-a6db52a6f082::87581314:87581009:13:1701:20260930,16:36:00,16:36:00,StopPoint:OCECar TER-87278259,11,,0,0,
OCESN453035R1187_R:CTE:FR:Line::3ebed947-d25a-4cb1-ad23-a6db52a6f082::87581009:87581389:15:1720:20260930,14:25:00,14:25:00,StopPoint:OCECar TER-87278259,1,,0,0,
OCESN453035R1187_R:CTE:FR:Line::3ebed947-d25a-4cb1-ad23-a6db52a6f082::87581009:87581389:15:1720:20260930,14:35:00,14:35:00,StopPoint:OCECar TER-87581538,2,,0,0,
OCESN453035R1187_R:CTE:FR:Line::3ebed947-d25a-4cb1-ad23-a6db52a6f082::87581009:87581389:15:1720:20260930,14:50:00,14:50:00,StopPoint:OCECar TER-87738096,3,,0,0,
OCESN453035R1187_R:CTE:FR:Line::3ebed947-d25a-4cb1-ad23-a6db52a6f082::87581009:87581389:15:1720:20260930,14:55:00,14:55:00,StopPoint:OCECar TER-87581736,4,,0,0,
OCESN453035R1187_R:CTE:FR:Line::3ebed947-d25a-4cb1-ad23-a6db52a6f082::87581009:87581389:15:1720:20260930,15:05:00,15:05:00,StopPoint:OCECar TER-87581728,5,,0,0,
OCESN453210R1187_R:CTE:FR:Line::6831fb72-94d3-417c-915f-b9656db78b1a::87582668:87581009:11:1019:20260517,09:41:00,09:41:00,StopPoint:OCECar TER-87581793,8,,0,0,
OCESN453210R1187_R:CTE:FR:Line::6831fb72-94d3-417c-915f-b9656db78b1a::87582668:87581009:11:1019:20260517,09:51:00,09:51:00,StopPoint:OCECar TER-87581751,9,,0,0,
OCESN453221R1187_R:CTE:FR:Line::6831fb72-94d3-417c-915f-b9656db78b1a::87581009:87582668:11:1521:20260524,13:38:00,13:38:00,StopPoint:OCECar TER-87581751,1,,0,0,
OCESN453221R1187_R:CTE:FR:Line::6831fb72-94d3-417c-915f-b9656db78b1a::87581009:87582668:11:1521:20260524,13:49:00,13:49:00,StopPoint:OCECar TER-87581793,2,,0,0,
OCESN453225R1187_R:CTE:FR:Line::6831fb72-94d3-417c-915f-b9656db78b1a::87581009:87582668:11:1421:20260516,12:38:00,12:38:00,StopPoint:OCECar TER-87581751,1,,0,0,
OCESN453225R1187_R:CTE:FR:Line::6831fb72-94d3-417c-915f-b9656db78b1a::87581009:87582668:11:1421:20260516,12:49:00,12:49:00,StopPoint:OCECar TER-87581793,2,,0,0,
OCESN453232R1187_R:CTE:FR:Line::6831fb72-94d3-417c-915f-b9656db78b1a::87582668:87581009:11:1419:20260524,13:41:00,13:41:00,StopPoint:OCECar TER-87581793,8,,0,0,
OCESN453232R1187_R:CTE:FR:Line::6831fb72-94d3-417c-915f-b9656db78b1a::87582668:87581009:11:1419:20260524,13:51:00,13:51:00,StopPoint:OCECar TER-87581751,9,,0,0,
OCESN453246R1187_R:CTE:FR:Line::6831fb72-94d3-417c-915f-b9656db78b1a::87582668:87581009:11:1919:20260524,18:41:00,18:41:00,StopPoint:OCECar TER-87581793,8,,0,0,
OCESN453246R1187_R:CTE:FR:Line::6831fb72-94d3-417c-915f-b9656db78b1a::87582668:87581009:11:1919:20260524,18:51:00,18:51:00,StopPoint:OCECar TER-87581751,9,,0,0,
OCESN453247R1187_R:CTE:FR:Line::6831fb72-94d3-417c-915f-b9656db78b1a::87581009:87582668:11:1921:20260524,17:38:00,17:38:00,StopPoint:OCECar TER-87581751,1,,0,0,
OCESN453247R1187_R:CTE:FR:Line::6831fb72-94d3-417c-915f-b9656db78b1a::87581009:87582668:11:1921:20260524,17:49:00,17:49:00,StopPoint:OCECar TER-87581793,2,,0,0,
OCESN453266R1187_R:CTE:FR:Line::6831fb72-94d3-417c-915f-b9656db78b1a::87582668:87581009:11:2319:20260524,22:41:00,22:41:00,StopPoint:OCECar TER-87581793,8,,0,0,
OCESN453266R1187_R:CTE:FR:Line::6831fb72-94d3-417c-915f-b9656db78b1a::87582668:87581009:11:2319:20260524,22:51:00,22:51:00,StopPoint:OCECar TER-87581751,9,,0,0,
OCESN453271R1187_R:CTE:FR:Line::6831fb72-94d3-417c-915f-b9656db78b1a::87581009:87582668:11:2451:20260524,23:08:00,23:08:00,StopPoint:OCECar TER-87581751,1,,0,0,
OCESN453271R1187_R:CTE:FR:Line::6831fb72-94d3-417c-915f-b9656db78b1a::87581009:87582668:11:2451:20260524,23:19:00,23:19:00,StopPoint:OCECar TER-87581793,2,,0,0,
OCESN453271R1187_R:CTE:FR:Line::6831fb72-94d3-417c-915f-b9656db78b1a::87581009:87582668:12:2448:20260702,22:55:00,22:55:00,StopPoint:OCECar TER-87748350,1,,0,0,
OCESN453271R1187_R:CTE:FR:Line::6831fb72-94d3-417c-915f-b9656db78b1a::87581009:87582668:12:2448:20260702,23:05:00,23:05:00,StopPoint:OCECar TER-87581751,2,,0,0,
OCESN453271R1187_R:CTE:FR:Line::6831fb72-94d3-417c-915f-b9656db78b1a::87581009:87582668:12:2448:20260702,23:16:00,23:16:00,StopPoint:OCECar TER-87581793,3,,0,0,
OCESN453311R1187_R:CTE:FR:Line::6831fb72-94d3-417c-915f-b9656db78b1a::87581009:87582668:11:1021:20260517,08:38:00,08:38:00,StopPoint:OCECar TER-87581751,1,,0,0,
OCESN453311R1187_R:CTE:FR:Line::6831fb72-94d3-417c-915f-b9656db78b1a::87581009:87582668:11:1021:20260517,08:49:00,08:49:00,StopPoint:OCECar TER-87581793,2,,0,0,
OCESN453318R1187_R:CTE:FR:Line::6831fb72-94d3-417c-915f-b9656db78b1a::87581009:87584516:10:1119:20260531,09:38:00,09:38:00,StopPoint:OCECar TER-87581595,1,,0,0,
OCESN453318R1187_R:CTE:FR:Line::6831fb72-94d3-417c-915f-b9656db78b1a::87581009:87584516:10:1119:20260531,09:45:00,09:45:00,StopPoint:OCECar TER-87581850,2,,0,0,
OCESN453319R1187_R:CTE:FR:Line::6831fb72-94d3-417c-915f-b9656db78b1a::87584516:87581009:10:1113:20260531,10:48:00,10:48:00,StopPoint:OCECar TER-87581850,7,,0,0,
OCESN453319R1187_R:CTE:FR:Line::6831fb72-94d3-417c-915f-b9656db78b1a::87584516:87581009:10:1113:20260531,10:55:00,10:55:00,StopPoint:OCECar TER-87581595,8,,0,0,
OCESN453329R1187_R:CTE:FR:Line::6831fb72-94d3-417c-915f-b9656db78b1a::87584516:87581009:10:1413:20260531,13:48:00,13:48:00,StopPoint:OCECar TER-87581850,7,,0,0,
OCESN453329R1187_R:CTE:FR:Line::6831fb72-94d3-417c-915f-b9656db78b1a::87584516:87581009:10:1413:20260531,13:55:00,13:55:00,StopPoint:OCECar TER-87581595,8,,0,0,
OCESN453330R1187_R:CTE:FR:Line::6831fb72-94d3-417c-915f-b9656db78b1a::87581009:87584516:10:1419:20260531,12:38:00,12:38:00,StopPoint:OCECar TER-87581595,1,,0,0,
OCESN453330R1187_R:CTE:FR:Line::6831fb72-94d3-417c-915f-b9656db78b1a::87581009:87584516:10:1419:20260531,12:45:00,12:45:00,StopPoint:OCECar TER-87581850,2,,0,0,
OCESN453350R1187_R:CTE:FR:Line::6831fb72-94d3-417c-915f-b9656db78b1a::87581009:87584516:10:2019:20260531,18:38:00,18:38:00,StopPoint:OCECar TER-87581595,1,,0,0,
OCESN453350R1187_R:CTE:FR:Line::6831fb72-94d3-417c-915f-b9656db78b1a::87581009:87584516:10:2019:20260531,18:45:00,18:45:00,StopPoint:OCECar TER-87581850,2,,0,0,
OCESN453353R1187_R:CTE:FR:Line::6831fb72-94d3-417c-915f-b9656db78b1a::87584516:87581009:10:2013:20260531,19:48:00,19:48:00,StopPoint:OCECar TER-87581850,7,,0,0,
OCESN453353R1187_R:CTE:FR:Line::6831fb72-94d3-417c-915f-b9656db78b1a::87584516:87581009:10:2013:20260531,19:55:00,19:55:00,StopPoint:OCECar TER-87581595,8,,0,0,
OCESN453711R1187_R:CTE:FR:Line::e0a06da9-7515-46e3-a790-975f9883185c::87581009:87582775:11:1102:20260525,09:50:00,09:50:00,StopPoint:OCECar TER-87581835,1,,0,0,
OCESN453712R1187_R:CTE:FR:Line::e0a06da9-7515-46e3-a790-975f9883185c::87582775:87581009:11:940:20260525,09:24:00,09:24:00,StopPoint:OCECar TER-87581835,9,,0,0,
OCESN453717R1187_R:CTE:FR:Line::e0a06da9-7515-46e3-a790-975f9883185c::87581009:87582775:11:1342:20260525,12:30:00,12:30:00,StopPoint:OCECar TER-87581835,1,,0,0,
OCESN453718R1187_R:CTE:FR:Line::e0a06da9-7515-46e3-a790-975f9883185c::87582775:87581009:11:1241:20260516,12:25:00,12:25:00,StopPoint:OCECar TER-87581835,9,,0,0,
OCESN453721R1187_R:CTE:FR:Line::e0a06da9-7515-46e3-a790-975f9883185c::87581009:87582775:11:1627:20260523,15:15:00,15:15:00,StopPoint:OCECar TER-87581835,1,,0,0,
OCESN453728R1187_R:CTE:FR:Line::e0a06da9-7515-46e3-a790-975f9883185c::87582775:87581009:11:1726:20260524,17:10:00,17:10:00,StopPoint:OCECar TER-87581835,9,,0,0,
OCESN453733R1187_R:CTE:FR:Line::e0a06da9-7515-46e3-a790-975f9883185c::87581009:87582775:11:2057:20260513,19:45:00,19:45:00,StopPoint:OCECar TER-87581835,1,,0,0,
OCESN453746R1187_R:CTE:FR:Line::e0a06da9-7515-46e3-a790-975f9883185c::87582775:87581009:11:1941:20260523,19:25:00,19:25:00,StopPoint:OCECar TER-87581835,9,,0,0,
OCESN453864R1187_R:CTE:FR:Line::e0a06da9-7515-46e3-a790-975f9883185c::87582775:87581009:11:921:20260516,09:05:00,09:05:00,StopPoint:OCECar TER-87581835,9,,0,0,
OCESN453867R1187_R:CTE:FR:Line::e0a06da9-7515-46e3-a790-975f9883185c::87581009:87582775:11:1307:20260516,11:55:00,11:55:00,StopPoint:OCECar TER-87581835,1,,0,0,
OCESN453870R1187_R:CTE:FR:Line::e0a06da9-7515-46e3-a790-975f9883185c::87582775:87581009:11:1421:20260524,14:05:00,14:05:00,StopPoint:OCECar TER-87581835,9,,0,0,
OCESN453870R1187_R:CTE:FR:Line::e0a06da9-7515-46e3-a790-975f9883185c::87582775:87581009:11:1421:20260525,14:05:00,14:05:00,StopPoint:OCECar TER-87581835,9,,0,0,
OCESN453871R1187_R:CTE:FR:Line::e0a06da9-7515-46e3-a790-975f9883185c::87581009:87582775:11:1707:20260524,15:55:00,15:55:00,StopPoint:OCECar TER-87581835,1,,0,0,
OCESN453874R1187_R:CTE:FR:Line::e0a06da9-7515-46e3-a790-975f9883185c::87582775:87581009:11:1626:20260523,16:10:00,16:10:00,StopPoint:OCECar TER-87581835,9,,0,0,
OCESN453875R1187_R:CTE:FR:Line::e0a06da9-7515-46e3-a790-975f9883185c::87581009:87582775:11:1912:20260513,18:00:00,18:00:00,StopPoint:OCECar TER-87581835,1,,0,0,
OCESN453876R1187_R:CTE:FR:Line::e0a06da9-7515-46e3-a790-975f9883185c::87582775:87581009:11:2006:20260513,19:50:00,19:50:00,StopPoint:OCECar TER-87581835,9,,0,0,
OCESN453877R1187_R:CTE:FR:Line::e0a06da9-7515-46e3-a790-975f9883185c::87581009:87582775:11:2007:20260523,18:55:00,18:55:00,StopPoint:OCECar TER-87581835,1,,0,0,
OCESN453878R1187_R:CTE:FR:Line::e0a06da9-7515-46e3-a790-975f9883185c::87582775:87581009:11:2021:20260524,20:05:00,20:05:00,StopPoint:OCECar TER-87581835,9,,0,0,
OCESN453879R1187_R:CTE:FR:Line::e0a06da9-7515-46e3-a790-975f9883185c::87581009:87582775:11:2107:20260524,19:55:00,19:55:00,StopPoint:OCECar TER-87581835,1,,0,0,
OCESN839900F1187_F:TER:FR:Line::F5BCEFBC-8297-4542-9B8C-14358B248111::87171009:87171553:8:523:20260928,05:05:00,05:06:00,StopPoint:OCETrain TER-87171587,4,,0,0,
OCESN839902F1187_F:TER:FR:Line::F5BCEFBC-8297-4542-9B8C-14358B248111::87171009:87171553:8:623:20260930,06:05:00,06:06:00,StopPoint:OCETrain TER-87171587,4,,0,0,
OCESN839903F1187_F:TER:FR:Line::F5BCEFBC-8297-4542-9B8C-14358B248111::87171553:87171009:8:716:20260926,06:57:00,06:58:00,StopPoint:OCETrain TER-87171587,3,,0,0,
OCESN839904F1187_F:TER:FR:Line::F5BCEFBC-8297-4542-9B8C-14358B248111::87171009:87171553:8:753:20260926,07:35:00,07:36:00,StopPoint:OCETrain TER-87171587,4,,0,0,
OCESN839905F1187_F:TER:FR:Line::F5BCEFBC-8297-4542-9B8C-14358B248111::87171553:87171009:8:729:20260930,07:05:00,07:07:00,StopPoint:OCETrain TER-87171587,3,,0,0,
OCESN839906F1187_F:TER:FR:Line::F5BCEFBC-8297-4542-9B8C-14358B248111::87171009:87171553:8:724:20260930,07:05:00,07:06:00,StopPoint:OCETrain TER-87171587,4,,0,0,
OCESN839910F1187_F:TER:FR:Line::F5BCEFBC-8297-4542-9B8C-14358B248111::87171009:87171553:8:823:20260930,08:05:00,08:06:00,StopPoint:OCETrain TER-87171587,4,,0,0,
OCESN839911F1187_F:TER:FR:Line::F5BCEFBC-8297-4542-9B8C-14358B248111::87171553:87171009:8:836:20260930,08:18:00,08:19:00,StopPoint:OCETrain TER-87171587,3,,0,0,
OCESN839914F1187_F:TER:FR:Line::F5BCEFBC-8297-4542-9B8C-14358B248111::87171009:87171553:8:923:20260930,09:05:00,09:06:00,StopPoint:OCETrain TER-87171587,4,,0,0,
OCESN839915F1187_F:TER:FR:Line::F5BCEFBC-8297-4542-9B8C-14358B248111::87171553:87171009:8:936:20260930,09:18:00,09:19:00,StopPoint:OCETrain TER-87171587,3,,0,0,
OCESN839916F1187_F:TER:FR:Line::F5BCEFBC-8297-4542-9B8C-14358B248111::87171009:87171553:8:953:20260714,09:35:00,09:36:00,StopPoint:OCETrain TER-87171587,4,,0,0,
OCESN839916F1187_F:TER:FR:Line::F5BCEFBC-8297-4542-9B8C-14358B248111::87171009:87171553:8:953:20260927,09:35:00,09:36:00,StopPoint:OCETrain TER-87171587,4,,0,0,
OCESN839917F1187_F:TER:FR:Line::F5BCEFBC-8297-4542-9B8C-14358B248111::87171553:87171009:8:1036:20260930,10:18:00,10:19:00,StopPoint:OCETrain TER-87171587,3,,0,0,
OCESN839918F1187_F:TER:FR:Line::F5BCEFBC-8297-4542-9B8C-14358B248111::87171009:87171553:8:1023:20260930,10:05:00,10:06:00,StopPoint:OCETrain TER-87171587,4,,0,0,
OCESN839919F1187_F:TER:FR:Line::F5BCEFBC-8297-4542-9B8C-14358B248111::87171553:87171009:8:1136:20260930,11:18:00,11:19:00,StopPoint:OCETrain TER-87171587,3,,0,0,
OCESN839920F1187_F:TER:FR:Line::F5BCEFBC-8297-4542-9B8C-14358B248111::87171009:87171553:8:1123:20260930,11:05:00,11:06:00,StopPoint:OCETrain TER-87171587,4,,0,0,
OCESN839921F1187_F:TER:FR:Line::F5BCEFBC-8297-4542-9B8C-14358B248111::87171553:87171009:8:1236:20260930,12:18:00,12:19:00,StopPoint:OCETrain TER-87171587,3,,0,0,
OCESN839922F1187_F:TER:FR:Line::F5BCEFBC-8297-4542-9B8C-14358B248111::87171009:87171553:8:1153:20260714,11:35:00,11:36:00,StopPoint:OCETrain TER-87171587,4,,0,0,
OCESN839922F1187_F:TER:FR:Line::F5BCEFBC-8297-4542-9B8C-14358B248111::87171009:87171553:8:1153:20260927,11:35:00,11:36:00,StopPoint:OCETrain TER-87171587,4,,0,0,
OCESN839924F1187_F:TER:FR:Line::F5BCEFBC-8297-4542-9B8C-14358B248111::87171009:87171553:8:1223:20260930,12:05:00,12:06:00,StopPoint:OCETrain TER-87171587,4,,0,0,
OCESN839925F1187_F:TER:FR:Line::F5BCEFBC-8297-4542-9B8C-14358B248111::87171553:87171009:8:1336:20260930,13:18:00,13:19:00,StopPoint:OCETrain TER-87171587,3,,0,0,
OCESN839926F1187_F:TER:FR:Line::F5BCEFBC-8297-4542-9B8C-14358B248111::87171009:87171553:8:1323:20260930,13:05:00,13:06:00,StopPoint:OCETrain TER-87171587,4,,0,0,
OCESN839926F1187_F:TER:FR:Line::F5BCEFBC-8297-4542-9B8C-14358B248111::87171009:87171553:8:1323:20260929,13:05:00,13:06:00,StopPoint:OCETrain TER-87171587,4,,0,0,
OCESN839928F1187_F:TER:FR:Line::F5BCEFBC-8297-4542-9B8C-14358B248111::87171009:87171553:8:1353:20260815,13:35:00,13:36:00,StopPoint:OCETrain TER-87171587,4,,0,0,
OCESN839928F1187_F:TER:FR:Line::F5BCEFBC-8297-4542-9B8C-14358B248111::87171009:87171553:8:1353:20260927,13:35:00,13:36:00,StopPoint:OCETrain TER-87171587,4,,0,0,
OCESN839929F1187_F:TER:FR:Line::F5BCEFBC-8297-4542-9B8C-14358B248111::87171553:87171009:8:1436:20260930,14:18:00,14:19:00,StopPoint:OCETrain TER-87171587,3,,0,0,
OCESN839930F1187_F:TER:FR:Line::F5BCEFBC-8297-4542-9B8C-14358B248111::87171009:87171553:8:1423:20260930,14:05:00,14:06:00,StopPoint:OCETrain TER-87171587,4,,0,0,
OCESN839933F1187_F:TER:FR:Line::F5BCEFBC-8297-4542-9B8C-14358B248111::87171553:87171009:8:1636:20260930,16:18:00,16:19:00,StopPoint:OCETrain TER-87171587,3,,0,0,
OCESN839934F1187_F:TER:FR:Line::F5BCEFBC-8297-4542-9B8C-14358B248111::87171009:87171553:8:1553:20260714,15:35:00,15:36:00,StopPoint:OCETrain TER-87171587,4,,0,0,
OCESN839934F1187_F:TER:FR:Line::F5BCEFBC-8297-4542-9B8C-14358B248111::87171009:87171553:8:1553:20260927,15:35:00,15:36:00,StopPoint:OCETrain TER-87171587,4,,0,0,
OCESN839936F1187_F:TER:FR:Line::F5BCEFBC-8297-4542-9B8C-14358B248111::87171009:87171553:8:1623:20260930,16:05:00,16:06:00,StopPoint:OCETrain TER-87171587,4,,0,0,
OCESN839937F1187_F:TER:FR:Line::F5BCEFBC-8297-4542-9B8C-14358B248111::87171553:87171009:8:1736:20260930,17:18:00,17:19:00,StopPoint:OCETrain TER-87171587,3,,0,0,
OCESN839940F1187_F:TER:FR:Line::F5BCEFBC-8297-4542-9B8C-14358B248111::87171009:87171553:8:1723:20260930,17:05:00,17:06:00,StopPoint:OCETrain TER-87171587,4,,0,0,
OCESN839941F1187_F:TER:FR:Line::F5BCEFBC-8297-4542-9B8C-14358B248111::87171553:87171009:8:1836:20260930,18:18:00,18:19:00,StopPoint:OCETrain TER-87171587,3,,0,0,
OCESN839944F1187_F:TER:FR:Line::F5BCEFBC-8297-4542-9B8C-14358B248111::87171009:87171553:8:1753:20260714,17:35:00,17:36:00,StopPoint:OCETrain TER-87171587,4,,0,0,
OCESN839944F1187_F:TER:FR:Line::F5BCEFBC-8297-4542-9B8C-14358B248111::87171009:87171553:8:1753:20260927,17:35:00,17:36:00,StopPoint:OCETrain TER-87171587,4,,0,0,
OCESN839945F1187_F:TER:FR:Line::F5BCEFBC-8297-4542-9B8C-14358B248111::87171553:87171009:8:1936:20260930,19:18:00,19:19:00,StopPoint:OCETrain TER-87171587,3,,0,0,
OCESN839946F1187_F:TER:FR:Line::F5BCEFBC-8297-4542-9B8C-14358B248111::87171009:87171553:8:1823:20260930,18:05:00,18:06:00,StopPoint:OCETrain TER-87171587,4,,0,0,
OCESN839947F1187_F:TER:FR:Line::F5BCEFBC-8297-4542-9B8C-14358B248111::87171553:87171009:8:2046:20260930,20:28:00,20:29:00,StopPoint:OCETrain TER-87171587,3,,0,0,
OCESN839949F1187_F:TER:FR:Line::F5BCEFBC-8297-4542-9B8C-14358B248111::87171553:87171009:8:2136:20260925,21:18:00,21:19:00,StopPoint:OCETrain TER-87171587,3,,0,0,
OCESN839950F1187_F:TER:FR:Line::F5BCEFBC-8297-4542-9B8C-14358B248111::87171009:87171553:8:1923:20260930,19:05:00,19:06:00,StopPoint:OCETrain TER-87171587,4,,0,0,
OCESN839952F1187_F:TER:FR:Line::F5BCEFBC-8297-4542-9B8C-14358B248111::87171009:87171553:8:1953:20260714,19:35:00,19:36:00,StopPoint:OCETrain TER-87171587,4,,0,0,
OCESN839952F1187_F:TER:FR:Line::F5BCEFBC-8297-4542-9B8C-14358B248111::87171009:87171553:8:1953:20260927,19:35:00,19:36:00,StopPoint:OCETrain TER-87171587,4,,0,0,
OCESN839954F1187_F:TER:FR:Line::F5BCEFBC-8297-4542-9B8C-14358B248111::87171009:87171553:8:2023:20260930,20:05:00,20:06:00,StopPoint:OCETrain TER-87171587,4,,0,0,
OCESN839956F1187_F:TER:FR:Line::F5BCEFBC-8297-4542-9B8C-14358B248111::87171009:87171553:8:2123:20260925,21:05:00,21:06:00,StopPoint:OCETrain TER-87171587,4,,0,0,
OCESN860002F1187_F:TER:FR:Line::12F1382A-0107-43BD-9724-8BF0BC91CBCD::87481002:87543009:13:1026:20260429,09:54:00,09:55:00,StopPoint:OCETrain TER-87574194,9,,0,0,
OCESN860002F1187_F:TER:FR:Line::12F1382A-0107-43BD-9724-8BF0BC91CBCD::87481002:87543009:13:1024:20260713,09:55:00,09:56:00,StopPoint:OCETrain TER-87574194,9,,0,0,
OCESN860002F1187_F:TER:FR:Line::12F1382A-0107-43BD-9724-8BF0BC91CBCD::87481002:87543009:13:1051:20260703,10:22:00,10:23:00,StopPoint:OCETrain TER-87574194,9,,0,0,
OCESN860002F1187_F:TER:FR:Line::12F1382A-0107-43BD-9724-8BF0BC91CBCD::87481002:87543009:13:1026:20260529,09:54:00,09:55:00,StopPoint:OCETrain TER-87574194,9,,0,0,
OCESN860002F1187_F:TER:FR:Line::12F1382A-0107-43BD-9724-8BF0BC91CBCD::87481002:87543009:13:1026:20260526,09:54:00,09:55:00,StopPoint:OCETrain TER-87574194,9,,0,0,
OCESN860002F1187_F:TER:FR:Line::12F1382A-0107-43BD-9724-8BF0BC91CBCD::87481002:87543009:13:1026:20260430,09:54:00,09:55:00,StopPoint:OCETrain TER-87574194,9,,0,0,
OCESN860002F1187_F:TER:FR:Line::12F1382A-0107-43BD-9724-8BF0BC91CBCD::87481002:87543009:12:1026:20260513,09:54:00,09:55:00,StopPoint:OCETrain TER-87574194,8,,0,0,
OCESN860002F1187_F:TER:FR:Line::12F1382A-0107-43BD-9724-8BF0BC91CBCD::87481002:87543009:12:1026:20260512,09:54:00,09:55:00,StopPoint:OCETrain TER-87574194,8,,0,0,
OCESN860002F1187_F:TER:FR:Line::12F1382A-0107-43BD-9724-8BF0BC91CBCD::87481002:87543009:13:1051:20260630,10:22:00,10:23:00,StopPoint:OCETrain TER-87574194,9,,0,0,
OCESN860002F1187_F:TER:FR:Line::12F1382A-0107-43BD-9724-8BF0BC91CBCD::87481002:87543009:13:1051:20260828,10:22:00,10:23:00,StopPoint:OCETrain TER-87574194,9,,0,0,
OCESN860002F1187_F:TER:FR:Line::12F1382A-0107-43BD-9724-8BF0BC91CBCD::87481002:87543009:13:1051:20260817,10:22:00,10:23:00,StopPoint:OCETrain TER-87574194,9,,0,0,
OCESN860002F1187_F:TER:FR:Line::12F1382A-0107-43BD-9724-8BF0BC91CBCD::87481002:87543009:13:1024:20260813,09:52:00,09:53:00,StopPoint:OCETrain TER-87574194,9,,0,0,
OCESN860002F1187_F:TER:FR:Line::12F1382A-0107-43BD-9724-8BF0BC91CBCD::87481002:87543009:13:1024:20260814,09:52:00,09:53:00,StopPoint:OCETrain TER-87574194,9,,0,0,
OCESN860002F1187_F:TER:FR:Line::12F1382A-0107-43BD-9724-8BF0BC91CBCD::87481002:87543009:13:1024:20260424,09:50:00,09:51:00,StopPoint:OCETrain TER-87574194,9,,0,0,
OCESN860002F1187_F:TER:FR:Line::12F1382A-0107-43BD-9724-8BF0BC91CBCD::87481002:87543009:13:1051:20260601,10:22:00,10:23:00,StopPoint:OCETrain TER-87574194,9,,0,0,
OCESN860003F1187_F:TER:FR:Line::4E3AACA5-7784-4A62-99BB-F7B1B040D001::87543009:87481788:21:1132:20260620,07:03:00,07:04:00,StopPoint:OCETrain TER-87574194,3,,0,0,
OCESN860003F1187_F:TER:FR:Line::4E3AACA5-7784-4A62-99BB-F7B1B040D001::87543009:87481788:21:1132:20260621,07:03:00,07:04:00,StopPoint:OCETrain TER-87574194,3,,0,0,
OCESN860003F1187_F:TER:FR:Line::4E3AACA5-7784-4A62-99BB-F7B1B040D001::87543009:87481788:21:1132:20260627,07:03:00,07:04:00,StopPoint:OCETrain TER-87574194,3,,0,0,
OCESN860003F1187_F:TER:FR:Line::4E3AACA5-7784-4A62-99BB-F7B1B040D001::87543009:87481788:21:1132:20260628,07:03:00,07:04:00,StopPoint:OCETrain TER-87574194,3,,0,0,
OCESN860004F1187_F:TER:FR:Line::12F1382A-0107-43BD-9724-8BF0BC91CBCD::87481788:87543009:21:1221:20260523,11:52:00,11:53:00,StopPoint:OCETrain TER-87574194,17,,0,0,
OCESN860004F1187_F:TER:FR:Line::12F1382A-0107-43BD-9724-8BF0BC91CBCD::87481788:87543009:21:1221:20260627,11:52:00,11:53:00,StopPoint:OCETrain TER-87574194,17,,0,0,
OCESN860004F1187_F:TER:FR:Line::12F1382A-0107-43BD-9724-8BF0BC91CBCD::87481788:87543009:21:1221:20260525,11:52:00,11:53:00,StopPoint:OCETrain TER-87574194,17,,0,0,
OCESN860004F1187_F:TER:FR:Line::12F1382A-0107-43BD-9724-8BF0BC91CBCD::87481788:87543009:21:1221:20260628,11:52:00,11:53:00,StopPoint:OCETrain TER-87574194,17,,0,0,
OCESN860004F1187_F:TER:FR:Line::12F1382A-0107-43BD-9724-8BF0BC91CBCD::87481788:87543009:21:1221:20260508,11:52:00,11:53:00,StopPoint:OCETrain TER-87574194,17,,0,0,
OCESN860004F1187_F:TER:FR:Line::12F1382A-0107-43BD-9724-8BF0BC91CBCD::87481788:87543009:21:1221:20260426,11:52:00,11:53:00,StopPoint:OCETrain TER-87574194,17,,0,0,
OCESN860005F1187_F:TER:FR:Line::4E3AACA5-7784-4A62-99BB-F7B1B040D001::87543009:87481002:12:1415:20260506,11:37:00,11:38:00,StopPoint:OCETrain TER-87574194,3,,0,0,
OCESN860005F1187_F:TER:FR:Line::4E3AACA5-7784-4A62-99BB-F7B1B040D001::87543009:87481002:12:1415:20260512,11:34:00,11:35:00,StopPoint:OCETrain TER-87574194,3,,0,0,
OCESN860005F1187_F:TER:FR:Line::4E3AACA5-7784-4A62-99BB-F7B1B040D001::87543009:87481002:12:1415:20260507,11:33:00,11:34:00,StopPoint:OCETrain TER-87574194,3,,0,0,
OCESN860005F1187_F:TER:FR:Line::4E3AACA5-7784-4A62-99BB-F7B1B040D001::87543009:87481002:12:1415:20260814,11:34:00,11:35:00,StopPoint:OCETrain TER-87574194,3,,0,0,
OCESN860005F1187_F:TER:FR:Line::4E3AACA5-7784-4A62-99BB-F7B1B040D001::87543009:87481002:12:1415:20260430,11:34:00,11:35:00,StopPoint:OCETrain TER-87574194,3,,0,0,
OCESN860005F1187_F:TER:FR:Line::4E3AACA5-7784-4A62-99BB-F7B1B040D001::87543009:87481002:12:1415:20260515,11:34:00,11:35:00,StopPoint:OCETrain TER-87574194,3,,0,0,
OCESN860005F1187_F:TER:FR:Line::4E3AACA5-7784-4A62-99BB-F7B1B040D001::87543009:87481002:12:1415:20260513,11:34:00,11:35:00,StopPoint:OCETrain TER-87574194,3,,0,0,
OCESN860006F1187_F:TER:FR:Line::12F1382A-0107-43BD-9724-8BF0BC91CBCD::87481002:87543009:13:1424:20260813,13:53:00,13:54:00,StopPoint:OCETrain TER-87574194,9,,0,0,
OCESN860006F1187_F:TER:FR:Line::12F1382A-0107-43BD-9724-8BF0BC91CBCD::87481002:87543009:13:1424:20260814,13:53:00,13:54:00,StopPoint:OCETrain TER-87574194,9,,0,0,
OCESN860006F1187_F:TER:FR:Line::12F1382A-0107-43BD-9724-8BF0BC91CBCD::87481002:87543009:13:1424:20260515,13:53:00,13:54:00,StopPoint:OCETrain TER-87574194,9,,0,0,
OCESN860006F1187_F:TER:FR:Line::12F1382A-0107-43BD-9724-8BF0BC91CBCD::87481002:87543009:13:1424:20260512,13:53:00,13:54:00,StopPoint:OCETrain TER-87574194,9,,0,0,
OCESN860006F1187_F:TER:FR:Line::12F1382A-0107-43BD-9724-8BF0BC91CBCD::87481002:87543009:13:1424:20260430,13:53:00,13:54:00,StopPoint:OCETrain TER-87574194,9,,0,0,
OCESN860006F1187_F:TER:FR:Line::12F1382A-0107-43BD-9724-8BF0BC91CBCD::87481002:87543009:13:1424:20260429,13:53:00,13:54:00,StopPoint:OCETrain TER-87574194,9,,0,0,
OCESN860007F1187_F:TER:FR:Line::4E3AACA5-7784-4A62-99BB-F7B1B040D001::87543009:87481788:21:2127:20260619,17:04:00,17:05:00,StopPoint:OCETrain TER-87574194,3,,0,0,
OCESN860007F1187_F:TER:FR:Line::4E3AACA5-7784-4A62-99BB-F7B1B040D001::87543009:87481788:21:2121:20260620,17:04:00,17:05:00,StopPoint:OCETrain TER-87574194,3,,0,0,
OCESN860007F1187_F:TER:FR:Line::4E3AACA5-7784-4A62-99BB-F7B1B040D001::87543009:87481788:21:2122:20260829,17:04:00,17:05:00,StopPoint:OCETrain TER-87574194,3,,0,0,
OCESN860007F1187_F:TER:FR:Line::4E3AACA5-7784-4A62-99BB-F7B1B040D001::87543009:87481788:21:2127:20260828,17:04:00,17:05:00,StopPoint:OCETrain TER-87574194,3,,0,0,
OCESN860007F1187_F:TER:FR:Line::4E3AACA5-7784-4A62-99BB-F7B1B040D001::87543009:87481788:21:2127:20260430,17:04:00,17:05:00,StopPoint:OCETrain TER-87574194,3,,0,0,
OCESN860007F1187_F:TER:FR:Line::4E3AACA5-7784-4A62-99BB-F7B1B040D001::87543009:87481788:21:2121:20260627,17:04:00,17:05:00,StopPoint:OCETrain TER-87574194,3,,0,0,
OCESN860008F1187_F:TER:FR:Line::12F1382A-0107-43BD-9724-8BF0BC91CBCD::87481788:87543009:21:1222:20260705,11:53:00,11:54:00,StopPoint:OCETrain TER-87574194,17,,0,0,
OCESN860008F1187_F:TER:FR:Line::12F1382A-0107-43BD-9724-8BF0BC91CBCD::87481788:87543009:21:1222:20260830,11:53:00,11:54:00,StopPoint:OCETrain TER-87574194,17,,0,0,
OCESN860008F1187_F:TER:FR:Line::12F1382A-0107-43BD-9724-8BF0BC91CBCD::87481788:87543009:21:1222:20260816,11:53:00,11:54:00,StopPoint:OCETrain TER-87574194,17,,0,0,
OCESN860009F1187_F:TER:FR:Line::4E3AACA5-7784-4A62-99BB-F7B1B040D001::87543009:87481788:21:1138:20260830,06:58:00,06:59:00,StopPoint:OCETrain TER-87574194,3,,0,0,
OCESN860011F1187_F:TER:FR:Line::4E3AACA5-7784-4A62-99BB-F7B1B040D001::87543009:87481002:13:1946:20260827,17:04:00,17:05:00,StopPoint:OCETrain TER-87574194,3,,0,0,
OCESN860011F1187_F:TER:FR:Line::4E3AACA5-7784-4A62-99BB-F7B1B040D001::87543009:87481002:13:1946:20260618,17:04:00,17:05:00,StopPoint:OCETrain TER-87574194,3,,0,0,
OCESN860011F1187_F:TER:FR:Line::4E3AACA5-7784-4A62-99BB-F7B1B040D001::87543009:87481002:13:1946:20260429,17:04:00,17:05:00,StopPoint:OCETrain TER-87574194,3,,0,0,
OCESN860011F1187_F:TER:FR:Line::4E3AACA5-7784-4A62-99BB-F7B1B040D001::87543009:87481002:13:1946:20260601,17:04:00,17:05:00,StopPoint:OCETrain TER-87574194,3,,0,0,
OCESN860012F1187_F:TER:FR:Line::12F1382A-0107-43BD-9724-8BF0BC91CBCD::87481002:87543009:13:2124:20260703,20:53:00,20:54:00,StopPoint:OCETrain TER-87574194,9,,0,0,
OCESN860012F1187_F:TER:FR:Line::12F1382A-0107-43BD-9724-8BF0BC91CBCD::87481002:87543009:13:2124:20260626,20:53:00,20:54:00,StopPoint:OCETrain TER-87574194,9,,0,0,
OCESN860012F1187_F:TER:FR:Line::12F1382A-0107-43BD-9724-8BF0BC91CBCD::87481002:87543009:13:2124:20260630,20:53:00,20:54:00,StopPoint:OCETrain TER-87574194,9,,0,0,
OCESN860012F1187_F:TER:FR:Line::12F1382A-0107-43BD-9724-8BF0BC91CBCD::87481002:87543009:13:2124:20260702,20:53:00,20:54:00,StopPoint:OCETrain TER-87574194,9,,0,0,
OCESN860012F1187_F:TER:FR:Line::12F1382A-0107-43BD-9724-8BF0BC91CBCD::87481002:87543009:13:2124:20260827,20:53:00,20:54:00,StopPoint:OCETrain TER-87574194,9,,0,0,
OCESN860012F1187_F:TER:FR:Line::12F1382A-0107-43BD-9724-8BF0BC91CBCD::87481002:87543009:13:2124:20260817,20:53:00,20:54:00,StopPoint:OCETrain TER-87574194,9,,0,0,
OCESN860012F1187_F:TER:FR:Line::12F1382A-0107-43BD-9724-8BF0BC91CBCD::87481002:87543009:13:2123:20260828,20:53:00,20:54:00,StopPoint:OCETrain TER-87574194,9,,0,0,
OCESN860012F1187_F:TER:FR:Line::12F1382A-0107-43BD-9724-8BF0BC91CBCD::87481002:87543009:13:2124:20260430,20:53:00,20:54:00,StopPoint:OCETrain TER-87574194,9,,0,0,
OCESN860012F1187_F:TER:FR:Line::12F1382A-0107-43BD-9724-8BF0BC91CBCD::87481002:87543009:13:2124:20260429,20:53:00,20:54:00,StopPoint:OCETrain TER-87574194,9,,0,0,
OCESN860013F1187_F:TER:FR:Line::4E3AACA5-7784-4A62-99BB-F7B1B040D001::87543009:87481002:13:2046:20260621,18:05:00,18:06:00,StopPoint:OCETrain TER-87574194,3,,0,0,
OCESN860013F1187_F:TER:FR:Line::4E3AACA5-7784-4A62-99BB-F7B1B040D001::87543009:87481002:13:2046:20260830,18:05:00,18:06:00,StopPoint:OCETrain TER-87574194,3,,0,0,
OCESN860014F1187_F:TER:FR:Line::12F1382A-0107-43BD-9724-8BF0BC91CBCD::87481788:87543009:21:2325:20260523,22:55:00,22:56:00,StopPoint:OCETrain TER-87574194,17,,0,0,
OCESN860014F1187_F:TER:FR:Line::12F1382A-0107-43BD-9724-8BF0BC91CBCD::87481788:87543009:21:2325:20260627,22:55:00,22:56:00,StopPoint:OCETrain TER-87574194,17,,0,0,
OCESN860014F1187_F:TER:FR:Line::12F1382A-0107-43BD-9724-8BF0BC91CBCD::87481788:87543009:21:2325:20260502,22:55:00,22:56:00,StopPoint:OCETrain TER-87574194,17,,0,0,
OCESN860014F1187_F:TER:FR:Line::12F1382A-0107-43BD-9724-8BF0BC91CBCD::87481788:87543009:21:2325:20260425,22:55:00,22:56:00,StopPoint:OCETrain TER-87574194,17,,0,0,
OCESN860016F1187_F:TER:FR:Line::12F1382A-0107-43BD-9724-8BF0BC91CBCD::87481788:87543009:21:2348:20260704,23:17:00,23:18:00,StopPoint:OCETrain TER-87574194,17,,0,0,
OCESN860016F1187_F:TER:FR:Line::12F1382A-0107-43BD-9724-8BF0BC91CBCD::87481788:87543009:21:2348:20260829,23:17:00,23:18:00,StopPoint:OCETrain TER-87574194,17,,0,0,
OCESN860016F1187_F:TER:FR:Line::12F1382A-0107-43BD-9724-8BF0BC91CBCD::87481788:87543009:21:2348:20260815,23:17:00,23:18:00,StopPoint:OCETrain TER-87574194,17,,0,0,
OCESN860018F1187_F:TER:FR:Line::12F1382A-0107-43BD-9724-8BF0BC91CBCD::87481788:87543009:21:2322:20260525,22:53:00,22:54:00,StopPoint:OCETrain TER-87574194,17,,0,0,
OCESN860018F1187_F:TER:FR:Line::12F1382A-0107-43BD-9724-8BF0BC91CBCD::87481788:87543009:21:2322:20260628,22:53:00,22:54:00,StopPoint:OCETrain TER-87574194,17,,0,0,
OCESN860018F1187_F:TER:FR:Line::12F1382A-0107-43BD-9724-8BF0BC91CBCD::87481788:87543009:21:2322:20260510,22:53:00,22:54:00,StopPoint:OCETrain TER-87574194,17,,0,0,
OCESN860018F1187_F:TER:FR:Line::12F1382A-0107-43BD-9724-8BF0BC91CBCD::87481788:87543009:21:2322:20260426,22:53:00,22:54:00,StopPoint:OCETrain TER-87574194,17,,0,0,
OCESN860020F1187_F:TER:FR:Line::12F1382A-0107-43BD-9724-8BF0BC91CBCD::87481788:87543009:21:2403:20260705,23:34:00,23:35:00,StopPoint:OCETrain TER-87574194,17,,0,0,
OCESN860020F1187_F:TER:FR:Line::12F1382A-0107-43BD-9724-8BF0BC91CBCD::87481788:87543009:21:2403:20260830,23:34:00,23:35:00,StopPoint:OCETrain TER-87574194,17,,0,0,
OCESN860020F1187_F:TER:FR:Line::12F1382A-0107-43BD-9724-8BF0BC91CBCD::87481788:87543009:21:2403:20260816,23:34:00,23:35:00,StopPoint:OCETrain TER-87574194,17,,0,0,
OCESN860200F1187_F:TER:FR:Line::769AD820-F58A-410A-9C2A-CB0BA7789DAB::87571000:87543009:10:619:20260828,05:52:00,05:53:00,StopPoint:OCETrain TER-87574194,6,,0,0,
OCESN860202F1187_F:TER:FR:Line::769AD820-F58A-410A-9C2A-CB0BA7789DAB::87571000:87543017:10:717:20260828,06:51:00,06:52:00,StopPoint:OCETrain TER-87574194,6,,0,0,
OCESN860202F1187_F:TER:FR:Line::769AD820-F58A-410A-9C2A-CB0BA7789DAB::87571000:87543009:10:720:20260515,06:52:00,06:53:00,StopPoint:OCETrain TER-87574194,6,,0,0,
OCESN860202F1187_F:TER:FR:Line::769AD820-F58A-410A-9C2A-CB0BA7789DAB::87571000:87543017:10:717:20260821,06:52:00,06:53:00,StopPoint:OCETrain TER-87574194,6,,0,0,
OCESN860203F1187_F:TER:FR:Line::769AD820-F58A-410A-9C2A-CB0BA7789DAB::87543009:87571000:12:721:20260828,06:23:00,06:24:00,StopPoint:OCETrain TER-87574194,3,,0,0,
OCESN860204F1187_F:TER:FR:Line::769AD820-F58A-410A-9C2A-CB0BA7789DAB::87571000:87543009:10:825:20260829,07:54:00,07:55:00,StopPoint:OCETrain TER-87574194,6,,0,0,
OCESN860204F1187_F:TER:FR:Line::769AD820-F58A-410A-9C2A-CB0BA7789DAB::87571000:87543009:9:825:20260828,07:54:00,07:55:00,StopPoint:OCETrain TER-87574194,5,,0,0,
OCESN860205F1187_F:TER:FR:Line::769AD820-F58A-410A-9C2A-CB0BA7789DAB::87543009:87571000:10:827:20260828,07:34:00,07:35:00,StopPoint:OCETrain TER-87574194,3,,0,0,
OCESN860206F1187_F:TER:FR:Line::769AD820-F58A-410A-9C2A-CB0BA7789DAB::87571000:87543009:10:858:20260828,08:31:00,08:32:00,StopPoint:OCETrain TER-87574194,6,,0,0,
OCESN860207F1187_F:TER:FR:Line::769AD820-F58A-410A-9C2A-CB0BA7789DAB::87543017:87571000:10:859:20260828,08:02:00,08:03:00,StopPoint:OCETrain TER-87574194,3,,0,0,
OCESN860207F1187_F:TER:FR:Line::769AD820-F58A-410A-9C2A-CB0BA7789DAB::87543009:87571000:10:856:20260515,08:02:00,08:03:00,StopPoint:OCETrain TER-87574194,3,,0,0,
OCESN860207F1187_F:TER:FR:Line::769AD820-F58A-410A-9C2A-CB0BA7789DAB::87543009:87571000:10:856:20260829,08:02:00,08:03:00,StopPoint:OCETrain TER-87574194,3,,0,0,
OCESN860207F1187_F:TER:FR:Line::769AD820-F58A-410A-9C2A-CB0BA7789DAB::87543017:87571000:10:856:20260814,08:02:00,08:03:00,StopPoint:OCETrain TER-87574194,3,,0,0,
OCESN860208F1187_F:TER:FR:Line::769AD820-F58A-410A-9C2A-CB0BA7789DAB::87571000:87543009:10:922:20260830,08:52:00,08:53:00,StopPoint:OCETrain TER-87574194,6,,0,0,
OCESN860211F1187_F:TER:FR:Line::769AD820-F58A-410A-9C2A-CB0BA7789DAB::87543009:87571000:10:958:20260513,09:04:00,09:05:00,StopPoint:OCETrain TER-87574194,3,,0,0,
OCESN860211F1187_F:TER:FR:Line::769AD820-F58A-410A-9C2A-CB0BA7789DAB::87543009:87574004:5:917:20260828,09:04:00,09:05:00,StopPoint:OCETrain TER-87574194,3,,0,0,
OCESN860211F1187_F:TER:FR:Line::769AD820-F58A-410A-9C2A-CB0BA7789DAB::87543009:87574004:5:918:20260605,09:06:00,09:07:00,StopPoint:OCETrain TER-87574194,3,,0,0,
OCESN860211F1187_F:TER:FR:Line::769AD820-F58A-410A-9C2A-CB0BA7789DAB::87543009:87571000:10:958:20260424,09:01:00,09:02:00,StopPoint:OCETrain TER-87574194,3,,0,0,
OCESN860211F1187_F:TER:FR:Line::769AD820-F58A-410A-9C2A-CB0BA7789DAB::87543009:87571000:10:958:20260529,09:04:00,09:05:00,StopPoint:OCETrain TER-87574194,3,,0,0,
OCESN860212F1187_F:TER:FR:Line::769AD820-F58A-410A-9C2A-CB0BA7789DAB::87571000:87543009:10:1103:20260512,10:32:00,10:33:00,StopPoint:OCETrain TER-87574194,6,,0,0,
OCESN860212F1187_F:TER:FR:Line::769AD820-F58A-410A-9C2A-CB0BA7789DAB::87571000:87543009:10:1103:20260515,10:35:00,10:36:00,StopPoint:OCETrain TER-87574194,6,,0,0,
OCESN860212F1187_F:TER:FR:Line::769AD820-F58A-410A-9C2A-CB0BA7789DAB::87571000:87543009:10:1103:20260511,10:32:00,10:33:00,StopPoint:OCETrain TER-87574194,6,,0,0,
OCESN860212F1187_F:TER:FR:Line::769AD820-F58A-410A-9C2A-CB0BA7789DAB::87571000:87543009:10:1103:20260513,10:32:00,10:33:00,StopPoint:OCETrain TER-87574194,6,,0,0,
OCESN860212F1187_F:TER:FR:Line::769AD820-F58A-410A-9C2A-CB0BA7789DAB::87574004:87543009:5:1103:20260529,10:32:00,10:33:00,StopPoint:OCETrain TER-87574194,1,,0,0,
OCESN860212F1187_F:TER:FR:Line::769AD820-F58A-410A-9C2A-CB0BA7789DAB::87574004:87543009:5:1012:20260828,09:40:00,09:41:00,StopPoint:OCETrain TER-87574194,1,,0,0,
OCESN860212F1187_F:TER:FR:Line::769AD820-F58A-410A-9C2A-CB0BA7789DAB::87571000:87543009:10:1103:20260829,10:32:00,10:33:00,StopPoint:OCETrain TER-87574194,6,,0,0,
OCESN860212F1187_F:TER:FR:Line::769AD820-F58A-410A-9C2A-CB0BA7789DAB::87571000:87543009:10:1058:20260830,10:31:00,10:32:00,StopPoint:OCETrain TER-87574194,6,,0,0,
OCESN860213F1187_F:TER:FR:Line::769AD820-F58A-410A-9C2A-CB0BA7789DAB::87543009:87571000:10:1059:20260829,10:04:00,10:05:00,StopPoint:OCETrain TER-87574194,3,,0,0,
OCESN860215F1187_F:TER:FR:Line::769AD820-F58A-410A-9C2A-CB0BA7789DAB::87543009:87571000:10:1155:20260513,10:59:00,11:00:00,StopPoint:OCETrain TER-87574194,3,,0,0,
OCESN860215F1187_F:TER:FR:Line::769AD820-F58A-410A-9C2A-CB0BA7789DAB::87543009:87571000:10:1155:20260506,10:59:00,11:00:00,StopPoint:OCETrain TER-87574194,3,,0,0,
OCESN860215F1187_F:TER:FR:Line::769AD820-F58A-410A-9C2A-CB0BA7789DAB::87543009:87571000:10:1155:20260512,10:59:00,11:00:00,StopPoint:OCETrain TER-87574194,3,,0,0,
OCESN860215F1187_F:TER:FR:Line::769AD820-F58A-410A-9C2A-CB0BA7789DAB::87543009:87574004:5:1155:20260529,11:38:00,11:39:00,StopPoint:OCETrain TER-87574194,3,,0,0,
OCESN860215F1187_F:TER:FR:Line::769AD820-F58A-410A-9C2A-CB0BA7789DAB::87543009:87571000:10:1154:20260507,10:59:00,11:00:00,StopPoint:OCETrain TER-87574194,3,,0,0,
OCESN860215F1187_F:TER:FR:Line::769AD820-F58A-410A-9C2A-CB0BA7789DAB::87543009:87574004:5:1148:20260831,11:31:00,11:32:00,StopPoint:OCETrain TER-87574194,3,,0,0,
OCESN860215F1187_F:TER:FR:Line::769AD820-F58A-410A-9C2A-CB0BA7789DAB::87543009:87571000:10:1154:20260515,10:59:00,11:00:00,StopPoint:OCETrain TER-87574194,3,,0,0,
OCESN860215F1187_F:TER:FR:Line::769AD820-F58A-410A-9C2A-CB0BA7789DAB::87543009:87571000:10:1201:20260830,11:06:00,11:07:00,StopPoint:OCETrain TER-87574194,3,,0,0,
OCESN860217F1187_F:TER:FR:Line::769AD820-F58A-410A-9C2A-CB0BA7789DAB::87543009:87571000:10:1300:20260829,12:04:00,12:05:00,StopPoint:OCETrain TER-87574194,3,,0,0,
OCESN860218F1187_F:TER:FR:Line::769AD820-F58A-410A-9C2A-CB0BA7789DAB::87571000:87543009:10:1345:20260515,13:14:00,13:15:00,StopPoint:OCETrain TER-87574194,6,,0,0,
OCESN860218F1187_F:TER:FR:Line::769AD820-F58A-410A-9C2A-CB0BA7789DAB::87571000:87543009:10:1345:20260512,13:15:00,13:16:00,StopPoint:OCETrain TER-87574194,6,,0,0,
OCESN860218F1187_F:TER:FR:Line::769AD820-F58A-410A-9C2A-CB0BA7789DAB::87574004:87543009:5:1345:20260624,13:17:00,13:18:00,StopPoint:OCETrain TER-87574194,1,,0,0,
OCESN860218F1187_F:TER:FR:Line::769AD820-F58A-410A-9C2A-CB0BA7789DAB::87574004:87543009:5:1345:20260828,13:14:00,13:15:00,StopPoint:OCETrain TER-87574194,1,,0,0,
OCESN860218F1187_F:TER:FR:Line::769AD820-F58A-410A-9C2A-CB0BA7789DAB::87571000:87543009:10:1322:20260829,12:53:00,12:54:00,StopPoint:OCETrain TER-87574194,6,,0,0,
OCESN860219F1187_F:TER:FR:Line::769AD820-F58A-410A-9C2A-CB0BA7789DAB::87543009:87571000:10:1430:20260515,13:30:00,13:31:00,StopPoint:OCETrain TER-87574194,3,,0,0,
OCESN860219F1187_F:TER:FR:Line::769AD820-F58A-410A-9C2A-CB0BA7789DAB::87543009:87571000:10:1430:20260512,13:30:00,13:31:00,StopPoint:OCETrain TER-87574194,3,,0,0,
OCESN860219F1187_F:TER:FR:Line::769AD820-F58A-410A-9C2A-CB0BA7789DAB::87543009:87574004:5:1435:20260827,14:23:00,14:24:00,StopPoint:OCETrain TER-87574194,3,,0,0,
OCESN860219F1187_F:TER:FR:Line::769AD820-F58A-410A-9C2A-CB0BA7789DAB::87543009:87574004:5:1434:20260828,14:23:00,14:24:00,StopPoint:OCETrain TER-87574194,3,,0,0,
OCESN860219F1187_F:TER:FR:Line::769AD820-F58A-410A-9C2A-CB0BA7789DAB::87543009:87571000:10:1358:20260830,13:03:00,13:04:00,StopPoint:OCETrain TER-87574194,3,,0,0,
OCESN860220F1187_F:TER:FR:Line::769AD820-F58A-410A-9C2A-CB0BA7789DAB::87571000:87543009:10:1800:20260830,17:31:00,17:32:00,StopPoint:OCETrain TER-87574194,6,,0,0,
OCESN860221F1187_F:TER:FR:Line::769AD820-F58A-410A-9C2A-CB0BA7789DAB::87543009:87571000:10:1430:20260829,13:33:00,13:34:00,StopPoint:OCETrain TER-87574194,3,,0,0,
OCESN860222F1187_F:TER:FR:Line::769AD820-F58A-410A-9C2A-CB0BA7789DAB::87571000:87543009:10:1518:20260510,14:49:00,14:50:00,StopPoint:OCETrain TER-87574194,6,,0,0,
OCESN860222F1187_F:TER:FR:Line::769AD820-F58A-410A-9C2A-CB0BA7789DAB::87571000:87543009:10:1556:20260515,15:29:00,15:30:00,StopPoint:OCETrain TER-87574194,6,,0,0,
OCESN860222F1187_F:TER:FR:Line::769AD820-F58A-410A-9C2A-CB0BA7789DAB::87574004:87543009:5:1556:20260828,15:29:00,15:30:00,StopPoint:OCETrain TER-87574194,1,,0,0,
OCESN860222F1187_F:TER:FR:Line::769AD820-F58A-410A-9C2A-CB0BA7789DAB::87571000:87543009:10:1556:20260424,15:29:00,15:30:00,StopPoint:OCETrain TER-87574194,6,,0,0,
OCESN860222F1187_F:TER:FR:Line::769AD820-F58A-410A-9C2A-CB0BA7789DAB::87571000:87543009:10:1518:20260830,14:49:00,14:50:00,StopPoint:OCETrain TER-87574194,6,,0,0,
OCESN860222F1187_F:TER:FR:Line::769AD820-F58A-410A-9C2A-CB0BA7789DAB::87571000:87543009:10:1556:20260421,15:29:00,15:30:00,StopPoint:OCETrain TER-87574194,6,,0,0,
OCESN860223F1187_F:TER:FR:Line::769AD820-F58A-410A-9C2A-CB0BA7789DAB::87543009:87571000:10:1600:20260529,15:05:00,15:06:00,StopPoint:OCETrain TER-87574194,3,,0,0,
OCESN860223F1187_F:TER:FR:Line::769AD820-F58A-410A-9C2A-CB0BA7789DAB::87543009:87571000:10:1604:20260513,15:05:00,15:06:00,StopPoint:OCETrain TER-87574194,3,,0,0,
OCESN860223F1187_F:TER:FR:Line::769AD820-F58A-410A-9C2A-CB0BA7789DAB::87543009:87574004:5:1515:20260828,15:01:00,15:02:00,StopPoint:OCETrain TER-87574194,3,,0,0,
OCESN860223F1187_F:TER:FR:Line::769AD820-F58A-410A-9C2A-CB0BA7789DAB::87543009:87571000:10:1600:20260512,15:05:00,15:06:00,StopPoint:OCETrain TER-87574194,3,,0,0,
OCESN860223F1187_F:TER:FR:Line::769AD820-F58A-410A-9C2A-CB0BA7789DAB::87543009:87574004:5:1514:20260827,15:02:00,15:03:00,StopPoint:OCETrain TER-87574194,3,,0,0,
OCESN860223F1187_F:TER:FR:Line::769AD820-F58A-410A-9C2A-CB0BA7789DAB::87543009:87574004:5:1534:20260618,15:21:00,15:22:00,StopPoint:OCETrain TER-87574194,3,,0,0,
OCESN860223F1187_F:TER:FR:Line::769AD820-F58A-410A-9C2A-CB0BA7789DAB::87543009:87571000:10:1600:20260829,15:05:00,15:06:00,StopPoint:OCETrain TER-87574194,3,,0,0,
OCESN860223F1187_F:TER:FR:Line::769AD820-F58A-410A-9C2A-CB0BA7789DAB::87543009:87571000:10:1600:20260424,15:08:00,15:09:00,StopPoint:OCETrain TER-87574194,3,,0,0,
OCESN860223F1187_F:TER:FR:Line::769AD820-F58A-410A-9C2A-CB0BA7789DAB::87543009:87571000:9:1600:20260830,15:05:00,15:06:00,StopPoint:OCETrain TER-87574194,3,,0,0,
OCESN860223F1187_F:TER:FR:Line::769AD820-F58A-410A-9C2A-CB0BA7789DAB::87543009:87571000:10:1600:20260423,15:08:00,15:09:00,StopPoint:OCETrain TER-87574194,3,,0,0,
OCESN860224F1187_F:TER:FR:Line::769AD820-F58A-410A-9C2A-CB0BA7789DAB::87571000:87543009:11:1635:20260513,15:54:00,15:55:00,StopPoint:OCETrain TER-87574194,6,,0,0,
OCESN860224F1187_F:TER:FR:Line::769AD820-F58A-410A-9C2A-CB0BA7789DAB::87571000:87543009:11:1635:20260424,15:54:00,15:55:00,StopPoint:OCETrain TER-87574194,6,,0,0,
OCESN860224F1187_F:TER:FR:Line::769AD820-F58A-410A-9C2A-CB0BA7789DAB::87571000:87543009:10:1622:20260515,15:54:00,15:55:00,StopPoint:OCETrain TER-87574194,6,,0,0,
OCESN860224F1187_F:TER:FR:Line::769AD820-F58A-410A-9C2A-CB0BA7789DAB::87571000:87543009:10:1622:20260830,15:54:00,15:55:00,StopPoint:OCETrain TER-87574194,6,,0,0,
OCESN860225F1187_F:TER:FR:Line::769AD820-F58A-410A-9C2A-CB0BA7789DAB::87543009:87571000:10:1658:20260828,16:03:00,16:04:00,StopPoint:OCETrain TER-87574194,3,,0,0,
OCESN860226F1187_F:TER:FR:Line::769AD820-F58A-410A-9C2A-CB0BA7789DAB::87571000:87543009:10:1722:20260514,16:53:00,16:54:00,StopPoint:OCETrain TER-87574194,6,,0,0,
OCESN860226F1187_F:TER:FR:Line::769AD820-F58A-410A-9C2A-CB0BA7789DAB::87571000:87543017:10:1719:20260501,16:53:00,16:54:00,StopPoint:OCETrain TER-87574194,6,,0,0,
OCESN860226F1187_F:TER:FR:Line::769AD820-F58A-410A-9C2A-CB0BA7789DAB::87571000:87543017:10:1719:20260801,16:53:00,16:54:00,StopPoint:OCETrain TER-87574194,6,,0,0,
OCESN860226F1187_F:TER:FR:Line::769AD820-F58A-410A-9C2A-CB0BA7789DAB::87571000:87543017:10:1720:20260829,16:53:00,16:54:00,StopPoint:OCETrain TER-87574194,6,,0,0,
OCESN860226F1187_F:TER:FR:Line::769AD820-F58A-410A-9C2A-CB0BA7789DAB::87571000:87543017:10:1720:20260815,16:53:00,16:54:00,StopPoint:OCETrain TER-87574194,6,,0,0,
OCESN860226F1187_F:TER:FR:Line::769AD820-F58A-410A-9C2A-CB0BA7789DAB::87571000:87543009:10:1723:20260828,16:56:00,16:57:00,StopPoint:OCETrain TER-87574194,6,,0,0,
OCESN860226F1187_F:TER:FR:Line::769AD820-F58A-410A-9C2A-CB0BA7789DAB::87571000:87543017:10:1723:20260827,16:56:00,16:57:00,StopPoint:OCETrain TER-87574194,6,,0,0,
OCESN860226F1187_F:TER:FR:Line::769AD820-F58A-410A-9C2A-CB0BA7789DAB::87571000:87543017:10:1722:20260820,16:56:00,16:57:00,StopPoint:OCETrain TER-87574194,6,,0,0,
OCESN860226F1187_F:TER:FR:Line::769AD820-F58A-410A-9C2A-CB0BA7789DAB::87571000:87543009:10:1722:20260529,16:53:00,16:54:00,StopPoint:OCETrain TER-87574194,6,,0,0,
OCESN860226F1187_F:TER:FR:Line::769AD820-F58A-410A-9C2A-CB0BA7789DAB::87571000:87543009:10:1722:20260530,16:53:00,16:54:00,StopPoint:OCETrain TER-87574194,6,,0,0,
OCESN860226F1187_F:TER:FR:Line::769AD820-F58A-410A-9C2A-CB0BA7789DAB::87571000:87543017:10:1717:20260713,16:51:00,16:52:00,StopPoint:OCETrain TER-87574194,6,,0,0,
OCESN860227F1187_F:TER:FR:Line::769AD820-F58A-410A-9C2A-CB0BA7789DAB::87543009:87571000:10:1828:20260828,17:35:00,17:36:00,StopPoint:OCETrain TER-87574194,3,,0,0,
OCESN860228F1187_F:TER:FR:Line::769AD820-F58A-410A-9C2A-CB0BA7789DAB::87571000:87543009:10:1822:20260828,17:53:00,17:54:00,StopPoint:OCETrain TER-87574194,6,,0,0,
OCESN860228F1187_F:TER:FR:Line::769AD820-F58A-410A-9C2A-CB0BA7789DAB::87571000:87543009:10:1822:20260827,17:53:00,17:54:00,StopPoint:OCETrain TER-87574194,6,,0,0,
OCESN860229F1187_F:TER:FR:Line::769AD820-F58A-410A-9C2A-CB0BA7789DAB::87543009:87571000:10:1859:20260508,18:04:00,18:05:00,StopPoint:OCETrain TER-87574194,3,,0,0,
OCESN860229F1187_F:TER:FR:Line::769AD820-F58A-410A-9C2A-CB0BA7789DAB::87543009:87571000:10:1859:20260430,18:04:00,18:05:00,StopPoint:OCETrain TER-87574194,3,,0,0,
OCESN860229F1187_F:TER:FR:Line::769AD820-F58A-410A-9C2A-CB0BA7789DAB::87543009:87571000:10:1900:20260514,18:04:00,18:05:00,StopPoint:OCETrain TER-87574194,3,,0,0,
OCESN860229F1187_F:TER:FR:Line::769AD820-F58A-410A-9C2A-CB0BA7789DAB::87543017:87571000:10:1900:20260704,18:04:00,18:05:00,StopPoint:OCETrain TER-87574194,3,,0,0,
OCESN860229F1187_F:TER:FR:Line::769AD820-F58A-410A-9C2A-CB0BA7789DAB::87543009:87571000:10:1900:20260703,18:04:00,18:05:00,StopPoint:OCETrain TER-87574194,3,,0,0,
OCESN860229F1187_F:TER:FR:Line::769AD820-F58A-410A-9C2A-CB0BA7789DAB::87543009:87571000:10:1856:20260513,18:04:00,18:05:00,StopPoint:OCETrain TER-87574194,3,,0,0,
OCESN860229F1187_F:TER:FR:Line::769AD820-F58A-410A-9C2A-CB0BA7789DAB::87543009:87571000:10:1857:20260515,18:04:00,18:05:00,StopPoint:OCETrain TER-87574194,3,,0,0,
OCESN860229F1187_F:TER:FR:Line::769AD820-F58A-410A-9C2A-CB0BA7789DAB::87543017:87571000:9:1900:20260709,18:04:00,18:05:00,StopPoint:OCETrain TER-87574194,3,,0,0,
OCESN860229F1187_F:TER:FR:Line::769AD820-F58A-410A-9C2A-CB0BA7789DAB::87543017:87571000:9:1907:20260512,18:04:00,18:05:00,StopPoint:OCETrain TER-87574194,3,,0,0,
OCESN860229F1187_F:TER:FR:Line::769AD820-F58A-410A-9C2A-CB0BA7789DAB::87543009:87571000:10:1856:20260507,18:04:00,18:05:00,StopPoint:OCETrain TER-87574194,3,,0,0,
OCESN860229F1187_F:TER:FR:Line::769AD820-F58A-410A-9C2A-CB0BA7789DAB::87543017:87571000:10:1859:20260501,18:04:00,18:05:00,StopPoint:OCETrain TER-87574194,3,,0,0,
OCESN860229F1187_F:TER:FR:Line::769AD820-F58A-410A-9C2A-CB0BA7789DAB::87543017:87571000:10:1859:20260801,18:04:00,18:05:00,StopPoint:OCETrain TER-87574194,3,,0,0,
OCESN860229F1187_F:TER:FR:Line::769AD820-F58A-410A-9C2A-CB0BA7789DAB::87543017:87571000:10:1859:20260829,18:04:00,18:05:00,StopPoint:OCETrain TER-87574194,3,,0,0,
OCESN860229F1187_F:TER:FR:Line::769AD820-F58A-410A-9C2A-CB0BA7789DAB::87543017:87571000:10:1859:20260815,18:04:00,18:05:00,StopPoint:OCETrain TER-87574194,3,,0,0,
OCESN860229F1187_F:TER:FR:Line::769AD820-F58A-410A-9C2A-CB0BA7789DAB::87543009:87571000:10:1859:20260828,18:04:00,18:05:00,StopPoint:OCETrain TER-87574194,3,,0,0,
OCESN860229F1187_F:TER:FR:Line::769AD820-F58A-410A-9C2A-CB0BA7789DAB::87543009:87571000:10:1859:20260530,18:04:00,18:05:00,StopPoint:OCETrain TER-87574194,3,,0,0,
OCESN860229F1187_F:TER:FR:Line::769AD820-F58A-410A-9C2A-CB0BA7789DAB::87543017:87571000:9:1859:20260827,18:04:00,18:05:00,StopPoint:OCETrain TER-87574194,3,,0,0,
OCESN860230F1187_F:TER:FR:Line::769AD820-F58A-410A-9C2A-CB0BA7789DAB::87571000:87543009:10:1901:20260508,18:34:00,18:35:00,StopPoint:OCETrain TER-87574194,6,,0,0,
OCESN860230F1187_F:TER:FR:Line::769AD820-F58A-410A-9C2A-CB0BA7789DAB::87571000:87543009:10:1901:20260829,18:33:00,18:34:00,StopPoint:OCETrain TER-87574194,6,,0,0,
OCESN860230F1187_F:TER:FR:Line::769AD820-F58A-410A-9C2A-CB0BA7789DAB::87571000:87543009:10:1901:20260830,18:33:00,18:34:00,StopPoint:OCETrain TER-87574194,6,,0,0,
OCESN860232F1187_F:TER:FR:Line::769AD820-F58A-410A-9C2A-CB0BA7789DAB::87571000:87543009:10:1922:20260828,18:53:00,18:54:00,StopPoint:OCETrain TER-87574194,6,,0,0,
OCESN860233F1187_F:TER:FR:Line::769AD820-F58A-410A-9C2A-CB0BA7789DAB::87543009:87571000:10:2016:20260828,19:16:00,19:17:00,StopPoint:OCETrain TER-87574194,3,,0,0,
OCESN860233F1187_F:TER:FR:Line::769AD820-F58A-410A-9C2A-CB0BA7789DAB::87543009:87571000:10:1959:20260827,19:06:00,19:07:00,StopPoint:OCETrain TER-87574194,3,,0,0,
OCESN860234F1187_F:TER:FR:Line::769AD820-F58A-410A-9C2A-CB0BA7789DAB::87571000:87543009:10:2031:20260507,20:02:00,20:03:00,StopPoint:OCETrain TER-87574194,6,,0,0,
OCESN860234F1187_F:TER:FR:Line::769AD820-F58A-410A-9C2A-CB0BA7789DAB::87571000:87543009:10:2031:20260515,20:02:00,20:03:00,StopPoint:OCETrain TER-87574194,6,,0,0,
OCESN860234F1187_F:TER:FR:Line::769AD820-F58A-410A-9C2A-CB0BA7789DAB::87571000:87543009:10:2031:20260510,20:02:00,20:03:00,StopPoint:OCETrain TER-87574194,6,,0,0,
OCESN860234F1187_F:TER:FR:Line::769AD820-F58A-410A-9C2A-CB0BA7789DAB::87571000:87543009:10:2031:20260830,20:02:00,20:03:00,StopPoint:OCETrain TER-87574194,6,,0,0,
OCESN860234F1187_F:TER:FR:Line::769AD820-F58A-410A-9C2A-CB0BA7789DAB::87571000:87543009:10:2031:20260828,20:02:00,20:03:00,StopPoint:OCETrain TER-87574194,6,,0,0,
OCESN860235F1187_F:TER:FR:Line::769AD820-F58A-410A-9C2A-CB0BA7789DAB::87543017:87571000:10:2059:20260828,20:07:00,20:08:00,StopPoint:OCETrain TER-87574194,3,,0,0,
OCESN860235F1187_F:TER:FR:Line::769AD820-F58A-410A-9C2A-CB0BA7789DAB::87543009:87571000:10:2059:20260515,20:07:00,20:08:00,StopPoint:OCETrain TER-87574194,3,,0,0,
OCESN860235F1187_F:TER:FR:Line::769AD820-F58A-410A-9C2A-CB0BA7789DAB::87543009:87571000:10:2059:20260829,20:07:00,20:08:00,StopPoint:OCETrain TER-87574194,3,,0,0,
OCESN860235F1187_F:TER:FR:Line::769AD820-F58A-410A-9C2A-CB0BA7789DAB::87543009:87571000:10:2100:20260830,20:07:00,20:08:00,StopPoint:OCETrain TER-87574194,3,,0,0,
OCESN860235F1187_F:TER:FR:Line::769AD820-F58A-410A-9C2A-CB0BA7789DAB::87543009:87571000:10:2059:20260827,20:06:00,20:07:00,StopPoint:OCETrain TER-87574194,3,,0,0,
OCESN860236F1187_F:TER:FR:Line::769AD820-F58A-410A-9C2A-CB0BA7789DAB::87571000:87543009:10:2205:20260830,21:35:00,21:36:00,StopPoint:OCETrain TER-87574194,6,,0,0,
OCESN860237F1187_F:TER:FR:Line::769AD820-F58A-410A-9C2A-CB0BA7789DAB::87543009:87571000:10:2209:20260525,21:07:00,21:08:00,StopPoint:OCETrain TER-87574194,3,,0,0,
OCESN860237F1187_F:TER:FR:Line::769AD820-F58A-410A-9C2A-CB0BA7789DAB::87543009:87571000:10:2200:20260924,21:07:00,21:08:00,StopPoint:OCETrain TER-87574194,3,,0,0,
OCESN860237F1187_F:TER:FR:Line::769AD820-F58A-410A-9C2A-CB0BA7789DAB::87543009:87571000:10:2201:20260828,21:07:00,21:08:00,StopPoint:OCETrain TER-87574194,3,,0,0,
OCESN860237F1187_F:TER:FR:Line::769AD820-F58A-410A-9C2A-CB0BA7789DAB::87543009:87571000:10:2201:20260829,21:07:00,21:08:00,StopPoint:OCETrain TER-87574194,3,,0,0,
OCESN860237F1187_F:TER:FR:Line::769AD820-F58A-410A-9C2A-CB0BA7789DAB::87543009:87571000:10:2201:20260830,21:07:00,21:08:00,StopPoint:OCETrain TER-87574194,3,,0,0,
OCESN860237F1187_F:TER:FR:Line::769AD820-F58A-410A-9C2A-CB0BA7789DAB::87543009:87571000:10:2209:20260625,21:07:00,21:08:00,StopPoint:OCETrain TER-87574194,3,,0,0,
OCESN860238F1187_F:TER:FR:Line::769AD820-F58A-410A-9C2A-CB0BA7789DAB::87571240:87543009:9:2222:20260511,21:53:00,21:54:00,StopPoint:OCETrain TER-87574194,5,,0,0,
OCESN860238F1187_F:TER:FR:Line::769AD820-F58A-410A-9C2A-CB0BA7789DAB::87571000:87543009:9:2222:20260828,21:53:00,21:54:00,StopPoint:OCETrain TER-87574194,5,,0,0,
OCESN860238F1187_F:TER:FR:Line::769AD820-F58A-410A-9C2A-CB0BA7789DAB::87571000:87543009:10:2222:20260827,21:53:00,21:54:00,StopPoint:OCETrain TER-87574194,6,,0,0,
OCESN860239F1187_F:TER:FR:Line::769AD820-F58A-410A-9C2A-CB0BA7789DAB::87543009:87571000:11:2258:20260925,22:03:00,22:04:00,StopPoint:OCETrain TER-87574194,4,,0,0,
OCESN860239F1187_F:TER:FR:Line::769AD820-F58A-410A-9C2A-CB0BA7789DAB::87543009:87571000:10:2258:20260515,22:03:00,22:04:00,StopPoint:OCETrain TER-87574194,3,,0,0,
OCESN860239F1187_F:TER:FR:Line::769AD820-F58A-410A-9C2A-CB0BA7789DAB::87543009:87571000:10:2258:20260830,22:03:00,22:04:00,StopPoint:OCETrain TER-87574194,3,,0,0,
OCESN860239F1187_F:TER:FR:Line::769AD820-F58A-410A-9C2A-CB0BA7789DAB::87543009:87571000:10:2258:20260827,22:04:00,22:05:00,StopPoint:OCETrain TER-87574194,3,,0,0,
OCESN860240F1187_F:TER:FR:Line::769AD820-F58A-410A-9C2A-CB0BA7789DAB::87571000:87543009:10:2322:20260828,22:53:00,22:54:00,StopPoint:OCETrain TER-87574194,6,,0,0,
OCESN860240F1187_F:TER:FR:Line::769AD820-F58A-410A-9C2A-CB0BA7789DAB::87571000:87543009:10:2322:20260827,22:53:00,22:54:00,StopPoint:OCETrain TER-87574194,6,,0,0,
OCESN860241F1187_F:TER:FR:Line::769AD820-F58A-410A-9C2A-CB0BA7789DAB::87543009:87571000:10:1033:20260830,09:37:00,09:38:00,StopPoint:OCETrain TER-87574194,3,,0,0,
OCESN860243F1187_F:TER:FR:Line::769AD820-F58A-410A-9C2A-CB0BA7789DAB::87543009:87571000:10:1805:20260714,17:05:00,17:06:00,StopPoint:OCETrain TER-87574194,3,,0,0,
OCESN860243F1187_F:TER:FR:Line::769AD820-F58A-410A-9C2A-CB0BA7789DAB::87543009:87571000:10:1805:20260830,17:05:00,17:06:00,StopPoint:OCETrain TER-87574194,3,,0,0,
OCESN860245F1187_F:TER:FR:Line::769AD820-F58A-410A-9C2A-CB0BA7789DAB::87543009:87571000:10:2023:20260830,19:28:00,19:29:00,StopPoint:OCETrain TER-87574194,3,,0,0,
OCESN860247F1187_F:TER:FR:Line::769AD820-F58A-410A-9C2A-CB0BA7789DAB::87543009:87571000:10:747:20260828,06:55:00,06:56:00,StopPoint:OCETrain TER-87574194,3,,0,0,
OCESN860272F1187_F:TER:FR:Line::aa649e90-559f-49ea-a45c-422b18b5a5be::87571000:87543009:16:816:20260828,07:37:00,07:38:00,StopPoint:OCETrain TER-87574194,8,,0,0,
OCESN860274F1187_F:TER:FR:Line::aa649e90-559f-49ea-a45c-422b18b5a5be::87571000:87543009:19:1816:20260828,17:36:00,17:37:00,StopPoint:OCETrain TER-87574194,11,,0,0,
OCESN860274F1187_F:TER:FR:Line::aa649e90-559f-49ea-a45c-422b18b5a5be::87571000:87543009:19:1816:20260829,17:36:00,17:37:00,StopPoint:OCETrain TER-87574194,11,,0,0,
OCESN860284F1187_F:TER:FR:Line::C5346DEF-1F3B-4DD3-9627-15558CC7B5C9::87574004:87543009:9:655:20260828,06:17:00,06:18:00,StopPoint:OCETrain TER-87574194,1,,0,0,
OCESN860284F1187_F:TER:FR:Line::C5346DEF-1F3B-4DD3-9627-15558CC7B5C9::87574004:87543009:9:655:20260824,06:17:00,06:18:00,StopPoint:OCETrain TER-87574194,1,,0,0,
OCESN860286F1187_F:TER:FR:Line::C5346DEF-1F3B-4DD3-9627-15558CC7B5C9::87574004:87543009:9:755:20260828,07:10:00,07:11:00,StopPoint:OCETrain TER-87574194,1,,0,0,
OCESN860289F1187_F:TER:FR:Line::C5346DEF-1F3B-4DD3-9627-15558CC7B5C9::87543009:87571000:14:917:20260713,08:21:00,08:22:00,StopPoint:OCETrain TER-87574194,7,,0,0,
OCESN860289F1187_F:TER:FR:Line::C5346DEF-1F3B-4DD3-9627-15558CC7B5C9::87543009:87571000:14:921:20260828,08:21:00,08:22:00,StopPoint:OCETrain TER-87574194,7,,0,0,
OCESN860289F1187_F:TER:FR:Line::C5346DEF-1F3B-4DD3-9627-15558CC7B5C9::87543009:87574004:12:841:20260814,08:21:00,08:22:00,StopPoint:OCETrain TER-87574194,7,,0,0,
OCESN860291F1187_F:TER:FR:Line::aa649e90-559f-49ea-a45c-422b18b5a5be::87543009:87571000:16:1352:20260829,12:48:00,12:49:00,StopPoint:OCETrain TER-87574194,7,,0,0,
OCESN860292F1187_F:TER:FR:Line::C5346DEF-1F3B-4DD3-9627-15558CC7B5C9::87574004:87543009:12:1428:20260829,13:48:00,13:49:00,StopPoint:OCETrain TER-87574194,4,,0,0,
OCESN860293F1187_F:TER:FR:Line::C5346DEF-1F3B-4DD3-9627-15558CC7B5C9::87543009:87574004:9:1730:20260828,17:18:00,17:19:00,StopPoint:OCETrain TER-87574194,7,,0,0,
OCESN860295F1187_F:TER:FR:Line::aa649e90-559f-49ea-a45c-422b18b5a5be::87543009:87571000:16:1923:20260830,18:19:00,18:20:00,StopPoint:OCETrain TER-87574194,7,,0,0,
OCESN860295F1187_F:TER:FR:Line::aa649e90-559f-49ea-a45c-422b18b5a5be::87543009:87571000:16:1923:20260828,18:18:00,18:19:00,StopPoint:OCETrain TER-87574194,7,,0,0,
OCESN860296F1187_F:TER:FR:Line::C5346DEF-1F3B-4DD3-9627-15558CC7B5C9::87574004:87543017:12:1908:20260821,18:31:00,18:32:00,StopPoint:OCETrain TER-87574194,4,,0,0,
OCESN860296F1187_F:TER:FR:Line::C5346DEF-1F3B-4DD3-9627-15558CC7B5C9::87574004:87543017:12:1908:20260828,18:31:00,18:32:00,StopPoint:OCETrain TER-87574194,4,,0,0,
OCESN860296F1187_F:TER:FR:Line::C5346DEF-1F3B-4DD3-9627-15558CC7B5C9::87574004:87543009:12:1909:20260827,18:31:00,18:32:00,StopPoint:OCETrain TER-87574194,4,,0,0,
OCESN860297F1187_F:TER:FR:Line::C5346DEF-1F3B-4DD3-9627-15558CC7B5C9::87543009:87574004:9:1946:20260828,19:31:00,19:32:00,StopPoint:OCETrain TER-87574194,7,,0,0,
OCESN860297F1187_F:TER:FR:Line::C5346DEF-1F3B-4DD3-9627-15558CC7B5C9::87543009:87574004:9:1934:20260827,19:22:00,19:23:00,StopPoint:OCETrain TER-87574194,7,,0,0,
OCESN860299F1187_F:TER:FR:Line::C5346DEF-1F3B-4DD3-9627-15558CC7B5C9::87543009:87574004:9:1830:20260829,18:18:00,18:19:00,StopPoint:OCETrain TER-87574194,7,,0,0,
OCESN860550F1187_F:TER:FR:Line::10F46E5D-89F3-4F87-8660-54AECA5D3A62::87571000:87547000:10:823:20260829,06:56:00,06:57:00,StopPoint:OCETrain TER-87574194,5,,0,0,
OCESN860551F1187_F:TER:FR:Line::10F46E5D-89F3-4F87-8660-54AECA5D3A62::87543009:87571000:9:954:20260614,09:03:00,09:04:00,StopPoint:OCETrain TER-87574194,3,,0,0,
OCESN860551F1187_F:TER:FR:Line::10F46E5D-89F3-4F87-8660-54AECA5D3A62::87547000:87571000:10:954:20260829,09:01:00,09:02:00,StopPoint:OCETrain TER-87574194,4,,0,0,
OCESN860551F1187_F:TER:FR:Line::10F46E5D-89F3-4F87-8660-54AECA5D3A62::87547000:87571000:10:954:20260830,09:01:00,09:02:00,StopPoint:OCETrain TER-87574194,4,,0,0,
OCESN860552F1187_F:TER:FR:Line::10F46E5D-89F3-4F87-8660-54AECA5D3A62::87571000:87547000:10:1100:20260830,09:31:00,09:32:00,StopPoint:OCETrain TER-87574194,5,,0,0,
OCESN860553F1187_F:TER:FR:Line::10F46E5D-89F3-4F87-8660-54AECA5D3A62::87547000:87571000:10:1153:20260829,11:02:00,11:03:00,StopPoint:OCETrain TER-87574194,4,,0,0,
OCESN860555F1187_F:TER:FR:Line::10F46E5D-89F3-4F87-8660-54AECA5D3A62::87547000:87571000:10:1319:20260829,12:30:00,12:31:00,StopPoint:OCETrain TER-87574194,4,,0,0,
OCESN860555F1187_F:TER:FR:Line::10F46E5D-89F3-4F87-8660-54AECA5D3A62::87547000:87571000:10:1319:20260815,12:30:00,12:31:00,StopPoint:OCETrain TER-87574194,4,,0,0,
OCESN860556F1187_F:TER:FR:Line::10F46E5D-89F3-4F87-8660-54AECA5D3A62::87571000:87547000:10:1332:20260714,12:00:00,12:01:00,StopPoint:OCETrain TER-87574194,5,,0,0,
OCESN860556F1187_F:TER:FR:Line::10F46E5D-89F3-4F87-8660-54AECA5D3A62::87571000:87547000:10:1332:20260830,11:59:00,12:00:00,StopPoint:OCETrain TER-87574194,5,,0,0,
OCESN860557F1187_F:TER:FR:Line::10F46E5D-89F3-4F87-8660-54AECA5D3A62::87547000:87571000:10:1458:20260829,14:04:00,14:05:00,StopPoint:OCETrain TER-87574194,4,,0,0,
OCESN860558F1187_F:TER:FR:Line::10F46E5D-89F3-4F87-8660-54AECA5D3A62::87571000:87547000:10:1732:20260830,16:03:00,16:04:00,StopPoint:OCETrain TER-87574194,5,,0,0,
OCESN860560F1187_F:TER:FR:Line::10F46E5D-89F3-4F87-8660-54AECA5D3A62::87571000:87547000:10:1817:20260607,16:48:00,16:49:00,StopPoint:OCETrain TER-87574194,5,,0,0,
OCESN860560F1187_F:TER:FR:Line::10F46E5D-89F3-4F87-8660-54AECA5D3A62::87571000:87547000:10:1816:20260830,16:48:00,16:49:00,StopPoint:OCETrain TER-87574194,5,,0,0,
OCESN860561F1187_F:TER:FR:Line::10F46E5D-89F3-4F87-8660-54AECA5D3A62::87547000:87571000:10:1841:20260830,17:50:00,17:51:00,StopPoint:OCETrain TER-87574194,4,,0,0,
OCESN860562F1187_F:TER:FR:Line::10F46E5D-89F3-4F87-8660-54AECA5D3A62::87571000:87547000:10:1930:20260607,17:56:00,17:57:00,StopPoint:OCETrain TER-87574194,5,,0,0,
OCESN860562F1187_F:TER:FR:Line::10F46E5D-89F3-4F87-8660-54AECA5D3A62::87571000:87547000:10:1924:20260830,17:56:00,17:57:00,StopPoint:OCETrain TER-87574194,5,,0,0,
OCESN860563F1187_F:TER:FR:Line::10F46E5D-89F3-4F87-8660-54AECA5D3A62::87547000:87571000:10:1954:20260714,19:02:00,19:03:00,StopPoint:OCETrain TER-87574194,4,,0,0,
OCESN860563F1187_F:TER:FR:Line::10F46E5D-89F3-4F87-8660-54AECA5D3A62::87547000:87571000:10:1957:20260829,19:05:00,19:06:00,StopPoint:OCETrain TER-87574194,4,,0,0,
OCESN860563F1187_F:TER:FR:Line::10F46E5D-89F3-4F87-8660-54AECA5D3A62::87547000:87571000:10:1957:20260830,19:05:00,19:06:00,StopPoint:OCETrain TER-87574194,4,,0,0,
OCESN860564F1187_F:TER:FR:Line::10F46E5D-89F3-4F87-8660-54AECA5D3A62::87571000:87547000:10:2049:20260606,19:22:00,19:23:00,StopPoint:OCETrain TER-87574194,5,,0,0,
OCESN860564F1187_F:TER:FR:Line::10F46E5D-89F3-4F87-8660-54AECA5D3A62::87571000:87547000:10:2049:20260607,19:23:00,19:24:00,StopPoint:OCETrain TER-87574194,5,,0,0,
OCESN860564F1187_F:TER:FR:Line::10F46E5D-89F3-4F87-8660-54AECA5D3A62::87571000:87547000:10:2049:20260829,19:23:00,19:24:00,StopPoint:OCETrain TER-87574194,5,,0,0,
OCESN860564F1187_F:TER:FR:Line::10F46E5D-89F3-4F87-8660-54AECA5D3A62::87571000:87547000:10:2049:20260714,19:22:00,19:23:00,StopPoint:OCETrain TER-87574194,5,,0,0,
OCESN860564F1187_F:TER:FR:Line::10F46E5D-89F3-4F87-8660-54AECA5D3A62::87571000:87547000:10:2049:20260830,19:23:00,19:24:00,StopPoint:OCETrain TER-87574194,5,,0,0,
OCESN860567F1187_F:TER:FR:Line::10F46E5D-89F3-4F87-8660-54AECA5D3A62::87547000:87571000:10:2253:20260829,22:03:00,22:04:00,StopPoint:OCETrain TER-87574194,4,,0,0,
OCESN860569F1187_F:TER:FR:Line::10F46E5D-89F3-4F87-8660-54AECA5D3A62::87547000:87571000:10:2540:20260613,24:49:00,24:50:00,StopPoint:OCETrain TER-87574194,4,,0,0,
OCESN860569F1187_F:TER:FR:Line::10F46E5D-89F3-4F87-8660-54AECA5D3A62::87547000:87571240:9:2534:20260830,24:49:00,24:50:00,StopPoint:OCETrain TER-87574194,4,,0,0,
OCESN860569F1187_F:TER:FR:Line::10F46E5D-89F3-4F87-8660-54AECA5D3A62::87547000:87571000:10:2553:20260829,25:03:00,25:04:00,StopPoint:OCETrain TER-87574194,4,,0,0,
OCESN860569F1187_F:TER:FR:Line::10F46E5D-89F3-4F87-8660-54AECA5D3A62::87547000:87571000:10:2541:20260823,24:49:00,24:50:00,StopPoint:OCETrain TER-87574194,4,,0,0,
OCESN864200F1187_F:TER:FR:Line::4887f9fc-de66-44ff-a5fe-199a0de1ca9e::87581009:87491001:8:731:20260930,05:59:00,06:00:00,StopPoint:OCETrain TER-87581595,1,,0,0,
OCESN864201F1187_F:TER:FR:Line::4887f9fc-de66-44ff-a5fe-199a0de1ca9e::87491001:87581009:8:723:20260515,07:17:00,07:18:00,StopPoint:OCETrain TER-87581595,6,,0,0,
OCESN864201F1187_F:TER:FR:Line::4887f9fc-de66-44ff-a5fe-199a0de1ca9e::87491001:87581009:8:722:20260930,07:16:00,07:17:00,StopPoint:OCETrain TER-87581595,6,,0,0,
OCESN864203F1187_F:TER:FR:Line::4887f9fc-de66-44ff-a5fe-199a0de1ca9e::87491001:87581009:8:903:20260930,08:57:00,08:58:00,StopPoint:OCETrain TER-87581595,6,,0,0,
OCESN864211F1187_F:TER:FR:Line::4887f9fc-de66-44ff-a5fe-199a0de1ca9e::87491001:87581009:8:1800:20260930,17:54:00,17:55:00,StopPoint:OCETrain TER-87581595,6,,0,0,
OCESN864212F1187_F:TER:FR:Line::4887f9fc-de66-44ff-a5fe-199a0de1ca9e::87581009:87491001:8:1629:20260930,14:58:00,14:59:00,StopPoint:OCETrain TER-87581595,1,,0,0,
OCESN864215F1187_F:TER:FR:Line::4887f9fc-de66-44ff-a5fe-199a0de1ca9e::87491001:87581009:8:1700:20260925,16:54:00,16:55:00,StopPoint:OCETrain TER-87581595,6,,0,0,
OCESN864215F1187_F:TER:FR:Line::4887f9fc-de66-44ff-a5fe-199a0de1ca9e::87491001:87581009:8:1703:20260515,16:57:00,16:58:00,StopPoint:OCETrain TER-87581595,6,,0,0,
OCESN864216F1187_F:TER:FR:Line::4887f9fc-de66-44ff-a5fe-199a0de1ca9e::87581009:87491001:8:1730:20260930,15:59:00,16:00:00,StopPoint:OCETrain TER-87581595,1,,0,0,
OCESN864336F1187_F:TER:FR:Line::dac9d85e-6b33-4d12-ac55-f9c9a330c1a0::87491803:87581009:10:1905:20260927,18:59:00,19:00:00,StopPoint:OCETrain TER-87581595,8,,0,0,
OCESN864337F1187_F:TER:FR:Line::dac9d85e-6b33-4d12-ac55-f9c9a330c1a0::87581009:87491803:10:1906:20260925,16:58:00,16:59:00,StopPoint:OCETrain TER-87581595,1,,0,0,
OCESN864800F1187_F:TER:FR:Line::e27d87a9-efd7-4218-bf71-50601354df88::87581009:87485003:11:924:20260930,06:59:00,07:00:00,StopPoint:OCETrain TER-87581595,1,,0,0,
OCESN864801F1187_F:TER:FR:Line::e27d87a9-efd7-4218-bf71-50601354df88::87485003:87581009:11:805:20260930,07:59:00,08:00:00,StopPoint:OCETrain TER-87581595,9,,0,0,
OCESN864802F1187_F:TER:FR:Line::e27d87a9-efd7-4218-bf71-50601354df88::87581009:87485003:11:1125:20260926,08:59:00,09:00:00,StopPoint:OCETrain TER-87581595,1,,0,0,
OCESN864803F1187_F:TER:FR:Line::e27d87a9-efd7-4218-bf71-50601354df88::87485003:87581009:11:1014:20260828,10:08:00,10:09:00,StopPoint:OCETrain TER-87581595,9,,0,0,
OCESN864803F1187_F:TER:FR:Line::e27d87a9-efd7-4218-bf71-50601354df88::87437798:87581009:13:1014:20260930,10:08:00,10:09:00,StopPoint:OCETrain TER-87581595,11,,0,0,
OCESN864805F1187_F:TER:FR:Line::e27d87a9-efd7-4218-bf71-50601354df88::87485003:87581009:11:1801:20260927,17:55:00,17:56:00,StopPoint:OCETrain TER-87581595,9,,0,0,
OCESN864806F1187_F:TER:FR:Line::e27d87a9-efd7-4218-bf71-50601354df88::87581009:87485003:11:1527:20260930,12:59:00,13:00:00,StopPoint:OCETrain TER-87581595,1,,0,0,
OCESN864807F1187_F:TER:FR:Line::e27d87a9-efd7-4218-bf71-50601354df88::87485003:87581009:11:1402:20260930,13:56:00,13:57:00,StopPoint:OCETrain TER-87581595,9,,0,0,
OCESN864808F1187_F:TER:FR:Line::e27d87a9-efd7-4218-bf71-50601354df88::87581009:87485003:11:1924:20260930,16:58:00,16:59:00,StopPoint:OCETrain TER-87581595,1,,0,0,
OCESN864809F1187_F:TER:FR:Line::4887f9fc-de66-44ff-a5fe-199a0de1ca9e::87437798:87581009:18:1905:20260927,18:59:00,19:00:00,StopPoint:OCETrain TER-87581595,16,,0,0,
OCESN864810F1187_F:TER:FR:Line::e27d87a9-efd7-4218-bf71-50601354df88::87581009:87485003:11:1828:20260830,16:06:00,16:07:00,StopPoint:OCETrain TER-87581595,1,,0,0,
OCESN864810F1187_F:TER:FR:Line::e27d87a9-efd7-4218-bf71-50601354df88::87581009:87437798:12:1838:20260516,16:08:00,16:09:00,StopPoint:OCETrain TER-87581595,1,,0,0,
OCESN864810F1187_F:TER:FR:Line::e27d87a9-efd7-4218-bf71-50601354df88::87581009:87437798:12:1836:20260927,16:06:00,16:07:00,StopPoint:OCETrain TER-87581595,1,,0,0,
OCESN864811F1187_F:TER:FR:Line::e27d87a9-efd7-4218-bf71-50601354df88::87485003:87581009:11:1901:20260930,18:55:00,18:56:00,StopPoint:OCETrain TER-87581595,9,,0,0,
OCESN864812F1187_F:TER:FR:Line::e27d87a9-efd7-4218-bf71-50601354df88::87581009:87485003:11:1924:20260925,16:58:00,16:59:00,StopPoint:OCETrain TER-87581595,1,,0,0,
OCESN864813F1187_F:TER:FR:Line::e27d87a9-efd7-4218-bf71-50601354df88::87485003:87581009:11:2101:20260927,20:55:00,20:56:00,StopPoint:OCETrain TER-87581595,9,,0,0,
OCESN864814F1187_F:TER:FR:Line::e27d87a9-efd7-4218-bf71-50601354df88::87581009:87485003:11:2128:20260927,18:59:00,19:00:00,StopPoint:OCETrain TER-87581595,1,,0,0,
OCESN864815F1187_F:TER:FR:Line::e27d87a9-efd7-4218-bf71-50601354df88::87485003:87581009:11:946:20260927,09:40:00,09:41:00,StopPoint:OCETrain TER-87581595,9,,0,0,
OCESN864816F1187_F:TER:FR:Line::e27d87a9-efd7-4218-bf71-50601354df88::87581009:87485003:11:2224:20260930,19:59:00,20:00:00,StopPoint:OCETrain TER-87581595,1,,0,0,
OCESN864818F1187_F:TER:FR:Line::e27d87a9-efd7-4218-bf71-50601354df88::87581009:87485003:12:2137:20260930,18:59:00,19:00:00,StopPoint:OCETrain TER-87581595,1,,0,0,
OCESN864819F1187_F:TER:OCESN-87485003-87581009:87485003:87581009:11:1315:20260621,13:08:00,13:09:00,StopPoint:OCETrain TER-87581595,9,,0,0,
OCESN864820F1187_F:TER:OCESN-87581009-87485003:87581009:87485003:11:1657:20260621,14:16:00,14:17:00,StopPoint:OCETrain TER-87581595,1,,0,0,
OCESN865010F1187_F:TER:FR:Line::6973a1d6-1ab5-447c-b47e-d20af934f64d::87581009:87583005:10:714:20260930,05:53:00,05:54:00,StopPoint:OCETrain TER-87581595,1,,0,0,
OCESN865010F1187_F:TER:FR:Line::6973a1d6-1ab5-447c-b47e-d20af934f64d::87581009:87583005:11:714:20260619,05:53:00,05:54:00,StopPoint:OCETrain TER-87581595,1,,0,0,
OCESN865010F1187_F:TER:FR:Line::6973a1d6-1ab5-447c-b47e-d20af934f64d::87581009:87583005:11:714:20260703,05:53:00,05:54:00,StopPoint:OCETrain TER-87581595,1,,0,0,
OCESN865010F1187_F:TER:FR:Line::6973a1d6-1ab5-447c-b47e-d20af934f64d::87581009:87583005:11:717:20260515,05:49:00,05:50:00,StopPoint:OCETrain TER-87581595,1,,0,0,
OCESN865011F1187_F:TER:FR:Line::6973a1d6-1ab5-447c-b47e-d20af934f64d::87583005:87581009:10:810:20260930,08:04:00,08:05:00,StopPoint:OCETrain TER-87581595,8,,0,0,
OCESN865011F1187_F:TER:FR:Line::6973a1d6-1ab5-447c-b47e-d20af934f64d::87583005:87581009:11:810:20260619,08:04:00,08:05:00,StopPoint:OCETrain TER-87581595,9,,0,0,
OCESN865011F1187_F:TER:FR:Line::6973a1d6-1ab5-447c-b47e-d20af934f64d::87583005:87581009:11:810:20260703,08:04:00,08:05:00,StopPoint:OCETrain TER-87581595,9,,0,0,
OCESN865011F1187_F:TER:FR:Line::6973a1d6-1ab5-447c-b47e-d20af934f64d::87583005:87581009:11:814:20260515,08:08:00,08:09:00,StopPoint:OCETrain TER-87581595,9,,0,0,
OCESN865012F1187_F:TER:FR:Line::6973a1d6-1ab5-447c-b47e-d20af934f64d::87581009:87583005:11:820:20260515,06:51:00,06:52:00,StopPoint:OCETrain TER-87581595,1,,0,0,
OCESN865012F1187_F:TER:FR:Line::6973a1d6-1ab5-447c-b47e-d20af934f64d::87581009:87583005:10:817:20260930,06:53:00,06:54:00,StopPoint:OCETrain TER-87581595,1,,0,0,
OCESN865012F1187_F:TER:FR:Line::6973a1d6-1ab5-447c-b47e-d20af934f64d::87581009:87583005:11:817:20260619,06:53:00,06:54:00,StopPoint:OCETrain TER-87581595,1,,0,0,
OCESN865012F1187_F:TER:FR:Line::6973a1d6-1ab5-447c-b47e-d20af934f64d::87581009:87583005:11:817:20260703,06:53:00,06:54:00,StopPoint:OCETrain TER-87581595,1,,0,0,
OCESN865012F1187_F:TER:FR:Line::6973a1d6-1ab5-447c-b47e-d20af934f64d::87581009:87583005:11:820:20260513,06:50:00,06:51:00,StopPoint:OCETrain TER-87581595,1,,0,0,
OCESN865014F1187_F:TER:FR:Line::6973a1d6-1ab5-447c-b47e-d20af934f64d::87581009:87583005:11:919:20260508,07:52:00,07:53:00,StopPoint:OCETrain TER-87581595,1,,0,0,
OCESN865014F1187_F:TER:FR:Line::6973a1d6-1ab5-447c-b47e-d20af934f64d::87581009:87583005:11:913:20260620,07:52:00,07:53:00,StopPoint:OCETrain TER-87581595,1,,0,0,
OCESN865014F1187_F:TER:FR:Line::6973a1d6-1ab5-447c-b47e-d20af934f64d::87581009:87583005:10:913:20260926,07:52:00,07:53:00,StopPoint:OCETrain TER-87581595,1,,0,0,
OCESN865014F1187_F:TER:FR:Line::6973a1d6-1ab5-447c-b47e-d20af934f64d::87581009:87583005:11:918:20260516,07:52:00,07:53:00,StopPoint:OCETrain TER-87581595,1,,0,0,
OCESN865014F1187_F:TER:FR:Line::6973a1d6-1ab5-447c-b47e-d20af934f64d::87581009:87583005:11:913:20260627,07:52:00,07:53:00,StopPoint:OCETrain TER-87581595,1,,0,0,
OCESN865015F1187_F:TER:FR:Line::6973a1d6-1ab5-447c-b47e-d20af934f64d::87583005:87581009:11:910:20260620,09:04:00,09:05:00,StopPoint:OCETrain TER-87581595,9,,0,0,
OCESN865015F1187_F:TER:FR:Line::6973a1d6-1ab5-447c-b47e-d20af934f64d::87583005:87581009:10:910:20260930,09:04:00,09:05:00,StopPoint:OCETrain TER-87581595,8,,0,0,
OCESN865015F1187_F:TER:FR:Line::6973a1d6-1ab5-447c-b47e-d20af934f64d::87583005:87581009:11:910:20260703,09:04:00,09:05:00,StopPoint:OCETrain TER-87581595,9,,0,0,
OCESN865015F1187_F:TER:FR:Line::6973a1d6-1ab5-447c-b47e-d20af934f64d::87583005:87581009:11:914:20260516,09:08:00,09:09:00,StopPoint:OCETrain TER-87581595,9,,0,0,
OCESN865018F1187_F:TER:FR:Line::6973a1d6-1ab5-447c-b47e-d20af934f64d::87581009:87583005:11:1059:20260517,09:30:00,09:31:00,StopPoint:OCETrain TER-87581595,1,,0,0,
OCESN865018F1187_F:TER:FR:Line::6973a1d6-1ab5-447c-b47e-d20af934f64d::87581009:87583005:11:1051:20260621,09:30:00,09:31:00,StopPoint:OCETrain TER-87581595,1,,0,0,
OCESN865018F1187_F:TER:FR:Line::6973a1d6-1ab5-447c-b47e-d20af934f64d::87581009:87583005:10:1051:20260927,09:30:00,09:31:00,StopPoint:OCETrain TER-87581595,1,,0,0,
OCESN865018F1187_F:TER:FR:Line::6973a1d6-1ab5-447c-b47e-d20af934f64d::87581009:87583005:11:1051:20260628,09:30:00,09:31:00,StopPoint:OCETrain TER-87581595,1,,0,0,
OCESN865019F1187_F:TER:FR:Line::6973a1d6-1ab5-447c-b47e-d20af934f64d::87583005:87581009:11:1110:20260621,11:05:00,11:06:00,StopPoint:OCETrain TER-87581595,9,,0,0,
OCESN865019F1187_F:TER:FR:Line::6973a1d6-1ab5-447c-b47e-d20af934f64d::87583005:87581009:11:1113:20260517,11:08:00,11:09:00,StopPoint:OCETrain TER-87581595,9,,0,0,
OCESN865019F1187_F:TER:FR:Line::6973a1d6-1ab5-447c-b47e-d20af934f64d::87583005:87581009:10:1110:20260927,11:05:00,11:06:00,StopPoint:OCETrain TER-87581595,8,,0,0,
OCESN865019F1187_F:TER:FR:Line::6973a1d6-1ab5-447c-b47e-d20af934f64d::87583005:87581009:11:1110:20260628,11:05:00,11:06:00,StopPoint:OCETrain TER-87581595,9,,0,0,
OCESN865024F1187_F:TER:FR:Line::6973a1d6-1ab5-447c-b47e-d20af934f64d::87581009:87583005:11:1423:20260619,12:56:00,12:57:00,StopPoint:OCETrain TER-87581595,1,,0,0,
OCESN865024F1187_F:TER:FR:Line::6973a1d6-1ab5-447c-b47e-d20af934f64d::87581009:87583005:11:1426:20260515,12:54:00,12:55:00,StopPoint:OCETrain TER-87581595,1,,0,0,
OCESN865024F1187_F:TER:FR:Line::6973a1d6-1ab5-447c-b47e-d20af934f64d::87581009:87583005:10:1423:20260911,12:56:00,12:57:00,StopPoint:OCETrain TER-87581595,1,,0,0,
OCESN865024F1187_F:TER:FR:Line::6973a1d6-1ab5-447c-b47e-d20af934f64d::87581009:87583005:11:1423:20260626,12:56:00,12:57:00,StopPoint:OCETrain TER-87581595,1,,0,0,
OCESN865025F1187_F:TER:FR:Line::6973a1d6-1ab5-447c-b47e-d20af934f64d::87583005:87581009:11:1410:20260517,14:04:00,14:05:00,StopPoint:OCETrain TER-87581595,9,,0,0,
OCESN865025F1187_F:TER:FR:Line::6973a1d6-1ab5-447c-b47e-d20af934f64d::87583005:87581009:10:1407:20260927,14:01:00,14:02:00,StopPoint:OCETrain TER-87581595,8,,0,0,
OCESN865025F1187_F:TER:FR:Line::6973a1d6-1ab5-447c-b47e-d20af934f64d::87583005:87581009:11:1407:20260621,14:01:00,14:02:00,StopPoint:OCETrain TER-87581595,9,,0,0,
OCESN865025F1187_F:TER:FR:Line::6973a1d6-1ab5-447c-b47e-d20af934f64d::87583005:87581009:11:1409:20260516,14:03:00,14:04:00,StopPoint:OCETrain TER-87581595,9,,0,0,
OCESN865025F1187_F:TER:FR:Line::6973a1d6-1ab5-447c-b47e-d20af934f64d::87583005:87581009:11:1407:20260703,14:01:00,14:02:00,StopPoint:OCETrain TER-87581595,9,,0,0,
OCESN865026F1187_F:TER:FR:Line::6973a1d6-1ab5-447c-b47e-d20af934f64d::87581009:87583005:11:1455:20260517,13:27:00,13:28:00,StopPoint:OCETrain TER-87581595,1,,0,0,
OCESN865026F1187_F:TER:FR:Line::6973a1d6-1ab5-447c-b47e-d20af934f64d::87581009:87583005:11:1451:20260621,13:28:00,13:29:00,StopPoint:OCETrain TER-87581595,1,,0,0,
OCESN865026F1187_F:TER:FR:Line::6973a1d6-1ab5-447c-b47e-d20af934f64d::87581009:87583005:10:1451:20260927,13:28:00,13:29:00,StopPoint:OCETrain TER-87581595,1,,0,0,
OCESN865026F1187_F:TER:FR:Line::6973a1d6-1ab5-447c-b47e-d20af934f64d::87581009:87583005:11:1451:20260628,13:28:00,13:29:00,StopPoint:OCETrain TER-87581595,1,,0,0,
OCESN865030F1187_F:TER:FR:Line::6973a1d6-1ab5-447c-b47e-d20af934f64d::87581009:87583005:11:1818:20260703,16:51:00,16:52:00,StopPoint:OCETrain TER-87581595,1,,0,0,
OCESN865030F1187_F:TER:FR:Line::6973a1d6-1ab5-447c-b47e-d20af934f64d::87581009:87583005:10:1818:20260930,16:51:00,16:52:00,StopPoint:OCETrain TER-87581595,1,,0,0,
OCESN865030F1187_F:TER:FR:Line::6973a1d6-1ab5-447c-b47e-d20af934f64d::87581009:87583005:11:1821:20260515,16:51:00,16:52:00,StopPoint:OCETrain TER-87581595,1,,0,0,
OCESN865034F1187_F:TER:FR:Line::6973a1d6-1ab5-447c-b47e-d20af934f64d::87581009:87583005:11:2015:20260621,18:53:00,18:54:00,StopPoint:OCETrain TER-87581595,1,,0,0,
OCESN865034F1187_F:TER:FR:Line::6973a1d6-1ab5-447c-b47e-d20af934f64d::87581009:87583005:10:2015:20260930,18:53:00,18:54:00,StopPoint:OCETrain TER-87581595,1,,0,0,
OCESN865034F1187_F:TER:FR:Line::6973a1d6-1ab5-447c-b47e-d20af934f64d::87581009:87583005:11:2015:20260703,18:53:00,18:54:00,StopPoint:OCETrain TER-87581595,1,,0,0,
OCESN865034F1187_F:TER:FR:Line::6973a1d6-1ab5-447c-b47e-d20af934f64d::87581009:87583005:11:2022:20260517,18:53:00,18:54:00,StopPoint:OCETrain TER-87581595,1,,0,0,
OCESN865035F1187_F:TER:FR:Line::6973a1d6-1ab5-447c-b47e-d20af934f64d::87583005:87581009:11:1808:20260619,18:03:00,18:04:00,StopPoint:OCETrain TER-87581595,9,,0,0,
OCESN865035F1187_F:TER:FR:Line::6973a1d6-1ab5-447c-b47e-d20af934f64d::87583005:87581009:11:1808:20260930,18:03:00,18:04:00,StopPoint:OCETrain TER-87581595,9,,0,0,
OCESN865035F1187_F:TER:FR:Line::6973a1d6-1ab5-447c-b47e-d20af934f64d::87583005:87581009:11:1813:20260515,18:07:00,18:08:00,StopPoint:OCETrain TER-87581595,9,,0,0,
OCESN865037F1187_F:TER:FR:Line::6973a1d6-1ab5-447c-b47e-d20af934f64d::87583005:87581009:11:1910:20260619,19:04:00,19:05:00,StopPoint:OCETrain TER-87581595,9,,0,0,
OCESN865037F1187_F:TER:FR:Line::6973a1d6-1ab5-447c-b47e-d20af934f64d::87583005:87581009:10:1910:20260930,19:04:00,19:05:00,StopPoint:OCETrain TER-87581595,8,,0,0,
OCESN865037F1187_F:TER:FR:Line::6973a1d6-1ab5-447c-b47e-d20af934f64d::87583005:87581009:11:1910:20260703,19:04:00,19:05:00,StopPoint:OCETrain TER-87581595,9,,0,0,
OCESN865037F1187_F:TER:FR:Line::6973a1d6-1ab5-447c-b47e-d20af934f64d::87583005:87581009:11:1913:20260515,19:07:00,19:08:00,StopPoint:OCETrain TER-87581595,9,,0,0,
OCESN865039F1187_F:TER:FR:Line::6973a1d6-1ab5-447c-b47e-d20af934f64d::87583005:87581009:11:2009:20260621,20:03:00,20:04:00,StopPoint:OCETrain TER-87581595,9,,0,0,
OCESN865039F1187_F:TER:FR:Line::6973a1d6-1ab5-447c-b47e-d20af934f64d::87583005:87581009:10:2009:20260925,20:03:00,20:04:00,StopPoint:OCETrain TER-87581595,8,,0,0,
OCESN865039F1187_F:TER:FR:Line::6973a1d6-1ab5-447c-b47e-d20af934f64d::87583005:87581009:11:2009:20260930,20:03:00,20:04:00,StopPoint:OCETrain TER-87581595,9,,0,0,
OCESN865039F1187_F:TER:FR:Line::6973a1d6-1ab5-447c-b47e-d20af934f64d::87583005:87581009:11:2010:20260515,20:04:00,20:05:00,StopPoint:OCETrain TER-87581595,9,,0,0,
OCESN865039F1187_F:TER:FR:Line::6973a1d6-1ab5-447c-b47e-d20af934f64d::87583005:87581009:11:2011:20260517,20:05:00,20:06:00,StopPoint:OCETrain TER-87581595,9,,0,0,
OCESN865040F1187_F:TER:FR:Line::6831fb72-94d3-417c-915f-b9656db78b1a::87581009:87584052:7:703:20260828,06:33:00,06:34:00,StopPoint:OCETrain TER-87581595,1,,0,0,
OCESN865051F1187_F:TER:FR:Line::6831fb72-94d3-417c-915f-b9656db78b1a::87584052:87581009:7:1730:20260703,17:24:00,17:25:00,StopPoint:OCETrain TER-87581595,5,,0,0,
OCESN865051F1187_F:TER:FR:Line::6831fb72-94d3-417c-915f-b9656db78b1a::87584052:87581009:6:1731:20260515,17:22:00,17:23:00,StopPoint:OCETrain TER-87581595,4,,0,0,
OCESN865051F1187_F:TER:FR:Line::6831fb72-94d3-417c-915f-b9656db78b1a::87584052:87581009:7:1730:20260619,17:24:00,17:25:00,StopPoint:OCETrain TER-87581595,5,,0,0,
OCESN865051F1187_F:TER:FR:Line::6831fb72-94d3-417c-915f-b9656db78b1a::87584052:87581009:7:1731:20260513,17:25:00,17:26:00,StopPoint:OCETrain TER-87581595,5,,0,0,
OCESN865051F1187_F:TER:FR:Line::6831fb72-94d3-417c-915f-b9656db78b1a::87584052:87581009:8:1730:20260930,17:19:00,17:20:00,StopPoint:OCETrain TER-87581850,5,,0,0,
OCESN865051F1187_F:TER:FR:Line::6831fb72-94d3-417c-915f-b9656db78b1a::87584052:87581009:8:1730:20260930,17:24:00,17:25:00,StopPoint:OCETrain TER-87581595,6,,0,0,
OCESN865051F1187_F:TER:FR:Line::6831fb72-94d3-417c-915f-b9656db78b1a::87584052:87581009:8:1731:20260424,17:18:00,17:19:00,StopPoint:OCETrain TER-87581850,5,,0,0,
OCESN865051F1187_F:TER:FR:Line::6831fb72-94d3-417c-915f-b9656db78b1a::87584052:87581009:8:1731:20260424,17:25:00,17:26:00,StopPoint:OCETrain TER-87581595,6,,0,0,
OCESN865071F1187_F:TER:FR:Line::6831fb72-94d3-417c-915f-b9656db78b1a::87584052:87581009:7:2227:20260828,22:22:00,22:23:00,StopPoint:OCETrain TER-87581595,5,,0,0,
OCESN865071F1187_F:TER:FR:Line::6831fb72-94d3-417c-915f-b9656db78b1a::87584052:87581009:8:2227:20260829,22:17:00,22:18:00,StopPoint:OCETrain TER-87581850,5,,0,0,
OCESN865071F1187_F:TER:FR:Line::6831fb72-94d3-417c-915f-b9656db78b1a::87584052:87581009:8:2227:20260829,22:22:00,22:23:00,StopPoint:OCETrain TER-87581595,6,,0,0,
OCESN865101F1187_F:TER:FR:Line::c89f00c3-5bb6-4806-b9a0-44724544e64b::87491209:87581009:10:651:20260930,06:45:00,06:46:00,StopPoint:OCETrain TER-87581595,8,,0,0,
OCESN865102F1187_F:TER:FR:Line::c89f00c3-5bb6-4806-b9a0-44724544e64b::87581009:87491209:10:652:20260930,06:11:00,06:12:00,StopPoint:OCETrain TER-87581595,1,,0,0,
OCESN865103F1187_F:TER:FR:Line::c89f00c3-5bb6-4806-b9a0-44724544e64b::87491209:87581009:10:713:20260930,07:07:00,07:08:00,StopPoint:OCETrain TER-87581595,8,,0,0,
OCESN865104F1187_F:TER:FR:Line::c89f00c3-5bb6-4806-b9a0-44724544e64b::87581009:87491209:10:752:20260930,07:11:00,07:12:00,StopPoint:OCETrain TER-87581595,1,,0,0,
OCESN865105F1187_F:TER:FR:Line::c89f00c3-5bb6-4806-b9a0-44724544e64b::87491209:87581009:10:751:20260930,07:45:00,07:46:00,StopPoint:OCETrain TER-87581595,8,,0,0,
OCESN865106F1187_F:TER:FR:Line::c89f00c3-5bb6-4806-b9a0-44724544e64b::87581009:87491209:10:852:20260930,08:11:00,08:12:00,StopPoint:OCETrain TER-87581595,1,,0,0,
OCESN865107F1187_F:TER:FR:Line::c89f00c3-5bb6-4806-b9a0-44724544e64b::87491209:87581009:10:829:20260930,08:23:00,08:24:00,StopPoint:OCETrain TER-87581595,8,,0,0,
OCESN865109F1187_F:TER:FR:Line::c89f00c3-5bb6-4806-b9a0-44724544e64b::87491209:87581009:10:853:20260515,08:46:00,08:47:00,StopPoint:OCETrain TER-87581595,8,,0,0,
OCESN865109F1187_F:TER:FR:Line::c89f00c3-5bb6-4806-b9a0-44724544e64b::87491209:87581009:10:851:20260930,08:45:00,08:46:00,StopPoint:OCETrain TER-87581595,8,,0,0,
OCESN865110F1187_F:TER:FR:Line::c89f00c3-5bb6-4806-b9a0-44724544e64b::87581009:87491209:10:1052:20260930,10:11:00,10:12:00,StopPoint:OCETrain TER-87581595,1,,0,0,
OCESN865112F1187_F:TER:FR:Line::c89f00c3-5bb6-4806-b9a0-44724544e64b::87581009:87491209:10:1152:20260930,11:11:00,11:12:00,StopPoint:OCETrain TER-87581595,1,,0,0,
OCESN865113F1187_F:TER:FR:Line::c89f00c3-5bb6-4806-b9a0-44724544e64b::87491209:87581009:10:951:20260930,09:45:00,09:46:00,StopPoint:OCETrain TER-87581595,8,,0,0,
OCESN865114F1187_F:TER:FR:Line::c89f00c3-5bb6-4806-b9a0-44724544e64b::87581009:87491209:10:1252:20260930,12:12:00,12:13:00,StopPoint:OCETrain TER-87581595,1,,0,0,
OCESN865117F1187_F:TER:FR:Line::c89f00c3-5bb6-4806-b9a0-44724544e64b::87491209:87581009:10:1151:20260930,11:45:00,11:46:00,StopPoint:OCETrain TER-87581595,8,,0,0,
OCESN865118F1187_F:TER:FR:Line::c89f00c3-5bb6-4806-b9a0-44724544e64b::87581009:87491209:10:1452:20260930,14:12:00,14:13:00,StopPoint:OCETrain TER-87581595,1,,0,0,
OCESN865120F1187_F:TER:FR:Line::c89f00c3-5bb6-4806-b9a0-44724544e64b::87581009:87491209:10:1552:20260930,15:11:00,15:12:00,StopPoint:OCETrain TER-87581595,1,,0,0,
OCESN865121F1187_F:TER:FR:Line::c89f00c3-5bb6-4806-b9a0-44724544e64b::87491209:87581009:10:1251:20260930,12:45:00,12:46:00,StopPoint:OCETrain TER-87581595,8,,0,0,
OCESN865122F1187_F:TER:FR:Line::c89f00c3-5bb6-4806-b9a0-44724544e64b::87581009:87491209:10:1652:20260930,16:11:00,16:12:00,StopPoint:OCETrain TER-87581595,1,,0,0,
OCESN865123F1187_F:TER:FR:Line::c89f00c3-5bb6-4806-b9a0-44724544e64b::87491209:87581009:10:1451:20260927,14:45:00,14:46:00,StopPoint:OCETrain TER-87581595,8,,0,0,
OCESN865125F1187_F:TER:FR:Line::c89f00c3-5bb6-4806-b9a0-44724544e64b::87491209:87581009:10:1351:20260930,13:45:00,13:46:00,StopPoint:OCETrain TER-87581595,8,,0,0,
OCESN865126F1187_F:TER:FR:Line::c89f00c3-5bb6-4806-b9a0-44724544e64b::87581009:87491209:10:1752:20260930,17:12:00,17:13:00,StopPoint:OCETrain TER-87581595,1,,0,0,
OCESN865127F1187_F:TER:FR:Line::c89f00c3-5bb6-4806-b9a0-44724544e64b::87491209:87581009:10:1551:20260930,15:45:00,15:46:00,StopPoint:OCETrain TER-87581595,8,,0,0,
OCESN865128F1187_F:TER:FR:Line::c89f00c3-5bb6-4806-b9a0-44724544e64b::87581009:87491209:10:1817:20260930,17:37:00,17:38:00,StopPoint:OCETrain TER-87581595,1,,0,0,
OCESN865129F1187_F:TER:FR:Line::c89f00c3-5bb6-4806-b9a0-44724544e64b::87491209:87581009:10:1651:20260930,16:45:00,16:46:00,StopPoint:OCETrain TER-87581595,8,,0,0,
OCESN865130F1187_F:TER:FR:Line::c89f00c3-5bb6-4806-b9a0-44724544e64b::87581009:87491209:10:1853:20260930,18:14:00,18:15:00,StopPoint:OCETrain TER-87581595,1,,0,0,
OCESN865133F1187_F:TER:FR:Line::c89f00c3-5bb6-4806-b9a0-44724544e64b::87491209:87581009:10:1751:20260930,17:45:00,17:46:00,StopPoint:OCETrain TER-87581595,8,,0,0,
OCESN865134F1187_F:TER:FR:Line::c89f00c3-5bb6-4806-b9a0-44724544e64b::87581009:87491209:10:1952:20260930,19:11:00,19:12:00,StopPoint:OCETrain TER-87581595,1,,0,0,
OCESN865137F1187_F:TER:FR:Line::c89f00c3-5bb6-4806-b9a0-44724544e64b::87491209:87581009:10:1851:20260930,18:45:00,18:46:00,StopPoint:OCETrain TER-87581595,8,,0,0,
OCESN865138F1187_F:TER:FR:Line::c89f00c3-5bb6-4806-b9a0-44724544e64b::87581009:87491209:10:2052:20260930,20:11:00,20:12:00,StopPoint:OCETrain TER-87581595,1,,0,0,
OCESN865139F1187_F:TER:FR:Line::c89f00c3-5bb6-4806-b9a0-44724544e64b::87491209:87581009:10:1953:20260930,19:47:00,19:48:00,StopPoint:OCETrain TER-87581595,8,,0,0,
OCESN865140F1187_F:TER:FR:Line::c89f00c3-5bb6-4806-b9a0-44724544e64b::87581009:87491209:10:2152:20260930,21:11:00,21:12:00,StopPoint:OCETrain TER-87581595,1,,0,0,
OCESN865141F1187_F:TER:FR:Line::c89f00c3-5bb6-4806-b9a0-44724544e64b::87491209:87581009:10:2051:20260930,20:45:00,20:46:00,StopPoint:OCETrain TER-87581595,8,,0,0,
OCESN865202F1187_F:TER:FR:Line::fe22a529-93ed-4301-8a97-e1c5e11abfa1::87581009:87594499:21:931:20260731,06:30:00,06:31:00,StopPoint:OCETrain TER-87581595,1,,0,0,
OCESN865202F1187_F:TER:FR:Line::fe22a529-93ed-4301-8a97-e1c5e11abfa1::87581009:87594499:21:931:20260911,06:30:00,06:31:00,StopPoint:OCETrain TER-87581595,1,,0,0,
OCESN865202F1187_F:TER:FR:Line::fe22a529-93ed-4301-8a97-e1c5e11abfa1::87581009:87594499:21:931:20260918,06:31:00,06:32:00,StopPoint:OCETrain TER-87581595,1,,0,0,
OCESN865202F1187_F:TER:FR:Line::fe22a529-93ed-4301-8a97-e1c5e11abfa1::87581009:87594002:18:859:20260930,06:31:00,06:32:00,StopPoint:OCETrain TER-87581595,1,,0,0,
OCESN865202F1187_F:TER:FR:Line::fe22a529-93ed-4301-8a97-e1c5e11abfa1::87581009:87594499:21:931:20260703,06:31:00,06:32:00,StopPoint:OCETrain TER-87581595,1,,0,0,
OCESN865202F1187_F:TER:FR:Line::fe22a529-93ed-4301-8a97-e1c5e11abfa1::87581009:87594499:21:931:20260515,06:30:00,06:31:00,StopPoint:OCETrain TER-87581595,1,,0,0,
OCESN865204F1187_F:TER:FR:Line::fe22a529-93ed-4301-8a97-e1c5e11abfa1::87581009:87594499:17:1117:20260725,08:30:00,08:31:00,StopPoint:OCETrain TER-87581595,1,,0,0,
OCESN865204F1187_F:TER:FR:Line::fe22a529-93ed-4301-8a97-e1c5e11abfa1::87581009:87594499:17:1117:20260926,08:30:00,08:31:00,StopPoint:OCETrain TER-87581595,1,,0,0,
OCESN865204F1187_F:TER:FR:Line::fe22a529-93ed-4301-8a97-e1c5e11abfa1::87581009:87594499:17:1117:20260516,08:30:00,08:31:00,StopPoint:OCETrain TER-87581595,1,,0,0,
OCESN865206F1187_F:TER:FR:Line::fe22a529-93ed-4301-8a97-e1c5e11abfa1::87594002:87581009:15:759:20260930,07:54:00,07:55:00,StopPoint:OCETrain TER-87581595,13,,0,0,
OCESN865206F1187_F:TER:FR:Line::fe22a529-93ed-4301-8a97-e1c5e11abfa1::87594002:87581009:15:800:20260515,07:54:00,07:55:00,StopPoint:OCETrain TER-87581595,13,,0,0,
OCESN865208F1187_F:TER:FR:Line::fe22a529-93ed-4301-8a97-e1c5e11abfa1::87594499:87581009:17:959:20260926,09:54:00,09:55:00,StopPoint:OCETrain TER-87581595,15,,0,0,
OCESN865208F1187_F:TER:FR:Line::fe22a529-93ed-4301-8a97-e1c5e11abfa1::87594499:87581009:17:958:20260725,09:53:00,09:54:00,StopPoint:OCETrain TER-87581595,15,,0,0,
OCESN865208F1187_F:TER:FR:Line::fe22a529-93ed-4301-8a97-e1c5e11abfa1::87594499:87581009:17:958:20260912,09:53:00,09:54:00,StopPoint:OCETrain TER-87581595,15,,0,0,
OCESN865214F1187_F:TER:FR:Line::fe22a529-93ed-4301-8a97-e1c5e11abfa1::87581009:87594499:17:1520:20260703,12:30:00,12:31:00,StopPoint:OCETrain TER-87581595,1,,0,0,
OCESN865214F1187_F:TER:FR:Line::fe22a529-93ed-4301-8a97-e1c5e11abfa1::87581009:87594499:17:1520:20260911,12:31:00,12:32:00,StopPoint:OCETrain TER-87581595,1,,0,0,
OCESN865214F1187_F:TER:FR:Line::fe22a529-93ed-4301-8a97-e1c5e11abfa1::87581009:87594499:17:1520:20260731,12:31:00,12:32:00,StopPoint:OCETrain TER-87581595,1,,0,0,
OCESN865214F1187_F:TER:FR:Line::fe22a529-93ed-4301-8a97-e1c5e11abfa1::87581009:87594499:17:1520:20260925,12:31:00,12:32:00,StopPoint:OCETrain TER-87581595,1,,0,0,
OCESN865214F1187_F:TER:FR:Line::fe22a529-93ed-4301-8a97-e1c5e11abfa1::87581009:87594002:14:1452:20260930,12:31:00,12:32:00,StopPoint:OCETrain TER-87581595,1,,0,0,
OCESN865214F1187_F:TER:FR:Line::fe22a529-93ed-4301-8a97-e1c5e11abfa1::87581009:87594499:17:1520:20260515,12:31:00,12:32:00,StopPoint:OCETrain TER-87581595,1,,0,0,
OCESN865214F1187_F:TER:FR:Line::fe22a529-93ed-4301-8a97-e1c5e11abfa1::87581009:87595009:10:1353:20260424,12:31:00,12:32:00,StopPoint:OCETrain TER-87581595,1,,0,0,
OCESN865216F1187_F:TER:FR:Line::fe22a529-93ed-4301-8a97-e1c5e11abfa1::87594499:87581009:17:1336:20260515,13:30:00,13:31:00,StopPoint:OCETrain TER-87581595,15,,0,0,
OCESN865216F1187_F:TER:FR:Line::fe22a529-93ed-4301-8a97-e1c5e11abfa1::87594499:87581009:17:1336:20260513,13:31:00,13:32:00,StopPoint:OCETrain TER-87581595,15,,0,0,
OCESN865216F1187_F:TER:FR:Line::fe22a529-93ed-4301-8a97-e1c5e11abfa1::87594499:87581009:17:1331:20260731,13:26:00,13:27:00,StopPoint:OCETrain TER-87581595,15,,0,0,
OCESN865216F1187_F:TER:FR:Line::fe22a529-93ed-4301-8a97-e1c5e11abfa1::87594499:87581009:17:1331:20260911,13:26:00,13:27:00,StopPoint:OCETrain TER-87581595,15,,0,0,
OCESN865216F1187_F:TER:FR:Line::fe22a529-93ed-4301-8a97-e1c5e11abfa1::87594499:87581009:17:1332:20260918,13:27:00,13:28:00,StopPoint:OCETrain TER-87581595,15,,0,0,
OCESN865216F1187_F:TER:FR:Line::fe22a529-93ed-4301-8a97-e1c5e11abfa1::87594002:87581009:14:1332:20260930,13:27:00,13:28:00,StopPoint:OCETrain TER-87581595,12,,0,0,
OCESN865216F1187_F:TER:FR:Line::fe22a529-93ed-4301-8a97-e1c5e11abfa1::87595009:87581009:10:1336:20260424,13:31:00,13:32:00,StopPoint:OCETrain TER-87581595,8,,0,0,
OCESN865216F1187_F:TER:FR:Line::fe22a529-93ed-4301-8a97-e1c5e11abfa1::87594499:87581009:17:1340:20260605,13:34:00,13:35:00,StopPoint:OCETrain TER-87581595,15,,0,0,
OCESN865226F1187_F:TER:FR:Line::fe22a529-93ed-4301-8a97-e1c5e11abfa1::87594002:87581009:16:1940:20260913,19:34:00,19:35:00,StopPoint:OCETrain TER-87581595,14,,0,0,
OCESN865226F1187_F:TER:FR:Line::fe22a529-93ed-4301-8a97-e1c5e11abfa1::87594002:87581009:16:1938:20260930,19:32:00,19:33:00,StopPoint:OCETrain TER-87581595,14,,0,0,
OCESN865226F1187_F:TER:FR:Line::fe22a529-93ed-4301-8a97-e1c5e11abfa1::87594002:87581009:16:1941:20260927,19:35:00,19:36:00,StopPoint:OCETrain TER-87581595,14,,0,0,
OCESN865226F1187_F:TER:FR:Line::fe22a529-93ed-4301-8a97-e1c5e11abfa1::87594002:87581009:16:1941:20260517,19:36:00,19:37:00,StopPoint:OCETrain TER-87581595,14,,0,0,
OCESN865226F1187_F:TER:FR:Line::fe22a529-93ed-4301-8a97-e1c5e11abfa1::87594002:87581009:16:1939:20260512,19:33:00,19:34:00,StopPoint:OCETrain TER-87581595,14,,0,0,
OCESN865230F1187_F:TER:FR:Line::fe22a529-93ed-4301-8a97-e1c5e11abfa1::87581009:87594002:14:2022:20260930,18:01:00,18:02:00,StopPoint:OCETrain TER-87581595,1,,0,0,
OCESN865230F1187_F:TER:FR:Line::fe22a529-93ed-4301-8a97-e1c5e11abfa1::87581009:87594002:14:2022:20260911,18:00:00,18:01:00,StopPoint:OCETrain TER-87581595,1,,0,0,
OCESN865230F1187_F:TER:FR:Line::fe22a529-93ed-4301-8a97-e1c5e11abfa1::87581009:87594002:14:2022:20260515,18:00:00,18:01:00,StopPoint:OCETrain TER-87581595,1,,0,0,
OCESN865232F1187_F:TER:FR:Line::fe22a529-93ed-4301-8a97-e1c5e11abfa1::87581009:87594002:14:2146:20260705,19:31:00,19:32:00,StopPoint:OCETrain TER-87581595,1,,0,0,
OCESN865232F1187_F:TER:FR:Line::fe22a529-93ed-4301-8a97-e1c5e11abfa1::87581009:87594002:14:2147:20260913,19:31:00,19:32:00,StopPoint:OCETrain TER-87581595,1,,0,0,
OCESN865232F1187_F:TER:FR:Line::fe22a529-93ed-4301-8a97-e1c5e11abfa1::87581009:87594002:14:2146:20260927,19:31:00,19:32:00,StopPoint:OCETrain TER-87581595,1,,0,0,
OCESN865232F1187_F:TER:FR:Line::fe22a529-93ed-4301-8a97-e1c5e11abfa1::87581009:87594002:14:2147:20260517,19:31:00,19:32:00,StopPoint:OCETrain TER-87581595,1,,0,0,
OCESN865234F1187_F:TER:FR:Line::fe22a529-93ed-4301-8a97-e1c5e11abfa1::87581009:87594002:14:2246:20260704,20:30:00,20:31:00,StopPoint:OCETrain TER-87581595,1,,0,0,
OCESN865234F1187_F:TER:FR:Line::fe22a529-93ed-4301-8a97-e1c5e11abfa1::87581009:87594002:14:2246:20260912,20:28:00,20:29:00,StopPoint:OCETrain TER-87581595,1,,0,0,
OCESN865234F1187_F:TER:FR:Line::fe22a529-93ed-4301-8a97-e1c5e11abfa1::87581009:87594002:14:2246:20260926,20:29:00,20:30:00,StopPoint:OCETrain TER-87581595,1,,0,0,
OCESN865234F1187_F:TER:FR:Line::fe22a529-93ed-4301-8a97-e1c5e11abfa1::87581009:87594002:14:2246:20260516,20:28:00,20:29:00,StopPoint:OCETrain TER-87581595,1,,0,0,
OCESN865301F1187_F:TER:FR:Line::4f784834-828d-4bbf-a65d-d21599ce8dc2::87595009:87581009:10:615:20260930,06:09:00,06:10:00,StopPoint:OCETrain TER-87581595,8,,0,0,
OCESN865301F1187_F:TER:FR:Line::4f784834-828d-4bbf-a65d-d21599ce8dc2::87595009:87581009:10:614:20260911,06:08:00,06:09:00,StopPoint:OCETrain TER-87581595,8,,0,0,
OCESN865301F1187_F:TER:FR:Line::4f784834-828d-4bbf-a65d-d21599ce8dc2::87595009:87581009:10:616:20260515,06:10:00,06:11:00,StopPoint:OCETrain TER-87581595,8,,0,0,
OCESN865303F1187_F:TER:FR:Line::4f784834-828d-4bbf-a65d-d21599ce8dc2::87595009:87581009:10:659:20260912,06:53:00,06:54:00,StopPoint:OCETrain TER-87581595,8,,0,0,
OCESN865303F1187_F:TER:FR:Line::4f784834-828d-4bbf-a65d-d21599ce8dc2::87595009:87581009:10:659:20260930,06:53:00,06:54:00,StopPoint:OCETrain TER-87581595,8,,0,0,
OCESN865303F1187_F:TER:FR:Line::4f784834-828d-4bbf-a65d-d21599ce8dc2::87595009:87581009:10:659:20260516,06:53:00,06:54:00,StopPoint:OCETrain TER-87581595,8,,0,0,
OCESN865305F1187_F:TER:FR:Line::4f784834-828d-4bbf-a65d-d21599ce8dc2::87595009:87581009:11:728:20260930,07:22:00,07:23:00,StopPoint:OCETrain TER-87581595,9,,0,0,
OCESN865305F1187_F:TER:FR:Line::4f784834-828d-4bbf-a65d-d21599ce8dc2::87595009:87581009:11:729:20260515,07:23:00,07:24:00,StopPoint:OCETrain TER-87581595,9,,0,0,
OCESN865306F1187_F:TER:FR:Line::4f784834-828d-4bbf-a65d-d21599ce8dc2::87581009:87595009:10:947:20260911,08:26:00,08:27:00,StopPoint:OCETrain TER-87581595,1,,0,0,
OCESN865306F1187_F:TER:FR:Line::4f784834-828d-4bbf-a65d-d21599ce8dc2::87581009:87595009:10:945:20260703,08:26:00,08:27:00,StopPoint:OCETrain TER-87581595,1,,0,0,
OCESN865306F1187_F:TER:FR:Line::4f784834-828d-4bbf-a65d-d21599ce8dc2::87581009:87595009:10:946:20260930,08:26:00,08:27:00,StopPoint:OCETrain TER-87581595,1,,0,0,
OCESN865306F1187_F:TER:FR:Line::4f784834-828d-4bbf-a65d-d21599ce8dc2::87581009:87595009:10:948:20260515,08:27:00,08:28:00,StopPoint:OCETrain TER-87581595,1,,0,0,
OCESN865307F1187_F:TER:FR:Line::4f784834-828d-4bbf-a65d-d21599ce8dc2::87595009:87581009:10:727:20260926,07:21:00,07:22:00,StopPoint:OCETrain TER-87581595,8,,0,0,
OCESN865307F1187_F:TER:FR:Line::4f784834-828d-4bbf-a65d-d21599ce8dc2::87595009:87581009:10:728:20260516,07:22:00,07:23:00,StopPoint:OCETrain TER-87581595,8,,0,0,
OCESN865309F1187_F:TER:FR:Line::4f784834-828d-4bbf-a65d-d21599ce8dc2::87595009:87581009:10:858:20260930,08:52:00,08:53:00,StopPoint:OCETrain TER-87581595,8,,0,0,
OCESN865309F1187_F:TER:FR:Line::4f784834-828d-4bbf-a65d-d21599ce8dc2::87595009:87581009:10:858:20260515,08:53:00,08:54:00,StopPoint:OCETrain TER-87581595,8,,0,0,
OCESN865309F1187_F:TER:FR:Line::4f784834-828d-4bbf-a65d-d21599ce8dc2::87595009:87581009:10:858:20260928,08:52:00,08:53:00,StopPoint:OCETrain TER-87581595,8,,0,0,
OCESN865310F1187_F:TER:FR:Line::4f784834-828d-4bbf-a65d-d21599ce8dc2::87581009:87595009:10:1150:20260913,10:28:00,10:29:00,StopPoint:OCETrain TER-87581595,1,,0,0,
OCESN865310F1187_F:TER:FR:Line::4f784834-828d-4bbf-a65d-d21599ce8dc2::87581009:87595009:10:1150:20260705,10:30:00,10:31:00,StopPoint:OCETrain TER-87581595,1,,0,0,
OCESN865310F1187_F:TER:FR:Line::4f784834-828d-4bbf-a65d-d21599ce8dc2::87581009:87595009:10:1150:20260927,10:29:00,10:30:00,StopPoint:OCETrain TER-87581595,1,,0,0,
OCESN865310F1187_F:TER:FR:Line::4f784834-828d-4bbf-a65d-d21599ce8dc2::87581009:87595009:10:1150:20260517,10:28:00,10:29:00,StopPoint:OCETrain TER-87581595,1,,0,0,
OCESN865311F1187_F:TER:FR:Line::4f784834-828d-4bbf-a65d-d21599ce8dc2::87595009:87581009:10:932:20260913,09:27:00,09:28:00,StopPoint:OCETrain TER-87581595,8,,0,0,
OCESN865311F1187_F:TER:FR:Line::4f784834-828d-4bbf-a65d-d21599ce8dc2::87595009:87581009:10:933:20260930,09:28:00,09:29:00,StopPoint:OCETrain TER-87581595,8,,0,0,
OCESN865311F1187_F:TER:FR:Line::4f784834-828d-4bbf-a65d-d21599ce8dc2::87595009:87581009:10:937:20260515,09:32:00,09:33:00,StopPoint:OCETrain TER-87581595,8,,0,0,
OCESN865311F1187_F:TER:FR:Line::4f784834-828d-4bbf-a65d-d21599ce8dc2::87595009:87581009:10:934:20260517,09:29:00,09:30:00,StopPoint:OCETrain TER-87581595,8,,0,0,
OCESN865312F1187_F:TER:FR:Line::4f784834-828d-4bbf-a65d-d21599ce8dc2::87581009:87595009:10:1247:20260515,11:24:00,11:25:00,StopPoint:OCETrain TER-87581595,1,,0,0,
OCESN865312F1187_F:TER:FR:Line::4f784834-828d-4bbf-a65d-d21599ce8dc2::87581009:87595009:10:1250:20260911,11:30:00,11:31:00,StopPoint:OCETrain TER-87581595,1,,0,0,
OCESN865312F1187_F:TER:FR:Line::4f784834-828d-4bbf-a65d-d21599ce8dc2::87581009:87595009:10:1248:20260703,11:30:00,11:31:00,StopPoint:OCETrain TER-87581595,1,,0,0,
OCESN865312F1187_F:TER:FR:Line::4f784834-828d-4bbf-a65d-d21599ce8dc2::87581009:87595009:10:1249:20260930,11:30:00,11:31:00,StopPoint:OCETrain TER-87581595,1,,0,0,
OCESN865312F1187_F:TER:FR:Line::4f784834-828d-4bbf-a65d-d21599ce8dc2::87581009:87595009:10:1253:20260513,11:30:00,11:31:00,StopPoint:OCETrain TER-87581595,1,,0,0,
OCESN865313F1187_F:TER:FR:Line::4f784834-828d-4bbf-a65d-d21599ce8dc2::87595009:87581009:10:1131:20260912,11:25:00,11:26:00,StopPoint:OCETrain TER-87581595,8,,0,0,
OCESN865313F1187_F:TER:FR:Line::4f784834-828d-4bbf-a65d-d21599ce8dc2::87595009:87581009:10:1132:20260930,11:26:00,11:27:00,StopPoint:OCETrain TER-87581595,8,,0,0,
OCESN865313F1187_F:TER:FR:Line::4f784834-828d-4bbf-a65d-d21599ce8dc2::87595009:87581009:10:1133:20260516,11:27:00,11:28:00,StopPoint:OCETrain TER-87581595,8,,0,0,
OCESN865316F1187_F:TER:FR:Line::4f784834-828d-4bbf-a65d-d21599ce8dc2::87581009:87595009:10:1553:20260913,14:30:00,14:31:00,StopPoint:OCETrain TER-87581595,1,,0,0,
OCESN865316F1187_F:TER:FR:Line::4f784834-828d-4bbf-a65d-d21599ce8dc2::87581009:87595009:10:1552:20260705,14:30:00,14:31:00,StopPoint:OCETrain TER-87581595,1,,0,0,
OCESN865316F1187_F:TER:FR:Line::4f784834-828d-4bbf-a65d-d21599ce8dc2::87581009:87595009:10:1553:20260930,14:30:00,14:31:00,StopPoint:OCETrain TER-87581595,1,,0,0,
OCESN865316F1187_F:TER:FR:Line::4f784834-828d-4bbf-a65d-d21599ce8dc2::87581009:87595009:10:1554:20260517,14:30:00,14:31:00,StopPoint:OCETrain TER-87581595,1,,0,0,
OCESN865319F1187_F:TER:FR:Line::4f784834-828d-4bbf-a65d-d21599ce8dc2::87595009:87581009:10:1443:20260911,14:37:00,14:38:00,StopPoint:OCETrain TER-87581595,8,,0,0,
OCESN865319F1187_F:TER:FR:Line::4f784834-828d-4bbf-a65d-d21599ce8dc2::87595009:87581009:10:1443:20260930,14:37:00,14:38:00,StopPoint:OCETrain TER-87581595,8,,0,0,
OCESN865319F1187_F:TER:FR:Line::4f784834-828d-4bbf-a65d-d21599ce8dc2::87595009:87581009:10:1443:20260515,14:37:00,14:38:00,StopPoint:OCETrain TER-87581595,8,,0,0,
OCESN865320F1187_F:TER:FR:Line::4f784834-828d-4bbf-a65d-d21599ce8dc2::87581009:87595009:10:1652:20260911,15:30:00,15:31:00,StopPoint:OCETrain TER-87581595,1,,0,0,
OCESN865320F1187_F:TER:FR:Line::4f784834-828d-4bbf-a65d-d21599ce8dc2::87581009:87595009:10:1650:20260703,15:30:00,15:31:00,StopPoint:OCETrain TER-87581595,1,,0,0,
OCESN865320F1187_F:TER:FR:Line::4f784834-828d-4bbf-a65d-d21599ce8dc2::87581009:87595009:10:1651:20260930,15:30:00,15:31:00,StopPoint:OCETrain TER-87581595,1,,0,0,
OCESN865320F1187_F:TER:FR:Line::4f784834-828d-4bbf-a65d-d21599ce8dc2::87581009:87595009:10:1652:20260515,15:30:00,15:31:00,StopPoint:OCETrain TER-87581595,1,,0,0,
OCESN865321F1187_F:TER:FR:Line::4f784834-828d-4bbf-a65d-d21599ce8dc2::87595009:87581009:10:1532:20260913,15:26:00,15:27:00,StopPoint:OCETrain TER-87581595,8,,0,0,
OCESN865321F1187_F:TER:FR:Line::4f784834-828d-4bbf-a65d-d21599ce8dc2::87595009:87581009:10:1533:20260927,15:27:00,15:28:00,StopPoint:OCETrain TER-87581595,8,,0,0,
OCESN865321F1187_F:TER:FR:Line::4f784834-828d-4bbf-a65d-d21599ce8dc2::87595009:87581009:10:1534:20260517,15:28:00,15:29:00,StopPoint:OCETrain TER-87581595,8,,0,0,
OCESN865323F1187_F:TER:FR:Line::4f784834-828d-4bbf-a65d-d21599ce8dc2::87595009:87581009:10:1737:20260913,17:31:00,17:32:00,StopPoint:OCETrain TER-87581595,8,,0,0,
OCESN865323F1187_F:TER:FR:Line::4f784834-828d-4bbf-a65d-d21599ce8dc2::87595009:87581009:10:1732:20260930,17:26:00,17:27:00,StopPoint:OCETrain TER-87581595,8,,0,0,
OCESN865323F1187_F:TER:FR:Line::4f784834-828d-4bbf-a65d-d21599ce8dc2::87595009:87581009:10:1738:20260517,17:32:00,17:33:00,StopPoint:OCETrain TER-87581595,8,,0,0,
OCESN865323F1187_F:TER:FR:Line::4f784834-828d-4bbf-a65d-d21599ce8dc2::87595009:87581009:10:1733:20260515,17:27:00,17:28:00,StopPoint:OCETrain TER-87581595,8,,0,0,
OCESN865323F1187_F:TER:FR:Line::4f784834-828d-4bbf-a65d-d21599ce8dc2::87595009:87581009:10:1738:20260927,17:32:00,17:33:00,StopPoint:OCETrain TER-87581595,8,,0,0,
OCESN865324F1187_F:TER:FR:Line::4f784834-828d-4bbf-a65d-d21599ce8dc2::87581009:87595009:10:1753:20260913,16:30:00,16:31:00,StopPoint:OCETrain TER-87581595,1,,0,0,
OCESN865324F1187_F:TER:FR:Line::4f784834-828d-4bbf-a65d-d21599ce8dc2::87581009:87595009:10:1751:20260705,16:30:00,16:31:00,StopPoint:OCETrain TER-87581595,1,,0,0,
OCESN865324F1187_F:TER:FR:Line::4f784834-828d-4bbf-a65d-d21599ce8dc2::87581009:87595009:10:1752:20260930,16:30:00,16:31:00,StopPoint:OCETrain TER-87581595,1,,0,0,
OCESN865324F1187_F:TER:FR:Line::4f784834-828d-4bbf-a65d-d21599ce8dc2::87581009:87595009:10:1753:20260517,16:30:00,16:31:00,StopPoint:OCETrain TER-87581595,1,,0,0,
OCESN865325F1187_F:TER:FR:Line::4f784834-828d-4bbf-a65d-d21599ce8dc2::87595009:87581009:12:1832:20260913,18:26:00,18:27:00,StopPoint:OCETrain TER-87581595,10,,0,0,
OCESN865325F1187_F:TER:FR:Line::4f784834-828d-4bbf-a65d-d21599ce8dc2::87595009:87581009:12:1833:20260927,18:27:00,18:28:00,StopPoint:OCETrain TER-87581595,10,,0,0,
OCESN865325F1187_F:TER:FR:Line::4f784834-828d-4bbf-a65d-d21599ce8dc2::87595009:87581009:12:1834:20260517,18:28:00,18:29:00,StopPoint:OCETrain TER-87581595,10,,0,0,
OCESN865326F1187_F:TER:FR:Line::4f784834-828d-4bbf-a65d-d21599ce8dc2::87581009:87595009:12:1834:20260930,17:03:00,17:04:00,StopPoint:OCETrain TER-87581595,1,,0,0,
OCESN865326F1187_F:TER:FR:Line::4f784834-828d-4bbf-a65d-d21599ce8dc2::87581009:87595009:12:1834:20260515,17:02:00,17:03:00,StopPoint:OCETrain TER-87581595,1,,0,0,
OCESN865328F1187_F:TER:FR:Line::4f784834-828d-4bbf-a65d-d21599ce8dc2::87581009:87595009:10:1851:20260517,17:30:00,17:31:00,StopPoint:OCETrain TER-87581595,1,,0,0,
OCESN865328F1187_F:TER:FR:Line::4f784834-828d-4bbf-a65d-d21599ce8dc2::87581009:87595009:10:1851:20260913,17:30:00,17:31:00,StopPoint:OCETrain TER-87581595,1,,0,0,
OCESN865328F1187_F:TER:FR:Line::4f784834-828d-4bbf-a65d-d21599ce8dc2::87581009:87595009:10:1850:20260927,17:30:00,17:31:00,StopPoint:OCETrain TER-87581595,1,,0,0,
OCESN865328F1187_F:TER:FR:Line::4f784834-828d-4bbf-a65d-d21599ce8dc2::87581009:87595009:10:1849:20260705,17:30:00,17:31:00,StopPoint:OCETrain TER-87581595,1,,0,0,
OCESN865331F1187_F:TER:FR:Line::4f784834-828d-4bbf-a65d-d21599ce8dc2::87595009:87581009:10:2159:20260930,21:54:00,21:55:00,StopPoint:OCETrain TER-87581595,8,,0,0,
OCESN865331F1187_F:TER:FR:Line::4f784834-828d-4bbf-a65d-d21599ce8dc2::87595009:87581009:10:2201:20260517,21:55:00,21:56:00,StopPoint:OCETrain TER-87581595,8,,0,0,
OCESN865332F1187_F:TER:FR:Line::4f784834-828d-4bbf-a65d-d21599ce8dc2::87581009:87595009:11:1956:20260911,18:30:00,18:31:00,StopPoint:OCETrain TER-87581595,1,,0,0,
OCESN865332F1187_F:TER:FR:Line::4f784834-828d-4bbf-a65d-d21599ce8dc2::87581009:87595009:11:1955:20260930,18:30:00,18:31:00,StopPoint:OCETrain TER-87581595,1,,0,0,
OCESN865332F1187_F:TER:FR:Line::4f784834-828d-4bbf-a65d-d21599ce8dc2::87581009:87595009:11:1955:20260928,18:29:00,18:30:00,StopPoint:OCETrain TER-87581595,1,,0,0,
OCESN865336F1187_F:TER:FR:Line::4f784834-828d-4bbf-a65d-d21599ce8dc2::87581009:87595009:10:2054:20260911,19:31:00,19:32:00,StopPoint:OCETrain TER-87581595,1,,0,0,
OCESN865336F1187_F:TER:FR:Line::4f784834-828d-4bbf-a65d-d21599ce8dc2::87581009:87595009:10:2052:20260703,19:31:00,19:32:00,StopPoint:OCETrain TER-87581595,1,,0,0,
OCESN865336F1187_F:TER:FR:Line::4f784834-828d-4bbf-a65d-d21599ce8dc2::87581009:87595009:10:2053:20260930,19:31:00,19:32:00,StopPoint:OCETrain TER-87581595,1,,0,0,
OCESN865336F1187_F:TER:FR:Line::4f784834-828d-4bbf-a65d-d21599ce8dc2::87581009:87595009:10:2053:20260515,19:31:00,19:32:00,StopPoint:OCETrain TER-87581595,1,,0,0,
OCESN865340F1187_F:TER:FR:Line::4f784834-828d-4bbf-a65d-d21599ce8dc2::87581009:87595009:10:2152:20260913,20:30:00,20:31:00,StopPoint:OCETrain TER-87581595,1,,0,0,
OCESN865340F1187_F:TER:FR:Line::4f784834-828d-4bbf-a65d-d21599ce8dc2::87581009:87595009:10:2152:20260705,20:30:00,20:31:00,StopPoint:OCETrain TER-87581595,1,,0,0,
OCESN865340F1187_F:TER:FR:Line::4f784834-828d-4bbf-a65d-d21599ce8dc2::87581009:87595009:10:2152:20260930,20:30:00,20:31:00,StopPoint:OCETrain TER-87581595,1,,0,0,
OCESN865340F1187_F:TER:FR:Line::4f784834-828d-4bbf-a65d-d21599ce8dc2::87581009:87595009:10:2152:20260517,20:30:00,20:31:00,StopPoint:OCETrain TER-87581595,1,,0,0,
OCESN865342F1187_F:TER:FR:Line::4f784834-828d-4bbf-a65d-d21599ce8dc2::87581009:87595009:10:2252:20260913,21:30:00,21:31:00,StopPoint:OCETrain TER-87581595,1,,0,0,
OCESN865342F1187_F:TER:FR:Line::4f784834-828d-4bbf-a65d-d21599ce8dc2::87581009:87595009:10:2250:20260705,21:30:00,21:31:00,StopPoint:OCETrain TER-87581595,1,,0,0,
OCESN865342F1187_F:TER:FR:Line::4f784834-828d-4bbf-a65d-d21599ce8dc2::87581009:87595009:10:2251:20260930,21:30:00,21:31:00,StopPoint:OCETrain TER-87581595,1,,0,0,
OCESN865342F1187_F:TER:FR:Line::4f784834-828d-4bbf-a65d-d21599ce8dc2::87581009:87595009:10:2252:20260517,21:30:00,21:31:00,StopPoint:OCETrain TER-87581595,1,,0,0,
OCESN865551F1187_F:TER:FR:Line::4f784834-828d-4bbf-a65d-d21599ce8dc2::87592006:87581009:13:842:20260515,08:36:00,08:37:00,StopPoint:OCETrain TER-87581595,11,,0,0,
OCESN865551F1187_F:TER:FR:Line::4f784834-828d-4bbf-a65d-d21599ce8dc2::87592006:87581009:13:832:20260930,08:27:00,08:28:00,StopPoint:OCETrain TER-87581595,11,,0,0,
OCESN865551F1187_F:TER:FR:Line::4f784834-828d-4bbf-a65d-d21599ce8dc2::87592006:87581009:13:834:20260513,08:29:00,08:30:00,StopPoint:OCETrain TER-87581595,11,,0,0,
OCESN865552F1187_F:TER:FR:Line::4f784834-828d-4bbf-a65d-d21599ce8dc2::87581009:87592006:13:845:20260911,06:08:00,06:09:00,StopPoint:OCETrain TER-87581595,1,,0,0,
OCESN865552F1187_F:TER:FR:Line::4f784834-828d-4bbf-a65d-d21599ce8dc2::87581009:87592006:13:845:20260907,06:09:00,06:10:00,StopPoint:OCETrain TER-87581595,1,,0,0,
OCESN865552F1187_F:TER:FR:Line::4f784834-828d-4bbf-a65d-d21599ce8dc2::87581009:87592006:13:845:20260930,06:09:00,06:10:00,StopPoint:OCETrain TER-87581595,1,,0,0,
OCESN865552F1187_F:TER:FR:Line::4f784834-828d-4bbf-a65d-d21599ce8dc2::87581009:87592006:13:845:20260515,06:06:00,06:07:00,StopPoint:OCETrain TER-87581595,1,,0,0,
OCESN865553F1187_F:TER:FR:Line::ec925e4f-137a-4761-914a-13d24e9ace87::87592006:87581009:6:1045:20260912,10:40:00,10:41:00,StopPoint:OCETrain TER-87581595,4,,0,0,
OCESN865553F1187_F:TER:FR:Line::ec925e4f-137a-4761-914a-13d24e9ace87::87592006:87581009:6:1046:20260930,10:41:00,10:42:00,StopPoint:OCETrain TER-87581595,4,,0,0,
OCESN865553F1187_F:TER:FR:Line::ec925e4f-137a-4761-914a-13d24e9ace87::87592006:87581009:6:1047:20260516,10:42:00,10:43:00,StopPoint:OCETrain TER-87581595,4,,0,0,
OCESN865554F1187_F:TER:FR:Line::ec925e4f-137a-4761-914a-13d24e9ace87::87581009:87592006:8:952:20260704,07:31:00,07:32:00,StopPoint:OCETrain TER-87581595,1,,0,0,
OCESN865554F1187_F:TER:FR:Line::ec925e4f-137a-4761-914a-13d24e9ace87::87581009:87592006:10:952:20260703,07:23:00,07:24:00,StopPoint:OCETrain TER-87581595,1,,0,0,
OCESN865554F1187_F:TER:FR:Line::ec925e4f-137a-4761-914a-13d24e9ace87::87581009:87592006:8:952:20260912,07:29:00,07:30:00,StopPoint:OCETrain TER-87581595,1,,0,0,
OCESN865554F1187_F:TER:FR:Line::ec925e4f-137a-4761-914a-13d24e9ace87::87581009:87592006:10:952:20260911,07:21:00,07:22:00,StopPoint:OCETrain TER-87581595,1,,0,0,
OCESN865554F1187_F:TER:FR:Line::ec925e4f-137a-4761-914a-13d24e9ace87::87581009:87592006:10:952:20260930,07:22:00,07:23:00,StopPoint:OCETrain TER-87581595,1,,0,0,
OCESN865554F1187_F:TER:FR:Line::ec925e4f-137a-4761-914a-13d24e9ace87::87581009:87592006:8:952:20260926,07:30:00,07:31:00,StopPoint:OCETrain TER-87581595,1,,0,0,
OCESN865554F1187_F:TER:FR:Line::ec925e4f-137a-4761-914a-13d24e9ace87::87581009:87592006:8:952:20260516,07:29:00,07:30:00,StopPoint:OCETrain TER-87581595,1,,0,0,
OCESN865554F1187_F:TER:FR:Line::ec925e4f-137a-4761-914a-13d24e9ace87::87581009:87592006:10:952:20260515,07:21:00,07:22:00,StopPoint:OCETrain TER-87581595,1,,0,0,
OCESN865555F1187_F:TER:FR:Line::ec925e4f-137a-4761-914a-13d24e9ace87::87592006:87581009:6:1144:20260517,11:38:00,11:39:00,StopPoint:OCETrain TER-87581595,4,,0,0,
OCESN865555F1187_F:TER:FR:Line::ec925e4f-137a-4761-914a-13d24e9ace87::87592006:87581009:6:1144:20260503,11:39:00,11:40:00,StopPoint:OCETrain TER-87581595,4,,0,0,
OCESN865555F1187_F:TER:FR:Line::ec925e4f-137a-4761-914a-13d24e9ace87::87592006:87581009:6:1140:20260913,11:34:00,11:35:00,StopPoint:OCETrain TER-87581595,4,,0,0,
OCESN865555F1187_F:TER:FR:Line::ec925e4f-137a-4761-914a-13d24e9ace87::87592006:87581009:6:1142:20260927,11:37:00,11:38:00,StopPoint:OCETrain TER-87581595,4,,0,0,
OCESN865556F1187_F:TER:FR:Line::ec925e4f-137a-4761-914a-13d24e9ace87::87581009:87592006:6:937:20260705,07:21:00,07:22:00,StopPoint:OCETrain TER-87581595,1,,0,0,
OCESN865556F1187_F:TER:FR:Line::ec925e4f-137a-4761-914a-13d24e9ace87::87581009:87592006:6:937:20260913,07:19:00,07:20:00,StopPoint:OCETrain TER-87581595,1,,0,0,
OCESN865556F1187_F:TER:FR:Line::ec925e4f-137a-4761-914a-13d24e9ace87::87581009:87592006:6:937:20260927,07:20:00,07:21:00,StopPoint:OCETrain TER-87581595,1,,0,0,
OCESN865556F1187_F:TER:FR:Line::ec925e4f-137a-4761-914a-13d24e9ace87::87581009:87592006:6:937:20260517,07:19:00,07:20:00,StopPoint:OCETrain TER-87581595,1,,0,0,
OCESN865557F1187_F:TER:FR:Line::ec925e4f-137a-4761-914a-13d24e9ace87::87592006:87581009:7:1230:20260911,12:25:00,12:26:00,StopPoint:OCETrain TER-87581595,5,,0,0,
OCESN865557F1187_F:TER:FR:Line::ec925e4f-137a-4761-914a-13d24e9ace87::87592006:87581009:7:1231:20260930,12:26:00,12:27:00,StopPoint:OCETrain TER-87581595,5,,0,0,
OCESN865557F1187_F:TER:FR:Line::ec925e4f-137a-4761-914a-13d24e9ace87::87592006:87581009:7:1232:20260515,12:27:00,12:28:00,StopPoint:OCETrain TER-87581595,5,,0,0,
OCESN865558F1187_F:TER:FR:Line::ec925e4f-137a-4761-914a-13d24e9ace87::87581009:87592006:6:1248:20260911,10:30:00,10:31:00,StopPoint:OCETrain TER-87581595,1,,0,0,
OCESN865558F1187_F:TER:FR:Line::ec925e4f-137a-4761-914a-13d24e9ace87::87581009:87592006:6:1248:20260930,10:30:00,10:31:00,StopPoint:OCETrain TER-87581595,1,,0,0,
OCESN865559F1187_F:TER:FR:Line::4f784834-828d-4bbf-a65d-d21599ce8dc2::87592006:87581009:12:1330:20260714,13:24:00,13:25:00,StopPoint:OCETrain TER-87581595,10,,0,0,
OCESN865559F1187_F:TER:FR:Line::4f784834-828d-4bbf-a65d-d21599ce8dc2::87592006:87581009:12:1334:20260927,13:29:00,13:30:00,StopPoint:OCETrain TER-87581595,10,,0,0,
OCESN865559F1187_F:TER:FR:Line::4f784834-828d-4bbf-a65d-d21599ce8dc2::87592006:87581009:12:1334:20260913,13:28:00,13:29:00,StopPoint:OCETrain TER-87581595,10,,0,0,
OCESN865561F1187_F:TER:FR:Line::4f784834-828d-4bbf-a65d-d21599ce8dc2::87592006:87581009:13:1540:20260930,15:34:00,15:35:00,StopPoint:OCETrain TER-87581595,11,,0,0,
OCESN865561F1187_F:TER:FR:Line::4f784834-828d-4bbf-a65d-d21599ce8dc2::87592006:87581009:13:1541:20260515,15:36:00,15:37:00,StopPoint:OCETrain TER-87581595,11,,0,0,
OCESN865562F1187_F:TER:FR:Line::4f784834-828d-4bbf-a65d-d21599ce8dc2::87581009:87592006:12:1507:20260913,12:30:00,12:31:00,StopPoint:OCETrain TER-87581595,1,,0,0,
OCESN865562F1187_F:TER:FR:Line::4f784834-828d-4bbf-a65d-d21599ce8dc2::87581009:87592006:12:1507:20260927,12:30:00,12:31:00,StopPoint:OCETrain TER-87581595,1,,0,0,
OCESN865564F1187_F:TER:FR:Line::ec925e4f-137a-4761-914a-13d24e9ace87::87581009:87592006:6:1547:20260605,13:31:00,13:32:00,StopPoint:OCETrain TER-87581595,1,,0,0,
OCESN865564F1187_F:TER:FR:Line::ec925e4f-137a-4761-914a-13d24e9ace87::87581009:87592006:6:1547:20260930,13:31:00,13:32:00,StopPoint:OCETrain TER-87581595,1,,0,0,
OCESN865565F1187_F:TER:FR:Line::4f784834-828d-4bbf-a65d-d21599ce8dc2::87592006:87581009:14:1835:20260911,18:29:00,18:30:00,StopPoint:OCETrain TER-87581595,12,,0,0,
OCESN865565F1187_F:TER:FR:Line::4f784834-828d-4bbf-a65d-d21599ce8dc2::87592006:87581009:14:1836:20260930,18:30:00,18:31:00,StopPoint:OCETrain TER-87581595,12,,0,0,
OCESN865565F1187_F:TER:FR:Line::4f784834-828d-4bbf-a65d-d21599ce8dc2::87592006:87581009:14:1837:20260515,18:31:00,18:32:00,StopPoint:OCETrain TER-87581595,12,,0,0,
OCESN865569F1187_F:TER:FR:Line::ec925e4f-137a-4761-914a-13d24e9ace87::87592006:87581009:9:1957:20260911,19:51:00,19:52:00,StopPoint:OCETrain TER-87581595,7,,0,0,
OCESN865569F1187_F:TER:FR:Line::ec925e4f-137a-4761-914a-13d24e9ace87::87592006:87581009:9:1957:20260930,19:52:00,19:53:00,StopPoint:OCETrain TER-87581595,7,,0,0,
OCESN865569F1187_F:TER:FR:Line::ec925e4f-137a-4761-914a-13d24e9ace87::87592006:87581009:9:1958:20260515,19:53:00,19:54:00,StopPoint:OCETrain TER-87581595,7,,0,0,
OCESN865570F1187_F:TER:FR:Line::4f784834-828d-4bbf-a65d-d21599ce8dc2::87581009:87592006:13:2016:20260911,17:30:00,17:31:00,StopPoint:OCETrain TER-87581595,1,,0,0,
OCESN865570F1187_F:TER:FR:Line::4f784834-828d-4bbf-a65d-d21599ce8dc2::87581009:87592006:13:2016:20260930,17:30:00,17:31:00,StopPoint:OCETrain TER-87581595,1,,0,0,
OCESN865571F1187_F:TER:FR:Line::ec925e4f-137a-4761-914a-13d24e9ace87::87592006:87581009:6:2039:20260927,20:33:00,20:34:00,StopPoint:OCETrain TER-87581595,4,,0,0,
OCESN865571F1187_F:TER:FR:Line::ec925e4f-137a-4761-914a-13d24e9ace87::87592006:87581009:6:2040:20260517,20:35:00,20:36:00,StopPoint:OCETrain TER-87581595,4,,0,0,
OCESN865574F1187_F:TER:FR:Line::ec925e4f-137a-4761-914a-13d24e9ace87::87581009:87592006:6:2047:20260927,18:31:00,18:32:00,StopPoint:OCETrain TER-87581595,1,,0,0,
OCESN865574F1187_F:TER:FR:Line::ec925e4f-137a-4761-914a-13d24e9ace87::87581009:87592006:6:2047:20260913,18:30:00,18:31:00,StopPoint:OCETrain TER-87581595,1,,0,0,
OCESN865574F1187_F:TER:FR:Line::ec925e4f-137a-4761-914a-13d24e9ace87::87581009:87592006:6:2047:20260517,18:30:00,18:31:00,StopPoint:OCETrain TER-87581595,1,,0,0,
OCESN865576F1187_F:TER:FR:Line::ec925e4f-137a-4761-914a-13d24e9ace87::87581009:87592006:6:2128:20260930,19:03:00,19:04:00,StopPoint:OCETrain TER-87581595,1,,0,0,
OCESN865603F1187_F:TER:FR:Line::9805a3d4-04d2-4122-9ac6-677255172215::87584268:87581009:9:643:20260911,06:37:00,06:38:00,StopPoint:OCETrain TER-87581595,7,,0,0,
OCESN865603F1187_F:TER:FR:Line::9805a3d4-04d2-4122-9ac6-677255172215::87584268:87581009:9:644:20260930,06:38:00,06:39:00,StopPoint:OCETrain TER-87581595,7,,0,0,
OCESN865603F1187_F:TER:FR:Line::9805a3d4-04d2-4122-9ac6-677255172215::87584268:87581009:9:645:20260515,06:39:00,06:40:00,StopPoint:OCETrain TER-87581595,7,,0,0,
OCESN865605F1187_F:TER:FR:Line::9805a3d4-04d2-4122-9ac6-677255172215::87584268:87581009:9:718:20260516,07:12:00,07:13:00,StopPoint:OCETrain TER-87581595,7,,0,0,
OCESN865605F1187_F:TER:FR:Line::9805a3d4-04d2-4122-9ac6-677255172215::87584268:87581009:9:714:20260930,07:08:00,07:09:00,StopPoint:OCETrain TER-87581595,7,,0,0,
OCESN865605F1187_F:TER:FR:Line::9805a3d4-04d2-4122-9ac6-677255172215::87584268:87581009:9:716:20260513,07:11:00,07:12:00,StopPoint:OCETrain TER-87581595,7,,0,0,
OCESN865607F1187_F:TER:FR:Line::de0cc979-c473-4b44-afa3-48079e6337c5::87584268:87581009:12:738:20260911,07:33:00,07:34:00,StopPoint:OCETrain TER-87581595,10,,0,0,
OCESN865607F1187_F:TER:FR:Line::de0cc979-c473-4b44-afa3-48079e6337c5::87584268:87581009:12:739:20260930,07:33:00,07:34:00,StopPoint:OCETrain TER-87581595,10,,0,0,
OCESN865607F1187_F:TER:FR:Line::de0cc979-c473-4b44-afa3-48079e6337c5::87584268:87581009:12:742:20260515,07:36:00,07:37:00,StopPoint:OCETrain TER-87581595,10,,0,0,
OCESN865609F1187_F:TER:FR:Line::de0cc979-c473-4b44-afa3-48079e6337c5::87584268:87581009:12:1026:20260912,10:20:00,10:21:00,StopPoint:OCETrain TER-87581595,10,,0,0,
OCESN865609F1187_F:TER:FR:Line::de0cc979-c473-4b44-afa3-48079e6337c5::87584268:87581009:12:1027:20260926,10:21:00,10:22:00,StopPoint:OCETrain TER-87581595,10,,0,0,
OCESN865609F1187_F:TER:FR:Line::de0cc979-c473-4b44-afa3-48079e6337c5::87584268:87581009:12:1028:20260516,10:22:00,10:23:00,StopPoint:OCETrain TER-87581595,10,,0,0,
OCESN865611F1187_F:TER:FR:Line::9805a3d4-04d2-4122-9ac6-677255172215::87584268:87581009:9:919:20260930,09:12:00,09:13:00,StopPoint:OCETrain TER-87581595,7,,0,0,
OCESN865611F1187_F:TER:FR:Line::9805a3d4-04d2-4122-9ac6-677255172215::87584268:87581009:9:920:20260515,09:13:00,09:14:00,StopPoint:OCETrain TER-87581595,7,,0,0,
OCESN865612F1187_F:TER:FR:Line::de0cc979-c473-4b44-afa3-48079e6337c5::87581009:87584268:12:719:20260930,05:54:00,05:55:00,StopPoint:OCETrain TER-87581595,1,,0,0,
OCESN865613F1187_F:TER:FR:Line::9805a3d4-04d2-4122-9ac6-677255172215::87584268:87581009:8:1117:20260911,11:11:00,11:12:00,StopPoint:OCETrain TER-87581595,6,,0,0,
OCESN865613F1187_F:TER:FR:Line::9805a3d4-04d2-4122-9ac6-677255172215::87584268:87581009:8:1118:20260925,11:12:00,11:13:00,StopPoint:OCETrain TER-87581595,6,,0,0,
OCESN865613F1187_F:TER:FR:Line::9805a3d4-04d2-4122-9ac6-677255172215::87584268:87581009:8:1119:20260515,11:13:00,11:14:00,StopPoint:OCETrain TER-87581595,6,,0,0,
OCESN865615F1187_F:TER:FR:Line::de0cc979-c473-4b44-afa3-48079e6337c5::87584268:87581009:12:1326:20260517,13:20:00,13:21:00,StopPoint:OCETrain TER-87581595,10,,0,0,
OCESN865615F1187_F:TER:FR:Line::de0cc979-c473-4b44-afa3-48079e6337c5::87584268:87581009:12:1321:20260913,13:15:00,13:16:00,StopPoint:OCETrain TER-87581595,10,,0,0,
OCESN865615F1187_F:TER:FR:Line::de0cc979-c473-4b44-afa3-48079e6337c5::87584268:87581009:12:1322:20260927,13:17:00,13:18:00,StopPoint:OCETrain TER-87581595,10,,0,0,
OCESN865616F1187_F:TER:FR:Line::de0cc979-c473-4b44-afa3-48079e6337c5::87581009:87584268:12:827:20260930,07:05:00,07:06:00,StopPoint:OCETrain TER-87581595,1,,0,0,
OCESN865616F1187_F:TER:FR:Line::de0cc979-c473-4b44-afa3-48079e6337c5::87581009:87584268:12:827:20260515,07:04:00,07:05:00,StopPoint:OCETrain TER-87581595,1,,0,0,
OCESN865617F1187_F:TER:FR:Line::de0cc979-c473-4b44-afa3-48079e6337c5::87584268:87581009:12:1418:20260911,14:12:00,14:13:00,StopPoint:OCETrain TER-87581595,10,,0,0,
OCESN865617F1187_F:TER:FR:Line::de0cc979-c473-4b44-afa3-48079e6337c5::87584268:87581009:12:1419:20260925,14:13:00,14:14:00,StopPoint:OCETrain TER-87581595,10,,0,0,
OCESN865617F1187_F:TER:FR:Line::de0cc979-c473-4b44-afa3-48079e6337c5::87584268:87581009:12:1420:20260515,14:14:00,14:15:00,StopPoint:OCETrain TER-87581595,10,,0,0,
OCESN865618F1187_F:TER:FR:Line::9805a3d4-04d2-4122-9ac6-677255172215::87581009:87584268:8:952:20260911,08:45:00,08:46:00,StopPoint:OCETrain TER-87581595,1,,0,0,
OCESN865618F1187_F:TER:FR:Line::9805a3d4-04d2-4122-9ac6-677255172215::87581009:87584268:8:952:20260925,08:44:00,08:45:00,StopPoint:OCETrain TER-87581595,1,,0,0,
OCESN865618F1187_F:TER:FR:Line::9805a3d4-04d2-4122-9ac6-677255172215::87581009:87584268:8:952:20260515,08:43:00,08:44:00,StopPoint:OCETrain TER-87581595,1,,0,0,
OCESN865619F1187_F:TER:FR:Line::9805a3d4-04d2-4122-9ac6-677255172215::87584268:87581009:9:1117:20260913,11:12:00,11:13:00,StopPoint:OCETrain TER-87581595,7,,0,0,
OCESN865619F1187_F:TER:FR:Line::9805a3d4-04d2-4122-9ac6-677255172215::87584268:87581009:9:1118:20260927,11:13:00,11:14:00,StopPoint:OCETrain TER-87581595,7,,0,0,
OCESN865619F1187_F:TER:FR:Line::9805a3d4-04d2-4122-9ac6-677255172215::87584268:87581009:9:1119:20260517,11:14:00,11:15:00,StopPoint:OCETrain TER-87581595,7,,0,0,
OCESN865620F1187_F:TER:FR:Line::9805a3d4-04d2-4122-9ac6-677255172215::87581009:87584268:9:1156:20260925,10:44:00,10:45:00,StopPoint:OCETrain TER-87581595,1,,0,0,
OCESN865620F1187_F:TER:FR:Line::9805a3d4-04d2-4122-9ac6-677255172215::87581009:87584268:9:1156:20260515,10:43:00,10:44:00,StopPoint:OCETrain TER-87581595,1,,0,0,
OCESN865621F1187_F:TER:FR:Line::de0cc979-c473-4b44-afa3-48079e6337c5::87584268:87581009:11:1742:20260911,17:36:00,17:37:00,StopPoint:OCETrain TER-87581595,9,,0,0,
OCESN865621F1187_F:TER:FR:Line::de0cc979-c473-4b44-afa3-48079e6337c5::87584268:87581009:11:1743:20260930,17:37:00,17:38:00,StopPoint:OCETrain TER-87581595,9,,0,0,
OCESN865621F1187_F:TER:FR:Line::de0cc979-c473-4b44-afa3-48079e6337c5::87584268:87581009:11:1744:20260515,17:38:00,17:39:00,StopPoint:OCETrain TER-87581595,9,,0,0,
OCESN865622F1187_F:TER:FR:Line::9805a3d4-04d2-4122-9ac6-677255172215::87581009:87584268:8:1253:20260925,11:46:00,11:47:00,StopPoint:OCETrain TER-87581595,1,,0,0,
OCESN865622F1187_F:TER:FR:Line::9805a3d4-04d2-4122-9ac6-677255172215::87581009:87584268:8:1253:20260515,11:43:00,11:44:00,StopPoint:OCETrain TER-87581595,1,,0,0,
OCESN865622F1187_F:TER:FR:Line::9805a3d4-04d2-4122-9ac6-677255172215::87581009:87584268:8:1253:20260513,11:43:00,11:44:00,StopPoint:OCETrain TER-87581595,1,,0,0,
OCESN865623F1187_F:TER:FR:Line::9805a3d4-04d2-4122-9ac6-677255172215::87584268:87581009:9:1218:20260925,12:12:00,12:13:00,StopPoint:OCETrain TER-87581595,7,,0,0,
OCESN865623F1187_F:TER:FR:Line::9805a3d4-04d2-4122-9ac6-677255172215::87584268:87581009:9:1219:20260515,12:13:00,12:14:00,StopPoint:OCETrain TER-87581595,7,,0,0,
OCESN865624F1187_F:TER:FR:Line::de0cc979-c473-4b44-afa3-48079e6337c5::87581009:87584268:12:1302:20260510,11:44:00,11:45:00,StopPoint:OCETrain TER-87581595,1,,0,0,
OCESN865624F1187_F:TER:FR:Line::de0cc979-c473-4b44-afa3-48079e6337c5::87581009:87584268:12:1259:20260913,11:44:00,11:45:00,StopPoint:OCETrain TER-87581595,1,,0,0,
OCESN865624F1187_F:TER:FR:Line::de0cc979-c473-4b44-afa3-48079e6337c5::87581009:87584268:12:1302:20260517,11:43:00,11:44:00,StopPoint:OCETrain TER-87581595,1,,0,0,
OCESN865624F1187_F:TER:FR:Line::de0cc979-c473-4b44-afa3-48079e6337c5::87581009:87584268:12:1302:20260508,11:38:00,11:39:00,StopPoint:OCETrain TER-87581595,1,,0,0,
OCESN865624F1187_F:TER:FR:Line::de0cc979-c473-4b44-afa3-48079e6337c5::87581009:87584268:12:1302:20260514,11:44:00,11:45:00,StopPoint:OCETrain TER-87581595,1,,0,0,
OCESN865624F1187_F:TER:FR:Line::de0cc979-c473-4b44-afa3-48079e6337c5::87581009:87584268:12:1300:20260927,11:44:00,11:45:00,StopPoint:OCETrain TER-87581595,1,,0,0,
OCESN865625F1187_F:TER:FR:Line::de0cc979-c473-4b44-afa3-48079e6337c5::87584268:87581009:12:1908:20260515,19:02:00,19:03:00,StopPoint:OCETrain TER-87581595,10,,0,0,
OCESN865625F1187_F:TER:FR:Line::de0cc979-c473-4b44-afa3-48079e6337c5::87584268:87581009:12:1903:20260930,18:57:00,18:58:00,StopPoint:OCETrain TER-87581595,10,,0,0,
OCESN865625F1187_F:TER:FR:Line::de0cc979-c473-4b44-afa3-48079e6337c5::87584268:87581009:12:1906:20260513,19:01:00,19:02:00,StopPoint:OCETrain TER-87581595,10,,0,0,
OCESN865626F1187_F:TER:FR:Line::de0cc979-c473-4b44-afa3-48079e6337c5::87581009:87584268:12:1459:20260925,13:44:00,13:45:00,StopPoint:OCETrain TER-87581595,1,,0,0,
OCESN865626F1187_F:TER:FR:Line::de0cc979-c473-4b44-afa3-48079e6337c5::87581009:87584268:12:1459:20260515,13:43:00,13:44:00,StopPoint:OCETrain TER-87581595,1,,0,0,
OCESN865627F1187_F:TER:FR:Line::9805a3d4-04d2-4122-9ac6-677255172215::87584268:87581009:9:2026:20260930,20:21:00,20:22:00,StopPoint:OCETrain TER-87581595,7,,0,0,
OCESN865629F1187_F:TER:FR:Line::de0cc979-c473-4b44-afa3-48079e6337c5::87584268:87581009:12:1845:20260913,18:39:00,18:40:00,StopPoint:OCETrain TER-87581595,10,,0,0,
OCESN865629F1187_F:TER:FR:Line::de0cc979-c473-4b44-afa3-48079e6337c5::87584268:87581009:12:1846:20260927,18:40:00,18:41:00,StopPoint:OCETrain TER-87581595,10,,0,0,
OCESN865629F1187_F:TER:FR:Line::de0cc979-c473-4b44-afa3-48079e6337c5::87584268:87581009:12:1847:20260517,18:41:00,18:42:00,StopPoint:OCETrain TER-87581595,10,,0,0,
OCESN865630F1187_F:TER:FR:Line::9805a3d4-04d2-4122-9ac6-677255172215::87581009:87584268:9:1831:20260930,17:17:00,17:18:00,StopPoint:OCETrain TER-87581595,1,,0,0,
OCESN865634F1187_F:TER:FR:Line::de0cc979-c473-4b44-afa3-48079e6337c5::87581009:87584268:12:1802:20260930,16:41:00,16:42:00,StopPoint:OCETrain TER-87581595,1,,0,0,
OCESN865634F1187_F:TER:FR:Line::de0cc979-c473-4b44-afa3-48079e6337c5::87581009:87584268:12:1802:20260515,16:40:00,16:41:00,StopPoint:OCETrain TER-87581595,1,,0,0,
OCESN865636F1187_F:TER:FR:Line::de0cc979-c473-4b44-afa3-48079e6337c5::87581009:87584268:12:2000:20260930,18:44:00,18:45:00,StopPoint:OCETrain TER-87581595,1,,0,0,
OCESN865636F1187_F:TER:FR:Line::de0cc979-c473-4b44-afa3-48079e6337c5::87581009:87584268:12:2000:20260515,18:43:00,18:44:00,StopPoint:OCETrain TER-87581595,1,,0,0,
OCESN865640F1187_F:TER:FR:Line::9805a3d4-04d2-4122-9ac6-677255172215::87581009:87584268:8:2057:20260910,19:46:00,19:47:00,StopPoint:OCETrain TER-87581595,1,,0,0,
OCESN865640F1187_F:TER:FR:Line::9805a3d4-04d2-4122-9ac6-677255172215::87581009:87584268:8:2057:20260930,19:45:00,19:46:00,StopPoint:OCETrain TER-87581595,1,,0,0,
OCESN865640F1187_F:TER:FR:Line::9805a3d4-04d2-4122-9ac6-677255172215::87581009:87584268:8:2057:20260512,19:44:00,19:45:00,StopPoint:OCETrain TER-87581595,1,,0,0,
OCESN865642F1187_F:TER:FR:Line::9805a3d4-04d2-4122-9ac6-677255172215::87581009:87584268:8:2058:20260913,19:49:00,19:50:00,StopPoint:OCETrain TER-87581595,1,,0,0,
OCESN865642F1187_F:TER:FR:Line::9805a3d4-04d2-4122-9ac6-677255172215::87581009:87584268:8:2058:20260927,19:47:00,19:48:00,StopPoint:OCETrain TER-87581595,1,,0,0,
OCESN865644F1187_F:TER:FR:Line::9805a3d4-04d2-4122-9ac6-677255172215::87581009:87584268:9:2250:20260930,21:37:00,21:38:00,StopPoint:OCETrain TER-87581595,1,,0,0,
OCESN865646F1187_F:TER:FR:Line::9805a3d4-04d2-4122-9ac6-677255172215::87581009:87584268:9:2349:20260925,22:41:00,22:42:00,StopPoint:OCETrain TER-87581595,1,,0,0,
OCESN865646F1187_F:TER:FR:Line::9805a3d4-04d2-4122-9ac6-677255172215::87581009:87584268:9:2349:20260515,22:40:00,22:41:00,StopPoint:OCETrain TER-87581595,1,,0,0,
OCESN865704F1187_F:TER:FR:Line::9805a3d4-04d2-4122-9ac6-677255172215::87581009:87595827:16:1024:20260503,08:00:00,08:01:00,StopPoint:OCETrain TER-87581595,1,,0,0,
OCESN865704F1187_F:TER:FR:Line::9805a3d4-04d2-4122-9ac6-677255172215::87581009:87595827:16:1024:20260913,08:05:00,08:06:00,StopPoint:OCETrain TER-87581595,1,,0,0,
OCESN865704F1187_F:TER:FR:Line::9805a3d4-04d2-4122-9ac6-677255172215::87581009:87595827:16:1024:20260517,07:52:00,07:53:00,StopPoint:OCETrain TER-87581595,1,,0,0,
OCESN865704F1187_F:TER:FR:Line::9805a3d4-04d2-4122-9ac6-677255172215::87581009:87595827:16:1010:20260427,07:42:00,07:43:00,StopPoint:OCETrain TER-87581595,1,,0,0,
OCESN865704F1187_F:TER:FR:Line::9805a3d4-04d2-4122-9ac6-677255172215::87581009:87595827:16:1005:20260930,07:42:00,07:43:00,StopPoint:OCETrain TER-87581595,1,,0,0,
OCESN865704F1187_F:TER:FR:Line::9805a3d4-04d2-4122-9ac6-677255172215::87581009:87595827:16:1025:20260927,08:05:00,08:06:00,StopPoint:OCETrain TER-87581595,1,,0,0,
OCESN865704F1187_F:TER:FR:Line::9805a3d4-04d2-4122-9ac6-677255172215::87581009:87595827:16:1010:20260703,07:42:00,07:43:00,StopPoint:OCETrain TER-87581595,1,,0,0,
OCESN865712F1187_F:TER:FR:Line::9805a3d4-04d2-4122-9ac6-677255172215::87581009:87595827:15:1200:20260911,09:46:00,09:47:00,StopPoint:OCETrain TER-87581595,1,,0,0,
OCESN865712F1187_F:TER:FR:Line::9805a3d4-04d2-4122-9ac6-677255172215::87581009:87595827:15:1200:20260925,09:45:00,09:46:00,StopPoint:OCETrain TER-87581595,1,,0,0,
OCESN865712F1187_F:TER:FR:Line::9805a3d4-04d2-4122-9ac6-677255172215::87581009:87595827:15:1200:20260515,09:44:00,09:45:00,StopPoint:OCETrain TER-87581595,1,,0,0,
OCESN865716F1187_F:TER:FR:Line::9805a3d4-04d2-4122-9ac6-677255172215::87581009:87595827:14:1200:20260913,09:44:00,09:45:00,StopPoint:OCETrain TER-87581595,1,,0,0,
OCESN865716F1187_F:TER:FR:Line::9805a3d4-04d2-4122-9ac6-677255172215::87581009:87595827:14:1200:20260927,09:43:00,09:44:00,StopPoint:OCETrain TER-87581595,1,,0,0,
OCESN865716F1187_F:TER:FR:Line::9805a3d4-04d2-4122-9ac6-677255172215::87581009:87595827:14:1200:20260517,09:42:00,09:43:00,StopPoint:OCETrain TER-87581595,1,,0,0,
OCESN865720F1187_F:TER:FR:Line::9805a3d4-04d2-4122-9ac6-677255172215::87581009:87595827:16:1503:20260911,12:44:00,12:45:00,StopPoint:OCETrain TER-87581595,1,,0,0,
OCESN865720F1187_F:TER:FR:Line::9805a3d4-04d2-4122-9ac6-677255172215::87581009:87595827:16:1503:20260925,12:43:00,12:44:00,StopPoint:OCETrain TER-87581595,1,,0,0,
OCESN865720F1187_F:TER:FR:Line::9805a3d4-04d2-4122-9ac6-677255172215::87581009:87595827:16:1503:20260515,12:42:00,12:43:00,StopPoint:OCETrain TER-87581595,1,,0,0,
OCESN865724F1187_F:TER:FR:Line::9805a3d4-04d2-4122-9ac6-677255172215::87581009:87595827:15:1601:20260927,13:43:00,13:44:00,StopPoint:OCETrain TER-87581595,1,,0,0,
OCESN865726F1187_F:TER:FR:Line::de0cc979-c473-4b44-afa3-48079e6337c5::87581009:87595827:18:1815:20260927,15:52:00,15:53:00,StopPoint:OCETrain TER-87581595,1,,0,0,
OCESN865728F1187_F:TER:FR:Line::9805a3d4-04d2-4122-9ac6-677255172215::87581009:87595827:16:1822:20260930,16:04:00,16:05:00,StopPoint:OCETrain TER-87581595,1,,0,0,
OCESN865728F1187_F:TER:FR:Line::9805a3d4-04d2-4122-9ac6-677255172215::87581009:87595827:16:1822:20260515,16:03:00,16:04:00,StopPoint:OCETrain TER-87581595,1,,0,0,
OCESN865732F1187_F:TER:FR:Line::9805a3d4-04d2-4122-9ac6-677255172215::87581009:87595827:16:2003:20260930,17:45:00,17:46:00,StopPoint:OCETrain TER-87581595,1,,0,0,
OCESN865732F1187_F:TER:FR:Line::9805a3d4-04d2-4122-9ac6-677255172215::87581009:87595827:16:2003:20260515,17:44:00,17:45:00,StopPoint:OCETrain TER-87581595,1,,0,0,
OCESN865734F1187_F:TER:FR:Line::9805a3d4-04d2-4122-9ac6-677255172215::87581009:87595827:16:2004:20260927,17:45:00,17:46:00,StopPoint:OCETrain TER-87581595,1,,0,0,
OCESN865734F1187_F:TER:FR:Line::9805a3d4-04d2-4122-9ac6-677255172215::87581009:87595827:16:2004:20260517,17:43:00,17:44:00,StopPoint:OCETrain TER-87581595,1,,0,0,
OCESN865736F1187_F:TER:FR:Line::9805a3d4-04d2-4122-9ac6-677255172215::87581009:87595827:13:2200:20260925,19:46:00,19:47:00,StopPoint:OCETrain TER-87581595,1,,0,0,
OCESN865736F1187_F:TER:FR:Line::9805a3d4-04d2-4122-9ac6-677255172215::87581009:87595827:13:2200:20260515,19:45:00,19:46:00,StopPoint:OCETrain TER-87581595,1,,0,0,
OCESN865740F1187_F:TER:FR:Line::9805a3d4-04d2-4122-9ac6-677255172215::87595827:87581009:16:845:20260911,08:39:00,08:40:00,StopPoint:OCETrain TER-87581595,14,,0,0,
OCESN865740F1187_F:TER:FR:Line::9805a3d4-04d2-4122-9ac6-677255172215::87595827:87581009:16:847:20260515,08:41:00,08:42:00,StopPoint:OCETrain TER-87581595,14,,0,0,
OCESN865740F1187_F:TER:FR:Line::9805a3d4-04d2-4122-9ac6-677255172215::87595827:87581009:16:845:20260930,08:40:00,08:41:00,StopPoint:OCETrain TER-87581595,14,,0,0,
OCESN865740F1187_F:TER:FR:Line::9805a3d4-04d2-4122-9ac6-677255172215::87595827:87581009:16:846:20260513,08:41:00,08:42:00,StopPoint:OCETrain TER-87581595,14,,0,0,
OCESN865742F1187_F:TER:FR:Line::9805a3d4-04d2-4122-9ac6-677255172215::87595827:87581009:16:846:20260926,08:40:00,08:41:00,StopPoint:OCETrain TER-87581595,14,,0,0,
OCESN865742F1187_F:TER:FR:Line::9805a3d4-04d2-4122-9ac6-677255172215::87595827:87581009:16:847:20260516,08:41:00,08:42:00,StopPoint:OCETrain TER-87581595,14,,0,0,
OCESN865744F1187_F:TER:FR:Line::9805a3d4-04d2-4122-9ac6-677255172215::87595827:87581009:15:1000:20260911,09:54:00,09:55:00,StopPoint:OCETrain TER-87581595,13,,0,0,
OCESN865744F1187_F:TER:FR:Line::9805a3d4-04d2-4122-9ac6-677255172215::87595827:87581009:15:1001:20260925,09:55:00,09:56:00,StopPoint:OCETrain TER-87581595,13,,0,0,
OCESN865744F1187_F:TER:FR:Line::9805a3d4-04d2-4122-9ac6-677255172215::87595827:87581009:16:1002:20260427,09:56:00,09:57:00,StopPoint:OCETrain TER-87581595,14,,0,0,
OCESN865744F1187_F:TER:FR:Line::9805a3d4-04d2-4122-9ac6-677255172215::87595827:87581009:15:1002:20260515,09:56:00,09:57:00,StopPoint:OCETrain TER-87581595,13,,0,0,
OCESN865746F1187_F:TER:FR:Line::9805a3d4-04d2-4122-9ac6-677255172215::87595827:87581009:15:1008:20260913,10:02:00,10:03:00,StopPoint:OCETrain TER-87581595,13,,0,0,
OCESN865746F1187_F:TER:FR:Line::9805a3d4-04d2-4122-9ac6-677255172215::87595827:87581009:15:1009:20260927,10:03:00,10:04:00,StopPoint:OCETrain TER-87581595,13,,0,0,
OCESN865746F1187_F:TER:FR:Line::9805a3d4-04d2-4122-9ac6-677255172215::87595827:87581009:15:1010:20260517,10:04:00,10:05:00,StopPoint:OCETrain TER-87581595,13,,0,0,
OCESN865748F1187_F:TER:FR:Line::9805a3d4-04d2-4122-9ac6-677255172215::87595827:87581009:15:1136:20260912,11:30:00,11:31:00,StopPoint:OCETrain TER-87581595,13,,0,0,
OCESN865748F1187_F:TER:FR:Line::9805a3d4-04d2-4122-9ac6-677255172215::87595827:87581009:15:1137:20260926,11:31:00,11:32:00,StopPoint:OCETrain TER-87581595,13,,0,0,
OCESN865748F1187_F:TER:FR:Line::9805a3d4-04d2-4122-9ac6-677255172215::87595827:87581009:15:1138:20260516,11:32:00,11:33:00,StopPoint:OCETrain TER-87581595,13,,0,0,
OCESN865750F1187_F:TER:FR:Line::de0cc979-c473-4b44-afa3-48079e6337c5::87595827:87581009:17:1732:20260927,17:26:00,17:27:00,StopPoint:OCETrain TER-87581595,15,,0,0,
OCESN865750F1187_F:TER:FR:Line::de0cc979-c473-4b44-afa3-48079e6337c5::87595827:87581009:17:1733:20260517,17:27:00,17:28:00,StopPoint:OCETrain TER-87581595,15,,0,0,
OCESN865752F1187_F:TER:FR:Line::9805a3d4-04d2-4122-9ac6-677255172215::87595827:87581009:13:1320:20260515,13:14:00,13:15:00,StopPoint:OCETrain TER-87581595,11,,0,0,
OCESN865752F1187_F:TER:FR:Line::9805a3d4-04d2-4122-9ac6-677255172215::87595827:87581009:13:1319:20260925,13:14:00,13:15:00,StopPoint:OCETrain TER-87581595,11,,0,0,
OCESN865752F1187_F:TER:FR:Line::9805a3d4-04d2-4122-9ac6-677255172215::87595827:87581009:13:1322:20260513,13:17:00,13:18:00,StopPoint:OCETrain TER-87581595,11,,0,0,
OCESN865756F1187_F:TER:FR:Line::9805a3d4-04d2-4122-9ac6-677255172215::87595827:87581009:17:1519:20260911,15:13:00,15:14:00,StopPoint:OCETrain TER-87581595,15,,0,0,
OCESN865756F1187_F:TER:FR:Line::9805a3d4-04d2-4122-9ac6-677255172215::87595827:87581009:17:1520:20260925,15:14:00,15:15:00,StopPoint:OCETrain TER-87581595,15,,0,0,
OCESN865756F1187_F:TER:FR:Line::9805a3d4-04d2-4122-9ac6-677255172215::87595827:87581009:17:1521:20260515,15:15:00,15:16:00,StopPoint:OCETrain TER-87581595,15,,0,0,
OCESN865758F1187_F:TER:FR:Line::9805a3d4-04d2-4122-9ac6-677255172215::87595827:87581009:17:1521:20260927,15:15:00,15:16:00,StopPoint:OCETrain TER-87581595,15,,0,0,
OCESN865758F1187_F:TER:FR:Line::9805a3d4-04d2-4122-9ac6-677255172215::87595827:87581009:17:1520:20260913,15:14:00,15:15:00,StopPoint:OCETrain TER-87581595,15,,0,0,
OCESN865758F1187_F:TER:FR:Line::9805a3d4-04d2-4122-9ac6-677255172215::87595827:87581009:17:1520:20260628,15:14:00,15:15:00,StopPoint:OCETrain TER-87581595,15,,0,0,
OCESN865758F1187_F:TER:FR:Line::9805a3d4-04d2-4122-9ac6-677255172215::87595827:87581009:17:1521:20260517,15:16:00,15:17:00,StopPoint:OCETrain TER-87581595,15,,0,0,
OCESN865760F1187_F:TER:FR:Line::9805a3d4-04d2-4122-9ac6-677255172215::87595827:87581009:17:2000:20260913,19:54:00,19:55:00,StopPoint:OCETrain TER-87581595,15,,0,0,
OCESN865760F1187_F:TER:FR:Line::9805a3d4-04d2-4122-9ac6-677255172215::87595827:87581009:17:2002:20260930,19:56:00,19:57:00,StopPoint:OCETrain TER-87581595,15,,0,0,
OCESN865760F1187_F:TER:FR:Line::9805a3d4-04d2-4122-9ac6-677255172215::87595827:87581009:17:2001:20260927,19:55:00,19:56:00,StopPoint:OCETrain TER-87581595,15,,0,0,
OCESN865760F1187_F:TER:FR:Line::9805a3d4-04d2-4122-9ac6-677255172215::87595827:87581009:17:2002:20260517,19:56:00,19:57:00,StopPoint:OCETrain TER-87581595,15,,0,0,
OCESN865760F1187_F:TER:FR:Line::9805a3d4-04d2-4122-9ac6-677255172215::87595827:87581009:17:2003:20260515,19:57:00,19:58:00,StopPoint:OCETrain TER-87581595,15,,0,0,
OCESN865762F1187_F:TER:FR:Line::9805a3d4-04d2-4122-9ac6-677255172215::87595827:87581009:13:2123:20260913,21:17:00,21:18:00,StopPoint:OCETrain TER-87581595,11,,0,0,
OCESN865762F1187_F:TER:FR:Line::9805a3d4-04d2-4122-9ac6-677255172215::87595827:87581009:13:2124:20260927,21:18:00,21:19:00,StopPoint:OCETrain TER-87581595,11,,0,0,
OCESN865762F1187_F:TER:FR:Line::9805a3d4-04d2-4122-9ac6-677255172215::87595827:87581009:13:2125:20260517,21:19:00,21:20:00,StopPoint:OCETrain TER-87581595,11,,0,0,
OCESN865764F1187_F:TER:FR:Line::9805a3d4-04d2-4122-9ac6-677255172215::87595827:87581009:13:2121:20260930,21:15:00,21:16:00,StopPoint:OCETrain TER-87581595,11,,0,0,
OCESN865764F1187_F:TER:FR:Line::9805a3d4-04d2-4122-9ac6-677255172215::87595827:87581009:13:2123:20260515,21:17:00,21:18:00,StopPoint:OCETrain TER-87581595,11,,0,0,
OCESN866000F1187_F:TER:FR:Line::daa8bf5f-7be6-4fbc-ad6a-0d2c30d39013::87581199:87581751:9:817:20260930,07:53:00,07:54:00,StopPoint:OCETrain TER-87581728,3,,0,0,
OCESN866000F1187_F:TER:FR:Line::daa8bf5f-7be6-4fbc-ad6a-0d2c30d39013::87581199:87581751:9:817:20260930,07:58:00,07:59:00,StopPoint:OCETrain TER-87581736,4,,0,0,
OCESN866000F1187_F:TER:FR:Line::daa8bf5f-7be6-4fbc-ad6a-0d2c30d39013::87581199:87581751:9:817:20260930,08:02:00,08:03:00,StopPoint:OCETrain TER-87738096,5,,0,0,
OCESN866000F1187_F:TER:FR:Line::daa8bf5f-7be6-4fbc-ad6a-0d2c30d39013::87581199:87581751:9:817:20260930,08:07:00,08:08:00,StopPoint:OCETrain TER-87581538,6,,0,0,
OCESN866000F1187_F:TER:FR:Line::daa8bf5f-7be6-4fbc-ad6a-0d2c30d39013::87581199:87581751:9:817:20260930,08:10:00,08:11:00,StopPoint:OCETrain TER-87278259,7,,0,0,
OCESN866000F1187_F:TER:FR:Line::daa8bf5f-7be6-4fbc-ad6a-0d2c30d39013::87581199:87581751:9:817:20260930,08:17:00,08:17:00,StopPoint:OCETrain TER-87581751,8,,1,0,
OCESN866000F1187_F:TER:FR:Line::daa8bf5f-7be6-4fbc-ad6a-0d2c30d39013::87581199:87581751:9:815:20260703,07:53:00,07:54:00,StopPoint:OCETrain TER-87581728,3,,0,0,
OCESN866000F1187_F:TER:FR:Line::daa8bf5f-7be6-4fbc-ad6a-0d2c30d39013::87581199:87581751:9:815:20260703,07:57:00,07:58:00,StopPoint:OCETrain TER-87581736,4,,0,0,
OCESN866000F1187_F:TER:FR:Line::daa8bf5f-7be6-4fbc-ad6a-0d2c30d39013::87581199:87581751:9:815:20260703,08:01:00,08:02:00,StopPoint:OCETrain TER-87738096,5,,0,0,
OCESN866000F1187_F:TER:FR:Line::daa8bf5f-7be6-4fbc-ad6a-0d2c30d39013::87581199:87581751:9:815:20260703,08:05:00,08:06:00,StopPoint:OCETrain TER-87581538,6,,0,0,
OCESN866000F1187_F:TER:FR:Line::daa8bf5f-7be6-4fbc-ad6a-0d2c30d39013::87581199:87581751:9:815:20260703,08:08:00,08:09:00,StopPoint:OCETrain TER-87278259,7,,0,0,
OCESN866000F1187_F:TER:FR:Line::daa8bf5f-7be6-4fbc-ad6a-0d2c30d39013::87581199:87581751:9:815:20260703,08:15:00,08:15:00,StopPoint:OCETrain TER-87581751,8,,1,0,
OCESN866001F1187_F:TER:FR:Line::daa8bf5f-7be6-4fbc-ad6a-0d2c30d39013::87581751:87581199:9:734:20260930,07:00:00,07:00:00,StopPoint:OCETrain TER-87581751,0,,0,1,
OCESN866001F1187_F:TER:FR:Line::daa8bf5f-7be6-4fbc-ad6a-0d2c30d39013::87581751:87581199:9:734:20260930,07:03:00,07:04:00,StopPoint:OCETrain TER-87278259,1,,0,0,
OCESN866001F1187_F:TER:FR:Line::daa8bf5f-7be6-4fbc-ad6a-0d2c30d39013::87581751:87581199:9:734:20260930,07:06:00,07:07:00,StopPoint:OCETrain TER-87581538,2,,0,0,
OCESN866001F1187_F:TER:FR:Line::daa8bf5f-7be6-4fbc-ad6a-0d2c30d39013::87581751:87581199:9:734:20260930,07:11:00,07:12:00,StopPoint:OCETrain TER-87738096,3,,0,0,
OCESN866001F1187_F:TER:FR:Line::daa8bf5f-7be6-4fbc-ad6a-0d2c30d39013::87581751:87581199:9:734:20260930,07:15:00,07:16:00,StopPoint:OCETrain TER-87581736,4,,0,0,
OCESN866001F1187_F:TER:FR:Line::daa8bf5f-7be6-4fbc-ad6a-0d2c30d39013::87581751:87581199:9:734:20260930,07:20:00,07:23:00,StopPoint:OCETrain TER-87581728,5,,0,0,
OCESN866001F1187_F:TER:FR:Line::daa8bf5f-7be6-4fbc-ad6a-0d2c30d39013::87581751:87581199:9:734:20260703,07:01:00,07:01:00,StopPoint:OCETrain TER-87581751,0,,0,1,
OCESN866001F1187_F:TER:FR:Line::daa8bf5f-7be6-4fbc-ad6a-0d2c30d39013::87581751:87581199:9:734:20260703,07:04:00,07:05:00,StopPoint:OCETrain TER-87278259,1,,0,0,
OCESN866001F1187_F:TER:FR:Line::daa8bf5f-7be6-4fbc-ad6a-0d2c30d39013::87581751:87581199:9:734:20260703,07:07:00,07:08:00,StopPoint:OCETrain TER-87581538,2,,0,0,
OCESN866001F1187_F:TER:FR:Line::daa8bf5f-7be6-4fbc-ad6a-0d2c30d39013::87581751:87581199:9:734:20260703,07:11:00,07:12:00,StopPoint:OCETrain TER-87738096,3,,0,0,
OCESN866001F1187_F:TER:FR:Line::daa8bf5f-7be6-4fbc-ad6a-0d2c30d39013::87581751:87581199:9:734:20260703,07:15:00,07:16:00,StopPoint:OCETrain TER-87581736,4,,0,0,
OCESN866001F1187_F:TER:FR:Line::daa8bf5f-7be6-4fbc-ad6a-0d2c30d39013::87581751:87581199:9:734:20260703,07:20:00,07:23:00,StopPoint:OCETrain TER-87581728,5,,0,0,
OCESN866002F1187_F:TER:FR:Line::daa8bf5f-7be6-4fbc-ad6a-0d2c30d39013::87581199:87581751:9:946:20260703,09:24:00,09:25:00,StopPoint:OCETrain TER-87581728,3,,0,0,
OCESN866002F1187_F:TER:FR:Line::daa8bf5f-7be6-4fbc-ad6a-0d2c30d39013::87581199:87581751:9:946:20260703,09:29:00,09:30:00,StopPoint:OCETrain TER-87581736,4,,0,0,
OCESN866002F1187_F:TER:FR:Line::daa8bf5f-7be6-4fbc-ad6a-0d2c30d39013::87581199:87581751:9:946:20260703,09:33:00,09:34:00,StopPoint:OCETrain TER-87738096,5,,0,0,
OCESN866002F1187_F:TER:FR:Line::daa8bf5f-7be6-4fbc-ad6a-0d2c30d39013::87581199:87581751:9:946:20260703,09:37:00,09:38:00,StopPoint:OCETrain TER-87581538,6,,0,0,
OCESN866002F1187_F:TER:FR:Line::daa8bf5f-7be6-4fbc-ad6a-0d2c30d39013::87581199:87581751:9:946:20260703,09:40:00,09:41:00,StopPoint:OCETrain TER-87278259,7,,0,0,
OCESN866002F1187_F:TER:FR:Line::daa8bf5f-7be6-4fbc-ad6a-0d2c30d39013::87581199:87581751:9:946:20260703,09:46:00,09:46:00,StopPoint:OCETrain TER-87581751,8,,1,0,
OCESN866002F1187_F:TER:FR:Line::daa8bf5f-7be6-4fbc-ad6a-0d2c30d39013::87581199:87581009:10:951:20260930,09:24:00,09:25:00,StopPoint:OCETrain TER-87581728,3,,0,0,
OCESN866002F1187_F:TER:FR:Line::daa8bf5f-7be6-4fbc-ad6a-0d2c30d39013::87581199:87581009:10:951:20260930,09:29:00,09:30:00,StopPoint:OCETrain TER-87581736,4,,0,0,
OCESN866002F1187_F:TER:FR:Line::daa8bf5f-7be6-4fbc-ad6a-0d2c30d39013::87581199:87581009:10:951:20260930,09:33:00,09:34:00,StopPoint:OCETrain TER-87738096,5,,0,0,
OCESN866002F1187_F:TER:FR:Line::daa8bf5f-7be6-4fbc-ad6a-0d2c30d39013::87581199:87581009:10:951:20260930,09:38:00,09:39:00,StopPoint:OCETrain TER-87581538,6,,0,0,
OCESN866002F1187_F:TER:FR:Line::daa8bf5f-7be6-4fbc-ad6a-0d2c30d39013::87581199:87581009:10:951:20260930,09:41:00,09:42:00,StopPoint:OCETrain TER-87278259,7,,0,0,
OCESN866002F1187_F:TER:FR:Line::daa8bf5f-7be6-4fbc-ad6a-0d2c30d39013::87581199:87581009:10:951:20260930,09:45:00,09:46:00,StopPoint:OCETrain TER-87748350,8,,0,0,
OCESN866003F1187_F:TER:FR:Line::daa8bf5f-7be6-4fbc-ad6a-0d2c30d39013::87581751:87581199:9:802:20260828,07:30:00,07:30:00,StopPoint:OCETrain TER-87581751,0,,0,1,
OCESN866003F1187_F:TER:FR:Line::daa8bf5f-7be6-4fbc-ad6a-0d2c30d39013::87581751:87581199:9:802:20260828,07:33:00,07:34:00,StopPoint:OCETrain TER-87278259,1,,0,0,
OCESN866003F1187_F:TER:FR:Line::daa8bf5f-7be6-4fbc-ad6a-0d2c30d39013::87581751:87581199:9:802:20260828,07:36:00,07:37:00,StopPoint:OCETrain TER-87581538,2,,0,0,
OCESN866003F1187_F:TER:FR:Line::daa8bf5f-7be6-4fbc-ad6a-0d2c30d39013::87581751:87581199:9:802:20260828,07:40:00,07:41:00,StopPoint:OCETrain TER-87738096,3,,0,0,
OCESN866003F1187_F:TER:FR:Line::daa8bf5f-7be6-4fbc-ad6a-0d2c30d39013::87581751:87581199:9:802:20260828,07:44:00,07:45:00,StopPoint:OCETrain TER-87581736,4,,0,0,
OCESN866003F1187_F:TER:FR:Line::daa8bf5f-7be6-4fbc-ad6a-0d2c30d39013::87581751:87581199:9:802:20260828,07:49:00,07:50:00,StopPoint:OCETrain TER-87581728,5,,0,0,
OCESN866004F1187_F:TER:FR:Line::daa8bf5f-7be6-4fbc-ad6a-0d2c30d39013::87581199:87581009:10:920:20260828,08:54:00,08:55:00,StopPoint:OCETrain TER-87581728,3,,0,0,
OCESN866004F1187_F:TER:FR:Line::daa8bf5f-7be6-4fbc-ad6a-0d2c30d39013::87581199:87581009:10:920:20260828,08:58:00,08:59:00,StopPoint:OCETrain TER-87581736,4,,0,0,
OCESN866004F1187_F:TER:FR:Line::daa8bf5f-7be6-4fbc-ad6a-0d2c30d39013::87581199:87581009:10:920:20260828,09:02:00,09:03:00,StopPoint:OCETrain TER-87738096,5,,0,0,
OCESN866004F1187_F:TER:FR:Line::daa8bf5f-7be6-4fbc-ad6a-0d2c30d39013::87581199:87581009:10:920:20260828,09:07:00,09:08:00,StopPoint:OCETrain TER-87581538,6,,0,0,
OCESN866004F1187_F:TER:FR:Line::daa8bf5f-7be6-4fbc-ad6a-0d2c30d39013::87581199:87581009:10:920:20260828,09:10:00,09:11:00,StopPoint:OCETrain TER-87278259,7,,0,0,
OCESN866004F1187_F:TER:FR:Line::daa8bf5f-7be6-4fbc-ad6a-0d2c30d39013::87581199:87581009:10:920:20260828,09:15:00,09:16:00,StopPoint:OCETrain TER-87748350,8,,0,0,
OCESN866005F1187_F:TER:FR:Line::daa8bf5f-7be6-4fbc-ad6a-0d2c30d39013::87581009:87581199:10:837:20260703,08:02:00,08:03:00,StopPoint:OCETrain TER-87748350,1,,0,0,
OCESN866005F1187_F:TER:FR:Line::daa8bf5f-7be6-4fbc-ad6a-0d2c30d39013::87581009:87581199:10:837:20260703,08:06:00,08:07:00,StopPoint:OCETrain TER-87278259,2,,0,0,
OCESN866005F1187_F:TER:FR:Line::daa8bf5f-7be6-4fbc-ad6a-0d2c30d39013::87581009:87581199:10:837:20260703,08:09:00,08:10:00,StopPoint:OCETrain TER-87581538,3,,0,0,
OCESN866005F1187_F:TER:FR:Line::daa8bf5f-7be6-4fbc-ad6a-0d2c30d39013::87581009:87581199:10:837:20260703,08:14:00,08:15:00,StopPoint:OCETrain TER-87738096,4,,0,0,
OCESN866005F1187_F:TER:FR:Line::daa8bf5f-7be6-4fbc-ad6a-0d2c30d39013::87581009:87581199:10:837:20260703,08:17:00,08:18:00,StopPoint:OCETrain TER-87581736,5,,0,0,
OCESN866005F1187_F:TER:FR:Line::daa8bf5f-7be6-4fbc-ad6a-0d2c30d39013::87581009:87581199:10:837:20260703,08:22:00,08:25:00,StopPoint:OCETrain TER-87581728,6,,0,0,
OCESN866005F1187_F:TER:FR:Line::daa8bf5f-7be6-4fbc-ad6a-0d2c30d39013::87581009:87581199:10:854:20260930,08:19:00,08:20:00,StopPoint:OCETrain TER-87748350,1,,0,0,
OCESN866005F1187_F:TER:FR:Line::daa8bf5f-7be6-4fbc-ad6a-0d2c30d39013::87581009:87581199:10:854:20260930,08:24:00,08:25:00,StopPoint:OCETrain TER-87278259,2,,0,0,
OCESN866005F1187_F:TER:FR:Line::daa8bf5f-7be6-4fbc-ad6a-0d2c30d39013::87581009:87581199:10:854:20260930,08:28:00,08:29:00,StopPoint:OCETrain TER-87581538,3,,0,0,
OCESN866005F1187_F:TER:FR:Line::daa8bf5f-7be6-4fbc-ad6a-0d2c30d39013::87581009:87581199:10:854:20260930,08:33:00,08:34:00,StopPoint:OCETrain TER-87738096,4,,0,0,
OCESN866005F1187_F:TER:FR:Line::daa8bf5f-7be6-4fbc-ad6a-0d2c30d39013::87581009:87581199:10:854:20260930,08:36:00,08:37:00,StopPoint:OCETrain TER-87581736,5,,0,0,
OCESN866005F1187_F:TER:FR:Line::daa8bf5f-7be6-4fbc-ad6a-0d2c30d39013::87581009:87581199:10:854:20260930,08:41:00,08:44:00,StopPoint:OCETrain TER-87581728,6,,0,0,
OCESN866006F1187_F:TER:FR:Line::daa8bf5f-7be6-4fbc-ad6a-0d2c30d39013::87581199:87581751:9:1114:20260703,10:53:00,10:54:00,StopPoint:OCETrain TER-87581728,3,,0,0,
OCESN866006F1187_F:TER:FR:Line::daa8bf5f-7be6-4fbc-ad6a-0d2c30d39013::87581199:87581751:9:1114:20260703,10:58:00,10:59:00,StopPoint:OCETrain TER-87581736,4,,0,0,
OCESN866006F1187_F:TER:FR:Line::daa8bf5f-7be6-4fbc-ad6a-0d2c30d39013::87581199:87581751:9:1114:20260703,11:01:00,11:02:00,StopPoint:OCETrain TER-87738096,5,,0,0,
OCESN866006F1187_F:TER:FR:Line::daa8bf5f-7be6-4fbc-ad6a-0d2c30d39013::87581199:87581751:9:1114:20260703,11:06:00,11:07:00,StopPoint:OCETrain TER-87581538,6,,0,0,
OCESN866006F1187_F:TER:FR:Line::daa8bf5f-7be6-4fbc-ad6a-0d2c30d39013::87581199:87581751:9:1114:20260703,11:09:00,11:10:00,StopPoint:OCETrain TER-87278259,7,,0,0,
OCESN866006F1187_F:TER:FR:Line::daa8bf5f-7be6-4fbc-ad6a-0d2c30d39013::87581199:87581751:9:1114:20260703,11:14:00,11:14:00,StopPoint:OCETrain TER-87581751,8,,1,0,
OCESN866007F1187_F:TER:FR:Line::daa8bf5f-7be6-4fbc-ad6a-0d2c30d39013::87581751:87581199:9:1005:20260703,09:31:00,09:31:00,StopPoint:OCETrain TER-87581751,0,,0,1,
OCESN866007F1187_F:TER:FR:Line::daa8bf5f-7be6-4fbc-ad6a-0d2c30d39013::87581751:87581199:9:1005:20260703,09:34:00,09:35:00,StopPoint:OCETrain TER-87278259,1,,0,0,
OCESN866007F1187_F:TER:FR:Line::daa8bf5f-7be6-4fbc-ad6a-0d2c30d39013::87581751:87581199:9:1005:20260703,09:37:00,09:38:00,StopPoint:OCETrain TER-87581538,2,,0,0,
OCESN866007F1187_F:TER:FR:Line::daa8bf5f-7be6-4fbc-ad6a-0d2c30d39013::87581751:87581199:9:1005:20260703,09:41:00,09:42:00,StopPoint:OCETrain TER-87738096,3,,0,0,
OCESN866007F1187_F:TER:FR:Line::daa8bf5f-7be6-4fbc-ad6a-0d2c30d39013::87581751:87581199:9:1005:20260703,09:45:00,09:46:00,StopPoint:OCETrain TER-87581736,4,,0,0,
OCESN866007F1187_F:TER:FR:Line::daa8bf5f-7be6-4fbc-ad6a-0d2c30d39013::87581751:87581199:9:1005:20260703,09:50:00,09:53:00,StopPoint:OCETrain TER-87581728,5,,0,0,
OCESN866010F1187_F:TER:FR:Line::daa8bf5f-7be6-4fbc-ad6a-0d2c30d39013::87581199:87581751:9:1248:20260925,12:24:00,12:25:00,StopPoint:OCETrain TER-87581728,3,,0,0,
OCESN866010F1187_F:TER:FR:Line::daa8bf5f-7be6-4fbc-ad6a-0d2c30d39013::87581199:87581751:9:1248:20260925,12:29:00,12:30:00,StopPoint:OCETrain TER-87581736,4,,0,0,
OCESN866010F1187_F:TER:FR:Line::daa8bf5f-7be6-4fbc-ad6a-0d2c30d39013::87581199:87581751:9:1248:20260925,12:33:00,12:34:00,StopPoint:OCETrain TER-87738096,5,,0,0,
OCESN866010F1187_F:TER:FR:Line::daa8bf5f-7be6-4fbc-ad6a-0d2c30d39013::87581199:87581751:9:1248:20260925,12:38:00,12:39:00,StopPoint:OCETrain TER-87581538,6,,0,0,
OCESN866010F1187_F:TER:FR:Line::daa8bf5f-7be6-4fbc-ad6a-0d2c30d39013::87581199:87581751:9:1248:20260925,12:41:00,12:42:00,StopPoint:OCETrain TER-87278259,7,,0,0,
OCESN866010F1187_F:TER:FR:Line::daa8bf5f-7be6-4fbc-ad6a-0d2c30d39013::87581199:87581751:9:1248:20260925,12:48:00,12:48:00,StopPoint:OCETrain TER-87581751,8,,1,0,
OCESN866010F1187_F:TER:FR:Line::daa8bf5f-7be6-4fbc-ad6a-0d2c30d39013::87581199:87581751:9:1247:20260703,12:24:00,12:25:00,StopPoint:OCETrain TER-87581728,3,,0,0,
OCESN866010F1187_F:TER:FR:Line::daa8bf5f-7be6-4fbc-ad6a-0d2c30d39013::87581199:87581751:9:1247:20260703,12:28:00,12:29:00,StopPoint:OCETrain TER-87581736,4,,0,0,
OCESN866010F1187_F:TER:FR:Line::daa8bf5f-7be6-4fbc-ad6a-0d2c30d39013::87581199:87581751:9:1247:20260703,12:32:00,12:33:00,StopPoint:OCETrain TER-87738096,5,,0,0,
OCESN866010F1187_F:TER:FR:Line::daa8bf5f-7be6-4fbc-ad6a-0d2c30d39013::87581199:87581751:9:1247:20260703,12:37:00,12:38:00,StopPoint:OCETrain TER-87581538,6,,0,0,
OCESN866010F1187_F:TER:FR:Line::daa8bf5f-7be6-4fbc-ad6a-0d2c30d39013::87581199:87581751:9:1247:20260703,12:40:00,12:41:00,StopPoint:OCETrain TER-87278259,7,,0,0,
OCESN866010F1187_F:TER:FR:Line::daa8bf5f-7be6-4fbc-ad6a-0d2c30d39013::87581199:87581751:9:1247:20260703,12:47:00,12:47:00,StopPoint:OCETrain TER-87581751,8,,1,0,
OCESN866011F1187_F:TER:FR:Line::daa8bf5f-7be6-4fbc-ad6a-0d2c30d39013::87581751:87581199:9:1157:20260925,11:23:00,11:23:00,StopPoint:OCETrain TER-87581751,0,,0,1,
OCESN866011F1187_F:TER:FR:Line::daa8bf5f-7be6-4fbc-ad6a-0d2c30d39013::87581751:87581199:9:1157:20260925,11:26:00,11:27:00,StopPoint:OCETrain TER-87278259,1,,0,0,
OCESN866011F1187_F:TER:FR:Line::daa8bf5f-7be6-4fbc-ad6a-0d2c30d39013::87581751:87581199:9:1157:20260925,11:29:00,11:30:00,StopPoint:OCETrain TER-87581538,2,,0,0,
OCESN866011F1187_F:TER:FR:Line::daa8bf5f-7be6-4fbc-ad6a-0d2c30d39013::87581751:87581199:9:1157:20260925,11:34:00,11:35:00,StopPoint:OCETrain TER-87738096,3,,0,0,
OCESN866011F1187_F:TER:FR:Line::daa8bf5f-7be6-4fbc-ad6a-0d2c30d39013::87581751:87581199:9:1157:20260925,11:38:00,11:39:00,StopPoint:OCETrain TER-87581736,4,,0,0,
OCESN866011F1187_F:TER:FR:Line::daa8bf5f-7be6-4fbc-ad6a-0d2c30d39013::87581751:87581199:9:1157:20260925,11:43:00,11:46:00,StopPoint:OCETrain TER-87581728,5,,0,0,
OCESN866011F1187_F:TER:FR:Line::daa8bf5f-7be6-4fbc-ad6a-0d2c30d39013::87581751:87581199:9:1157:20260703,11:24:00,11:24:00,StopPoint:OCETrain TER-87581751,0,,0,1,
OCESN866011F1187_F:TER:FR:Line::daa8bf5f-7be6-4fbc-ad6a-0d2c30d39013::87581751:87581199:9:1157:20260703,11:27:00,11:28:00,StopPoint:OCETrain TER-87278259,1,,0,0,
OCESN866011F1187_F:TER:FR:Line::daa8bf5f-7be6-4fbc-ad6a-0d2c30d39013::87581751:87581199:9:1157:20260703,11:30:00,11:31:00,StopPoint:OCETrain TER-87581538,2,,0,0,
OCESN866011F1187_F:TER:FR:Line::daa8bf5f-7be6-4fbc-ad6a-0d2c30d39013::87581751:87581199:9:1157:20260703,11:34:00,11:35:00,StopPoint:OCETrain TER-87738096,3,,0,0,
OCESN866011F1187_F:TER:FR:Line::daa8bf5f-7be6-4fbc-ad6a-0d2c30d39013::87581751:87581199:9:1157:20260703,11:38:00,11:39:00,StopPoint:OCETrain TER-87581736,4,,0,0,
OCESN866011F1187_F:TER:FR:Line::daa8bf5f-7be6-4fbc-ad6a-0d2c30d39013::87581751:87581199:9:1157:20260703,11:43:00,11:46:00,StopPoint:OCETrain TER-87581728,5,,0,0,
OCESN866012F1187_F:TER:FR:Line::daa8bf5f-7be6-4fbc-ad6a-0d2c30d39013::87581199:87581751:9:1342:20260703,13:20:00,13:21:00,StopPoint:OCETrain TER-87581728,3,,0,0,
OCESN866012F1187_F:TER:FR:Line::daa8bf5f-7be6-4fbc-ad6a-0d2c30d39013::87581199:87581751:9:1342:20260703,13:25:00,13:26:00,StopPoint:OCETrain TER-87581736,4,,0,0,
OCESN866012F1187_F:TER:FR:Line::daa8bf5f-7be6-4fbc-ad6a-0d2c30d39013::87581199:87581751:9:1342:20260703,13:28:00,13:29:00,StopPoint:OCETrain TER-87738096,5,,0,0,
OCESN866012F1187_F:TER:FR:Line::daa8bf5f-7be6-4fbc-ad6a-0d2c30d39013::87581199:87581751:9:1342:20260703,13:33:00,13:34:00,StopPoint:OCETrain TER-87581538,6,,0,0,
OCESN866012F1187_F:TER:FR:Line::daa8bf5f-7be6-4fbc-ad6a-0d2c30d39013::87581199:87581751:9:1342:20260703,13:36:00,13:37:00,StopPoint:OCETrain TER-87278259,7,,0,0,
OCESN866012F1187_F:TER:FR:Line::daa8bf5f-7be6-4fbc-ad6a-0d2c30d39013::87581199:87581751:9:1342:20260703,13:42:00,13:42:00,StopPoint:OCETrain TER-87581751,8,,1,0,
OCESN866012F1187_F:TER:FR:Line::daa8bf5f-7be6-4fbc-ad6a-0d2c30d39013::87581199:87581009:10:1347:20260925,13:20:00,13:21:00,StopPoint:OCETrain TER-87581728,3,,0,0,
OCESN866012F1187_F:TER:FR:Line::daa8bf5f-7be6-4fbc-ad6a-0d2c30d39013::87581199:87581009:10:1347:20260925,13:25:00,13:26:00,StopPoint:OCETrain TER-87581736,4,,0,0,
OCESN866012F1187_F:TER:FR:Line::daa8bf5f-7be6-4fbc-ad6a-0d2c30d39013::87581199:87581009:10:1347:20260925,13:28:00,13:29:00,StopPoint:OCETrain TER-87738096,5,,0,0,
OCESN866012F1187_F:TER:FR:Line::daa8bf5f-7be6-4fbc-ad6a-0d2c30d39013::87581199:87581009:10:1347:20260925,13:33:00,13:34:00,StopPoint:OCETrain TER-87581538,6,,0,0,
OCESN866012F1187_F:TER:FR:Line::daa8bf5f-7be6-4fbc-ad6a-0d2c30d39013::87581199:87581009:10:1347:20260925,13:37:00,13:38:00,StopPoint:OCETrain TER-87278259,7,,0,0,
OCESN866012F1187_F:TER:FR:Line::daa8bf5f-7be6-4fbc-ad6a-0d2c30d39013::87581199:87581009:10:1347:20260925,13:41:00,13:42:00,StopPoint:OCETrain TER-87748350,8,,0,0,
OCESN866013F1187_F:TER:FR:Line::daa8bf5f-7be6-4fbc-ad6a-0d2c30d39013::87581751:87581199:9:1302:20260925,12:31:00,12:31:00,StopPoint:OCETrain TER-87581751,0,,0,1,
OCESN866013F1187_F:TER:FR:Line::daa8bf5f-7be6-4fbc-ad6a-0d2c30d39013::87581751:87581199:9:1302:20260925,12:34:00,12:35:00,StopPoint:OCETrain TER-87278259,1,,0,0,
OCESN866013F1187_F:TER:FR:Line::daa8bf5f-7be6-4fbc-ad6a-0d2c30d39013::87581751:87581199:9:1302:20260925,12:37:00,12:38:00,StopPoint:OCETrain TER-87581538,2,,0,0,
OCESN866013F1187_F:TER:FR:Line::daa8bf5f-7be6-4fbc-ad6a-0d2c30d39013::87581751:87581199:9:1302:20260925,12:41:00,12:42:00,StopPoint:OCETrain TER-87738096,3,,0,0,
OCESN866013F1187_F:TER:FR:Line::daa8bf5f-7be6-4fbc-ad6a-0d2c30d39013::87581751:87581199:9:1302:20260925,12:45:00,12:46:00,StopPoint:OCETrain TER-87581736,4,,0,0,
OCESN866013F1187_F:TER:FR:Line::daa8bf5f-7be6-4fbc-ad6a-0d2c30d39013::87581751:87581199:9:1302:20260925,12:50:00,12:51:00,StopPoint:OCETrain TER-87581728,5,,0,0,
OCESN866014F1187_F:TER:FR:Line::daa8bf5f-7be6-4fbc-ad6a-0d2c30d39013::87581199:87581751:9:1443:20260703,14:22:00,14:23:00,StopPoint:OCETrain TER-87581728,3,,0,0,
OCESN866014F1187_F:TER:FR:Line::daa8bf5f-7be6-4fbc-ad6a-0d2c30d39013::87581199:87581751:9:1443:20260703,14:26:00,14:27:00,StopPoint:OCETrain TER-87581736,4,,0,0,
OCESN866014F1187_F:TER:FR:Line::daa8bf5f-7be6-4fbc-ad6a-0d2c30d39013::87581199:87581751:9:1443:20260703,14:30:00,14:31:00,StopPoint:OCETrain TER-87738096,5,,0,0,
OCESN866014F1187_F:TER:FR:Line::daa8bf5f-7be6-4fbc-ad6a-0d2c30d39013::87581199:87581751:9:1443:20260703,14:35:00,14:36:00,StopPoint:OCETrain TER-87581538,6,,0,0,
OCESN866014F1187_F:TER:FR:Line::daa8bf5f-7be6-4fbc-ad6a-0d2c30d39013::87581199:87581751:9:1443:20260703,14:38:00,14:39:00,StopPoint:OCETrain TER-87278259,7,,0,0,
OCESN866014F1187_F:TER:FR:Line::daa8bf5f-7be6-4fbc-ad6a-0d2c30d39013::87581199:87581751:9:1443:20260703,14:43:00,14:43:00,StopPoint:OCETrain TER-87581751,8,,1,0,
OCESN866015F1187_F:TER:FR:Line::daa8bf5f-7be6-4fbc-ad6a-0d2c30d39013::87581751:87581199:9:1401:20260925,13:26:00,13:26:00,StopPoint:OCETrain TER-87581751,0,,0,1,
OCESN866015F1187_F:TER:FR:Line::daa8bf5f-7be6-4fbc-ad6a-0d2c30d39013::87581751:87581199:9:1401:20260925,13:29:00,13:30:00,StopPoint:OCETrain TER-87278259,1,,0,0,
OCESN866015F1187_F:TER:FR:Line::daa8bf5f-7be6-4fbc-ad6a-0d2c30d39013::87581751:87581199:9:1401:20260925,13:32:00,13:33:00,StopPoint:OCETrain TER-87581538,2,,0,0,
OCESN866015F1187_F:TER:FR:Line::daa8bf5f-7be6-4fbc-ad6a-0d2c30d39013::87581751:87581199:9:1401:20260925,13:37:00,13:38:00,StopPoint:OCETrain TER-87738096,3,,0,0,
OCESN866015F1187_F:TER:FR:Line::daa8bf5f-7be6-4fbc-ad6a-0d2c30d39013::87581751:87581199:9:1401:20260925,13:41:00,13:42:00,StopPoint:OCETrain TER-87581736,4,,0,0,
OCESN866015F1187_F:TER:FR:Line::daa8bf5f-7be6-4fbc-ad6a-0d2c30d39013::87581751:87581199:9:1401:20260925,13:46:00,13:49:00,StopPoint:OCETrain TER-87581728,5,,0,0,
OCESN866015F1187_F:TER:FR:Line::daa8bf5f-7be6-4fbc-ad6a-0d2c30d39013::87581751:87581199:9:1401:20260703,13:27:00,13:27:00,StopPoint:OCETrain TER-87581751,0,,0,1,
OCESN866015F1187_F:TER:FR:Line::daa8bf5f-7be6-4fbc-ad6a-0d2c30d39013::87581751:87581199:9:1401:20260703,13:30:00,13:31:00,StopPoint:OCETrain TER-87278259,1,,0,0,
OCESN866015F1187_F:TER:FR:Line::daa8bf5f-7be6-4fbc-ad6a-0d2c30d39013::87581751:87581199:9:1401:20260703,13:33:00,13:34:00,StopPoint:OCETrain TER-87581538,2,,0,0,
OCESN866015F1187_F:TER:FR:Line::daa8bf5f-7be6-4fbc-ad6a-0d2c30d39013::87581751:87581199:9:1401:20260703,13:37:00,13:38:00,StopPoint:OCETrain TER-87738096,3,,0,0,
OCESN866015F1187_F:TER:FR:Line::daa8bf5f-7be6-4fbc-ad6a-0d2c30d39013::87581751:87581199:9:1401:20260703,13:41:00,13:42:00,StopPoint:OCETrain TER-87581736,4,,0,0,
OCESN866015F1187_F:TER:FR:Line::daa8bf5f-7be6-4fbc-ad6a-0d2c30d39013::87581751:87581199:9:1401:20260703,13:46:00,13:49:00,StopPoint:OCETrain TER-87581728,5,,0,0,
OCESN866016F1187_F:TER:FR:Line::daa8bf5f-7be6-4fbc-ad6a-0d2c30d39013::87581199:87581751:9:1543:20260925,15:21:00,15:22:00,StopPoint:OCETrain TER-87581728,3,,0,0,
OCESN866016F1187_F:TER:FR:Line::daa8bf5f-7be6-4fbc-ad6a-0d2c30d39013::87581199:87581751:9:1543:20260925,15:26:00,15:27:00,StopPoint:OCETrain TER-87581736,4,,0,0,
OCESN866016F1187_F:TER:FR:Line::daa8bf5f-7be6-4fbc-ad6a-0d2c30d39013::87581199:87581751:9:1543:20260925,15:29:00,15:30:00,StopPoint:OCETrain TER-87738096,5,,0,0,
OCESN866016F1187_F:TER:FR:Line::daa8bf5f-7be6-4fbc-ad6a-0d2c30d39013::87581199:87581751:9:1543:20260925,15:34:00,15:35:00,StopPoint:OCETrain TER-87581538,6,,0,0,
OCESN866016F1187_F:TER:FR:Line::daa8bf5f-7be6-4fbc-ad6a-0d2c30d39013::87581199:87581751:9:1543:20260925,15:37:00,15:38:00,StopPoint:OCETrain TER-87278259,7,,0,0,
OCESN866016F1187_F:TER:FR:Line::daa8bf5f-7be6-4fbc-ad6a-0d2c30d39013::87581199:87581751:9:1543:20260925,15:43:00,15:43:00,StopPoint:OCETrain TER-87581751,8,,1,0,
OCESN866017F1187_F:TER:FR:Line::daa8bf5f-7be6-4fbc-ad6a-0d2c30d39013::87581751:87581199:9:1500:20260703,14:27:00,14:27:00,StopPoint:OCETrain TER-87581751,0,,0,1,
OCESN866017F1187_F:TER:FR:Line::daa8bf5f-7be6-4fbc-ad6a-0d2c30d39013::87581751:87581199:9:1500:20260703,14:30:00,14:31:00,StopPoint:OCETrain TER-87278259,1,,0,0,
OCESN866017F1187_F:TER:FR:Line::daa8bf5f-7be6-4fbc-ad6a-0d2c30d39013::87581751:87581199:9:1500:20260703,14:33:00,14:34:00,StopPoint:OCETrain TER-87581538,2,,0,0,
OCESN866017F1187_F:TER:FR:Line::daa8bf5f-7be6-4fbc-ad6a-0d2c30d39013::87581751:87581199:9:1500:20260703,14:38:00,14:39:00,StopPoint:OCETrain TER-87738096,3,,0,0,
OCESN866017F1187_F:TER:FR:Line::daa8bf5f-7be6-4fbc-ad6a-0d2c30d39013::87581751:87581199:9:1500:20260703,14:41:00,14:42:00,StopPoint:OCETrain TER-87581736,4,,0,0,
OCESN866017F1187_F:TER:FR:Line::daa8bf5f-7be6-4fbc-ad6a-0d2c30d39013::87581751:87581199:9:1500:20260703,14:46:00,14:49:00,StopPoint:OCETrain TER-87581728,5,,0,0,
OCESN866020F1187_F:TER:FR:Line::daa8bf5f-7be6-4fbc-ad6a-0d2c30d39013::87581199:87581751:9:1810:20260828,17:49:00,17:50:00,StopPoint:OCETrain TER-87581728,3,,0,0,
OCESN866020F1187_F:TER:FR:Line::daa8bf5f-7be6-4fbc-ad6a-0d2c30d39013::87581199:87581751:9:1810:20260828,17:53:00,17:54:00,StopPoint:OCETrain TER-87581736,4,,0,0,
OCESN866020F1187_F:TER:FR:Line::daa8bf5f-7be6-4fbc-ad6a-0d2c30d39013::87581199:87581751:9:1810:20260828,17:57:00,17:58:00,StopPoint:OCETrain TER-87738096,5,,0,0,
OCESN866020F1187_F:TER:FR:Line::daa8bf5f-7be6-4fbc-ad6a-0d2c30d39013::87581199:87581751:9:1810:20260828,18:02:00,18:03:00,StopPoint:OCETrain TER-87581538,6,,0,0,
OCESN866020F1187_F:TER:FR:Line::daa8bf5f-7be6-4fbc-ad6a-0d2c30d39013::87581199:87581751:9:1810:20260828,18:05:00,18:06:00,StopPoint:OCETrain TER-87278259,7,,0,0,
OCESN866020F1187_F:TER:FR:Line::daa8bf5f-7be6-4fbc-ad6a-0d2c30d39013::87581199:87581751:9:1810:20260828,18:10:00,18:10:00,StopPoint:OCETrain TER-87581751,8,,1,0,
OCESN866020F1187_F:TER:FR:Line::daa8bf5f-7be6-4fbc-ad6a-0d2c30d39013::87581199:87581751:9:1809:20260930,17:48:00,17:49:00,StopPoint:OCETrain TER-87581728,3,,0,0,
OCESN866020F1187_F:TER:FR:Line::daa8bf5f-7be6-4fbc-ad6a-0d2c30d39013::87581199:87581751:9:1809:20260930,17:53:00,17:54:00,StopPoint:OCETrain TER-87581736,4,,0,0,
OCESN866020F1187_F:TER:FR:Line::daa8bf5f-7be6-4fbc-ad6a-0d2c30d39013::87581199:87581751:9:1809:20260930,17:56:00,17:57:00,StopPoint:OCETrain TER-87738096,5,,0,0,
OCESN866020F1187_F:TER:FR:Line::daa8bf5f-7be6-4fbc-ad6a-0d2c30d39013::87581199:87581751:9:1809:20260930,18:01:00,18:02:00,StopPoint:OCETrain TER-87581538,6,,0,0,
OCESN866020F1187_F:TER:FR:Line::daa8bf5f-7be6-4fbc-ad6a-0d2c30d39013::87581199:87581751:9:1809:20260930,18:04:00,18:05:00,StopPoint:OCETrain TER-87278259,7,,0,0,
OCESN866020F1187_F:TER:FR:Line::daa8bf5f-7be6-4fbc-ad6a-0d2c30d39013::87581199:87581751:9:1809:20260930,18:09:00,18:09:00,StopPoint:OCETrain TER-87581751,8,,1,0,
OCESN866022F1187_F:TER:FR:Line::daa8bf5f-7be6-4fbc-ad6a-0d2c30d39013::87581199:87581751:9:1842:20260930,18:21:00,18:22:00,StopPoint:OCETrain TER-87581728,3,,0,0,
OCESN866022F1187_F:TER:FR:Line::daa8bf5f-7be6-4fbc-ad6a-0d2c30d39013::87581199:87581751:9:1842:20260930,18:25:00,18:26:00,StopPoint:OCETrain TER-87581736,4,,0,0,
OCESN866022F1187_F:TER:FR:Line::daa8bf5f-7be6-4fbc-ad6a-0d2c30d39013::87581199:87581751:9:1842:20260930,18:29:00,18:30:00,StopPoint:OCETrain TER-87738096,5,,0,0,
OCESN866022F1187_F:TER:FR:Line::daa8bf5f-7be6-4fbc-ad6a-0d2c30d39013::87581199:87581751:9:1842:20260930,18:33:00,18:34:00,StopPoint:OCETrain TER-87581538,6,,0,0,
OCESN866022F1187_F:TER:FR:Line::daa8bf5f-7be6-4fbc-ad6a-0d2c30d39013::87581199:87581751:9:1842:20260930,18:36:00,18:37:00,StopPoint:OCETrain TER-87278259,7,,0,0,
OCESN866022F1187_F:TER:FR:Line::daa8bf5f-7be6-4fbc-ad6a-0d2c30d39013::87581199:87581751:9:1842:20260930,18:42:00,18:42:00,StopPoint:OCETrain TER-87581751,8,,1,0,
OCESN866023F1187_F:TER:FR:Line::daa8bf5f-7be6-4fbc-ad6a-0d2c30d39013::87581751:87581199:9:1703:20260925,16:30:00,16:30:00,StopPoint:OCETrain TER-87581751,0,,0,1,
OCESN866023F1187_F:TER:FR:Line::daa8bf5f-7be6-4fbc-ad6a-0d2c30d39013::87581751:87581199:9:1703:20260925,16:33:00,16:34:00,StopPoint:OCETrain TER-87278259,1,,0,0,
OCESN866023F1187_F:TER:FR:Line::daa8bf5f-7be6-4fbc-ad6a-0d2c30d39013::87581751:87581199:9:1703:20260925,16:36:00,16:37:00,StopPoint:OCETrain TER-87581538,2,,0,0,
OCESN866023F1187_F:TER:FR:Line::daa8bf5f-7be6-4fbc-ad6a-0d2c30d39013::87581751:87581199:9:1703:20260925,16:41:00,16:42:00,StopPoint:OCETrain TER-87738096,3,,0,0,
OCESN866023F1187_F:TER:FR:Line::daa8bf5f-7be6-4fbc-ad6a-0d2c30d39013::87581751:87581199:9:1703:20260925,16:45:00,16:46:00,StopPoint:OCETrain TER-87581736,4,,0,0,
OCESN866023F1187_F:TER:FR:Line::daa8bf5f-7be6-4fbc-ad6a-0d2c30d39013::87581751:87581199:9:1703:20260925,16:50:00,16:51:00,StopPoint:OCETrain TER-87581728,5,,0,0,
OCESN866023F1187_F:TER:FR:Line::daa8bf5f-7be6-4fbc-ad6a-0d2c30d39013::87581009:87581199:10:1706:20260828,16:34:00,16:35:00,StopPoint:OCETrain TER-87748350,1,,0,0,
OCESN866023F1187_F:TER:FR:Line::daa8bf5f-7be6-4fbc-ad6a-0d2c30d39013::87581009:87581199:10:1706:20260828,16:38:00,16:39:00,StopPoint:OCETrain TER-87278259,2,,0,0,
OCESN866023F1187_F:TER:FR:Line::daa8bf5f-7be6-4fbc-ad6a-0d2c30d39013::87581009:87581199:10:1706:20260828,16:41:00,16:42:00,StopPoint:OCETrain TER-87581538,3,,0,0,
OCESN866023F1187_F:TER:FR:Line::daa8bf5f-7be6-4fbc-ad6a-0d2c30d39013::87581009:87581199:10:1706:20260828,16:45:00,16:46:00,StopPoint:OCETrain TER-87738096,4,,0,0,
OCESN866023F1187_F:TER:FR:Line::daa8bf5f-7be6-4fbc-ad6a-0d2c30d39013::87581009:87581199:10:1706:20260828,16:49:00,16:50:00,StopPoint:OCETrain TER-87581736,5,,0,0,
OCESN866023F1187_F:TER:FR:Line::daa8bf5f-7be6-4fbc-ad6a-0d2c30d39013::87581009:87581199:10:1706:20260828,16:54:00,16:55:00,StopPoint:OCETrain TER-87581728,6,,0,0,
OCESN866024F1187_F:TER:FR:Line::daa8bf5f-7be6-4fbc-ad6a-0d2c30d39013::87581199:87581751:9:1942:20260828,19:21:00,19:22:00,StopPoint:OCETrain TER-87581728,3,,0,0,
OCESN866024F1187_F:TER:FR:Line::daa8bf5f-7be6-4fbc-ad6a-0d2c30d39013::87581199:87581751:9:1942:20260828,19:25:00,19:26:00,StopPoint:OCETrain TER-87581736,4,,0,0,
OCESN866024F1187_F:TER:FR:Line::daa8bf5f-7be6-4fbc-ad6a-0d2c30d39013::87581199:87581751:9:1942:20260828,19:29:00,19:30:00,StopPoint:OCETrain TER-87738096,5,,0,0,
OCESN866024F1187_F:TER:FR:Line::daa8bf5f-7be6-4fbc-ad6a-0d2c30d39013::87581199:87581751:9:1942:20260828,19:34:00,19:35:00,StopPoint:OCETrain TER-87581538,6,,0,0,
OCESN866024F1187_F:TER:FR:Line::daa8bf5f-7be6-4fbc-ad6a-0d2c30d39013::87581199:87581751:9:1942:20260828,19:37:00,19:38:00,StopPoint:OCETrain TER-87278259,7,,0,0,
OCESN866024F1187_F:TER:FR:Line::daa8bf5f-7be6-4fbc-ad6a-0d2c30d39013::87581199:87581751:9:1942:20260828,19:42:00,19:42:00,StopPoint:OCETrain TER-87581751,8,,1,0,
OCESN866024F1187_F:TER:FR:Line::daa8bf5f-7be6-4fbc-ad6a-0d2c30d39013::87581199:87581751:9:1942:20260930,19:21:00,19:22:00,StopPoint:OCETrain TER-87581728,3,,0,0,
OCESN866024F1187_F:TER:FR:Line::daa8bf5f-7be6-4fbc-ad6a-0d2c30d39013::87581199:87581751:9:1942:20260930,19:25:00,19:26:00,StopPoint:OCETrain TER-87581736,4,,0,0,
OCESN866024F1187_F:TER:FR:Line::daa8bf5f-7be6-4fbc-ad6a-0d2c30d39013::87581199:87581751:9:1942:20260930,19:29:00,19:30:00,StopPoint:OCETrain TER-87738096,5,,0,0,
OCESN866024F1187_F:TER:FR:Line::daa8bf5f-7be6-4fbc-ad6a-0d2c30d39013::87581199:87581751:9:1942:20260930,19:33:00,19:34:00,StopPoint:OCETrain TER-87581538,6,,0,0,
OCESN866024F1187_F:TER:FR:Line::daa8bf5f-7be6-4fbc-ad6a-0d2c30d39013::87581199:87581751:9:1942:20260930,19:36:00,19:37:00,StopPoint:OCETrain TER-87278259,7,,0,0,
OCESN866024F1187_F:TER:FR:Line::daa8bf5f-7be6-4fbc-ad6a-0d2c30d39013::87581199:87581751:9:1942:20260930,19:42:00,19:42:00,StopPoint:OCETrain TER-87581751,8,,1,0,
OCESN866025F1187_F:TER:FR:Line::daa8bf5f-7be6-4fbc-ad6a-0d2c30d39013::87581751:87581199:9:1802:20260930,17:28:00,17:28:00,StopPoint:OCETrain TER-87581751,0,,0,1,
OCESN866025F1187_F:TER:FR:Line::daa8bf5f-7be6-4fbc-ad6a-0d2c30d39013::87581751:87581199:9:1802:20260930,17:31:00,17:32:00,StopPoint:OCETrain TER-87278259,1,,0,0,
OCESN866025F1187_F:TER:FR:Line::daa8bf5f-7be6-4fbc-ad6a-0d2c30d39013::87581751:87581199:9:1802:20260930,17:34:00,17:35:00,StopPoint:OCETrain TER-87581538,2,,0,0,
OCESN866025F1187_F:TER:FR:Line::daa8bf5f-7be6-4fbc-ad6a-0d2c30d39013::87581751:87581199:9:1802:20260930,17:39:00,17:40:00,StopPoint:OCETrain TER-87738096,3,,0,0,
OCESN866025F1187_F:TER:FR:Line::daa8bf5f-7be6-4fbc-ad6a-0d2c30d39013::87581751:87581199:9:1802:20260930,17:42:00,17:43:00,StopPoint:OCETrain TER-87581736,4,,0,0,
OCESN866025F1187_F:TER:FR:Line::daa8bf5f-7be6-4fbc-ad6a-0d2c30d39013::87581751:87581199:9:1802:20260930,17:47:00,17:50:00,StopPoint:OCETrain TER-87581728,5,,0,0,
OCESN866026F1187_F:TER:FR:Line::daa8bf5f-7be6-4fbc-ad6a-0d2c30d39013::87581199:87581751:9:2042:20260930,20:21:00,20:22:00,StopPoint:OCETrain TER-87581728,3,,0,0,
OCESN866026F1187_F:TER:FR:Line::daa8bf5f-7be6-4fbc-ad6a-0d2c30d39013::87581199:87581751:9:2042:20260930,20:26:00,20:27:00,StopPoint:OCETrain TER-87581736,4,,0,0,
OCESN866026F1187_F:TER:FR:Line::daa8bf5f-7be6-4fbc-ad6a-0d2c30d39013::87581199:87581751:9:2042:20260930,20:30:00,20:31:00,StopPoint:OCETrain TER-87738096,5,,0,0,
OCESN866026F1187_F:TER:FR:Line::daa8bf5f-7be6-4fbc-ad6a-0d2c30d39013::87581199:87581751:9:2042:20260930,20:34:00,20:35:00,StopPoint:OCETrain TER-87581538,6,,0,0,
OCESN866026F1187_F:TER:FR:Line::daa8bf5f-7be6-4fbc-ad6a-0d2c30d39013::87581199:87581751:9:2042:20260930,20:37:00,20:38:00,StopPoint:OCETrain TER-87278259,7,,0,0,
OCESN866026F1187_F:TER:FR:Line::daa8bf5f-7be6-4fbc-ad6a-0d2c30d39013::87581199:87581751:9:2042:20260930,20:42:00,20:42:00,StopPoint:OCETrain TER-87581751,8,,1,0,
OCESN866027F1187_F:TER:FR:Line::daa8bf5f-7be6-4fbc-ad6a-0d2c30d39013::87581751:87581199:9:1902:20260828,18:28:00,18:28:00,StopPoint:OCETrain TER-87581751,0,,0,1,
OCESN866027F1187_F:TER:FR:Line::daa8bf5f-7be6-4fbc-ad6a-0d2c30d39013::87581751:87581199:9:1902:20260828,18:31:00,18:32:00,StopPoint:OCETrain TER-87278259,1,,0,0,
OCESN866027F1187_F:TER:FR:Line::daa8bf5f-7be6-4fbc-ad6a-0d2c30d39013::87581751:87581199:9:1902:20260828,18:34:00,18:35:00,StopPoint:OCETrain TER-87581538,2,,0,0,
OCESN866027F1187_F:TER:FR:Line::daa8bf5f-7be6-4fbc-ad6a-0d2c30d39013::87581751:87581199:9:1902:20260828,18:39:00,18:40:00,StopPoint:OCETrain TER-87738096,3,,0,0,
OCESN866027F1187_F:TER:FR:Line::daa8bf5f-7be6-4fbc-ad6a-0d2c30d39013::87581751:87581199:9:1902:20260828,18:42:00,18:43:00,StopPoint:OCETrain TER-87581736,4,,0,0,
OCESN866027F1187_F:TER:FR:Line::daa8bf5f-7be6-4fbc-ad6a-0d2c30d39013::87581751:87581199:9:1902:20260828,18:47:00,18:50:00,StopPoint:OCETrain TER-87581728,5,,0,0,
OCESN866027F1187_F:TER:FR:Line::daa8bf5f-7be6-4fbc-ad6a-0d2c30d39013::87581751:87581199:9:1902:20260930,18:28:00,18:28:00,StopPoint:OCETrain TER-87581751,0,,0,1,
OCESN866027F1187_F:TER:FR:Line::daa8bf5f-7be6-4fbc-ad6a-0d2c30d39013::87581751:87581199:9:1902:20260930,18:31:00,18:32:00,StopPoint:OCETrain TER-87278259,1,,0,0,
OCESN866027F1187_F:TER:FR:Line::daa8bf5f-7be6-4fbc-ad6a-0d2c30d39013::87581751:87581199:9:1902:20260930,18:35:00,18:36:00,StopPoint:OCETrain TER-87581538,2,,0,0,
OCESN866027F1187_F:TER:FR:Line::daa8bf5f-7be6-4fbc-ad6a-0d2c30d39013::87581751:87581199:9:1902:20260930,18:39:00,18:40:00,StopPoint:OCETrain TER-87738096,3,,0,0,
OCESN866027F1187_F:TER:FR:Line::daa8bf5f-7be6-4fbc-ad6a-0d2c30d39013::87581751:87581199:9:1902:20260930,18:43:00,18:44:00,StopPoint:OCETrain TER-87581736,4,,0,0,
OCESN866027F1187_F:TER:FR:Line::daa8bf5f-7be6-4fbc-ad6a-0d2c30d39013::87581751:87581199:9:1902:20260930,18:47:00,18:50:00,StopPoint:OCETrain TER-87581728,5,,0,0,
OCESN866028F1187_F:TER:FR:Line::daa8bf5f-7be6-4fbc-ad6a-0d2c30d39013::87581199:87581009:10:2144:20260828,21:17:00,21:18:00,StopPoint:OCETrain TER-87581728,3,,0,0,
OCESN866028F1187_F:TER:FR:Line::daa8bf5f-7be6-4fbc-ad6a-0d2c30d39013::87581199:87581009:10:2144:20260828,21:22:00,21:23:00,StopPoint:OCETrain TER-87581736,4,,0,0,
OCESN866028F1187_F:TER:FR:Line::daa8bf5f-7be6-4fbc-ad6a-0d2c30d39013::87581199:87581009:10:2144:20260828,21:26:00,21:27:00,StopPoint:OCETrain TER-87738096,5,,0,0,
OCESN866028F1187_F:TER:FR:Line::daa8bf5f-7be6-4fbc-ad6a-0d2c30d39013::87581199:87581009:10:2144:20260828,21:30:00,21:31:00,StopPoint:OCETrain TER-87581538,6,,0,0,
OCESN866028F1187_F:TER:FR:Line::daa8bf5f-7be6-4fbc-ad6a-0d2c30d39013::87581199:87581009:10:2144:20260828,21:33:00,21:34:00,StopPoint:OCETrain TER-87278259,7,,0,0,
OCESN866028F1187_F:TER:FR:Line::daa8bf5f-7be6-4fbc-ad6a-0d2c30d39013::87581199:87581009:10:2144:20260828,21:38:00,21:39:00,StopPoint:OCETrain TER-87748350,8,,0,0,
OCESN866028F1187_F:TER:FR:Line::daa8bf5f-7be6-4fbc-ad6a-0d2c30d39013::87581199:87581009:10:2143:20260930,21:17:00,21:18:00,StopPoint:OCETrain TER-87581728,3,,0,0,
OCESN866028F1187_F:TER:FR:Line::daa8bf5f-7be6-4fbc-ad6a-0d2c30d39013::87581199:87581009:10:2143:20260930,21:21:00,21:22:00,StopPoint:OCETrain TER-87581736,4,,0,0,
OCESN866028F1187_F:TER:FR:Line::daa8bf5f-7be6-4fbc-ad6a-0d2c30d39013::87581199:87581009:10:2143:20260930,21:25:00,21:26:00,StopPoint:OCETrain TER-87738096,5,,0,0,
OCESN866028F1187_F:TER:FR:Line::daa8bf5f-7be6-4fbc-ad6a-0d2c30d39013::87581199:87581009:10:2143:20260930,21:29:00,21:30:00,StopPoint:OCETrain TER-87581538,6,,0,0,
OCESN866028F1187_F:TER:FR:Line::daa8bf5f-7be6-4fbc-ad6a-0d2c30d39013::87581199:87581009:10:2143:20260930,21:32:00,21:33:00,StopPoint:OCETrain TER-87278259,7,,0,0,
OCESN866028F1187_F:TER:FR:Line::daa8bf5f-7be6-4fbc-ad6a-0d2c30d39013::87581199:87581009:10:2143:20260930,21:37:00,21:38:00,StopPoint:OCETrain TER-87748350,8,,0,0,
OCESN866029F1187_F:TER:FR:Line::daa8bf5f-7be6-4fbc-ad6a-0d2c30d39013::87581751:87581199:9:2002:20260930,19:28:00,19:28:00,StopPoint:OCETrain TER-87581751,0,,0,1,
OCESN866029F1187_F:TER:FR:Line::daa8bf5f-7be6-4fbc-ad6a-0d2c30d39013::87581751:87581199:9:2002:20260930,19:31:00,19:32:00,StopPoint:OCETrain TER-87278259,1,,0,0,
OCESN866029F1187_F:TER:FR:Line::daa8bf5f-7be6-4fbc-ad6a-0d2c30d39013::87581751:87581199:9:2002:20260930,19:34:00,19:35:00,StopPoint:OCETrain TER-87581538,2,,0,0,
OCESN866029F1187_F:TER:FR:Line::daa8bf5f-7be6-4fbc-ad6a-0d2c30d39013::87581751:87581199:9:2002:20260930,19:39:00,19:40:00,StopPoint:OCETrain TER-87738096,3,,0,0,
OCESN866029F1187_F:TER:FR:Line::daa8bf5f-7be6-4fbc-ad6a-0d2c30d39013::87581751:87581199:9:2002:20260930,19:43:00,19:44:00,StopPoint:OCETrain TER-87581736,4,,0,0,
OCESN866029F1187_F:TER:FR:Line::daa8bf5f-7be6-4fbc-ad6a-0d2c30d39013::87581751:87581199:9:2002:20260930,19:48:00,19:51:00,StopPoint:OCETrain TER-87581728,5,,0,0,
OCESN866030F1187_F:TER:FR:Line::daa8bf5f-7be6-4fbc-ad6a-0d2c30d39013::87581199:87581009:10:2236:20260930,22:10:00,22:11:00,StopPoint:OCETrain TER-87581728,3,,0,0,
OCESN866030F1187_F:TER:FR:Line::daa8bf5f-7be6-4fbc-ad6a-0d2c30d39013::87581199:87581009:10:2236:20260930,22:15:00,22:16:00,StopPoint:OCETrain TER-87581736,4,,0,0,
OCESN866030F1187_F:TER:FR:Line::daa8bf5f-7be6-4fbc-ad6a-0d2c30d39013::87581199:87581009:10:2236:20260930,22:18:00,22:19:00,StopPoint:OCETrain TER-87738096,5,,0,0,
OCESN866030F1187_F:TER:FR:Line::daa8bf5f-7be6-4fbc-ad6a-0d2c30d39013::87581199:87581009:10:2236:20260930,22:23:00,22:24:00,StopPoint:OCETrain TER-87581538,6,,0,0,
OCESN866030F1187_F:TER:FR:Line::daa8bf5f-7be6-4fbc-ad6a-0d2c30d39013::87581199:87581009:10:2236:20260930,22:26:00,22:27:00,StopPoint:OCETrain TER-87278259,7,,0,0,
OCESN866030F1187_F:TER:FR:Line::daa8bf5f-7be6-4fbc-ad6a-0d2c30d39013::87581199:87581009:10:2236:20260930,22:30:00,22:31:00,StopPoint:OCETrain TER-87748350,8,,0,0,
OCESN866031F1187_F:TER:FR:Line::daa8bf5f-7be6-4fbc-ad6a-0d2c30d39013::87581751:87581199:9:2058:20260828,20:25:00,20:25:00,StopPoint:OCETrain TER-87581751,0,,0,1,
OCESN866031F1187_F:TER:FR:Line::daa8bf5f-7be6-4fbc-ad6a-0d2c30d39013::87581751:87581199:9:2058:20260828,20:28:00,20:29:00,StopPoint:OCETrain TER-87278259,1,,0,0,
OCESN866031F1187_F:TER:FR:Line::daa8bf5f-7be6-4fbc-ad6a-0d2c30d39013::87581751:87581199:9:2058:20260828,20:31:00,20:32:00,StopPoint:OCETrain TER-87581538,2,,0,0,
OCESN866031F1187_F:TER:FR:Line::daa8bf5f-7be6-4fbc-ad6a-0d2c30d39013::87581751:87581199:9:2058:20260828,20:35:00,20:36:00,StopPoint:OCETrain TER-87738096,3,,0,0,
OCESN866031F1187_F:TER:FR:Line::daa8bf5f-7be6-4fbc-ad6a-0d2c30d39013::87581751:87581199:9:2058:20260828,20:39:00,20:40:00,StopPoint:OCETrain TER-87581736,4,,0,0,
OCESN866031F1187_F:TER:FR:Line::daa8bf5f-7be6-4fbc-ad6a-0d2c30d39013::87581751:87581199:9:2058:20260828,20:44:00,20:47:00,StopPoint:OCETrain TER-87581728,5,,0,0,
OCESN866031F1187_F:TER:FR:Line::daa8bf5f-7be6-4fbc-ad6a-0d2c30d39013::87581751:87581199:9:2058:20260930,20:27:00,20:27:00,StopPoint:OCETrain TER-87581751,0,,0,1,
OCESN866031F1187_F:TER:FR:Line::daa8bf5f-7be6-4fbc-ad6a-0d2c30d39013::87581751:87581199:9:2058:20260930,20:30:00,20:31:00,StopPoint:OCETrain TER-87278259,1,,0,0,
OCESN866031F1187_F:TER:FR:Line::daa8bf5f-7be6-4fbc-ad6a-0d2c30d39013::87581751:87581199:9:2058:20260930,20:33:00,20:34:00,StopPoint:OCETrain TER-87581538,2,,0,0,
OCESN866031F1187_F:TER:FR:Line::daa8bf5f-7be6-4fbc-ad6a-0d2c30d39013::87581751:87581199:9:2058:20260930,20:37:00,20:38:00,StopPoint:OCETrain TER-87738096,3,,0,0,
OCESN866031F1187_F:TER:FR:Line::daa8bf5f-7be6-4fbc-ad6a-0d2c30d39013::87581751:87581199:9:2058:20260930,20:41:00,20:42:00,StopPoint:OCETrain TER-87581736,4,,0,0,
OCESN866031F1187_F:TER:FR:Line::daa8bf5f-7be6-4fbc-ad6a-0d2c30d39013::87581751:87581199:9:2058:20260930,20:46:00,20:47:00,StopPoint:OCETrain TER-87581728,5,,0,0,
OCESN866032F1187_F:TER:FR:Line::daa8bf5f-7be6-4fbc-ad6a-0d2c30d39013::87581199:87581751:9:915:20260703,08:54:00,08:55:00,StopPoint:OCETrain TER-87581728,3,,0,0,
OCESN866032F1187_F:TER:FR:Line::daa8bf5f-7be6-4fbc-ad6a-0d2c30d39013::87581199:87581751:9:915:20260703,08:58:00,08:59:00,StopPoint:OCETrain TER-87581736,4,,0,0,
OCESN866032F1187_F:TER:FR:Line::daa8bf5f-7be6-4fbc-ad6a-0d2c30d39013::87581199:87581751:9:915:20260703,09:02:00,09:03:00,StopPoint:OCETrain TER-87738096,5,,0,0,
OCESN866032F1187_F:TER:FR:Line::daa8bf5f-7be6-4fbc-ad6a-0d2c30d39013::87581199:87581751:9:915:20260703,09:07:00,09:08:00,StopPoint:OCETrain TER-87581538,6,,0,0,
OCESN866032F1187_F:TER:FR:Line::daa8bf5f-7be6-4fbc-ad6a-0d2c30d39013::87581199:87581751:9:915:20260703,09:10:00,09:11:00,StopPoint:OCETrain TER-87278259,7,,0,0,
OCESN866032F1187_F:TER:FR:Line::daa8bf5f-7be6-4fbc-ad6a-0d2c30d39013::87581199:87581751:9:915:20260703,09:15:00,09:15:00,StopPoint:OCETrain TER-87581751,8,,1,0,
OCESN866033F1187_F:TER:FR:Line::daa8bf5f-7be6-4fbc-ad6a-0d2c30d39013::87581751:87581199:9:2151:20260930,21:19:00,21:19:00,StopPoint:OCETrain TER-87581751,0,,0,1,
OCESN866033F1187_F:TER:FR:Line::daa8bf5f-7be6-4fbc-ad6a-0d2c30d39013::87581751:87581199:9:2151:20260930,21:22:00,21:23:00,StopPoint:OCETrain TER-87278259,1,,0,0,
OCESN866033F1187_F:TER:FR:Line::daa8bf5f-7be6-4fbc-ad6a-0d2c30d39013::87581751:87581199:9:2151:20260930,21:25:00,21:26:00,StopPoint:OCETrain TER-87581538,2,,0,0,
OCESN866033F1187_F:TER:FR:Line::daa8bf5f-7be6-4fbc-ad6a-0d2c30d39013::87581751:87581199:9:2151:20260930,21:30:00,21:31:00,StopPoint:OCETrain TER-87738096,3,,0,0,
OCESN866033F1187_F:TER:FR:Line::daa8bf5f-7be6-4fbc-ad6a-0d2c30d39013::87581751:87581199:9:2151:20260930,21:33:00,21:34:00,StopPoint:OCETrain TER-87581736,4,,0,0,
OCESN866033F1187_F:TER:FR:Line::daa8bf5f-7be6-4fbc-ad6a-0d2c30d39013::87581751:87581199:9:2151:20260930,21:38:00,21:39:00,StopPoint:OCETrain TER-87581728,5,,0,0,
OCESN866035F1187_F:TER:FR:Line::daa8bf5f-7be6-4fbc-ad6a-0d2c30d39013::87581751:87581199:9:907:20260703,08:34:00,08:34:00,StopPoint:OCETrain TER-87581751,0,,0,1,
OCESN866035F1187_F:TER:FR:Line::daa8bf5f-7be6-4fbc-ad6a-0d2c30d39013::87581751:87581199:9:907:20260703,08:37:00,08:38:00,StopPoint:OCETrain TER-87278259,1,,0,0,
OCESN866035F1187_F:TER:FR:Line::daa8bf5f-7be6-4fbc-ad6a-0d2c30d39013::87581751:87581199:9:907:20260703,08:40:00,08:41:00,StopPoint:OCETrain TER-87581538,2,,0,0,
OCESN866035F1187_F:TER:FR:Line::daa8bf5f-7be6-4fbc-ad6a-0d2c30d39013::87581751:87581199:9:907:20260703,08:44:00,08:45:00,StopPoint:OCETrain TER-87738096,3,,0,0,
OCESN866035F1187_F:TER:FR:Line::daa8bf5f-7be6-4fbc-ad6a-0d2c30d39013::87581751:87581199:9:907:20260703,08:48:00,08:49:00,StopPoint:OCETrain TER-87581736,4,,0,0,
OCESN866035F1187_F:TER:FR:Line::daa8bf5f-7be6-4fbc-ad6a-0d2c30d39013::87581751:87581199:9:907:20260703,08:53:00,08:56:00,StopPoint:OCETrain TER-87581728,5,,0,0,
OCESN866100F1187_F:TER:FR:Line::3ebed947-d25a-4cb1-ad23-a6db52a6f082::87581256:87581751:12:638:20260930,06:17:00,06:18:00,StopPoint:OCETrain TER-87581728,6,,0,0,
OCESN866100F1187_F:TER:FR:Line::3ebed947-d25a-4cb1-ad23-a6db52a6f082::87581256:87581751:12:638:20260930,06:21:00,06:22:00,StopPoint:OCETrain TER-87581736,7,,0,0,
OCESN866100F1187_F:TER:FR:Line::3ebed947-d25a-4cb1-ad23-a6db52a6f082::87581256:87581751:12:638:20260930,06:25:00,06:26:00,StopPoint:OCETrain TER-87738096,8,,0,0,
OCESN866100F1187_F:TER:FR:Line::3ebed947-d25a-4cb1-ad23-a6db52a6f082::87581256:87581751:12:638:20260930,06:30:00,06:31:00,StopPoint:OCETrain TER-87581538,9,,0,0,
OCESN866100F1187_F:TER:FR:Line::3ebed947-d25a-4cb1-ad23-a6db52a6f082::87581256:87581751:12:638:20260930,06:33:00,06:34:00,StopPoint:OCETrain TER-87278259,10,,0,0,
OCESN866100F1187_F:TER:FR:Line::3ebed947-d25a-4cb1-ad23-a6db52a6f082::87581256:87581751:12:638:20260930,06:38:00,06:38:00,StopPoint:OCETrain TER-87581751,11,,1,0,
OCESN866100F1187_F:TER:FR:Line::3ebed947-d25a-4cb1-ad23-a6db52a6f082::87581256:87581751:12:638:20260928,06:17:00,06:18:00,StopPoint:OCETrain TER-87581728,6,,0,0,
OCESN866100F1187_F:TER:FR:Line::3ebed947-d25a-4cb1-ad23-a6db52a6f082::87581256:87581751:12:638:20260928,06:21:00,06:22:00,StopPoint:OCETrain TER-87581736,7,,0,0,
OCESN866100F1187_F:TER:FR:Line::3ebed947-d25a-4cb1-ad23-a6db52a6f082::87581256:87581751:12:638:20260928,06:25:00,06:26:00,StopPoint:OCETrain TER-87738096,8,,0,0,
OCESN866100F1187_F:TER:FR:Line::3ebed947-d25a-4cb1-ad23-a6db52a6f082::87581256:87581751:12:638:20260928,06:30:00,06:31:00,StopPoint:OCETrain TER-87581538,9,,0,0,
OCESN866100F1187_F:TER:FR:Line::3ebed947-d25a-4cb1-ad23-a6db52a6f082::87581256:87581751:12:638:20260928,06:33:00,06:34:00,StopPoint:OCETrain TER-87278259,10,,0,0,
OCESN866100F1187_F:TER:FR:Line::3ebed947-d25a-4cb1-ad23-a6db52a6f082::87581256:87581751:12:638:20260928,06:38:00,06:38:00,StopPoint:OCETrain TER-87581751,11,,1,0,
OCESN866101F1187_F:TER:FR:Line::3ebed947-d25a-4cb1-ad23-a6db52a6f082::87581009:87581314:14:754:20260930,06:28:00,06:29:00,StopPoint:OCETrain TER-87748350,1,,0,0,
OCESN866101F1187_F:TER:FR:Line::3ebed947-d25a-4cb1-ad23-a6db52a6f082::87581009:87581314:14:754:20260930,06:32:00,06:33:00,StopPoint:OCETrain TER-87278259,2,,0,0,
OCESN866101F1187_F:TER:FR:Line::3ebed947-d25a-4cb1-ad23-a6db52a6f082::87581009:87581314:14:754:20260930,06:36:00,06:37:00,StopPoint:OCETrain TER-87581538,3,,0,0,
OCESN866101F1187_F:TER:FR:Line::3ebed947-d25a-4cb1-ad23-a6db52a6f082::87581009:87581314:14:754:20260930,06:40:00,06:41:00,StopPoint:OCETrain TER-87738096,4,,0,0,
OCESN866101F1187_F:TER:FR:Line::3ebed947-d25a-4cb1-ad23-a6db52a6f082::87581009:87581314:14:754:20260930,06:44:00,06:45:00,StopPoint:OCETrain TER-87581736,5,,0,0,
OCESN866101F1187_F:TER:FR:Line::3ebed947-d25a-4cb1-ad23-a6db52a6f082::87581009:87581314:14:754:20260930,06:49:00,06:52:00,StopPoint:OCETrain TER-87581728,6,,0,0,
OCESN866101F1187_F:TER:FR:Line::3ebed947-d25a-4cb1-ad23-a6db52a6f082::87581009:87581314:14:754:20260703,06:28:00,06:29:00,StopPoint:OCETrain TER-87748350,1,,0,0,
OCESN866101F1187_F:TER:FR:Line::3ebed947-d25a-4cb1-ad23-a6db52a6f082::87581009:87581314:14:754:20260703,06:33:00,06:34:00,StopPoint:OCETrain TER-87278259,2,,0,0,
OCESN866101F1187_F:TER:FR:Line::3ebed947-d25a-4cb1-ad23-a6db52a6f082::87581009:87581314:14:754:20260703,06:36:00,06:37:00,StopPoint:OCETrain TER-87581538,3,,0,0,
OCESN866101F1187_F:TER:FR:Line::3ebed947-d25a-4cb1-ad23-a6db52a6f082::87581009:87581314:14:754:20260703,06:40:00,06:41:00,StopPoint:OCETrain TER-87738096,4,,0,0,
OCESN866101F1187_F:TER:FR:Line::3ebed947-d25a-4cb1-ad23-a6db52a6f082::87581009:87581314:14:754:20260703,06:44:00,06:45:00,StopPoint:OCETrain TER-87581736,5,,0,0,
OCESN866101F1187_F:TER:FR:Line::3ebed947-d25a-4cb1-ad23-a6db52a6f082::87581009:87581314:14:754:20260703,06:49:00,06:52:00,StopPoint:OCETrain TER-87581728,6,,0,0,
OCESN866102F1187_F:TER:FR:Line::3ebed947-d25a-4cb1-ad23-a6db52a6f082::87581314:87581751:13:710:20260828,06:47:00,06:48:00,StopPoint:OCETrain TER-87581728,7,,0,0,
OCESN866102F1187_F:TER:FR:Line::3ebed947-d25a-4cb1-ad23-a6db52a6f082::87581314:87581751:13:710:20260828,06:52:00,06:53:00,StopPoint:OCETrain TER-87581736,8,,0,0,
OCESN866102F1187_F:TER:FR:Line::3ebed947-d25a-4cb1-ad23-a6db52a6f082::87581314:87581751:13:710:20260828,06:56:00,06:57:00,StopPoint:OCETrain TER-87738096,9,,0,0,
OCESN866102F1187_F:TER:FR:Line::3ebed947-d25a-4cb1-ad23-a6db52a6f082::87581314:87581751:13:710:20260828,07:00:00,07:01:00,StopPoint:OCETrain TER-87581538,10,,0,0,
OCESN866102F1187_F:TER:FR:Line::3ebed947-d25a-4cb1-ad23-a6db52a6f082::87581314:87581751:13:710:20260828,07:03:00,07:04:00,StopPoint:OCETrain TER-87278259,11,,0,0,
OCESN866102F1187_F:TER:FR:Line::3ebed947-d25a-4cb1-ad23-a6db52a6f082::87581314:87581751:13:710:20260828,07:10:00,07:10:00,StopPoint:OCETrain TER-87581751,12,,1,0,
OCESN866103F1187_F:TER:FR:Line::3ebed947-d25a-4cb1-ad23-a6db52a6f082::87581009:87581389:16:919:20260930,07:32:00,07:33:00,StopPoint:OCETrain TER-87748350,1,,0,0,
OCESN866103F1187_F:TER:FR:Line::3ebed947-d25a-4cb1-ad23-a6db52a6f082::87581009:87581389:16:919:20260930,07:36:00,07:37:00,StopPoint:OCETrain TER-87278259,2,,0,0,
OCESN866103F1187_F:TER:FR:Line::3ebed947-d25a-4cb1-ad23-a6db52a6f082::87581009:87581389:16:919:20260930,07:39:00,07:40:00,StopPoint:OCETrain TER-87581538,3,,0,0,
OCESN866103F1187_F:TER:FR:Line::3ebed947-d25a-4cb1-ad23-a6db52a6f082::87581009:87581389:16:919:20260930,07:44:00,07:45:00,StopPoint:OCETrain TER-87738096,4,,0,0,
OCESN866103F1187_F:TER:FR:Line::3ebed947-d25a-4cb1-ad23-a6db52a6f082::87581009:87581389:16:919:20260930,07:47:00,07:48:00,StopPoint:OCETrain TER-87581736,5,,0,0,
OCESN866103F1187_F:TER:FR:Line::3ebed947-d25a-4cb1-ad23-a6db52a6f082::87581009:87581389:16:919:20260930,07:52:00,07:55:00,StopPoint:OCETrain TER-87581728,6,,0,0,
OCESN866104F1187_F:TER:FR:Line::3ebed947-d25a-4cb1-ad23-a6db52a6f082::87581314:87581009:14:717:20260930,06:50:00,06:51:00,StopPoint:OCETrain TER-87581728,7,,0,0,
OCESN866104F1187_F:TER:FR:Line::3ebed947-d25a-4cb1-ad23-a6db52a6f082::87581314:87581009:14:717:20260930,06:54:00,06:55:00,StopPoint:OCETrain TER-87581736,8,,0,0,
OCESN866104F1187_F:TER:FR:Line::3ebed947-d25a-4cb1-ad23-a6db52a6f082::87581314:87581009:14:717:20260930,06:58:00,06:59:00,StopPoint:OCETrain TER-87738096,9,,0,0,
OCESN866104F1187_F:TER:FR:Line::3ebed947-d25a-4cb1-ad23-a6db52a6f082::87581314:87581009:14:717:20260930,07:03:00,07:04:00,StopPoint:OCETrain TER-87581538,10,,0,0,
OCESN866104F1187_F:TER:FR:Line::3ebed947-d25a-4cb1-ad23-a6db52a6f082::87581314:87581009:14:717:20260930,07:06:00,07:07:00,StopPoint:OCETrain TER-87278259,11,,0,0,
OCESN866104F1187_F:TER:FR:Line::3ebed947-d25a-4cb1-ad23-a6db52a6f082::87581314:87581009:14:717:20260930,07:10:00,07:11:00,StopPoint:OCETrain TER-87748350,12,,0,0,
OCESN866105F1187_F:TER:FR:Line::3ebed947-d25a-4cb1-ad23-a6db52a6f082::87581009:87581397:17:954:20260830,08:03:00,08:04:00,StopPoint:OCETrain TER-87748350,1,,0,0,
OCESN866105F1187_F:TER:FR:Line::3ebed947-d25a-4cb1-ad23-a6db52a6f082::87581009:87581397:17:954:20260830,08:07:00,08:08:00,StopPoint:OCETrain TER-87278259,2,,0,0,
OCESN866105F1187_F:TER:FR:Line::3ebed947-d25a-4cb1-ad23-a6db52a6f082::87581009:87581397:17:954:20260830,08:10:00,08:11:00,StopPoint:OCETrain TER-87581538,3,,0,0,
OCESN866105F1187_F:TER:FR:Line::3ebed947-d25a-4cb1-ad23-a6db52a6f082::87581009:87581397:17:954:20260830,08:14:00,08:15:00,StopPoint:OCETrain TER-87738096,4,,0,0,
OCESN866105F1187_F:TER:FR:Line::3ebed947-d25a-4cb1-ad23-a6db52a6f082::87581009:87581397:17:954:20260830,08:18:00,08:19:00,StopPoint:OCETrain TER-87581736,5,,0,0,
OCESN866105F1187_F:TER:FR:Line::3ebed947-d25a-4cb1-ad23-a6db52a6f082::87581009:87581397:17:954:20260830,08:22:00,08:25:00,StopPoint:OCETrain TER-87581728,6,,0,0,
OCESN866105F1187_F:TER:FR:Line::3ebed947-d25a-4cb1-ad23-a6db52a6f082::87581009:87581397:17:954:20260828,08:02:00,08:03:00,StopPoint:OCETrain TER-87748350,1,,0,0,
OCESN866105F1187_F:TER:FR:Line::3ebed947-d25a-4cb1-ad23-a6db52a6f082::87581009:87581397:17:954:20260828,08:06:00,08:07:00,StopPoint:OCETrain TER-87278259,2,,0,0,
OCESN866105F1187_F:TER:FR:Line::3ebed947-d25a-4cb1-ad23-a6db52a6f082::87581009:87581397:17:954:20260828,08:09:00,08:10:00,StopPoint:OCETrain TER-87581538,3,,0,0,
OCESN866105F1187_F:TER:FR:Line::3ebed947-d25a-4cb1-ad23-a6db52a6f082::87581009:87581397:17:954:20260828,08:13:00,08:14:00,StopPoint:OCETrain TER-87738096,4,,0,0,
OCESN866105F1187_F:TER:FR:Line::3ebed947-d25a-4cb1-ad23-a6db52a6f082::87581009:87581397:17:954:20260828,08:17:00,08:18:00,StopPoint:OCETrain TER-87581736,5,,0,0,
OCESN866105F1187_F:TER:FR:Line::3ebed947-d25a-4cb1-ad23-a6db52a6f082::87581009:87581397:17:954:20260828,08:21:00,08:24:00,StopPoint:OCETrain TER-87581728,6,,0,0,
OCESN866106F1187_F:TER:FR:Line::3ebed947-d25a-4cb1-ad23-a6db52a6f082::87581389:87581009:16:748:20260930,07:21:00,07:22:00,StopPoint:OCETrain TER-87581728,9,,0,0,
OCESN866106F1187_F:TER:FR:Line::3ebed947-d25a-4cb1-ad23-a6db52a6f082::87581389:87581009:16:748:20260930,07:26:00,07:27:00,StopPoint:OCETrain TER-87581736,10,,0,0,
OCESN866106F1187_F:TER:FR:Line::3ebed947-d25a-4cb1-ad23-a6db52a6f082::87581389:87581009:16:748:20260930,07:30:00,07:31:00,StopPoint:OCETrain TER-87738096,11,,0,0,
OCESN866106F1187_F:TER:FR:Line::3ebed947-d25a-4cb1-ad23-a6db52a6f082::87581389:87581009:16:748:20260930,07:34:00,07:35:00,StopPoint:OCETrain TER-87581538,12,,0,0,
OCESN866106F1187_F:TER:FR:Line::3ebed947-d25a-4cb1-ad23-a6db52a6f082::87581389:87581009:16:748:20260930,07:37:00,07:38:00,StopPoint:OCETrain TER-87278259,13,,0,0,
OCESN866106F1187_F:TER:FR:Line::3ebed947-d25a-4cb1-ad23-a6db52a6f082::87581389:87581009:16:748:20260930,07:42:00,07:43:00,StopPoint:OCETrain TER-87748350,14,,0,0,
OCESN866106F1187_F:TER:FR:Line::3ebed947-d25a-4cb1-ad23-a6db52a6f082::87581389:87581009:16:748:20260703,07:21:00,07:22:00,StopPoint:OCETrain TER-87581728,9,,0,0,
OCESN866106F1187_F:TER:FR:Line::3ebed947-d25a-4cb1-ad23-a6db52a6f082::87581389:87581009:16:748:20260703,07:26:00,07:27:00,StopPoint:OCETrain TER-87581736,10,,0,0,
OCESN866106F1187_F:TER:FR:Line::3ebed947-d25a-4cb1-ad23-a6db52a6f082::87581389:87581009:16:748:20260703,07:30:00,07:31:00,StopPoint:OCETrain TER-87738096,11,,0,0,
OCESN866106F1187_F:TER:FR:Line::3ebed947-d25a-4cb1-ad23-a6db52a6f082::87581389:87581009:16:748:20260703,07:34:00,07:35:00,StopPoint:OCETrain TER-87581538,12,,0,0,
OCESN866106F1187_F:TER:FR:Line::3ebed947-d25a-4cb1-ad23-a6db52a6f082::87581389:87581009:16:748:20260703,07:37:00,07:38:00,StopPoint:OCETrain TER-87278259,13,,0,0,
OCESN866106F1187_F:TER:FR:Line::3ebed947-d25a-4cb1-ad23-a6db52a6f082::87581389:87581009:16:748:20260703,07:42:00,07:43:00,StopPoint:OCETrain TER-87748350,14,,0,0,
OCESN866107F1187_F:TER:FR:Line::3ebed947-d25a-4cb1-ad23-a6db52a6f082::87581009:87581389:16:951:20260926,08:02:00,08:03:00,StopPoint:OCETrain TER-87748350,1,,0,0,
OCESN866107F1187_F:TER:FR:Line::3ebed947-d25a-4cb1-ad23-a6db52a6f082::87581009:87581389:16:951:20260926,08:06:00,08:07:00,StopPoint:OCETrain TER-87278259,2,,0,0,
OCESN866107F1187_F:TER:FR:Line::3ebed947-d25a-4cb1-ad23-a6db52a6f082::87581009:87581389:16:951:20260926,08:09:00,08:10:00,StopPoint:OCETrain TER-87581538,3,,0,0,
OCESN866107F1187_F:TER:FR:Line::3ebed947-d25a-4cb1-ad23-a6db52a6f082::87581009:87581389:16:951:20260926,08:14:00,08:15:00,StopPoint:OCETrain TER-87738096,4,,0,0,
OCESN866107F1187_F:TER:FR:Line::3ebed947-d25a-4cb1-ad23-a6db52a6f082::87581009:87581389:16:951:20260926,08:18:00,08:19:00,StopPoint:OCETrain TER-87581736,5,,0,0,
OCESN866107F1187_F:TER:FR:Line::3ebed947-d25a-4cb1-ad23-a6db52a6f082::87581009:87581389:16:951:20260926,08:23:00,08:26:00,StopPoint:OCETrain TER-87581728,6,,0,0,
OCESN866108F1187_F:TER:FR:Line::3ebed947-d25a-4cb1-ad23-a6db52a6f082::87581314:87581009:14:748:20260828,07:20:00,07:21:00,StopPoint:OCETrain TER-87581728,7,,0,0,
OCESN866108F1187_F:TER:FR:Line::3ebed947-d25a-4cb1-ad23-a6db52a6f082::87581314:87581009:14:748:20260828,07:25:00,07:26:00,StopPoint:OCETrain TER-87581736,8,,0,0,
OCESN866108F1187_F:TER:FR:Line::3ebed947-d25a-4cb1-ad23-a6db52a6f082::87581314:87581009:14:748:20260828,07:28:00,07:29:00,StopPoint:OCETrain TER-87738096,9,,0,0,
OCESN866108F1187_F:TER:FR:Line::3ebed947-d25a-4cb1-ad23-a6db52a6f082::87581314:87581009:14:748:20260828,07:33:00,07:34:00,StopPoint:OCETrain TER-87581538,10,,0,0,
OCESN866108F1187_F:TER:FR:Line::3ebed947-d25a-4cb1-ad23-a6db52a6f082::87581314:87581009:14:748:20260828,07:36:00,07:37:00,StopPoint:OCETrain TER-87278259,11,,0,0,
OCESN866108F1187_F:TER:FR:Line::3ebed947-d25a-4cb1-ad23-a6db52a6f082::87581314:87581009:14:748:20260828,07:42:00,07:43:00,StopPoint:OCETrain TER-87748350,12,,0,0,
OCESN866108F1187_F:TER:FR:Line::3ebed947-d25a-4cb1-ad23-a6db52a6f082::87581314:87581009:14:747:20260926,07:20:00,07:21:00,StopPoint:OCETrain TER-87581728,7,,0,0,
OCESN866108F1187_F:TER:FR:Line::3ebed947-d25a-4cb1-ad23-a6db52a6f082::87581314:87581009:14:747:20260926,07:25:00,07:26:00,StopPoint:OCETrain TER-87581736,8,,0,0,
OCESN866108F1187_F:TER:FR:Line::3ebed947-d25a-4cb1-ad23-a6db52a6f082::87581314:87581009:14:747:20260926,07:28:00,07:29:00,StopPoint:OCETrain TER-87738096,9,,0,0,
OCESN866108F1187_F:TER:FR:Line::3ebed947-d25a-4cb1-ad23-a6db52a6f082::87581314:87581009:14:747:20260926,07:33:00,07:34:00,StopPoint:OCETrain TER-87581538,10,,0,0,
OCESN866108F1187_F:TER:FR:Line::3ebed947-d25a-4cb1-ad23-a6db52a6f082::87581314:87581009:14:747:20260926,07:36:00,07:37:00,StopPoint:OCETrain TER-87278259,11,,0,0,
OCESN866108F1187_F:TER:FR:Line::3ebed947-d25a-4cb1-ad23-a6db52a6f082::87581314:87581009:14:747:20260926,07:40:00,07:41:00,StopPoint:OCETrain TER-87748350,12,,0,0,
OCESN866109F1187_F:TER:FR:Line::3ebed947-d25a-4cb1-ad23-a6db52a6f082::87581009:87581314:14:1016:20260828,09:03:00,09:04:00,StopPoint:OCETrain TER-87748350,1,,0,0,
OCESN866109F1187_F:TER:FR:Line::3ebed947-d25a-4cb1-ad23-a6db52a6f082::87581009:87581314:14:1016:20260828,09:07:00,09:08:00,StopPoint:OCETrain TER-87278259,2,,0,0,
OCESN866109F1187_F:TER:FR:Line::3ebed947-d25a-4cb1-ad23-a6db52a6f082::87581009:87581314:14:1016:20260828,09:10:00,09:11:00,StopPoint:OCETrain TER-87581538,3,,0,0,
OCESN866109F1187_F:TER:FR:Line::3ebed947-d25a-4cb1-ad23-a6db52a6f082::87581009:87581314:14:1016:20260828,09:14:00,09:15:00,StopPoint:OCETrain TER-87738096,4,,0,0,
OCESN866109F1187_F:TER:FR:Line::3ebed947-d25a-4cb1-ad23-a6db52a6f082::87581009:87581314:14:1016:20260828,09:18:00,09:19:00,StopPoint:OCETrain TER-87581736,5,,0,0,
OCESN866109F1187_F:TER:FR:Line::3ebed947-d25a-4cb1-ad23-a6db52a6f082::87581009:87581314:14:1016:20260828,09:23:00,09:24:00,StopPoint:OCETrain TER-87581728,6,,0,0,
OCESN866109F1187_F:TER:FR:Line::3ebed947-d25a-4cb1-ad23-a6db52a6f082::87581009:87581314:14:1016:20260829,09:03:00,09:04:00,StopPoint:OCETrain TER-87748350,1,,0,0,
OCESN866109F1187_F:TER:FR:Line::3ebed947-d25a-4cb1-ad23-a6db52a6f082::87581009:87581314:14:1016:20260829,09:07:00,09:08:00,StopPoint:OCETrain TER-87278259,2,,0,0,
OCESN866109F1187_F:TER:FR:Line::3ebed947-d25a-4cb1-ad23-a6db52a6f082::87581009:87581314:14:1016:20260829,09:10:00,09:11:00,StopPoint:OCETrain TER-87581538,3,,0,0,
OCESN866109F1187_F:TER:FR:Line::3ebed947-d25a-4cb1-ad23-a6db52a6f082::87581009:87581314:14:1016:20260829,09:14:00,09:15:00,StopPoint:OCETrain TER-87738096,4,,0,0,
OCESN866109F1187_F:TER:FR:Line::3ebed947-d25a-4cb1-ad23-a6db52a6f082::87581009:87581314:14:1016:20260829,09:18:00,09:19:00,StopPoint:OCETrain TER-87581736,5,,0,0,
OCESN866109F1187_F:TER:FR:Line::3ebed947-d25a-4cb1-ad23-a6db52a6f082::87581009:87581314:14:1016:20260829,09:23:00,09:24:00,StopPoint:OCETrain TER-87581728,6,,0,0,
OCESN866109F1187_F:TER:FR:Line::3ebed947-d25a-4cb1-ad23-a6db52a6f082::87581009:87581256:13:1003:20260930,09:03:00,09:04:00,StopPoint:OCETrain TER-87748350,1,,0,0,
OCESN866109F1187_F:TER:FR:Line::3ebed947-d25a-4cb1-ad23-a6db52a6f082::87581009:87581256:13:1003:20260930,09:07:00,09:08:00,StopPoint:OCETrain TER-87278259,2,,0,0,
OCESN866109F1187_F:TER:FR:Line::3ebed947-d25a-4cb1-ad23-a6db52a6f082::87581009:87581256:13:1003:20260930,09:10:00,09:11:00,StopPoint:OCETrain TER-87581538,3,,0,0,
OCESN866109F1187_F:TER:FR:Line::3ebed947-d25a-4cb1-ad23-a6db52a6f082::87581009:87581256:13:1003:20260930,09:15:00,09:16:00,StopPoint:OCETrain TER-87738096,4,,0,0,
OCESN866109F1187_F:TER:FR:Line::3ebed947-d25a-4cb1-ad23-a6db52a6f082::87581009:87581256:13:1003:20260930,09:18:00,09:19:00,StopPoint:OCETrain TER-87581736,5,,0,0,
OCESN866109F1187_F:TER:FR:Line::3ebed947-d25a-4cb1-ad23-a6db52a6f082::87581009:87581256:13:1003:20260930,09:23:00,09:26:00,StopPoint:OCETrain TER-87581728,6,,0,0,
OCESN866109F1187_F:TER:FR:Line::3ebed947-d25a-4cb1-ad23-a6db52a6f082::87581009:87581314:14:1019:20260925,09:03:00,09:04:00,StopPoint:OCETrain TER-87748350,1,,0,0,
OCESN866109F1187_F:TER:FR:Line::3ebed947-d25a-4cb1-ad23-a6db52a6f082::87581009:87581314:14:1019:20260925,09:07:00,09:08:00,StopPoint:OCETrain TER-87278259,2,,0,0,
OCESN866109F1187_F:TER:FR:Line::3ebed947-d25a-4cb1-ad23-a6db52a6f082::87581009:87581314:14:1019:20260925,09:10:00,09:11:00,StopPoint:OCETrain TER-87581538,3,,0,0,
OCESN866109F1187_F:TER:FR:Line::3ebed947-d25a-4cb1-ad23-a6db52a6f082::87581009:87581314:14:1019:20260925,09:15:00,09:16:00,StopPoint:OCETrain TER-87738096,4,,0,0,
OCESN866109F1187_F:TER:FR:Line::3ebed947-d25a-4cb1-ad23-a6db52a6f082::87581009:87581314:14:1019:20260925,09:18:00,09:19:00,StopPoint:OCETrain TER-87581736,5,,0,0,
OCESN866109F1187_F:TER:FR:Line::3ebed947-d25a-4cb1-ad23-a6db52a6f082::87581009:87581314:14:1019:20260925,09:23:00,09:26:00,StopPoint:OCETrain TER-87581728,6,,0,0,
OCESN866109F1187_F:TER:FR:Line::3ebed947-d25a-4cb1-ad23-a6db52a6f082::87581009:87581314:14:1018:20260703,09:03:00,09:04:00,StopPoint:OCETrain TER-87748350,1,,0,0,
OCESN866109F1187_F:TER:FR:Line::3ebed947-d25a-4cb1-ad23-a6db52a6f082::87581009:87581314:14:1018:20260703,09:07:00,09:08:00,StopPoint:OCETrain TER-87278259,2,,0,0,
OCESN866109F1187_F:TER:FR:Line::3ebed947-d25a-4cb1-ad23-a6db52a6f082::87581009:87581314:14:1018:20260703,09:10:00,09:11:00,StopPoint:OCETrain TER-87581538,3,,0,0,
OCESN866109F1187_F:TER:FR:Line::3ebed947-d25a-4cb1-ad23-a6db52a6f082::87581009:87581314:14:1018:20260703,09:15:00,09:16:00,StopPoint:OCETrain TER-87738096,4,,0,0,
OCESN866109F1187_F:TER:FR:Line::3ebed947-d25a-4cb1-ad23-a6db52a6f082::87581009:87581314:14:1018:20260703,09:18:00,09:19:00,StopPoint:OCETrain TER-87581736,5,,0,0,
OCESN866109F1187_F:TER:FR:Line::3ebed947-d25a-4cb1-ad23-a6db52a6f082::87581009:87581314:14:1018:20260703,09:23:00,09:26:00,StopPoint:OCETrain TER-87581728,6,,0,0,
OCESN866110F1187_F:TER:FR:Line::3ebed947-d25a-4cb1-ad23-a6db52a6f082::87581389:87581009:16:849:20260930,08:22:00,08:23:00,StopPoint:OCETrain TER-87581728,9,,0,0,
OCESN866110F1187_F:TER:FR:Line::3ebed947-d25a-4cb1-ad23-a6db52a6f082::87581389:87581009:16:849:20260930,08:27:00,08:28:00,StopPoint:OCETrain TER-87581736,10,,0,0,
OCESN866110F1187_F:TER:FR:Line::3ebed947-d25a-4cb1-ad23-a6db52a6f082::87581389:87581009:16:849:20260930,08:31:00,08:32:00,StopPoint:OCETrain TER-87738096,11,,0,0,
OCESN866110F1187_F:TER:FR:Line::3ebed947-d25a-4cb1-ad23-a6db52a6f082::87581389:87581009:16:849:20260930,08:36:00,08:37:00,StopPoint:OCETrain TER-87581538,12,,0,0,
OCESN866110F1187_F:TER:FR:Line::3ebed947-d25a-4cb1-ad23-a6db52a6f082::87581389:87581009:16:849:20260930,08:39:00,08:40:00,StopPoint:OCETrain TER-87278259,13,,0,0,
OCESN866110F1187_F:TER:FR:Line::3ebed947-d25a-4cb1-ad23-a6db52a6f082::87581389:87581009:16:849:20260930,08:43:00,08:44:00,StopPoint:OCETrain TER-87748350,14,,0,0,
OCESN866110F1187_F:TER:FR:Line::3ebed947-d25a-4cb1-ad23-a6db52a6f082::87581389:87581009:16:849:20260703,08:23:00,08:24:00,StopPoint:OCETrain TER-87581728,9,,0,0,
OCESN866110F1187_F:TER:FR:Line::3ebed947-d25a-4cb1-ad23-a6db52a6f082::87581389:87581009:16:849:20260703,08:28:00,08:29:00,StopPoint:OCETrain TER-87581736,10,,0,0,
OCESN866110F1187_F:TER:FR:Line::3ebed947-d25a-4cb1-ad23-a6db52a6f082::87581389:87581009:16:849:20260703,08:31:00,08:32:00,StopPoint:OCETrain TER-87738096,11,,0,0,
OCESN866110F1187_F:TER:FR:Line::3ebed947-d25a-4cb1-ad23-a6db52a6f082::87581389:87581009:16:849:20260703,08:36:00,08:37:00,StopPoint:OCETrain TER-87581538,12,,0,0,
OCESN866110F1187_F:TER:FR:Line::3ebed947-d25a-4cb1-ad23-a6db52a6f082::87581389:87581009:16:849:20260703,08:39:00,08:40:00,StopPoint:OCETrain TER-87278259,13,,0,0,
OCESN866110F1187_F:TER:FR:Line::3ebed947-d25a-4cb1-ad23-a6db52a6f082::87581389:87581009:16:849:20260703,08:43:00,08:44:00,StopPoint:OCETrain TER-87748350,14,,0,0,
OCESN866111F1187_F:TER:FR:Line::3ebed947-d25a-4cb1-ad23-a6db52a6f082::87581009:87581389:16:1049:20260927,09:03:00,09:04:00,StopPoint:OCETrain TER-87748350,1,,0,0,
OCESN866111F1187_F:TER:FR:Line::3ebed947-d25a-4cb1-ad23-a6db52a6f082::87581009:87581389:16:1049:20260927,09:08:00,09:09:00,StopPoint:OCETrain TER-87278259,2,,0,0,
OCESN866111F1187_F:TER:FR:Line::3ebed947-d25a-4cb1-ad23-a6db52a6f082::87581009:87581389:16:1049:20260927,09:11:00,09:12:00,StopPoint:OCETrain TER-87581538,3,,0,0,
OCESN866111F1187_F:TER:FR:Line::3ebed947-d25a-4cb1-ad23-a6db52a6f082::87581009:87581389:16:1049:20260927,09:15:00,09:16:00,StopPoint:OCETrain TER-87738096,4,,0,0,
OCESN866111F1187_F:TER:FR:Line::3ebed947-d25a-4cb1-ad23-a6db52a6f082::87581009:87581389:16:1049:20260927,09:19:00,09:20:00,StopPoint:OCETrain TER-87581736,5,,0,0,
OCESN866111F1187_F:TER:FR:Line::3ebed947-d25a-4cb1-ad23-a6db52a6f082::87581009:87581389:16:1049:20260927,09:24:00,09:25:00,StopPoint:OCETrain TER-87581728,6,,0,0,
OCESN866112F1187_F:TER:FR:Line::3ebed947-d25a-4cb1-ad23-a6db52a6f082::87581389:87581009:16:848:20260828,08:22:00,08:23:00,StopPoint:OCETrain TER-87581728,9,,0,0,
OCESN866112F1187_F:TER:FR:Line::3ebed947-d25a-4cb1-ad23-a6db52a6f082::87581389:87581009:16:848:20260828,08:27:00,08:28:00,StopPoint:OCETrain TER-87581736,10,,0,0,
OCESN866112F1187_F:TER:FR:Line::3ebed947-d25a-4cb1-ad23-a6db52a6f082::87581389:87581009:16:848:20260828,08:31:00,08:32:00,StopPoint:OCETrain TER-87738096,11,,0,0,
OCESN866112F1187_F:TER:FR:Line::3ebed947-d25a-4cb1-ad23-a6db52a6f082::87581389:87581009:16:848:20260828,08:35:00,08:36:00,StopPoint:OCETrain TER-87581538,12,,0,0,
OCESN866112F1187_F:TER:FR:Line::3ebed947-d25a-4cb1-ad23-a6db52a6f082::87581389:87581009:16:848:20260828,08:38:00,08:39:00,StopPoint:OCETrain TER-87278259,13,,0,0,
OCESN866112F1187_F:TER:FR:Line::3ebed947-d25a-4cb1-ad23-a6db52a6f082::87581389:87581009:16:848:20260828,08:42:00,08:43:00,StopPoint:OCETrain TER-87748350,14,,0,0,
OCESN866113F1187_F:TER:FR:Line::3ebed947-d25a-4cb1-ad23-a6db52a6f082::87581009:87581397:17:1155:20260828,10:02:00,10:03:00,StopPoint:OCETrain TER-87748350,1,,0,0,
OCESN866113F1187_F:TER:FR:Line::3ebed947-d25a-4cb1-ad23-a6db52a6f082::87581009:87581397:17:1155:20260828,10:06:00,10:07:00,StopPoint:OCETrain TER-87278259,2,,0,0,
OCESN866113F1187_F:TER:FR:Line::3ebed947-d25a-4cb1-ad23-a6db52a6f082::87581009:87581397:17:1155:20260828,10:10:00,10:11:00,StopPoint:OCETrain TER-87581538,3,,0,0,
OCESN866113F1187_F:TER:FR:Line::3ebed947-d25a-4cb1-ad23-a6db52a6f082::87581009:87581397:17:1155:20260828,10:14:00,10:15:00,StopPoint:OCETrain TER-87738096,4,,0,0,
OCESN866113F1187_F:TER:FR:Line::3ebed947-d25a-4cb1-ad23-a6db52a6f082::87581009:87581397:17:1155:20260828,10:18:00,10:19:00,StopPoint:OCETrain TER-87581736,5,,0,0,
OCESN866113F1187_F:TER:FR:Line::3ebed947-d25a-4cb1-ad23-a6db52a6f082::87581009:87581397:17:1155:20260828,10:23:00,10:24:00,StopPoint:OCETrain TER-87581728,6,,0,0,
OCESN866114F1187_F:TER:FR:Line::3ebed947-d25a-4cb1-ad23-a6db52a6f082::87581389:87581009:16:1013:20260830,09:47:00,09:48:00,StopPoint:OCETrain TER-87581728,9,,0,0,
OCESN866114F1187_F:TER:FR:Line::3ebed947-d25a-4cb1-ad23-a6db52a6f082::87581389:87581009:16:1013:20260830,09:52:00,09:53:00,StopPoint:OCETrain TER-87581736,10,,0,0,
OCESN866114F1187_F:TER:FR:Line::3ebed947-d25a-4cb1-ad23-a6db52a6f082::87581389:87581009:16:1013:20260830,09:56:00,09:57:00,StopPoint:OCETrain TER-87738096,11,,0,0,
OCESN866114F1187_F:TER:FR:Line::3ebed947-d25a-4cb1-ad23-a6db52a6f082::87581389:87581009:16:1013:20260830,10:01:00,10:02:00,StopPoint:OCETrain TER-87581538,12,,0,0,
OCESN866114F1187_F:TER:FR:Line::3ebed947-d25a-4cb1-ad23-a6db52a6f082::87581389:87581009:16:1013:20260830,10:04:00,10:05:00,StopPoint:OCETrain TER-87278259,13,,0,0,
OCESN866114F1187_F:TER:FR:Line::3ebed947-d25a-4cb1-ad23-a6db52a6f082::87581389:87581009:16:1013:20260830,10:08:00,10:09:00,StopPoint:OCETrain TER-87748350,14,,0,0,
OCESN866114F1187_F:TER:FR:Line::3ebed947-d25a-4cb1-ad23-a6db52a6f082::87581389:87581009:16:1013:20260829,09:48:00,09:49:00,StopPoint:OCETrain TER-87581728,9,,0,0,
OCESN866114F1187_F:TER:FR:Line::3ebed947-d25a-4cb1-ad23-a6db52a6f082::87581389:87581009:16:1013:20260829,09:52:00,09:53:00,StopPoint:OCETrain TER-87581736,10,,0,0,
OCESN866114F1187_F:TER:FR:Line::3ebed947-d25a-4cb1-ad23-a6db52a6f082::87581389:87581009:16:1013:20260829,09:56:00,09:57:00,StopPoint:OCETrain TER-87738096,11,,0,0,
OCESN866114F1187_F:TER:FR:Line::3ebed947-d25a-4cb1-ad23-a6db52a6f082::87581389:87581009:16:1013:20260829,10:01:00,10:02:00,StopPoint:OCETrain TER-87581538,12,,0,0,
OCESN866114F1187_F:TER:FR:Line::3ebed947-d25a-4cb1-ad23-a6db52a6f082::87581389:87581009:16:1013:20260829,10:04:00,10:05:00,StopPoint:OCETrain TER-87278259,13,,0,0,
OCESN866114F1187_F:TER:FR:Line::3ebed947-d25a-4cb1-ad23-a6db52a6f082::87581389:87581009:16:1013:20260829,10:08:00,10:09:00,StopPoint:OCETrain TER-87748350,14,,0,0,
OCESN866114F1187_F:TER:FR:Line::3ebed947-d25a-4cb1-ad23-a6db52a6f082::87581389:87581009:16:1010:20260926,09:44:00,09:45:00,StopPoint:OCETrain TER-87581728,9,,0,0,
OCESN866114F1187_F:TER:FR:Line::3ebed947-d25a-4cb1-ad23-a6db52a6f082::87581389:87581009:16:1010:20260926,09:48:00,09:49:00,StopPoint:OCETrain TER-87581736,10,,0,0,
OCESN866114F1187_F:TER:FR:Line::3ebed947-d25a-4cb1-ad23-a6db52a6f082::87581389:87581009:16:1010:20260926,09:52:00,09:53:00,StopPoint:OCETrain TER-87738096,11,,0,0,
OCESN866114F1187_F:TER:FR:Line::3ebed947-d25a-4cb1-ad23-a6db52a6f082::87581389:87581009:16:1010:20260926,09:57:00,09:58:00,StopPoint:OCETrain TER-87581538,12,,0,0,
OCESN866114F1187_F:TER:FR:Line::3ebed947-d25a-4cb1-ad23-a6db52a6f082::87581389:87581009:16:1010:20260926,10:00:00,10:01:00,StopPoint:OCETrain TER-87278259,13,,0,0,
OCESN866114F1187_F:TER:FR:Line::3ebed947-d25a-4cb1-ad23-a6db52a6f082::87581389:87581009:16:1010:20260926,10:04:00,10:05:00,StopPoint:OCETrain TER-87748350,14,,0,0,
OCESN866115F1187_F:TER:FR:Line::3ebed947-d25a-4cb1-ad23-a6db52a6f082::87581009:87581389:16:1150:20260926,10:02:00,10:03:00,StopPoint:OCETrain TER-87748350,1,,0,0,
OCESN866115F1187_F:TER:FR:Line::3ebed947-d25a-4cb1-ad23-a6db52a6f082::87581009:87581389:16:1150:20260926,10:06:00,10:07:00,StopPoint:OCETrain TER-87278259,2,,0,0,
OCESN866115F1187_F:TER:FR:Line::3ebed947-d25a-4cb1-ad23-a6db52a6f082::87581009:87581389:16:1150:20260926,10:09:00,10:10:00,StopPoint:OCETrain TER-87581538,3,,0,0,
OCESN866115F1187_F:TER:FR:Line::3ebed947-d25a-4cb1-ad23-a6db52a6f082::87581009:87581389:16:1150:20260926,10:13:00,10:14:00,StopPoint:OCETrain TER-87738096,4,,0,0,
OCESN866115F1187_F:TER:FR:Line::3ebed947-d25a-4cb1-ad23-a6db52a6f082::87581009:87581389:16:1150:20260926,10:17:00,10:18:00,StopPoint:OCETrain TER-87581736,5,,0,0,
OCESN866115F1187_F:TER:FR:Line::3ebed947-d25a-4cb1-ad23-a6db52a6f082::87581009:87581389:16:1150:20260926,10:22:00,10:23:00,StopPoint:OCETrain TER-87581728,6,,0,0,
OCESN866115F1187_F:TER:FR:Line::3ebed947-d25a-4cb1-ad23-a6db52a6f082::87581009:87581199:10:1034:20260905,10:02:00,10:03:00,StopPoint:OCETrain TER-87748350,1,,0,0,
OCESN866115F1187_F:TER:FR:Line::3ebed947-d25a-4cb1-ad23-a6db52a6f082::87581009:87581199:10:1034:20260905,10:06:00,10:07:00,StopPoint:OCETrain TER-87278259,2,,0,0,
OCESN866115F1187_F:TER:FR:Line::3ebed947-d25a-4cb1-ad23-a6db52a6f082::87581009:87581199:10:1034:20260905,10:09:00,10:10:00,StopPoint:OCETrain TER-87581538,3,,0,0,
OCESN866115F1187_F:TER:FR:Line::3ebed947-d25a-4cb1-ad23-a6db52a6f082::87581009:87581199:10:1034:20260905,10:13:00,10:14:00,StopPoint:OCETrain TER-87738096,4,,0,0,
OCESN866115F1187_F:TER:FR:Line::3ebed947-d25a-4cb1-ad23-a6db52a6f082::87581009:87581199:10:1034:20260905,10:17:00,10:18:00,StopPoint:OCETrain TER-87581736,5,,0,0,
OCESN866115F1187_F:TER:FR:Line::3ebed947-d25a-4cb1-ad23-a6db52a6f082::87581009:87581199:10:1034:20260905,10:22:00,10:23:00,StopPoint:OCETrain TER-87581728,6,,0,0,
OCESN866116F1187_F:TER:FR:Line::3ebed947-d25a-4cb1-ad23-a6db52a6f082::87581314:87581009:14:1016:20260930,09:51:00,09:52:00,StopPoint:OCETrain TER-87581728,7,,0,0,
OCESN866116F1187_F:TER:FR:Line::3ebed947-d25a-4cb1-ad23-a6db52a6f082::87581314:87581009:14:1016:20260930,09:55:00,09:56:00,StopPoint:OCETrain TER-87581736,8,,0,0,
OCESN866116F1187_F:TER:FR:Line::3ebed947-d25a-4cb1-ad23-a6db52a6f082::87581314:87581009:14:1016:20260930,09:59:00,10:00:00,StopPoint:OCETrain TER-87738096,9,,0,0,
OCESN866116F1187_F:TER:FR:Line::3ebed947-d25a-4cb1-ad23-a6db52a6f082::87581314:87581009:14:1016:20260930,10:03:00,10:04:00,StopPoint:OCETrain TER-87581538,10,,0,0,
OCESN866116F1187_F:TER:FR:Line::3ebed947-d25a-4cb1-ad23-a6db52a6f082::87581314:87581009:14:1016:20260930,10:06:00,10:07:00,StopPoint:OCETrain TER-87278259,11,,0,0,
OCESN866116F1187_F:TER:FR:Line::3ebed947-d25a-4cb1-ad23-a6db52a6f082::87581314:87581009:14:1016:20260930,10:10:00,10:11:00,StopPoint:OCETrain TER-87748350,12,,0,0,
OCESN866116F1187_F:TER:FR:Line::3ebed947-d25a-4cb1-ad23-a6db52a6f082::87581314:87581009:14:1016:20260703,09:51:00,09:52:00,StopPoint:OCETrain TER-87581728,7,,0,0,
OCESN866116F1187_F:TER:FR:Line::3ebed947-d25a-4cb1-ad23-a6db52a6f082::87581314:87581009:14:1016:20260703,09:55:00,09:56:00,StopPoint:OCETrain TER-87581736,8,,0,0,
OCESN866116F1187_F:TER:FR:Line::3ebed947-d25a-4cb1-ad23-a6db52a6f082::87581314:87581009:14:1016:20260703,09:59:00,10:00:00,StopPoint:OCETrain TER-87738096,9,,0,0,
OCESN866116F1187_F:TER:FR:Line::3ebed947-d25a-4cb1-ad23-a6db52a6f082::87581314:87581009:14:1016:20260703,10:03:00,10:04:00,StopPoint:OCETrain TER-87581538,10,,0,0,
OCESN866116F1187_F:TER:FR:Line::3ebed947-d25a-4cb1-ad23-a6db52a6f082::87581314:87581009:14:1016:20260703,10:06:00,10:07:00,StopPoint:OCETrain TER-87278259,11,,0,0,
OCESN866116F1187_F:TER:FR:Line::3ebed947-d25a-4cb1-ad23-a6db52a6f082::87581314:87581009:14:1016:20260703,10:10:00,10:11:00,StopPoint:OCETrain TER-87748350,12,,0,0,
OCESN866117F1187_F:TER:FR:Line::3ebed947-d25a-4cb1-ad23-a6db52a6f082::87581009:87581397:12:1155:20260830,10:13:00,10:14:00,StopPoint:OCETrain TER-87748350,1,,0,0,
OCESN866117F1187_F:TER:FR:Line::3ebed947-d25a-4cb1-ad23-a6db52a6f082::87581009:87581397:12:1155:20260830,10:17:00,10:18:00,StopPoint:OCETrain TER-87278259,2,,0,0,
OCESN866117F1187_F:TER:FR:Line::3ebed947-d25a-4cb1-ad23-a6db52a6f082::87581009:87581397:12:1155:20260830,10:25:00,10:26:00,StopPoint:OCETrain TER-87738096,3,,0,0,
OCESN866117F1187_F:TER:FR:Line::3ebed947-d25a-4cb1-ad23-a6db52a6f082::87581009:87581397:12:1155:20260830,10:31:00,10:32:00,StopPoint:OCETrain TER-87581728,4,,0,0,
OCESN866118F1187_F:TER:FR:Line::3ebed947-d25a-4cb1-ad23-a6db52a6f082::87581389:87581009:16:1108:20260927,10:42:00,10:43:00,StopPoint:OCETrain TER-87581728,9,,0,0,
OCESN866118F1187_F:TER:FR:Line::3ebed947-d25a-4cb1-ad23-a6db52a6f082::87581389:87581009:16:1108:20260927,10:47:00,10:48:00,StopPoint:OCETrain TER-87581736,10,,0,0,
OCESN866118F1187_F:TER:FR:Line::3ebed947-d25a-4cb1-ad23-a6db52a6f082::87581389:87581009:16:1108:20260927,10:51:00,10:52:00,StopPoint:OCETrain TER-87738096,11,,0,0,
OCESN866118F1187_F:TER:FR:Line::3ebed947-d25a-4cb1-ad23-a6db52a6f082::87581389:87581009:16:1108:20260927,10:55:00,10:56:00,StopPoint:OCETrain TER-87581538,12,,0,0,
OCESN866118F1187_F:TER:FR:Line::3ebed947-d25a-4cb1-ad23-a6db52a6f082::87581389:87581009:16:1108:20260927,10:58:00,10:59:00,StopPoint:OCETrain TER-87278259,13,,0,0,
OCESN866118F1187_F:TER:FR:Line::3ebed947-d25a-4cb1-ad23-a6db52a6f082::87581389:87581009:16:1108:20260927,11:02:00,11:03:00,StopPoint:OCETrain TER-87748350,14,,0,0,
OCESN866119F1187_F:TER:FR:Line::3ebed947-d25a-4cb1-ad23-a6db52a6f082::87581009:87581389:16:1242:20260925,10:59:00,11:00:00,StopPoint:OCETrain TER-87748350,1,,0,0,
OCESN866119F1187_F:TER:FR:Line::3ebed947-d25a-4cb1-ad23-a6db52a6f082::87581009:87581389:16:1242:20260925,11:03:00,11:04:00,StopPoint:OCETrain TER-87278259,2,,0,0,
OCESN866119F1187_F:TER:FR:Line::3ebed947-d25a-4cb1-ad23-a6db52a6f082::87581009:87581389:16:1242:20260925,11:06:00,11:07:00,StopPoint:OCETrain TER-87581538,3,,0,0,
OCESN866119F1187_F:TER:FR:Line::3ebed947-d25a-4cb1-ad23-a6db52a6f082::87581009:87581389:16:1242:20260925,11:11:00,11:12:00,StopPoint:OCETrain TER-87738096,4,,0,0,
OCESN866119F1187_F:TER:FR:Line::3ebed947-d25a-4cb1-ad23-a6db52a6f082::87581009:87581389:16:1242:20260925,11:14:00,11:15:00,StopPoint:OCETrain TER-87581736,5,,0,0,
OCESN866119F1187_F:TER:FR:Line::3ebed947-d25a-4cb1-ad23-a6db52a6f082::87581009:87581389:16:1242:20260925,11:19:00,11:20:00,StopPoint:OCETrain TER-87581728,6,,0,0,
OCESN866120F1187_F:TER:FR:Line::3ebed947-d25a-4cb1-ad23-a6db52a6f082::87581199:87581009:10:1211:20260905,11:44:00,11:45:00,StopPoint:OCETrain TER-87581728,3,,0,0,
OCESN866120F1187_F:TER:FR:Line::3ebed947-d25a-4cb1-ad23-a6db52a6f082::87581199:87581009:10:1211:20260905,11:48:00,11:49:00,StopPoint:OCETrain TER-87581736,4,,0,0,
OCESN866120F1187_F:TER:FR:Line::3ebed947-d25a-4cb1-ad23-a6db52a6f082::87581199:87581009:10:1211:20260905,11:52:00,11:53:00,StopPoint:OCETrain TER-87738096,5,,0,0,
OCESN866120F1187_F:TER:FR:Line::3ebed947-d25a-4cb1-ad23-a6db52a6f082::87581199:87581009:10:1211:20260905,11:57:00,11:58:00,StopPoint:OCETrain TER-87581538,6,,0,0,
OCESN866120F1187_F:TER:FR:Line::3ebed947-d25a-4cb1-ad23-a6db52a6f082::87581199:87581009:10:1211:20260905,12:00:00,12:01:00,StopPoint:OCETrain TER-87278259,7,,0,0,
OCESN866120F1187_F:TER:FR:Line::3ebed947-d25a-4cb1-ad23-a6db52a6f082::87581199:87581009:10:1211:20260905,12:05:00,12:06:00,StopPoint:OCETrain TER-87748350,8,,0,0,
OCESN866120F1187_F:TER:FR:Line::3ebed947-d25a-4cb1-ad23-a6db52a6f082::87581389:87581009:16:1211:20260606,11:44:00,11:45:00,StopPoint:OCETrain TER-87581728,9,,0,0,
OCESN866120F1187_F:TER:FR:Line::3ebed947-d25a-4cb1-ad23-a6db52a6f082::87581389:87581009:16:1211:20260606,11:48:00,11:49:00,StopPoint:OCETrain TER-87581736,10,,0,0,
OCESN866120F1187_F:TER:FR:Line::3ebed947-d25a-4cb1-ad23-a6db52a6f082::87581389:87581009:16:1211:20260606,11:52:00,11:53:00,StopPoint:OCETrain TER-87738096,11,,0,0,
OCESN866120F1187_F:TER:FR:Line::3ebed947-d25a-4cb1-ad23-a6db52a6f082::87581389:87581009:16:1211:20260606,11:57:00,11:58:00,StopPoint:OCETrain TER-87581538,12,,0,0,
OCESN866120F1187_F:TER:FR:Line::3ebed947-d25a-4cb1-ad23-a6db52a6f082::87581389:87581009:16:1211:20260606,12:00:00,12:01:00,StopPoint:OCETrain TER-87278259,13,,0,0,
OCESN866120F1187_F:TER:FR:Line::3ebed947-d25a-4cb1-ad23-a6db52a6f082::87581389:87581009:16:1211:20260606,12:05:00,12:06:00,StopPoint:OCETrain TER-87748350,14,,0,0,
OCESN866120F1187_F:TER:FR:Line::3ebed947-d25a-4cb1-ad23-a6db52a6f082::87581389:87581009:16:1211:20260926,11:44:00,11:45:00,StopPoint:OCETrain TER-87581728,9,,0,0,
OCESN866120F1187_F:TER:FR:Line::3ebed947-d25a-4cb1-ad23-a6db52a6f082::87581389:87581009:16:1211:20260926,11:48:00,11:49:00,StopPoint:OCETrain TER-87581736,10,,0,0,
OCESN866120F1187_F:TER:FR:Line::3ebed947-d25a-4cb1-ad23-a6db52a6f082::87581389:87581009:16:1211:20260926,11:52:00,11:53:00,StopPoint:OCETrain TER-87738096,11,,0,0,
OCESN866120F1187_F:TER:FR:Line::3ebed947-d25a-4cb1-ad23-a6db52a6f082::87581389:87581009:16:1211:20260926,11:57:00,11:58:00,StopPoint:OCETrain TER-87581538,12,,0,0,
OCESN866120F1187_F:TER:FR:Line::3ebed947-d25a-4cb1-ad23-a6db52a6f082::87581389:87581009:16:1211:20260926,12:00:00,12:01:00,StopPoint:OCETrain TER-87278259,13,,0,0,
OCESN866120F1187_F:TER:FR:Line::3ebed947-d25a-4cb1-ad23-a6db52a6f082::87581389:87581009:16:1211:20260926,12:05:00,12:06:00,StopPoint:OCETrain TER-87748350,14,,0,0,
OCESN866120F1187_F:TER:FR:Line::3ebed947-d25a-4cb1-ad23-a6db52a6f082::87581389:87581009:16:1211:20260925,11:44:00,11:45:00,StopPoint:OCETrain TER-87581728,9,,0,0,
OCESN866120F1187_F:TER:FR:Line::3ebed947-d25a-4cb1-ad23-a6db52a6f082::87581389:87581009:16:1211:20260925,11:48:00,11:49:00,StopPoint:OCETrain TER-87581736,10,,0,0,
OCESN866120F1187_F:TER:FR:Line::3ebed947-d25a-4cb1-ad23-a6db52a6f082::87581389:87581009:16:1211:20260925,11:52:00,11:53:00,StopPoint:OCETrain TER-87738096,11,,0,0,
OCESN866120F1187_F:TER:FR:Line::3ebed947-d25a-4cb1-ad23-a6db52a6f082::87581389:87581009:16:1211:20260925,11:57:00,11:58:00,StopPoint:OCETrain TER-87581538,12,,0,0,
OCESN866120F1187_F:TER:FR:Line::3ebed947-d25a-4cb1-ad23-a6db52a6f082::87581389:87581009:16:1211:20260925,12:00:00,12:01:00,StopPoint:OCETrain TER-87278259,13,,0,0,
OCESN866120F1187_F:TER:FR:Line::3ebed947-d25a-4cb1-ad23-a6db52a6f082::87581389:87581009:16:1211:20260925,12:05:00,12:06:00,StopPoint:OCETrain TER-87748350,14,,0,0,
OCESN866121F1187_F:TER:FR:Line::3ebed947-d25a-4cb1-ad23-a6db52a6f082::87581009:87581314:14:1215:20260830,11:02:00,11:03:00,StopPoint:OCETrain TER-87748350,1,,0,0,
OCESN866121F1187_F:TER:FR:Line::3ebed947-d25a-4cb1-ad23-a6db52a6f082::87581009:87581314:14:1215:20260830,11:06:00,11:07:00,StopPoint:OCETrain TER-87278259,2,,0,0,
OCESN866121F1187_F:TER:FR:Line::3ebed947-d25a-4cb1-ad23-a6db52a6f082::87581009:87581314:14:1215:20260830,11:09:00,11:10:00,StopPoint:OCETrain TER-87581538,3,,0,0,
OCESN866121F1187_F:TER:FR:Line::3ebed947-d25a-4cb1-ad23-a6db52a6f082::87581009:87581314:14:1215:20260830,11:13:00,11:14:00,StopPoint:OCETrain TER-87738096,4,,0,0,
OCESN866121F1187_F:TER:FR:Line::3ebed947-d25a-4cb1-ad23-a6db52a6f082::87581009:87581314:14:1215:20260830,11:17:00,11:18:00,StopPoint:OCETrain TER-87581736,5,,0,0,
OCESN866121F1187_F:TER:FR:Line::3ebed947-d25a-4cb1-ad23-a6db52a6f082::87581009:87581314:14:1215:20260830,11:22:00,11:23:00,StopPoint:OCETrain TER-87581728,6,,0,0,
OCESN866122F1187_F:TER:FR:Line::3ebed947-d25a-4cb1-ad23-a6db52a6f082::87581397:87581009:17:1214:20260830,11:48:00,11:49:00,StopPoint:OCETrain TER-87581728,10,,0,0,
OCESN866122F1187_F:TER:FR:Line::3ebed947-d25a-4cb1-ad23-a6db52a6f082::87581397:87581009:17:1214:20260830,11:53:00,11:54:00,StopPoint:OCETrain TER-87581736,11,,0,0,
OCESN866122F1187_F:TER:FR:Line::3ebed947-d25a-4cb1-ad23-a6db52a6f082::87581397:87581009:17:1214:20260830,11:57:00,11:58:00,StopPoint:OCETrain TER-87738096,12,,0,0,
OCESN866122F1187_F:TER:FR:Line::3ebed947-d25a-4cb1-ad23-a6db52a6f082::87581397:87581009:17:1214:20260830,12:01:00,12:02:00,StopPoint:OCETrain TER-87581538,13,,0,0,
OCESN866122F1187_F:TER:FR:Line::3ebed947-d25a-4cb1-ad23-a6db52a6f082::87581397:87581009:17:1214:20260830,12:04:00,12:05:00,StopPoint:OCETrain TER-87278259,14,,0,0,
OCESN866122F1187_F:TER:FR:Line::3ebed947-d25a-4cb1-ad23-a6db52a6f082::87581397:87581009:17:1214:20260830,12:08:00,12:09:00,StopPoint:OCETrain TER-87748350,15,,0,0,
OCESN866123F1187_F:TER:FR:Line::3ebed947-d25a-4cb1-ad23-a6db52a6f082::87581009:87581199:10:1229:20260905,11:57:00,11:58:00,StopPoint:OCETrain TER-87748350,1,,0,0,
OCESN866123F1187_F:TER:FR:Line::3ebed947-d25a-4cb1-ad23-a6db52a6f082::87581009:87581199:10:1229:20260905,12:01:00,12:02:00,StopPoint:OCETrain TER-87278259,2,,0,0,
OCESN866123F1187_F:TER:FR:Line::3ebed947-d25a-4cb1-ad23-a6db52a6f082::87581009:87581199:10:1229:20260905,12:04:00,12:05:00,StopPoint:OCETrain TER-87581538,3,,0,0,
OCESN866123F1187_F:TER:FR:Line::3ebed947-d25a-4cb1-ad23-a6db52a6f082::87581009:87581199:10:1229:20260905,12:09:00,12:10:00,StopPoint:OCETrain TER-87738096,4,,0,0,
OCESN866123F1187_F:TER:FR:Line::3ebed947-d25a-4cb1-ad23-a6db52a6f082::87581009:87581199:10:1229:20260905,12:12:00,12:13:00,StopPoint:OCETrain TER-87581736,5,,0,0,
OCESN866123F1187_F:TER:FR:Line::3ebed947-d25a-4cb1-ad23-a6db52a6f082::87581009:87581199:10:1229:20260905,12:17:00,12:18:00,StopPoint:OCETrain TER-87581728,6,,0,0,
OCESN866123F1187_F:TER:FR:Line::3ebed947-d25a-4cb1-ad23-a6db52a6f082::87581009:87581389:16:1353:20260606,11:57:00,11:58:00,StopPoint:OCETrain TER-87748350,1,,0,0,
OCESN866123F1187_F:TER:FR:Line::3ebed947-d25a-4cb1-ad23-a6db52a6f082::87581009:87581389:16:1353:20260606,12:01:00,12:02:00,StopPoint:OCETrain TER-87278259,2,,0,0,
OCESN866123F1187_F:TER:FR:Line::3ebed947-d25a-4cb1-ad23-a6db52a6f082::87581009:87581389:16:1353:20260606,12:04:00,12:05:00,StopPoint:OCETrain TER-87581538,3,,0,0,
OCESN866123F1187_F:TER:FR:Line::3ebed947-d25a-4cb1-ad23-a6db52a6f082::87581009:87581389:16:1353:20260606,12:09:00,12:10:00,StopPoint:OCETrain TER-87738096,4,,0,0,
OCESN866123F1187_F:TER:FR:Line::3ebed947-d25a-4cb1-ad23-a6db52a6f082::87581009:87581389:16:1353:20260606,12:12:00,12:13:00,StopPoint:OCETrain TER-87581736,5,,0,0,
OCESN866123F1187_F:TER:FR:Line::3ebed947-d25a-4cb1-ad23-a6db52a6f082::87581009:87581389:16:1353:20260606,12:17:00,12:18:00,StopPoint:OCETrain TER-87581728,6,,0,0,
OCESN866123F1187_F:TER:FR:Line::3ebed947-d25a-4cb1-ad23-a6db52a6f082::87581009:87581389:16:1343:20260927,11:57:00,11:58:00,StopPoint:OCETrain TER-87748350,1,,0,0,
OCESN866123F1187_F:TER:FR:Line::3ebed947-d25a-4cb1-ad23-a6db52a6f082::87581009:87581389:16:1343:20260927,12:01:00,12:02:00,StopPoint:OCETrain TER-87278259,2,,0,0,
OCESN866123F1187_F:TER:FR:Line::3ebed947-d25a-4cb1-ad23-a6db52a6f082::87581009:87581389:16:1343:20260927,12:04:00,12:05:00,StopPoint:OCETrain TER-87581538,3,,0,0,
OCESN866123F1187_F:TER:FR:Line::3ebed947-d25a-4cb1-ad23-a6db52a6f082::87581009:87581389:16:1343:20260927,12:09:00,12:10:00,StopPoint:OCETrain TER-87738096,4,,0,0,
OCESN866123F1187_F:TER:FR:Line::3ebed947-d25a-4cb1-ad23-a6db52a6f082::87581009:87581389:16:1343:20260927,12:12:00,12:13:00,StopPoint:OCETrain TER-87581736,5,,0,0,
OCESN866123F1187_F:TER:FR:Line::3ebed947-d25a-4cb1-ad23-a6db52a6f082::87581009:87581389:16:1343:20260927,12:17:00,12:18:00,StopPoint:OCETrain TER-87581728,6,,0,0,
OCESN866124F1187_F:TER:FR:Line::3ebed947-d25a-4cb1-ad23-a6db52a6f082::87581314:87581009:14:1315:20260829,12:49:00,12:50:00,StopPoint:OCETrain TER-87581728,7,,0,0,
OCESN866124F1187_F:TER:FR:Line::3ebed947-d25a-4cb1-ad23-a6db52a6f082::87581314:87581009:14:1315:20260829,12:53:00,12:54:00,StopPoint:OCETrain TER-87581736,8,,0,0,
OCESN866124F1187_F:TER:FR:Line::3ebed947-d25a-4cb1-ad23-a6db52a6f082::87581314:87581009:14:1315:20260829,12:57:00,12:58:00,StopPoint:OCETrain TER-87738096,9,,0,0,
OCESN866124F1187_F:TER:FR:Line::3ebed947-d25a-4cb1-ad23-a6db52a6f082::87581314:87581009:14:1315:20260829,13:02:00,13:03:00,StopPoint:OCETrain TER-87581538,10,,0,0,
OCESN866124F1187_F:TER:FR:Line::3ebed947-d25a-4cb1-ad23-a6db52a6f082::87581314:87581009:14:1315:20260829,13:05:00,13:06:00,StopPoint:OCETrain TER-87278259,11,,0,0,
OCESN866124F1187_F:TER:FR:Line::3ebed947-d25a-4cb1-ad23-a6db52a6f082::87581314:87581009:14:1315:20260829,13:09:00,13:10:00,StopPoint:OCETrain TER-87748350,12,,0,0,
OCESN866125F1187_F:TER:FR:Line::3ebed947-d25a-4cb1-ad23-a6db52a6f082::87581009:87581314:14:1321:20260925,11:58:00,11:59:00,StopPoint:OCETrain TER-87748350,1,,0,0,
OCESN866125F1187_F:TER:FR:Line::3ebed947-d25a-4cb1-ad23-a6db52a6f082::87581009:87581314:14:1321:20260925,12:03:00,12:04:00,StopPoint:OCETrain TER-87278259,2,,0,0,
OCESN866125F1187_F:TER:FR:Line::3ebed947-d25a-4cb1-ad23-a6db52a6f082::87581009:87581314:14:1321:20260925,12:07:00,12:08:00,StopPoint:OCETrain TER-87581538,3,,0,0,
OCESN866125F1187_F:TER:FR:Line::3ebed947-d25a-4cb1-ad23-a6db52a6f082::87581009:87581314:14:1321:20260925,12:12:00,12:13:00,StopPoint:OCETrain TER-87738096,4,,0,0,
OCESN866125F1187_F:TER:FR:Line::3ebed947-d25a-4cb1-ad23-a6db52a6f082::87581009:87581314:14:1321:20260925,12:17:00,12:18:00,StopPoint:OCETrain TER-87581736,5,,0,0,
OCESN866125F1187_F:TER:FR:Line::3ebed947-d25a-4cb1-ad23-a6db52a6f082::87581009:87581314:14:1321:20260925,12:23:00,12:26:00,StopPoint:OCETrain TER-87581728,6,,0,0,
OCESN866125F1187_F:TER:FR:Line::3ebed947-d25a-4cb1-ad23-a6db52a6f082::87581009:87581314:14:1321:20260703,12:00:00,12:01:00,StopPoint:OCETrain TER-87748350,1,,0,0,
OCESN866125F1187_F:TER:FR:Line::3ebed947-d25a-4cb1-ad23-a6db52a6f082::87581009:87581314:14:1321:20260703,12:05:00,12:06:00,StopPoint:OCETrain TER-87278259,2,,0,0,
OCESN866125F1187_F:TER:FR:Line::3ebed947-d25a-4cb1-ad23-a6db52a6f082::87581009:87581314:14:1321:20260703,12:09:00,12:10:00,StopPoint:OCETrain TER-87581538,3,,0,0,
OCESN866125F1187_F:TER:FR:Line::3ebed947-d25a-4cb1-ad23-a6db52a6f082::87581009:87581314:14:1321:20260703,12:13:00,12:14:00,StopPoint:OCETrain TER-87738096,4,,0,0,
OCESN866125F1187_F:TER:FR:Line::3ebed947-d25a-4cb1-ad23-a6db52a6f082::87581009:87581314:14:1321:20260703,12:17:00,12:18:00,StopPoint:OCETrain TER-87581736,5,,0,0,
OCESN866125F1187_F:TER:FR:Line::3ebed947-d25a-4cb1-ad23-a6db52a6f082::87581009:87581314:14:1321:20260703,12:23:00,12:26:00,StopPoint:OCETrain TER-87581728,6,,0,0,
OCESN866126F1187_F:TER:FR:Line::3ebed947-d25a-4cb1-ad23-a6db52a6f082::87581314:87581009:14:1413:20260925,13:47:00,13:48:00,StopPoint:OCETrain TER-87581728,7,,0,0,
OCESN866126F1187_F:TER:FR:Line::3ebed947-d25a-4cb1-ad23-a6db52a6f082::87581314:87581009:14:1413:20260925,13:51:00,13:52:00,StopPoint:OCETrain TER-87581736,8,,0,0,
OCESN866126F1187_F:TER:FR:Line::3ebed947-d25a-4cb1-ad23-a6db52a6f082::87581314:87581009:14:1413:20260925,13:55:00,13:56:00,StopPoint:OCETrain TER-87738096,9,,0,0,
OCESN866126F1187_F:TER:FR:Line::3ebed947-d25a-4cb1-ad23-a6db52a6f082::87581314:87581009:14:1413:20260925,13:59:00,14:00:00,StopPoint:OCETrain TER-87581538,10,,0,0,
OCESN866126F1187_F:TER:FR:Line::3ebed947-d25a-4cb1-ad23-a6db52a6f082::87581314:87581009:14:1413:20260925,14:02:00,14:03:00,StopPoint:OCETrain TER-87278259,11,,0,0,
OCESN866126F1187_F:TER:FR:Line::3ebed947-d25a-4cb1-ad23-a6db52a6f082::87581314:87581009:14:1413:20260925,14:06:00,14:07:00,StopPoint:OCETrain TER-87748350,12,,0,0,
OCESN866126F1187_F:TER:FR:Line::3ebed947-d25a-4cb1-ad23-a6db52a6f082::87581314:87581009:14:1412:20260703,13:47:00,13:48:00,StopPoint:OCETrain TER-87581728,7,,0,0,
OCESN866126F1187_F:TER:FR:Line::3ebed947-d25a-4cb1-ad23-a6db52a6f082::87581314:87581009:14:1412:20260703,13:51:00,13:52:00,StopPoint:OCETrain TER-87581736,8,,0,0,
OCESN866126F1187_F:TER:FR:Line::3ebed947-d25a-4cb1-ad23-a6db52a6f082::87581314:87581009:14:1412:20260703,13:55:00,13:56:00,StopPoint:OCETrain TER-87738096,9,,0,0,
OCESN866126F1187_F:TER:FR:Line::3ebed947-d25a-4cb1-ad23-a6db52a6f082::87581314:87581009:14:1412:20260703,13:59:00,14:00:00,StopPoint:OCETrain TER-87581538,10,,0,0,
OCESN866126F1187_F:TER:FR:Line::3ebed947-d25a-4cb1-ad23-a6db52a6f082::87581314:87581009:14:1412:20260703,14:02:00,14:03:00,StopPoint:OCETrain TER-87278259,11,,0,0,
OCESN866126F1187_F:TER:FR:Line::3ebed947-d25a-4cb1-ad23-a6db52a6f082::87581314:87581009:14:1412:20260703,14:06:00,14:07:00,StopPoint:OCETrain TER-87748350,12,,0,0,
OCESN866127F1187_F:TER:FR:Line::3ebed947-d25a-4cb1-ad23-a6db52a6f082::87581009:87581397:17:1357:20260830,11:59:00,12:00:00,StopPoint:OCETrain TER-87748350,1,,0,0,
OCESN866127F1187_F:TER:FR:Line::3ebed947-d25a-4cb1-ad23-a6db52a6f082::87581009:87581397:17:1357:20260830,12:04:00,12:05:00,StopPoint:OCETrain TER-87278259,2,,0,0,
OCESN866127F1187_F:TER:FR:Line::3ebed947-d25a-4cb1-ad23-a6db52a6f082::87581009:87581397:17:1357:20260830,12:07:00,12:08:00,StopPoint:OCETrain TER-87581538,3,,0,0,
OCESN866127F1187_F:TER:FR:Line::3ebed947-d25a-4cb1-ad23-a6db52a6f082::87581009:87581397:17:1357:20260830,12:12:00,12:13:00,StopPoint:OCETrain TER-87738096,4,,0,0,
OCESN866127F1187_F:TER:FR:Line::3ebed947-d25a-4cb1-ad23-a6db52a6f082::87581009:87581397:17:1357:20260830,12:16:00,12:17:00,StopPoint:OCETrain TER-87581736,5,,0,0,
OCESN866127F1187_F:TER:FR:Line::3ebed947-d25a-4cb1-ad23-a6db52a6f082::87581009:87581397:17:1357:20260830,12:21:00,12:22:00,StopPoint:OCETrain TER-87581728,6,,0,0,
OCESN866128F1187_F:TER:FR:Line::3ebed947-d25a-4cb1-ad23-a6db52a6f082::87581199:87581009:10:1403:20260905,13:36:00,13:37:00,StopPoint:OCETrain TER-87581728,3,,0,0,
OCESN866128F1187_F:TER:FR:Line::3ebed947-d25a-4cb1-ad23-a6db52a6f082::87581199:87581009:10:1403:20260905,13:41:00,13:42:00,StopPoint:OCETrain TER-87581736,4,,0,0,
OCESN866128F1187_F:TER:FR:Line::3ebed947-d25a-4cb1-ad23-a6db52a6f082::87581199:87581009:10:1403:20260905,13:45:00,13:46:00,StopPoint:OCETrain TER-87738096,5,,0,0,
OCESN866128F1187_F:TER:FR:Line::3ebed947-d25a-4cb1-ad23-a6db52a6f082::87581199:87581009:10:1403:20260905,13:49:00,13:50:00,StopPoint:OCETrain TER-87581538,6,,0,0,
OCESN866128F1187_F:TER:FR:Line::3ebed947-d25a-4cb1-ad23-a6db52a6f082::87581199:87581009:10:1403:20260905,13:52:00,13:53:00,StopPoint:OCETrain TER-87278259,7,,0,0,
OCESN866128F1187_F:TER:FR:Line::3ebed947-d25a-4cb1-ad23-a6db52a6f082::87581199:87581009:10:1403:20260905,13:56:00,13:57:00,StopPoint:OCETrain TER-87748350,8,,0,0,
OCESN866128F1187_F:TER:FR:Line::3ebed947-d25a-4cb1-ad23-a6db52a6f082::87581389:87581009:16:1403:20260927,13:36:00,13:37:00,StopPoint:OCETrain TER-87581728,9,,0,0,
OCESN866128F1187_F:TER:FR:Line::3ebed947-d25a-4cb1-ad23-a6db52a6f082::87581389:87581009:16:1403:20260927,13:41:00,13:42:00,StopPoint:OCETrain TER-87581736,10,,0,0,
OCESN866128F1187_F:TER:FR:Line::3ebed947-d25a-4cb1-ad23-a6db52a6f082::87581389:87581009:16:1403:20260927,13:45:00,13:46:00,StopPoint:OCETrain TER-87738096,11,,0,0,
OCESN866128F1187_F:TER:FR:Line::3ebed947-d25a-4cb1-ad23-a6db52a6f082::87581389:87581009:16:1403:20260927,13:49:00,13:50:00,StopPoint:OCETrain TER-87581538,12,,0,0,
OCESN866128F1187_F:TER:FR:Line::3ebed947-d25a-4cb1-ad23-a6db52a6f082::87581389:87581009:16:1403:20260927,13:52:00,13:53:00,StopPoint:OCETrain TER-87278259,13,,0,0,
OCESN866128F1187_F:TER:FR:Line::3ebed947-d25a-4cb1-ad23-a6db52a6f082::87581389:87581009:16:1403:20260927,13:56:00,13:57:00,StopPoint:OCETrain TER-87748350,14,,0,0,
OCESN866129F1187_F:TER:FR:Line::3ebed947-d25a-4cb1-ad23-a6db52a6f082::87581009:87581314:14:1417:20260828,12:58:00,12:59:00,StopPoint:OCETrain TER-87748350,1,,0,0,
OCESN866129F1187_F:TER:FR:Line::3ebed947-d25a-4cb1-ad23-a6db52a6f082::87581009:87581314:14:1417:20260828,13:02:00,13:03:00,StopPoint:OCETrain TER-87278259,2,,0,0,
OCESN866129F1187_F:TER:FR:Line::3ebed947-d25a-4cb1-ad23-a6db52a6f082::87581009:87581314:14:1417:20260828,13:06:00,13:07:00,StopPoint:OCETrain TER-87581538,3,,0,0,
OCESN866129F1187_F:TER:FR:Line::3ebed947-d25a-4cb1-ad23-a6db52a6f082::87581009:87581314:14:1417:20260828,13:10:00,13:11:00,StopPoint:OCETrain TER-87738096,4,,0,0,
OCESN866129F1187_F:TER:FR:Line::3ebed947-d25a-4cb1-ad23-a6db52a6f082::87581009:87581314:14:1417:20260828,13:14:00,13:15:00,StopPoint:OCETrain TER-87581736,5,,0,0,
OCESN866129F1187_F:TER:FR:Line::3ebed947-d25a-4cb1-ad23-a6db52a6f082::87581009:87581314:14:1417:20260828,13:19:00,13:22:00,StopPoint:OCETrain TER-87581728,6,,0,0,
OCESN866129F1187_F:TER:FR:Line::3ebed947-d25a-4cb1-ad23-a6db52a6f082::87581009:87581314:14:1419:20260925,12:58:00,12:59:00,StopPoint:OCETrain TER-87748350,1,,0,0,
OCESN866129F1187_F:TER:FR:Line::3ebed947-d25a-4cb1-ad23-a6db52a6f082::87581009:87581314:14:1419:20260925,13:02:00,13:03:00,StopPoint:OCETrain TER-87278259,2,,0,0,
OCESN866129F1187_F:TER:FR:Line::3ebed947-d25a-4cb1-ad23-a6db52a6f082::87581009:87581314:14:1419:20260925,13:06:00,13:07:00,StopPoint:OCETrain TER-87581538,3,,0,0,
OCESN866129F1187_F:TER:FR:Line::3ebed947-d25a-4cb1-ad23-a6db52a6f082::87581009:87581314:14:1419:20260925,13:10:00,13:11:00,StopPoint:OCETrain TER-87738096,4,,0,0,
OCESN866129F1187_F:TER:FR:Line::3ebed947-d25a-4cb1-ad23-a6db52a6f082::87581009:87581314:14:1419:20260925,13:14:00,13:15:00,StopPoint:OCETrain TER-87581736,5,,0,0,
OCESN866129F1187_F:TER:FR:Line::3ebed947-d25a-4cb1-ad23-a6db52a6f082::87581009:87581314:14:1419:20260925,13:19:00,13:22:00,StopPoint:OCETrain TER-87581728,6,,0,0,
OCESN866130F1187_F:TER:FR:Line::3ebed947-d25a-4cb1-ad23-a6db52a6f082::87581397:87581009:17:1412:20260830,13:46:00,13:47:00,StopPoint:OCETrain TER-87581728,10,,0,0,
OCESN866130F1187_F:TER:FR:Line::3ebed947-d25a-4cb1-ad23-a6db52a6f082::87581397:87581009:17:1412:20260830,13:51:00,13:52:00,StopPoint:OCETrain TER-87581736,11,,0,0,
OCESN866130F1187_F:TER:FR:Line::3ebed947-d25a-4cb1-ad23-a6db52a6f082::87581397:87581009:17:1412:20260830,13:55:00,13:56:00,StopPoint:OCETrain TER-87738096,12,,0,0,
OCESN866130F1187_F:TER:FR:Line::3ebed947-d25a-4cb1-ad23-a6db52a6f082::87581397:87581009:17:1412:20260830,13:59:00,14:00:00,StopPoint:OCETrain TER-87581538,13,,0,0,
OCESN866130F1187_F:TER:FR:Line::3ebed947-d25a-4cb1-ad23-a6db52a6f082::87581397:87581009:17:1412:20260830,14:02:00,14:03:00,StopPoint:OCETrain TER-87278259,14,,0,0,
OCESN866130F1187_F:TER:FR:Line::3ebed947-d25a-4cb1-ad23-a6db52a6f082::87581397:87581009:17:1412:20260830,14:06:00,14:07:00,StopPoint:OCETrain TER-87748350,15,,0,0,
OCESN866130F1187_F:TER:FR:Line::3ebed947-d25a-4cb1-ad23-a6db52a6f082::87581397:87581009:17:1412:20260828,13:46:00,13:47:00,StopPoint:OCETrain TER-87581728,10,,0,0,
OCESN866130F1187_F:TER:FR:Line::3ebed947-d25a-4cb1-ad23-a6db52a6f082::87581397:87581009:17:1412:20260828,13:51:00,13:52:00,StopPoint:OCETrain TER-87581736,11,,0,0,
OCESN866130F1187_F:TER:FR:Line::3ebed947-d25a-4cb1-ad23-a6db52a6f082::87581397:87581009:17:1412:20260828,13:55:00,13:56:00,StopPoint:OCETrain TER-87738096,12,,0,0,
OCESN866130F1187_F:TER:FR:Line::3ebed947-d25a-4cb1-ad23-a6db52a6f082::87581397:87581009:17:1412:20260828,13:59:00,14:00:00,StopPoint:OCETrain TER-87581538,13,,0,0,
OCESN866130F1187_F:TER:FR:Line::3ebed947-d25a-4cb1-ad23-a6db52a6f082::87581397:87581009:17:1412:20260828,14:02:00,14:03:00,StopPoint:OCETrain TER-87278259,14,,0,0,
OCESN866130F1187_F:TER:FR:Line::3ebed947-d25a-4cb1-ad23-a6db52a6f082::87581397:87581009:17:1412:20260828,14:06:00,14:07:00,StopPoint:OCETrain TER-87748350,15,,0,0,
OCESN866131F1187_F:TER:FR:Line::3ebed947-d25a-4cb1-ad23-a6db52a6f082::87581009:87581397:17:1553:20260830,13:59:00,14:00:00,StopPoint:OCETrain TER-87748350,1,,0,0,
OCESN866131F1187_F:TER:FR:Line::3ebed947-d25a-4cb1-ad23-a6db52a6f082::87581009:87581397:17:1553:20260830,14:04:00,14:05:00,StopPoint:OCETrain TER-87278259,2,,0,0,
OCESN866131F1187_F:TER:FR:Line::3ebed947-d25a-4cb1-ad23-a6db52a6f082::87581009:87581397:17:1553:20260830,14:07:00,14:08:00,StopPoint:OCETrain TER-87581538,3,,0,0,
OCESN866131F1187_F:TER:FR:Line::3ebed947-d25a-4cb1-ad23-a6db52a6f082::87581009:87581397:17:1553:20260830,14:12:00,14:13:00,StopPoint:OCETrain TER-87738096,4,,0,0,
OCESN866131F1187_F:TER:FR:Line::3ebed947-d25a-4cb1-ad23-a6db52a6f082::87581009:87581397:17:1553:20260830,14:17:00,14:18:00,StopPoint:OCETrain TER-87581736,5,,0,0,
OCESN866131F1187_F:TER:FR:Line::3ebed947-d25a-4cb1-ad23-a6db52a6f082::87581009:87581397:17:1553:20260830,14:23:00,14:24:00,StopPoint:OCETrain TER-87581728,6,,0,0,
OCESN866132F1187_F:TER:FR:Line::3ebed947-d25a-4cb1-ad23-a6db52a6f082::87581389:87581009:16:1514:20260925,14:47:00,14:48:00,StopPoint:OCETrain TER-87581728,9,,0,0,
OCESN866132F1187_F:TER:FR:Line::3ebed947-d25a-4cb1-ad23-a6db52a6f082::87581389:87581009:16:1514:20260925,14:52:00,14:53:00,StopPoint:OCETrain TER-87581736,10,,0,0,
OCESN866132F1187_F:TER:FR:Line::3ebed947-d25a-4cb1-ad23-a6db52a6f082::87581389:87581009:16:1514:20260925,14:56:00,14:57:00,StopPoint:OCETrain TER-87738096,11,,0,0,
OCESN866132F1187_F:TER:FR:Line::3ebed947-d25a-4cb1-ad23-a6db52a6f082::87581389:87581009:16:1514:20260925,15:00:00,15:01:00,StopPoint:OCETrain TER-87581538,12,,0,0,
OCESN866132F1187_F:TER:FR:Line::3ebed947-d25a-4cb1-ad23-a6db52a6f082::87581389:87581009:16:1514:20260925,15:03:00,15:04:00,StopPoint:OCETrain TER-87278259,13,,0,0,
OCESN866132F1187_F:TER:FR:Line::3ebed947-d25a-4cb1-ad23-a6db52a6f082::87581389:87581009:16:1514:20260925,15:07:00,15:08:00,StopPoint:OCETrain TER-87748350,14,,0,0,
OCESN866133F1187_F:TER:FR:Line::3ebed947-d25a-4cb1-ad23-a6db52a6f082::87581009:87581389:16:1549:20260927,14:02:00,14:03:00,StopPoint:OCETrain TER-87748350,1,,0,0,
OCESN866133F1187_F:TER:FR:Line::3ebed947-d25a-4cb1-ad23-a6db52a6f082::87581009:87581389:16:1549:20260927,14:06:00,14:07:00,StopPoint:OCETrain TER-87278259,2,,0,0,
OCESN866133F1187_F:TER:FR:Line::3ebed947-d25a-4cb1-ad23-a6db52a6f082::87581009:87581389:16:1549:20260927,14:09:00,14:10:00,StopPoint:OCETrain TER-87581538,3,,0,0,
OCESN866133F1187_F:TER:FR:Line::3ebed947-d25a-4cb1-ad23-a6db52a6f082::87581009:87581389:16:1549:20260927,14:14:00,14:15:00,StopPoint:OCETrain TER-87738096,4,,0,0,
OCESN866133F1187_F:TER:FR:Line::3ebed947-d25a-4cb1-ad23-a6db52a6f082::87581009:87581389:16:1549:20260927,14:18:00,14:19:00,StopPoint:OCETrain TER-87581736,5,,0,0,
OCESN866133F1187_F:TER:FR:Line::3ebed947-d25a-4cb1-ad23-a6db52a6f082::87581009:87581389:16:1549:20260927,14:23:00,14:24:00,StopPoint:OCETrain TER-87581728,6,,0,0,
OCESN866133F1187_F:TER:FR:Line::3ebed947-d25a-4cb1-ad23-a6db52a6f082::87581009:87581389:16:1549:20260628,14:02:00,14:03:00,StopPoint:OCETrain TER-87748350,1,,0,0,
OCESN866133F1187_F:TER:FR:Line::3ebed947-d25a-4cb1-ad23-a6db52a6f082::87581009:87581389:16:1549:20260628,14:06:00,14:07:00,StopPoint:OCETrain TER-87278259,2,,0,0,
OCESN866133F1187_F:TER:FR:Line::3ebed947-d25a-4cb1-ad23-a6db52a6f082::87581009:87581389:16:1549:20260628,14:09:00,14:10:00,StopPoint:OCETrain TER-87581538,3,,0,0,
OCESN866133F1187_F:TER:FR:Line::3ebed947-d25a-4cb1-ad23-a6db52a6f082::87581009:87581389:16:1549:20260628,14:13:00,14:14:00,StopPoint:OCETrain TER-87738096,4,,0,0,
OCESN866133F1187_F:TER:FR:Line::3ebed947-d25a-4cb1-ad23-a6db52a6f082::87581009:87581389:16:1549:20260628,14:17:00,14:18:00,StopPoint:OCETrain TER-87581736,5,,0,0,
OCESN866133F1187_F:TER:FR:Line::3ebed947-d25a-4cb1-ad23-a6db52a6f082::87581009:87581389:16:1549:20260628,14:22:00,14:23:00,StopPoint:OCETrain TER-87581728,6,,0,0,
OCESN866134F1187_F:TER:FR:Line::3ebed947-d25a-4cb1-ad23-a6db52a6f082::87581314:87581009:14:1614:20260925,15:48:00,15:49:00,StopPoint:OCETrain TER-87581728,7,,0,0,
OCESN866134F1187_F:TER:FR:Line::3ebed947-d25a-4cb1-ad23-a6db52a6f082::87581314:87581009:14:1614:20260925,15:52:00,15:53:00,StopPoint:OCETrain TER-87581736,8,,0,0,
OCESN866134F1187_F:TER:FR:Line::3ebed947-d25a-4cb1-ad23-a6db52a6f082::87581314:87581009:14:1614:20260925,15:56:00,15:57:00,StopPoint:OCETrain TER-87738096,9,,0,0,
OCESN866134F1187_F:TER:FR:Line::3ebed947-d25a-4cb1-ad23-a6db52a6f082::87581314:87581009:14:1614:20260925,16:00:00,16:01:00,StopPoint:OCETrain TER-87581538,10,,0,0,
OCESN866134F1187_F:TER:FR:Line::3ebed947-d25a-4cb1-ad23-a6db52a6f082::87581314:87581009:14:1614:20260925,16:03:00,16:04:00,StopPoint:OCETrain TER-87278259,11,,0,0,
OCESN866134F1187_F:TER:FR:Line::3ebed947-d25a-4cb1-ad23-a6db52a6f082::87581314:87581009:14:1614:20260925,16:08:00,16:09:00,StopPoint:OCETrain TER-87748350,12,,0,0,
OCESN866135F1187_F:TER:FR:Line::3ebed947-d25a-4cb1-ad23-a6db52a6f082::87581009:87581389:16:1649:20260925,14:58:00,14:59:00,StopPoint:OCETrain TER-87748350,1,,0,0,
OCESN866135F1187_F:TER:FR:Line::3ebed947-d25a-4cb1-ad23-a6db52a6f082::87581009:87581389:16:1649:20260925,15:03:00,15:04:00,StopPoint:OCETrain TER-87278259,2,,0,0,
OCESN866135F1187_F:TER:FR:Line::3ebed947-d25a-4cb1-ad23-a6db52a6f082::87581009:87581389:16:1649:20260925,15:06:00,15:07:00,StopPoint:OCETrain TER-87581538,3,,0,0,
OCESN866135F1187_F:TER:FR:Line::3ebed947-d25a-4cb1-ad23-a6db52a6f082::87581009:87581389:16:1649:20260925,15:11:00,15:12:00,StopPoint:OCETrain TER-87738096,4,,0,0,
OCESN866135F1187_F:TER:FR:Line::3ebed947-d25a-4cb1-ad23-a6db52a6f082::87581009:87581389:16:1649:20260925,15:15:00,15:16:00,StopPoint:OCETrain TER-87581736,5,,0,0,
OCESN866135F1187_F:TER:FR:Line::3ebed947-d25a-4cb1-ad23-a6db52a6f082::87581009:87581389:16:1649:20260925,15:20:00,15:23:00,StopPoint:OCETrain TER-87581728,6,,0,0,
OCESN866136F1187_F:TER:FR:Line::3ebed947-d25a-4cb1-ad23-a6db52a6f082::87581389:87581009:16:1613:20260927,15:45:00,15:46:00,StopPoint:OCETrain TER-87581728,9,,0,0,
OCESN866136F1187_F:TER:FR:Line::3ebed947-d25a-4cb1-ad23-a6db52a6f082::87581389:87581009:16:1613:20260927,15:50:00,15:51:00,StopPoint:OCETrain TER-87581736,10,,0,0,
OCESN866136F1187_F:TER:FR:Line::3ebed947-d25a-4cb1-ad23-a6db52a6f082::87581389:87581009:16:1613:20260927,15:54:00,15:55:00,StopPoint:OCETrain TER-87738096,11,,0,0,
OCESN866136F1187_F:TER:FR:Line::3ebed947-d25a-4cb1-ad23-a6db52a6f082::87581389:87581009:16:1613:20260927,15:59:00,16:00:00,StopPoint:OCETrain TER-87581538,12,,0,0,
OCESN866136F1187_F:TER:FR:Line::3ebed947-d25a-4cb1-ad23-a6db52a6f082::87581389:87581009:16:1613:20260927,16:02:00,16:03:00,StopPoint:OCETrain TER-87278259,13,,0,0,
OCESN866136F1187_F:TER:FR:Line::3ebed947-d25a-4cb1-ad23-a6db52a6f082::87581389:87581009:16:1613:20260927,16:07:00,16:08:00,StopPoint:OCETrain TER-87748350,14,,0,0,
OCESN866137F1187_F:TER:FR:Line::3ebed947-d25a-4cb1-ad23-a6db52a6f082::87581009:87581314:14:1611:20260829,14:57:00,14:58:00,StopPoint:OCETrain TER-87748350,1,,0,0,
OCESN866137F1187_F:TER:FR:Line::3ebed947-d25a-4cb1-ad23-a6db52a6f082::87581009:87581314:14:1611:20260829,15:01:00,15:02:00,StopPoint:OCETrain TER-87278259,2,,0,0,
OCESN866137F1187_F:TER:FR:Line::3ebed947-d25a-4cb1-ad23-a6db52a6f082::87581009:87581314:14:1611:20260829,15:04:00,15:05:00,StopPoint:OCETrain TER-87581538,3,,0,0,
OCESN866137F1187_F:TER:FR:Line::3ebed947-d25a-4cb1-ad23-a6db52a6f082::87581009:87581314:14:1611:20260829,15:08:00,15:09:00,StopPoint:OCETrain TER-87738096,4,,0,0,
OCESN866137F1187_F:TER:FR:Line::3ebed947-d25a-4cb1-ad23-a6db52a6f082::87581009:87581314:14:1611:20260829,15:12:00,15:13:00,StopPoint:OCETrain TER-87581736,5,,0,0,
OCESN866137F1187_F:TER:FR:Line::3ebed947-d25a-4cb1-ad23-a6db52a6f082::87581009:87581314:14:1611:20260829,15:17:00,15:18:00,StopPoint:OCETrain TER-87581728,6,,0,0,
OCESN866138F1187_F:TER:FR:Line::3ebed947-d25a-4cb1-ad23-a6db52a6f082::87581397:87581009:17:1613:20260828,15:44:00,15:45:00,StopPoint:OCETrain TER-87581728,10,,0,0,
OCESN866138F1187_F:TER:FR:Line::3ebed947-d25a-4cb1-ad23-a6db52a6f082::87581397:87581009:17:1613:20260828,15:49:00,15:50:00,StopPoint:OCETrain TER-87581736,11,,0,0,
OCESN866138F1187_F:TER:FR:Line::3ebed947-d25a-4cb1-ad23-a6db52a6f082::87581397:87581009:17:1613:20260828,15:54:00,15:55:00,StopPoint:OCETrain TER-87738096,12,,0,0,
OCESN866138F1187_F:TER:FR:Line::3ebed947-d25a-4cb1-ad23-a6db52a6f082::87581397:87581009:17:1613:20260828,15:59:00,16:00:00,StopPoint:OCETrain TER-87581538,13,,0,0,
OCESN866138F1187_F:TER:FR:Line::3ebed947-d25a-4cb1-ad23-a6db52a6f082::87581397:87581009:17:1613:20260828,16:02:00,16:03:00,StopPoint:OCETrain TER-87278259,14,,0,0,
OCESN866138F1187_F:TER:FR:Line::3ebed947-d25a-4cb1-ad23-a6db52a6f082::87581397:87581009:17:1613:20260828,16:07:00,16:08:00,StopPoint:OCETrain TER-87748350,15,,0,0,
OCESN866138F1187_F:TER:FR:Line::3ebed947-d25a-4cb1-ad23-a6db52a6f082::87581397:87581009:17:1611:20260830,15:44:00,15:45:00,StopPoint:OCETrain TER-87581728,10,,0,0,
OCESN866138F1187_F:TER:FR:Line::3ebed947-d25a-4cb1-ad23-a6db52a6f082::87581397:87581009:17:1611:20260830,15:49:00,15:50:00,StopPoint:OCETrain TER-87581736,11,,0,0,
OCESN866138F1187_F:TER:FR:Line::3ebed947-d25a-4cb1-ad23-a6db52a6f082::87581397:87581009:17:1611:20260830,15:53:00,15:54:00,StopPoint:OCETrain TER-87738096,12,,0,0,
OCESN866138F1187_F:TER:FR:Line::3ebed947-d25a-4cb1-ad23-a6db52a6f082::87581397:87581009:17:1611:20260830,15:57:00,15:58:00,StopPoint:OCETrain TER-87581538,13,,0,0,
OCESN866138F1187_F:TER:FR:Line::3ebed947-d25a-4cb1-ad23-a6db52a6f082::87581397:87581009:17:1611:20260830,16:00:00,16:01:00,StopPoint:OCETrain TER-87278259,14,,0,0,
OCESN866138F1187_F:TER:FR:Line::3ebed947-d25a-4cb1-ad23-a6db52a6f082::87581397:87581009:17:1611:20260830,16:05:00,16:06:00,StopPoint:OCETrain TER-87748350,15,,0,0,
OCESN866139F1187_F:TER:FR:Line::3ebed947-d25a-4cb1-ad23-a6db52a6f082::87581009:87581314:14:1718:20260927,16:02:00,16:03:00,StopPoint:OCETrain TER-87748350,1,,0,0,
OCESN866139F1187_F:TER:FR:Line::3ebed947-d25a-4cb1-ad23-a6db52a6f082::87581009:87581314:14:1718:20260927,16:06:00,16:07:00,StopPoint:OCETrain TER-87278259,2,,0,0,
OCESN866139F1187_F:TER:FR:Line::3ebed947-d25a-4cb1-ad23-a6db52a6f082::87581009:87581314:14:1718:20260927,16:09:00,16:10:00,StopPoint:OCETrain TER-87581538,3,,0,0,
OCESN866139F1187_F:TER:FR:Line::3ebed947-d25a-4cb1-ad23-a6db52a6f082::87581009:87581314:14:1718:20260927,16:14:00,16:15:00,StopPoint:OCETrain TER-87738096,4,,0,0,
OCESN866139F1187_F:TER:FR:Line::3ebed947-d25a-4cb1-ad23-a6db52a6f082::87581009:87581314:14:1718:20260927,16:17:00,16:18:00,StopPoint:OCETrain TER-87581736,5,,0,0,
OCESN866139F1187_F:TER:FR:Line::3ebed947-d25a-4cb1-ad23-a6db52a6f082::87581009:87581314:14:1718:20260927,16:22:00,16:23:00,StopPoint:OCETrain TER-87581728,6,,0,0,
OCESN866140F1187_F:TER:FR:Line::3ebed947-d25a-4cb1-ad23-a6db52a6f082::87581314:87581009:14:1747:20260828,17:21:00,17:22:00,StopPoint:OCETrain TER-87581728,7,,0,0,
OCESN866140F1187_F:TER:FR:Line::3ebed947-d25a-4cb1-ad23-a6db52a6f082::87581314:87581009:14:1747:20260828,17:25:00,17:26:00,StopPoint:OCETrain TER-87581736,8,,0,0,
OCESN866140F1187_F:TER:FR:Line::3ebed947-d25a-4cb1-ad23-a6db52a6f082::87581314:87581009:14:1747:20260828,17:29:00,17:30:00,StopPoint:OCETrain TER-87738096,9,,0,0,
OCESN866140F1187_F:TER:FR:Line::3ebed947-d25a-4cb1-ad23-a6db52a6f082::87581314:87581009:14:1747:20260828,17:34:00,17:35:00,StopPoint:OCETrain TER-87581538,10,,0,0,
OCESN866140F1187_F:TER:FR:Line::3ebed947-d25a-4cb1-ad23-a6db52a6f082::87581314:87581009:14:1747:20260828,17:37:00,17:38:00,StopPoint:OCETrain TER-87278259,11,,0,0,
OCESN866140F1187_F:TER:FR:Line::3ebed947-d25a-4cb1-ad23-a6db52a6f082::87581314:87581009:14:1747:20260828,17:41:00,17:42:00,StopPoint:OCETrain TER-87748350,12,,0,0,
OCESN866140F1187_F:TER:FR:Line::3ebed947-d25a-4cb1-ad23-a6db52a6f082::87581256:87581009:13:1743:20260930,17:18:00,17:19:00,StopPoint:OCETrain TER-87581728,6,,0,0,
OCESN866140F1187_F:TER:FR:Line::3ebed947-d25a-4cb1-ad23-a6db52a6f082::87581256:87581009:13:1743:20260930,17:23:00,17:23:00,StopPoint:OCETrain TER-87581736,7,,0,0,
OCESN866140F1187_F:TER:FR:Line::3ebed947-d25a-4cb1-ad23-a6db52a6f082::87581256:87581009:13:1743:20260930,17:26:00,17:27:00,StopPoint:OCETrain TER-87738096,8,,0,0,
OCESN866140F1187_F:TER:FR:Line::3ebed947-d25a-4cb1-ad23-a6db52a6f082::87581256:87581009:13:1743:20260930,17:30:00,17:31:00,StopPoint:OCETrain TER-87581538,9,,0,0,
OCESN866140F1187_F:TER:FR:Line::3ebed947-d25a-4cb1-ad23-a6db52a6f082::87581256:87581009:13:1743:20260930,17:33:00,17:34:00,StopPoint:OCETrain TER-87278259,10,,0,0,
OCESN866140F1187_F:TER:FR:Line::3ebed947-d25a-4cb1-ad23-a6db52a6f082::87581256:87581009:13:1743:20260930,17:37:00,17:38:00,StopPoint:OCETrain TER-87748350,11,,0,0,
OCESN866140F1187_F:TER:FR:Line::3ebed947-d25a-4cb1-ad23-a6db52a6f082::87581314:87581009:14:1745:20260925,17:18:00,17:19:00,StopPoint:OCETrain TER-87581728,7,,0,0,
OCESN866140F1187_F:TER:FR:Line::3ebed947-d25a-4cb1-ad23-a6db52a6f082::87581314:87581009:14:1745:20260925,17:23:00,17:24:00,StopPoint:OCETrain TER-87581736,8,,0,0,
OCESN866140F1187_F:TER:FR:Line::3ebed947-d25a-4cb1-ad23-a6db52a6f082::87581314:87581009:14:1745:20260925,17:27:00,17:28:00,StopPoint:OCETrain TER-87738096,9,,0,0,
OCESN866140F1187_F:TER:FR:Line::3ebed947-d25a-4cb1-ad23-a6db52a6f082::87581314:87581009:14:1745:20260925,17:32:00,17:33:00,StopPoint:OCETrain TER-87581538,10,,0,0,
OCESN866140F1187_F:TER:FR:Line::3ebed947-d25a-4cb1-ad23-a6db52a6f082::87581314:87581009:14:1745:20260925,17:35:00,17:36:00,StopPoint:OCETrain TER-87278259,11,,0,0,
OCESN866140F1187_F:TER:FR:Line::3ebed947-d25a-4cb1-ad23-a6db52a6f082::87581314:87581009:14:1745:20260925,17:39:00,17:40:00,StopPoint:OCETrain TER-87748350,12,,0,0,
OCESN866140F1187_F:TER:FR:Line::3ebed947-d25a-4cb1-ad23-a6db52a6f082::87581314:87581009:14:1743:20260703,17:17:00,17:18:00,StopPoint:OCETrain TER-87581728,7,,0,0,
OCESN866140F1187_F:TER:FR:Line::3ebed947-d25a-4cb1-ad23-a6db52a6f082::87581314:87581009:14:1743:20260703,17:21:00,17:22:00,StopPoint:OCETrain TER-87581736,8,,0,0,
OCESN866140F1187_F:TER:FR:Line::3ebed947-d25a-4cb1-ad23-a6db52a6f082::87581314:87581009:14:1743:20260703,17:25:00,17:26:00,StopPoint:OCETrain TER-87738096,9,,0,0,
OCESN866140F1187_F:TER:FR:Line::3ebed947-d25a-4cb1-ad23-a6db52a6f082::87581314:87581009:14:1743:20260703,17:29:00,17:30:00,StopPoint:OCETrain TER-87581538,10,,0,0,
OCESN866140F1187_F:TER:FR:Line::3ebed947-d25a-4cb1-ad23-a6db52a6f082::87581314:87581009:14:1743:20260703,17:33:00,17:34:00,StopPoint:OCETrain TER-87278259,11,,0,0,
OCESN866140F1187_F:TER:FR:Line::3ebed947-d25a-4cb1-ad23-a6db52a6f082::87581314:87581009:14:1743:20260703,17:37:00,17:38:00,StopPoint:OCETrain TER-87748350,12,,0,0,
OCESN866141F1187_F:TER:FR:Line::3ebed947-d25a-4cb1-ad23-a6db52a6f082::87581009:87581389:16:1750:20260926,16:01:00,16:02:00,StopPoint:OCETrain TER-87748350,1,,0,0,
OCESN866141F1187_F:TER:FR:Line::3ebed947-d25a-4cb1-ad23-a6db52a6f082::87581009:87581389:16:1750:20260926,16:05:00,16:06:00,StopPoint:OCETrain TER-87278259,2,,0,0,
OCESN866141F1187_F:TER:FR:Line::3ebed947-d25a-4cb1-ad23-a6db52a6f082::87581009:87581389:16:1750:20260926,16:09:00,16:10:00,StopPoint:OCETrain TER-87581538,3,,0,0,
OCESN866141F1187_F:TER:FR:Line::3ebed947-d25a-4cb1-ad23-a6db52a6f082::87581009:87581389:16:1750:20260926,16:13:00,16:14:00,StopPoint:OCETrain TER-87738096,4,,0,0,
OCESN866141F1187_F:TER:FR:Line::3ebed947-d25a-4cb1-ad23-a6db52a6f082::87581009:87581389:16:1750:20260926,16:17:00,16:18:00,StopPoint:OCETrain TER-87581736,5,,0,0,
OCESN866141F1187_F:TER:FR:Line::3ebed947-d25a-4cb1-ad23-a6db52a6f082::87581009:87581389:16:1750:20260926,16:22:00,16:23:00,StopPoint:OCETrain TER-87581728,6,,0,0,
OCESN866142F1187_F:TER:FR:Line::3ebed947-d25a-4cb1-ad23-a6db52a6f082::87581389:87581009:16:1819:20260927,17:49:00,17:50:00,StopPoint:OCETrain TER-87581728,9,,0,0,
OCESN866142F1187_F:TER:FR:Line::3ebed947-d25a-4cb1-ad23-a6db52a6f082::87581389:87581009:16:1819:20260927,17:54:00,17:55:00,StopPoint:OCETrain TER-87581736,10,,0,0,
OCESN866142F1187_F:TER:FR:Line::3ebed947-d25a-4cb1-ad23-a6db52a6f082::87581389:87581009:16:1819:20260927,17:59:00,18:00:00,StopPoint:OCETrain TER-87738096,11,,0,0,
OCESN866142F1187_F:TER:FR:Line::3ebed947-d25a-4cb1-ad23-a6db52a6f082::87581389:87581009:16:1819:20260927,18:04:00,18:05:00,StopPoint:OCETrain TER-87581538,12,,0,0,
OCESN866142F1187_F:TER:FR:Line::3ebed947-d25a-4cb1-ad23-a6db52a6f082::87581389:87581009:16:1819:20260927,18:08:00,18:09:00,StopPoint:OCETrain TER-87278259,13,,0,0,
OCESN866142F1187_F:TER:FR:Line::3ebed947-d25a-4cb1-ad23-a6db52a6f082::87581389:87581009:16:1819:20260927,18:12:00,18:13:00,StopPoint:OCETrain TER-87748350,14,,0,0,
OCESN866142F1187_F:TER:FR:Line::3ebed947-d25a-4cb1-ad23-a6db52a6f082::87581389:87581009:16:1819:20260627,17:49:00,17:50:00,StopPoint:OCETrain TER-87581728,9,,0,0,
OCESN866142F1187_F:TER:FR:Line::3ebed947-d25a-4cb1-ad23-a6db52a6f082::87581389:87581009:16:1819:20260627,17:54:00,17:55:00,StopPoint:OCETrain TER-87581736,10,,0,0,
OCESN866142F1187_F:TER:FR:Line::3ebed947-d25a-4cb1-ad23-a6db52a6f082::87581389:87581009:16:1819:20260627,17:59:00,18:00:00,StopPoint:OCETrain TER-87738096,11,,0,0,
OCESN866142F1187_F:TER:FR:Line::3ebed947-d25a-4cb1-ad23-a6db52a6f082::87581389:87581009:16:1819:20260627,18:04:00,18:05:00,StopPoint:OCETrain TER-87581538,12,,0,0,
OCESN866142F1187_F:TER:FR:Line::3ebed947-d25a-4cb1-ad23-a6db52a6f082::87581389:87581009:16:1819:20260627,18:07:00,18:08:00,StopPoint:OCETrain TER-87278259,13,,0,0,
OCESN866142F1187_F:TER:FR:Line::3ebed947-d25a-4cb1-ad23-a6db52a6f082::87581389:87581009:16:1819:20260627,18:13:00,18:14:00,StopPoint:OCETrain TER-87748350,14,,0,0,
OCESN866142F1187_F:TER:FR:Line::3ebed947-d25a-4cb1-ad23-a6db52a6f082::87581389:87581009:16:1819:20260628,17:49:00,17:50:00,StopPoint:OCETrain TER-87581728,9,,0,0,
OCESN866142F1187_F:TER:FR:Line::3ebed947-d25a-4cb1-ad23-a6db52a6f082::87581389:87581009:16:1819:20260628,17:54:00,17:55:00,StopPoint:OCETrain TER-87581736,10,,0,0,
OCESN866142F1187_F:TER:FR:Line::3ebed947-d25a-4cb1-ad23-a6db52a6f082::87581389:87581009:16:1819:20260628,17:59:00,18:00:00,StopPoint:OCETrain TER-87738096,11,,0,0,
OCESN866142F1187_F:TER:FR:Line::3ebed947-d25a-4cb1-ad23-a6db52a6f082::87581389:87581009:16:1819:20260628,18:04:00,18:05:00,StopPoint:OCETrain TER-87581538,12,,0,0,
OCESN866142F1187_F:TER:FR:Line::3ebed947-d25a-4cb1-ad23-a6db52a6f082::87581389:87581009:16:1819:20260628,18:08:00,18:09:00,StopPoint:OCETrain TER-87278259,13,,0,0,
OCESN866142F1187_F:TER:FR:Line::3ebed947-d25a-4cb1-ad23-a6db52a6f082::87581389:87581009:16:1819:20260628,18:13:00,18:14:00,StopPoint:OCETrain TER-87748350,14,,0,0,
OCESN866143F1187_F:TER:FR:Line::3ebed947-d25a-4cb1-ad23-a6db52a6f082::87581009:87581314:14:1820:20260514,17:02:00,17:03:00,StopPoint:OCETrain TER-87748350,1,,0,0,
OCESN866143F1187_F:TER:FR:Line::3ebed947-d25a-4cb1-ad23-a6db52a6f082::87581009:87581314:14:1820:20260514,17:06:00,17:07:00,StopPoint:OCETrain TER-87278259,2,,0,0,
OCESN866143F1187_F:TER:FR:Line::3ebed947-d25a-4cb1-ad23-a6db52a6f082::87581009:87581314:14:1820:20260514,17:09:00,17:10:00,StopPoint:OCETrain TER-87581538,3,,0,0,
OCESN866143F1187_F:TER:FR:Line::3ebed947-d25a-4cb1-ad23-a6db52a6f082::87581009:87581314:14:1820:20260514,17:14:00,17:15:00,StopPoint:OCETrain TER-87738096,4,,0,0,
OCESN866143F1187_F:TER:FR:Line::3ebed947-d25a-4cb1-ad23-a6db52a6f082::87581009:87581314:14:1820:20260514,17:17:00,17:18:00,StopPoint:OCETrain TER-87581736,5,,0,0,
OCESN866143F1187_F:TER:FR:Line::3ebed947-d25a-4cb1-ad23-a6db52a6f082::87581009:87581314:14:1820:20260514,17:22:00,17:23:00,StopPoint:OCETrain TER-87581728,6,,0,0,
OCESN866143F1187_F:TER:FR:Line::3ebed947-d25a-4cb1-ad23-a6db52a6f082::87581009:87581314:14:1820:20260930,16:56:00,16:57:00,StopPoint:OCETrain TER-87748350,1,,0,0,
OCESN866143F1187_F:TER:FR:Line::3ebed947-d25a-4cb1-ad23-a6db52a6f082::87581009:87581314:14:1820:20260930,17:00:00,17:01:00,StopPoint:OCETrain TER-87278259,2,,0,0,
OCESN866143F1187_F:TER:FR:Line::3ebed947-d25a-4cb1-ad23-a6db52a6f082::87581009:87581314:14:1820:20260930,17:03:00,17:04:00,StopPoint:OCETrain TER-87581538,3,,0,0,
OCESN866143F1187_F:TER:FR:Line::3ebed947-d25a-4cb1-ad23-a6db52a6f082::87581009:87581314:14:1820:20260930,17:08:00,17:09:00,StopPoint:OCETrain TER-87738096,4,,0,0,
OCESN866143F1187_F:TER:FR:Line::3ebed947-d25a-4cb1-ad23-a6db52a6f082::87581009:87581314:14:1820:20260930,17:12:00,17:13:00,StopPoint:OCETrain TER-87581736,5,,0,0,
OCESN866143F1187_F:TER:FR:Line::3ebed947-d25a-4cb1-ad23-a6db52a6f082::87581009:87581314:14:1820:20260930,17:17:00,17:20:00,StopPoint:OCETrain TER-87581728,6,,0,0,
OCESN866143F1187_F:TER:FR:Line::3ebed947-d25a-4cb1-ad23-a6db52a6f082::87581009:87581314:14:1820:20260926,17:02:00,17:03:00,StopPoint:OCETrain TER-87748350,1,,0,0,
OCESN866143F1187_F:TER:FR:Line::3ebed947-d25a-4cb1-ad23-a6db52a6f082::87581009:87581314:14:1820:20260926,17:06:00,17:07:00,StopPoint:OCETrain TER-87278259,2,,0,0,
OCESN866143F1187_F:TER:FR:Line::3ebed947-d25a-4cb1-ad23-a6db52a6f082::87581009:87581314:14:1820:20260926,17:09:00,17:10:00,StopPoint:OCETrain TER-87581538,3,,0,0,
OCESN866143F1187_F:TER:FR:Line::3ebed947-d25a-4cb1-ad23-a6db52a6f082::87581009:87581314:14:1820:20260926,17:14:00,17:15:00,StopPoint:OCETrain TER-87738096,4,,0,0,
OCESN866143F1187_F:TER:FR:Line::3ebed947-d25a-4cb1-ad23-a6db52a6f082::87581009:87581314:14:1820:20260926,17:17:00,17:18:00,StopPoint:OCETrain TER-87581736,5,,0,0,
OCESN866143F1187_F:TER:FR:Line::3ebed947-d25a-4cb1-ad23-a6db52a6f082::87581009:87581314:14:1820:20260926,17:22:00,17:23:00,StopPoint:OCETrain TER-87581728,6,,0,0,
OCESN866143F1187_F:TER:FR:Line::3ebed947-d25a-4cb1-ad23-a6db52a6f082::87581009:87581314:14:1820:20260703,16:56:00,16:57:00,StopPoint:OCETrain TER-87748350,1,,0,0,
OCESN866143F1187_F:TER:FR:Line::3ebed947-d25a-4cb1-ad23-a6db52a6f082::87581009:87581314:14:1820:20260703,17:00:00,17:01:00,StopPoint:OCETrain TER-87278259,2,,0,0,
OCESN866143F1187_F:TER:FR:Line::3ebed947-d25a-4cb1-ad23-a6db52a6f082::87581009:87581314:14:1820:20260703,17:03:00,17:04:00,StopPoint:OCETrain TER-87581538,3,,0,0,
OCESN866143F1187_F:TER:FR:Line::3ebed947-d25a-4cb1-ad23-a6db52a6f082::87581009:87581314:14:1820:20260703,17:07:00,17:08:00,StopPoint:OCETrain TER-87738096,4,,0,0,
OCESN866143F1187_F:TER:FR:Line::3ebed947-d25a-4cb1-ad23-a6db52a6f082::87581009:87581314:14:1820:20260703,17:11:00,17:12:00,StopPoint:OCETrain TER-87581736,5,,0,0,
OCESN866143F1187_F:TER:FR:Line::3ebed947-d25a-4cb1-ad23-a6db52a6f082::87581009:87581314:14:1820:20260703,17:16:00,17:19:00,StopPoint:OCETrain TER-87581728,6,,0,0,
OCESN866144F1187_F:TER:FR:Line::3ebed947-d25a-4cb1-ad23-a6db52a6f082::87581314:87581009:14:1813:20260830,17:48:00,17:49:00,StopPoint:OCETrain TER-87581728,7,,0,0,
OCESN866144F1187_F:TER:FR:Line::3ebed947-d25a-4cb1-ad23-a6db52a6f082::87581314:87581009:14:1813:20260830,17:52:00,17:53:00,StopPoint:OCETrain TER-87581736,8,,0,0,
OCESN866144F1187_F:TER:FR:Line::3ebed947-d25a-4cb1-ad23-a6db52a6f082::87581314:87581009:14:1813:20260830,17:56:00,17:57:00,StopPoint:OCETrain TER-87738096,9,,0,0,
OCESN866144F1187_F:TER:FR:Line::3ebed947-d25a-4cb1-ad23-a6db52a6f082::87581314:87581009:14:1813:20260830,18:01:00,18:02:00,StopPoint:OCETrain TER-87581538,10,,0,0,
OCESN866144F1187_F:TER:FR:Line::3ebed947-d25a-4cb1-ad23-a6db52a6f082::87581314:87581009:14:1813:20260830,18:04:00,18:05:00,StopPoint:OCETrain TER-87278259,11,,0,0,
OCESN866144F1187_F:TER:FR:Line::3ebed947-d25a-4cb1-ad23-a6db52a6f082::87581314:87581009:14:1813:20260830,18:08:00,18:09:00,StopPoint:OCETrain TER-87748350,12,,0,0,
OCESN866145F1187_F:TER:FR:Line::3ebed947-d25a-4cb1-ad23-a6db52a6f082::87581009:87581397:17:1855:20260830,17:00:00,17:01:00,StopPoint:OCETrain TER-87748350,1,,0,0,
OCESN866145F1187_F:TER:FR:Line::3ebed947-d25a-4cb1-ad23-a6db52a6f082::87581009:87581397:17:1855:20260830,17:04:00,17:05:00,StopPoint:OCETrain TER-87278259,2,,0,0,
OCESN866145F1187_F:TER:FR:Line::3ebed947-d25a-4cb1-ad23-a6db52a6f082::87581009:87581397:17:1855:20260830,17:07:00,17:08:00,StopPoint:OCETrain TER-87581538,3,,0,0,
OCESN866145F1187_F:TER:FR:Line::3ebed947-d25a-4cb1-ad23-a6db52a6f082::87581009:87581397:17:1855:20260830,17:11:00,17:12:00,StopPoint:OCETrain TER-87738096,4,,0,0,
OCESN866145F1187_F:TER:FR:Line::3ebed947-d25a-4cb1-ad23-a6db52a6f082::87581009:87581397:17:1855:20260830,17:15:00,17:16:00,StopPoint:OCETrain TER-87581736,5,,0,0,
OCESN866145F1187_F:TER:FR:Line::3ebed947-d25a-4cb1-ad23-a6db52a6f082::87581009:87581397:17:1855:20260830,17:20:00,17:23:00,StopPoint:OCETrain TER-87581728,6,,0,0,
OCESN866145F1187_F:TER:FR:Line::3ebed947-d25a-4cb1-ad23-a6db52a6f082::87581009:87581397:17:1855:20260828,16:57:00,16:58:00,StopPoint:OCETrain TER-87748350,1,,0,0,
OCESN866145F1187_F:TER:FR:Line::3ebed947-d25a-4cb1-ad23-a6db52a6f082::87581009:87581397:17:1855:20260828,17:02:00,17:03:00,StopPoint:OCETrain TER-87278259,2,,0,0,
OCESN866145F1187_F:TER:FR:Line::3ebed947-d25a-4cb1-ad23-a6db52a6f082::87581009:87581397:17:1855:20260828,17:05:00,17:06:00,StopPoint:OCETrain TER-87581538,3,,0,0,
OCESN866145F1187_F:TER:FR:Line::3ebed947-d25a-4cb1-ad23-a6db52a6f082::87581009:87581397:17:1855:20260828,17:10:00,17:11:00,StopPoint:OCETrain TER-87738096,4,,0,0,
OCESN866145F1187_F:TER:FR:Line::3ebed947-d25a-4cb1-ad23-a6db52a6f082::87581009:87581397:17:1855:20260828,17:14:00,17:15:00,StopPoint:OCETrain TER-87581736,5,,0,0,
OCESN866145F1187_F:TER:FR:Line::3ebed947-d25a-4cb1-ad23-a6db52a6f082::87581009:87581397:17:1855:20260828,17:20:00,17:23:00,StopPoint:OCETrain TER-87581728,6,,0,0,
OCESN866146F1187_F:TER:FR:Line::3ebed947-d25a-4cb1-ad23-a6db52a6f082::87581397:87581009:12:1903:20260830,18:39:00,18:40:00,StopPoint:OCETrain TER-87581728,7,,0,0,
OCESN866146F1187_F:TER:FR:Line::3ebed947-d25a-4cb1-ad23-a6db52a6f082::87581397:87581009:12:1903:20260830,18:45:00,18:46:00,StopPoint:OCETrain TER-87738096,8,,0,0,
OCESN866146F1187_F:TER:FR:Line::3ebed947-d25a-4cb1-ad23-a6db52a6f082::87581397:87581009:12:1903:20260830,18:53:00,18:54:00,StopPoint:OCETrain TER-87278259,9,,0,0,
OCESN866146F1187_F:TER:FR:Line::3ebed947-d25a-4cb1-ad23-a6db52a6f082::87581397:87581009:12:1903:20260830,18:57:00,18:58:00,StopPoint:OCETrain TER-87748350,10,,0,0,
OCESN866147F1187_F:TER:FR:Line::3ebed947-d25a-4cb1-ad23-a6db52a6f082::87581009:87581389:16:1847:20260927,17:03:00,17:04:00,StopPoint:OCETrain TER-87748350,1,,0,0,
OCESN866147F1187_F:TER:FR:Line::3ebed947-d25a-4cb1-ad23-a6db52a6f082::87581009:87581389:16:1847:20260927,17:07:00,17:08:00,StopPoint:OCETrain TER-87278259,2,,0,0,
OCESN866147F1187_F:TER:FR:Line::3ebed947-d25a-4cb1-ad23-a6db52a6f082::87581009:87581389:16:1847:20260927,17:10:00,17:11:00,StopPoint:OCETrain TER-87581538,3,,0,0,
OCESN866147F1187_F:TER:FR:Line::3ebed947-d25a-4cb1-ad23-a6db52a6f082::87581009:87581389:16:1847:20260927,17:14:00,17:15:00,StopPoint:OCETrain TER-87738096,4,,0,0,
OCESN866147F1187_F:TER:FR:Line::3ebed947-d25a-4cb1-ad23-a6db52a6f082::87581009:87581389:16:1847:20260927,17:18:00,17:19:00,StopPoint:OCETrain TER-87581736,5,,0,0,
OCESN866147F1187_F:TER:FR:Line::3ebed947-d25a-4cb1-ad23-a6db52a6f082::87581009:87581389:16:1847:20260927,17:23:00,17:24:00,StopPoint:OCETrain TER-87581728,6,,0,0,
OCESN866148F1187_F:TER:FR:Line::3ebed947-d25a-4cb1-ad23-a6db52a6f082::87581389:87581009:16:1915:20260930,18:48:00,18:49:00,StopPoint:OCETrain TER-87581728,9,,0,0,
OCESN866148F1187_F:TER:FR:Line::3ebed947-d25a-4cb1-ad23-a6db52a6f082::87581389:87581009:16:1915:20260930,18:53:00,18:54:00,StopPoint:OCETrain TER-87581736,10,,0,0,
OCESN866148F1187_F:TER:FR:Line::3ebed947-d25a-4cb1-ad23-a6db52a6f082::87581389:87581009:16:1915:20260930,18:57:00,18:58:00,StopPoint:OCETrain TER-87738096,11,,0,0,
OCESN866148F1187_F:TER:FR:Line::3ebed947-d25a-4cb1-ad23-a6db52a6f082::87581389:87581009:16:1915:20260930,19:01:00,19:02:00,StopPoint:OCETrain TER-87581538,12,,0,0,
OCESN866148F1187_F:TER:FR:Line::3ebed947-d25a-4cb1-ad23-a6db52a6f082::87581389:87581009:16:1915:20260930,19:04:00,19:05:00,StopPoint:OCETrain TER-87278259,13,,0,0,
OCESN866148F1187_F:TER:FR:Line::3ebed947-d25a-4cb1-ad23-a6db52a6f082::87581389:87581009:16:1915:20260930,19:09:00,19:10:00,StopPoint:OCETrain TER-87748350,14,,0,0,
OCESN866149F1187_F:TER:FR:Line::3ebed947-d25a-4cb1-ad23-a6db52a6f082::87581009:87581389:16:1951:20260930,17:57:00,17:58:00,StopPoint:OCETrain TER-87748350,1,,0,0,
OCESN866149F1187_F:TER:FR:Line::3ebed947-d25a-4cb1-ad23-a6db52a6f082::87581009:87581389:16:1951:20260930,18:02:00,18:03:00,StopPoint:OCETrain TER-87278259,2,,0,0,
OCESN866149F1187_F:TER:FR:Line::3ebed947-d25a-4cb1-ad23-a6db52a6f082::87581009:87581389:16:1951:20260930,18:05:00,18:06:00,StopPoint:OCETrain TER-87581538,3,,0,0,
OCESN866149F1187_F:TER:FR:Line::3ebed947-d25a-4cb1-ad23-a6db52a6f082::87581009:87581389:16:1951:20260930,18:10:00,18:11:00,StopPoint:OCETrain TER-87738096,4,,0,0,
OCESN866149F1187_F:TER:FR:Line::3ebed947-d25a-4cb1-ad23-a6db52a6f082::87581009:87581389:16:1951:20260930,18:14:00,18:15:00,StopPoint:OCETrain TER-87581736,5,,0,0,
OCESN866149F1187_F:TER:FR:Line::3ebed947-d25a-4cb1-ad23-a6db52a6f082::87581009:87581389:16:1951:20260930,18:20:00,18:23:00,StopPoint:OCETrain TER-87581728,6,,0,0,
OCESN866149F1187_F:TER:FR:Line::3ebed947-d25a-4cb1-ad23-a6db52a6f082::87581009:87581389:16:1951:20260703,17:59:00,18:00:00,StopPoint:OCETrain TER-87748350,1,,0,0,
OCESN866149F1187_F:TER:FR:Line::3ebed947-d25a-4cb1-ad23-a6db52a6f082::87581009:87581389:16:1951:20260703,18:03:00,18:04:00,StopPoint:OCETrain TER-87278259,2,,0,0,
OCESN866149F1187_F:TER:FR:Line::3ebed947-d25a-4cb1-ad23-a6db52a6f082::87581009:87581389:16:1951:20260703,18:06:00,18:07:00,StopPoint:OCETrain TER-87581538,3,,0,0,
OCESN866149F1187_F:TER:FR:Line::3ebed947-d25a-4cb1-ad23-a6db52a6f082::87581009:87581389:16:1951:20260703,18:11:00,18:12:00,StopPoint:OCETrain TER-87738096,4,,0,0,
OCESN866149F1187_F:TER:FR:Line::3ebed947-d25a-4cb1-ad23-a6db52a6f082::87581009:87581389:16:1951:20260703,18:15:00,18:16:00,StopPoint:OCETrain TER-87581736,5,,0,0,
OCESN866149F1187_F:TER:FR:Line::3ebed947-d25a-4cb1-ad23-a6db52a6f082::87581009:87581389:16:1951:20260703,18:20:00,18:23:00,StopPoint:OCETrain TER-87581728,6,,0,0,
OCESN866150F1187_F:TER:FR:Line::3ebed947-d25a-4cb1-ad23-a6db52a6f082::87581397:87581009:17:1914:20260828,18:48:00,18:49:00,StopPoint:OCETrain TER-87581728,10,,0,0,
OCESN866150F1187_F:TER:FR:Line::3ebed947-d25a-4cb1-ad23-a6db52a6f082::87581397:87581009:17:1914:20260828,18:53:00,18:54:00,StopPoint:OCETrain TER-87581736,11,,0,0,
OCESN866150F1187_F:TER:FR:Line::3ebed947-d25a-4cb1-ad23-a6db52a6f082::87581397:87581009:17:1914:20260828,18:57:00,18:58:00,StopPoint:OCETrain TER-87738096,12,,0,0,
OCESN866150F1187_F:TER:FR:Line::3ebed947-d25a-4cb1-ad23-a6db52a6f082::87581397:87581009:17:1914:20260828,19:01:00,19:02:00,StopPoint:OCETrain TER-87581538,13,,0,0,
OCESN866150F1187_F:TER:FR:Line::3ebed947-d25a-4cb1-ad23-a6db52a6f082::87581397:87581009:17:1914:20260828,19:04:00,19:05:00,StopPoint:OCETrain TER-87278259,14,,0,0,
OCESN866150F1187_F:TER:FR:Line::3ebed947-d25a-4cb1-ad23-a6db52a6f082::87581397:87581009:17:1914:20260828,19:08:00,19:09:00,StopPoint:OCETrain TER-87748350,15,,0,0,
OCESN866151F1187_F:TER:FR:Line::3ebed947-d25a-4cb1-ad23-a6db52a6f082::87581009:87581314:14:1914:20260828,17:58:00,17:59:00,StopPoint:OCETrain TER-87748350,1,,0,0,
OCESN866151F1187_F:TER:FR:Line::3ebed947-d25a-4cb1-ad23-a6db52a6f082::87581009:87581314:14:1914:20260828,18:02:00,18:03:00,StopPoint:OCETrain TER-87278259,2,,0,0,
OCESN866151F1187_F:TER:FR:Line::3ebed947-d25a-4cb1-ad23-a6db52a6f082::87581009:87581314:14:1914:20260828,18:06:00,18:07:00,StopPoint:OCETrain TER-87581538,3,,0,0,
OCESN866151F1187_F:TER:FR:Line::3ebed947-d25a-4cb1-ad23-a6db52a6f082::87581009:87581314:14:1914:20260828,18:10:00,18:11:00,StopPoint:OCETrain TER-87738096,4,,0,0,
OCESN866151F1187_F:TER:FR:Line::3ebed947-d25a-4cb1-ad23-a6db52a6f082::87581009:87581314:14:1914:20260828,18:14:00,18:15:00,StopPoint:OCETrain TER-87581736,5,,0,0,
OCESN866151F1187_F:TER:FR:Line::3ebed947-d25a-4cb1-ad23-a6db52a6f082::87581009:87581314:14:1914:20260828,18:19:00,18:20:00,StopPoint:OCETrain TER-87581728,6,,0,0,
OCESN866152F1187_F:TER:FR:Line::3ebed947-d25a-4cb1-ad23-a6db52a6f082::87581314:87581009:14:2015:20260830,19:49:00,19:50:00,StopPoint:OCETrain TER-87581728,7,,0,0,
OCESN866152F1187_F:TER:FR:Line::3ebed947-d25a-4cb1-ad23-a6db52a6f082::87581314:87581009:14:2015:20260830,19:54:00,19:55:00,StopPoint:OCETrain TER-87581736,8,,0,0,
OCESN866152F1187_F:TER:FR:Line::3ebed947-d25a-4cb1-ad23-a6db52a6f082::87581314:87581009:14:2015:20260830,19:58:00,19:59:00,StopPoint:OCETrain TER-87738096,9,,0,0,
OCESN866152F1187_F:TER:FR:Line::3ebed947-d25a-4cb1-ad23-a6db52a6f082::87581314:87581009:14:2015:20260830,20:02:00,20:03:00,StopPoint:OCETrain TER-87581538,10,,0,0,
OCESN866152F1187_F:TER:FR:Line::3ebed947-d25a-4cb1-ad23-a6db52a6f082::87581314:87581009:14:2015:20260830,20:05:00,20:06:00,StopPoint:OCETrain TER-87278259,11,,0,0,
OCESN866152F1187_F:TER:FR:Line::3ebed947-d25a-4cb1-ad23-a6db52a6f082::87581314:87581009:14:2015:20260830,20:10:00,20:11:00,StopPoint:OCETrain TER-87748350,12,,0,0,
OCESN866152F1187_F:TER:FR:Line::3ebed947-d25a-4cb1-ad23-a6db52a6f082::87581314:87581009:14:2018:20260930,19:49:00,19:50:00,StopPoint:OCETrain TER-87581728,7,,0,0,
OCESN866152F1187_F:TER:FR:Line::3ebed947-d25a-4cb1-ad23-a6db52a6f082::87581314:87581009:14:2018:20260930,19:54:00,19:55:00,StopPoint:OCETrain TER-87581736,8,,0,0,
OCESN866152F1187_F:TER:FR:Line::3ebed947-d25a-4cb1-ad23-a6db52a6f082::87581314:87581009:14:2018:20260930,19:59:00,20:00:00,StopPoint:OCETrain TER-87738096,9,,0,0,
OCESN866152F1187_F:TER:FR:Line::3ebed947-d25a-4cb1-ad23-a6db52a6f082::87581314:87581009:14:2018:20260930,20:04:00,20:05:00,StopPoint:OCETrain TER-87581538,10,,0,0,
OCESN866152F1187_F:TER:FR:Line::3ebed947-d25a-4cb1-ad23-a6db52a6f082::87581314:87581009:14:2018:20260930,20:07:00,20:08:00,StopPoint:OCETrain TER-87278259,11,,0,0,
OCESN866152F1187_F:TER:FR:Line::3ebed947-d25a-4cb1-ad23-a6db52a6f082::87581314:87581009:14:2018:20260930,20:11:00,20:12:00,StopPoint:OCETrain TER-87748350,12,,0,0,
OCESN866152F1187_F:TER:FR:Line::3ebed947-d25a-4cb1-ad23-a6db52a6f082::87581314:87581009:14:2015:20260927,19:49:00,19:50:00,StopPoint:OCETrain TER-87581728,7,,0,0,
OCESN866152F1187_F:TER:FR:Line::3ebed947-d25a-4cb1-ad23-a6db52a6f082::87581314:87581009:14:2015:20260927,19:54:00,19:55:00,StopPoint:OCETrain TER-87581736,8,,0,0,
OCESN866152F1187_F:TER:FR:Line::3ebed947-d25a-4cb1-ad23-a6db52a6f082::87581314:87581009:14:2015:20260927,19:58:00,19:59:00,StopPoint:OCETrain TER-87738096,9,,0,0,
OCESN866152F1187_F:TER:FR:Line::3ebed947-d25a-4cb1-ad23-a6db52a6f082::87581314:87581009:14:2015:20260927,20:02:00,20:03:00,StopPoint:OCETrain TER-87581538,10,,0,0,
OCESN866152F1187_F:TER:FR:Line::3ebed947-d25a-4cb1-ad23-a6db52a6f082::87581314:87581009:14:2015:20260927,20:05:00,20:06:00,StopPoint:OCETrain TER-87278259,11,,0,0,
OCESN866152F1187_F:TER:FR:Line::3ebed947-d25a-4cb1-ad23-a6db52a6f082::87581314:87581009:14:2015:20260927,20:09:00,20:10:00,StopPoint:OCETrain TER-87748350,12,,0,0,
OCESN866152F1187_F:TER:FR:Line::3ebed947-d25a-4cb1-ad23-a6db52a6f082::87581314:87581009:14:2018:20260703,19:49:00,19:50:00,StopPoint:OCETrain TER-87581728,7,,0,0,
OCESN866152F1187_F:TER:FR:Line::3ebed947-d25a-4cb1-ad23-a6db52a6f082::87581314:87581009:14:2018:20260703,19:54:00,19:55:00,StopPoint:OCETrain TER-87581736,8,,0,0,
OCESN866152F1187_F:TER:FR:Line::3ebed947-d25a-4cb1-ad23-a6db52a6f082::87581314:87581009:14:2018:20260703,19:58:00,19:59:00,StopPoint:OCETrain TER-87738096,9,,0,0,
OCESN866152F1187_F:TER:FR:Line::3ebed947-d25a-4cb1-ad23-a6db52a6f082::87581314:87581009:14:2018:20260703,20:03:00,20:04:00,StopPoint:OCETrain TER-87581538,10,,0,0,
OCESN866152F1187_F:TER:FR:Line::3ebed947-d25a-4cb1-ad23-a6db52a6f082::87581314:87581009:14:2018:20260703,20:07:00,20:08:00,StopPoint:OCETrain TER-87278259,11,,0,0,
OCESN866152F1187_F:TER:FR:Line::3ebed947-d25a-4cb1-ad23-a6db52a6f082::87581314:87581009:14:2018:20260703,20:11:00,20:12:00,StopPoint:OCETrain TER-87748350,12,,0,0,
OCESN866153F1187_F:TER:FR:Line::3ebed947-d25a-4cb1-ad23-a6db52a6f082::87581009:87581389:16:2048:20260830,19:02:00,19:03:00,StopPoint:OCETrain TER-87748350,1,,0,0,
OCESN866153F1187_F:TER:FR:Line::3ebed947-d25a-4cb1-ad23-a6db52a6f082::87581009:87581389:16:2048:20260830,19:07:00,19:08:00,StopPoint:OCETrain TER-87278259,2,,0,0,
OCESN866153F1187_F:TER:FR:Line::3ebed947-d25a-4cb1-ad23-a6db52a6f082::87581009:87581389:16:2048:20260830,19:10:00,19:11:00,StopPoint:OCETrain TER-87581538,3,,0,0,
OCESN866153F1187_F:TER:FR:Line::3ebed947-d25a-4cb1-ad23-a6db52a6f082::87581009:87581389:16:2048:20260830,19:14:00,19:15:00,StopPoint:OCETrain TER-87738096,4,,0,0,
OCESN866153F1187_F:TER:FR:Line::3ebed947-d25a-4cb1-ad23-a6db52a6f082::87581009:87581389:16:2048:20260830,19:18:00,19:19:00,StopPoint:OCETrain TER-87581736,5,,0,0,
OCESN866153F1187_F:TER:FR:Line::3ebed947-d25a-4cb1-ad23-a6db52a6f082::87581009:87581389:16:2048:20260830,19:23:00,19:24:00,StopPoint:OCETrain TER-87581728,6,,0,0,
OCESN866153F1187_F:TER:FR:Line::3ebed947-d25a-4cb1-ad23-a6db52a6f082::87581009:87581389:16:2048:20260927,19:03:00,19:03:00,StopPoint:OCETrain TER-87748350,1,,0,0,
OCESN866153F1187_F:TER:FR:Line::3ebed947-d25a-4cb1-ad23-a6db52a6f082::87581009:87581389:16:2048:20260927,19:06:00,19:07:00,StopPoint:OCETrain TER-87278259,2,,0,0,
OCESN866153F1187_F:TER:FR:Line::3ebed947-d25a-4cb1-ad23-a6db52a6f082::87581009:87581389:16:2048:20260927,19:09:00,19:10:00,StopPoint:OCETrain TER-87581538,3,,0,0,
OCESN866153F1187_F:TER:FR:Line::3ebed947-d25a-4cb1-ad23-a6db52a6f082::87581009:87581389:16:2048:20260927,19:13:00,19:14:00,StopPoint:OCETrain TER-87738096,4,,0,0,
OCESN866153F1187_F:TER:FR:Line::3ebed947-d25a-4cb1-ad23-a6db52a6f082::87581009:87581389:16:2048:20260927,19:17:00,19:18:00,StopPoint:OCETrain TER-87581736,5,,0,0,
OCESN866153F1187_F:TER:FR:Line::3ebed947-d25a-4cb1-ad23-a6db52a6f082::87581009:87581389:16:2048:20260927,19:22:00,19:23:00,StopPoint:OCETrain TER-87581728,6,,0,0,
OCESN866153F1187_F:TER:FR:Line::3ebed947-d25a-4cb1-ad23-a6db52a6f082::87581009:87581389:16:2048:20260930,18:57:00,18:58:00,StopPoint:OCETrain TER-87748350,1,,0,0,
OCESN866153F1187_F:TER:FR:Line::3ebed947-d25a-4cb1-ad23-a6db52a6f082::87581009:87581389:16:2048:20260930,19:02:00,19:03:00,StopPoint:OCETrain TER-87278259,2,,0,0,
OCESN866153F1187_F:TER:FR:Line::3ebed947-d25a-4cb1-ad23-a6db52a6f082::87581009:87581389:16:2048:20260930,19:05:00,19:06:00,StopPoint:OCETrain TER-87581538,3,,0,0,
OCESN866153F1187_F:TER:FR:Line::3ebed947-d25a-4cb1-ad23-a6db52a6f082::87581009:87581389:16:2048:20260930,19:10:00,19:11:00,StopPoint:OCETrain TER-87738096,4,,0,0,
OCESN866153F1187_F:TER:FR:Line::3ebed947-d25a-4cb1-ad23-a6db52a6f082::87581009:87581389:16:2048:20260930,19:14:00,19:15:00,StopPoint:OCETrain TER-87581736,5,,0,0,
OCESN866153F1187_F:TER:FR:Line::3ebed947-d25a-4cb1-ad23-a6db52a6f082::87581009:87581389:16:2048:20260930,19:20:00,19:23:00,StopPoint:OCETrain TER-87581728,6,,0,0,
OCESN866153F1187_F:TER:FR:Line::3ebed947-d25a-4cb1-ad23-a6db52a6f082::87581009:87581389:16:2048:20260628,19:02:00,19:03:00,StopPoint:OCETrain TER-87748350,1,,0,0,
OCESN866153F1187_F:TER:FR:Line::3ebed947-d25a-4cb1-ad23-a6db52a6f082::87581009:87581389:16:2048:20260628,19:07:00,19:08:00,StopPoint:OCETrain TER-87278259,2,,0,0,
OCESN866153F1187_F:TER:FR:Line::3ebed947-d25a-4cb1-ad23-a6db52a6f082::87581009:87581389:16:2048:20260628,19:10:00,19:11:00,StopPoint:OCETrain TER-87581538,3,,0,0,
OCESN866153F1187_F:TER:FR:Line::3ebed947-d25a-4cb1-ad23-a6db52a6f082::87581009:87581389:16:2048:20260628,19:14:00,19:15:00,StopPoint:OCETrain TER-87738096,4,,0,0,
OCESN866153F1187_F:TER:FR:Line::3ebed947-d25a-4cb1-ad23-a6db52a6f082::87581009:87581389:16:2048:20260628,19:18:00,19:19:00,StopPoint:OCETrain TER-87581736,5,,0,0,
OCESN866153F1187_F:TER:FR:Line::3ebed947-d25a-4cb1-ad23-a6db52a6f082::87581009:87581389:16:2048:20260628,19:22:00,19:23:00,StopPoint:OCETrain TER-87581728,6,,0,0,
OCESN866153F1187_F:TER:FR:Line::3ebed947-d25a-4cb1-ad23-a6db52a6f082::87581009:87581389:16:2048:20260926,18:58:00,18:59:00,StopPoint:OCETrain TER-87748350,1,,0,0,
OCESN866153F1187_F:TER:FR:Line::3ebed947-d25a-4cb1-ad23-a6db52a6f082::87581009:87581389:16:2048:20260926,19:02:00,19:03:00,StopPoint:OCETrain TER-87278259,2,,0,0,
OCESN866153F1187_F:TER:FR:Line::3ebed947-d25a-4cb1-ad23-a6db52a6f082::87581009:87581389:16:2048:20260926,19:06:00,19:07:00,StopPoint:OCETrain TER-87581538,3,,0,0,
OCESN866153F1187_F:TER:FR:Line::3ebed947-d25a-4cb1-ad23-a6db52a6f082::87581009:87581389:16:2048:20260926,19:11:00,19:12:00,StopPoint:OCETrain TER-87738096,4,,0,0,
OCESN866153F1187_F:TER:FR:Line::3ebed947-d25a-4cb1-ad23-a6db52a6f082::87581009:87581389:16:2048:20260926,19:15:00,19:16:00,StopPoint:OCETrain TER-87581736,5,,0,0,
OCESN866153F1187_F:TER:FR:Line::3ebed947-d25a-4cb1-ad23-a6db52a6f082::87581009:87581389:16:2048:20260926,19:20:00,19:23:00,StopPoint:OCETrain TER-87581728,6,,0,0,
OCESN866154F1187_F:TER:FR:Line::3ebed947-d25a-4cb1-ad23-a6db52a6f082::87581389:87581009:16:2014:20260926,19:48:00,19:49:00,StopPoint:OCETrain TER-87581728,9,,0,0,
OCESN866154F1187_F:TER:FR:Line::3ebed947-d25a-4cb1-ad23-a6db52a6f082::87581389:87581009:16:2014:20260926,19:53:00,19:54:00,StopPoint:OCETrain TER-87581736,10,,0,0,
OCESN866154F1187_F:TER:FR:Line::3ebed947-d25a-4cb1-ad23-a6db52a6f082::87581389:87581009:16:2014:20260926,19:56:00,19:57:00,StopPoint:OCETrain TER-87738096,11,,0,0,
OCESN866154F1187_F:TER:FR:Line::3ebed947-d25a-4cb1-ad23-a6db52a6f082::87581389:87581009:16:2014:20260926,20:01:00,20:02:00,StopPoint:OCETrain TER-87581538,12,,0,0,
OCESN866154F1187_F:TER:FR:Line::3ebed947-d25a-4cb1-ad23-a6db52a6f082::87581389:87581009:16:2014:20260926,20:04:00,20:05:00,StopPoint:OCETrain TER-87278259,13,,0,0,
OCESN866154F1187_F:TER:FR:Line::3ebed947-d25a-4cb1-ad23-a6db52a6f082::87581389:87581009:16:2014:20260926,20:08:00,20:09:00,StopPoint:OCETrain TER-87748350,14,,0,0,
OCESN866155F1187_F:TER:FR:Line::3ebed947-d25a-4cb1-ad23-a6db52a6f082::87581009:87581314:14:2115:20260930,20:00:00,20:01:00,StopPoint:OCETrain TER-87748350,1,,0,0,
OCESN866155F1187_F:TER:FR:Line::3ebed947-d25a-4cb1-ad23-a6db52a6f082::87581009:87581314:14:2115:20260930,20:04:00,20:05:00,StopPoint:OCETrain TER-87278259,2,,0,0,
OCESN866155F1187_F:TER:FR:Line::3ebed947-d25a-4cb1-ad23-a6db52a6f082::87581009:87581314:14:2115:20260930,20:07:00,20:08:00,StopPoint:OCETrain TER-87581538,3,,0,0,
OCESN866155F1187_F:TER:FR:Line::3ebed947-d25a-4cb1-ad23-a6db52a6f082::87581009:87581314:14:2115:20260930,20:12:00,20:13:00,StopPoint:OCETrain TER-87738096,4,,0,0,
OCESN866155F1187_F:TER:FR:Line::3ebed947-d25a-4cb1-ad23-a6db52a6f082::87581009:87581314:14:2115:20260930,20:15:00,20:16:00,StopPoint:OCETrain TER-87581736,5,,0,0,
OCESN866155F1187_F:TER:FR:Line::3ebed947-d25a-4cb1-ad23-a6db52a6f082::87581009:87581314:14:2115:20260930,20:20:00,20:23:00,StopPoint:OCETrain TER-87581728,6,,0,0,
OCESN866156F1187_F:TER:FR:Line::3ebed947-d25a-4cb1-ad23-a6db52a6f082::87581389:87581009:16:2106:20260927,20:40:00,20:41:00,StopPoint:OCETrain TER-87581728,9,,0,0,
OCESN866156F1187_F:TER:FR:Line::3ebed947-d25a-4cb1-ad23-a6db52a6f082::87581389:87581009:16:2106:20260927,20:45:00,20:46:00,StopPoint:OCETrain TER-87581736,10,,0,0,
OCESN866156F1187_F:TER:FR:Line::3ebed947-d25a-4cb1-ad23-a6db52a6f082::87581389:87581009:16:2106:20260927,20:48:00,20:49:00,StopPoint:OCETrain TER-87738096,11,,0,0,
OCESN866156F1187_F:TER:FR:Line::3ebed947-d25a-4cb1-ad23-a6db52a6f082::87581389:87581009:16:2106:20260927,20:52:00,20:53:00,StopPoint:OCETrain TER-87581538,12,,0,0,
OCESN866156F1187_F:TER:FR:Line::3ebed947-d25a-4cb1-ad23-a6db52a6f082::87581389:87581009:16:2106:20260927,20:55:00,20:56:00,StopPoint:OCETrain TER-87278259,13,,0,0,
OCESN866156F1187_F:TER:FR:Line::3ebed947-d25a-4cb1-ad23-a6db52a6f082::87581389:87581009:16:2106:20260927,21:00:00,21:01:00,StopPoint:OCETrain TER-87748350,14,,0,0,
OCESN866157F1187_F:TER:FR:Line::3ebed947-d25a-4cb1-ad23-a6db52a6f082::87581009:87581389:16:2144:20260828,19:57:00,19:58:00,StopPoint:OCETrain TER-87748350,1,,0,0,
OCESN866157F1187_F:TER:FR:Line::3ebed947-d25a-4cb1-ad23-a6db52a6f082::87581009:87581389:16:2144:20260828,20:02:00,20:03:00,StopPoint:OCETrain TER-87278259,2,,0,0,
OCESN866157F1187_F:TER:FR:Line::3ebed947-d25a-4cb1-ad23-a6db52a6f082::87581009:87581389:16:2144:20260828,20:05:00,20:06:00,StopPoint:OCETrain TER-87581538,3,,0,0,
OCESN866157F1187_F:TER:FR:Line::3ebed947-d25a-4cb1-ad23-a6db52a6f082::87581009:87581389:16:2144:20260828,20:09:00,20:10:00,StopPoint:OCETrain TER-87738096,4,,0,0,
OCESN866157F1187_F:TER:FR:Line::3ebed947-d25a-4cb1-ad23-a6db52a6f082::87581009:87581389:16:2144:20260828,20:13:00,20:14:00,StopPoint:OCETrain TER-87581736,5,,0,0,
OCESN866157F1187_F:TER:FR:Line::3ebed947-d25a-4cb1-ad23-a6db52a6f082::87581009:87581389:16:2144:20260828,20:18:00,20:19:00,StopPoint:OCETrain TER-87581728,6,,0,0,
OCESN866158F1187_F:TER:FR:Line::3ebed947-d25a-4cb1-ad23-a6db52a6f082::87581397:87581009:17:2112:20260830,20:45:00,20:46:00,StopPoint:OCETrain TER-87581728,10,,0,0,
OCESN866158F1187_F:TER:FR:Line::3ebed947-d25a-4cb1-ad23-a6db52a6f082::87581397:87581009:17:2112:20260830,20:49:00,20:50:00,StopPoint:OCETrain TER-87581736,11,,0,0,
OCESN866158F1187_F:TER:FR:Line::3ebed947-d25a-4cb1-ad23-a6db52a6f082::87581397:87581009:17:2112:20260830,20:53:00,20:54:00,StopPoint:OCETrain TER-87738096,12,,0,0,
OCESN866158F1187_F:TER:FR:Line::3ebed947-d25a-4cb1-ad23-a6db52a6f082::87581397:87581009:17:2112:20260830,20:58:00,20:59:00,StopPoint:OCETrain TER-87581538,13,,0,0,
OCESN866158F1187_F:TER:FR:Line::3ebed947-d25a-4cb1-ad23-a6db52a6f082::87581397:87581009:17:2112:20260830,21:01:00,21:02:00,StopPoint:OCETrain TER-87278259,14,,0,0,
OCESN866158F1187_F:TER:FR:Line::3ebed947-d25a-4cb1-ad23-a6db52a6f082::87581397:87581009:17:2112:20260830,21:05:00,21:06:00,StopPoint:OCETrain TER-87748350,15,,0,0,
OCESN866158F1187_F:TER:FR:Line::3ebed947-d25a-4cb1-ad23-a6db52a6f082::87581397:87581009:17:2115:20260828,20:45:00,20:46:00,StopPoint:OCETrain TER-87581728,10,,0,0,
OCESN866158F1187_F:TER:FR:Line::3ebed947-d25a-4cb1-ad23-a6db52a6f082::87581397:87581009:17:2115:20260828,20:52:00,20:53:00,StopPoint:OCETrain TER-87581736,11,,0,0,
OCESN866158F1187_F:TER:FR:Line::3ebed947-d25a-4cb1-ad23-a6db52a6f082::87581397:87581009:17:2115:20260828,20:56:00,20:57:00,StopPoint:OCETrain TER-87738096,12,,0,0,
OCESN866158F1187_F:TER:FR:Line::3ebed947-d25a-4cb1-ad23-a6db52a6f082::87581397:87581009:17:2115:20260828,21:00:00,21:01:00,StopPoint:OCETrain TER-87581538,13,,0,0,
OCESN866158F1187_F:TER:FR:Line::3ebed947-d25a-4cb1-ad23-a6db52a6f082::87581397:87581009:17:2115:20260828,21:04:00,21:05:00,StopPoint:OCETrain TER-87278259,14,,0,0,
OCESN866158F1187_F:TER:FR:Line::3ebed947-d25a-4cb1-ad23-a6db52a6f082::87581397:87581009:17:2115:20260828,21:09:00,21:10:00,StopPoint:OCETrain TER-87748350,15,,0,0,
OCESN866159F1187_F:TER:FR:Line::3ebed947-d25a-4cb1-ad23-a6db52a6f082::87581009:87581389:16:2206:20260927,20:15:00,20:16:00,StopPoint:OCETrain TER-87748350,1,,0,0,
OCESN866159F1187_F:TER:FR:Line::3ebed947-d25a-4cb1-ad23-a6db52a6f082::87581009:87581389:16:2206:20260927,20:19:00,20:20:00,StopPoint:OCETrain TER-87278259,2,,0,0,
OCESN866159F1187_F:TER:FR:Line::3ebed947-d25a-4cb1-ad23-a6db52a6f082::87581009:87581389:16:2206:20260927,20:23:00,20:24:00,StopPoint:OCETrain TER-87581538,3,,0,0,
OCESN866159F1187_F:TER:FR:Line::3ebed947-d25a-4cb1-ad23-a6db52a6f082::87581009:87581389:16:2206:20260927,20:28:00,20:29:00,StopPoint:OCETrain TER-87738096,4,,0,0,
OCESN866159F1187_F:TER:FR:Line::3ebed947-d25a-4cb1-ad23-a6db52a6f082::87581009:87581389:16:2206:20260927,20:31:00,20:32:00,StopPoint:OCETrain TER-87581736,5,,0,0,
OCESN866159F1187_F:TER:FR:Line::3ebed947-d25a-4cb1-ad23-a6db52a6f082::87581009:87581389:16:2206:20260927,20:37:00,20:42:00,StopPoint:OCETrain TER-87581728,6,,0,0,
OCESN866161F1187_F:TER:FR:Line::3ebed947-d25a-4cb1-ad23-a6db52a6f082::87581009:87581314:14:2140:20260830,20:20:00,20:21:00,StopPoint:OCETrain TER-87748350,1,,0,0,
OCESN866161F1187_F:TER:FR:Line::3ebed947-d25a-4cb1-ad23-a6db52a6f082::87581009:87581314:14:2140:20260830,20:25:00,20:26:00,StopPoint:OCETrain TER-87278259,2,,0,0,
OCESN866161F1187_F:TER:FR:Line::3ebed947-d25a-4cb1-ad23-a6db52a6f082::87581009:87581314:14:2140:20260830,20:29:00,20:30:00,StopPoint:OCETrain TER-87581538,3,,0,0,
OCESN866161F1187_F:TER:FR:Line::3ebed947-d25a-4cb1-ad23-a6db52a6f082::87581009:87581314:14:2140:20260830,20:34:00,20:35:00,StopPoint:OCETrain TER-87738096,4,,0,0,
OCESN866161F1187_F:TER:FR:Line::3ebed947-d25a-4cb1-ad23-a6db52a6f082::87581009:87581314:14:2140:20260830,20:38:00,20:39:00,StopPoint:OCETrain TER-87581736,5,,0,0,
OCESN866161F1187_F:TER:FR:Line::3ebed947-d25a-4cb1-ad23-a6db52a6f082::87581009:87581314:14:2140:20260830,20:44:00,20:47:00,StopPoint:OCETrain TER-87581728,6,,0,0,
OCESN866163F1187_F:TER:FR:Line::3ebed947-d25a-4cb1-ad23-a6db52a6f082::87581009:87581256:13:2156:20260930,20:50:00,20:51:00,StopPoint:OCETrain TER-87748350,1,,0,0,
OCESN866163F1187_F:TER:FR:Line::3ebed947-d25a-4cb1-ad23-a6db52a6f082::87581009:87581256:13:2156:20260930,20:56:00,20:57:00,StopPoint:OCETrain TER-87278259,2,,0,0,
OCESN866163F1187_F:TER:FR:Line::3ebed947-d25a-4cb1-ad23-a6db52a6f082::87581009:87581256:13:2156:20260930,20:59:00,21:00:00,StopPoint:OCETrain TER-87581538,3,,0,0,
OCESN866163F1187_F:TER:FR:Line::3ebed947-d25a-4cb1-ad23-a6db52a6f082::87581009:87581256:13:2156:20260930,21:05:00,21:06:00,StopPoint:OCETrain TER-87738096,4,,0,0,
OCESN866163F1187_F:TER:FR:Line::3ebed947-d25a-4cb1-ad23-a6db52a6f082::87581009:87581256:13:2156:20260930,21:09:00,21:10:00,StopPoint:OCETrain TER-87581736,5,,0,0,
OCESN866163F1187_F:TER:FR:Line::3ebed947-d25a-4cb1-ad23-a6db52a6f082::87581009:87581256:13:2156:20260930,21:16:00,21:19:00,StopPoint:OCETrain TER-87581728,6,,0,0,
OCESN866163F1187_F:TER:FR:Line::3ebed947-d25a-4cb1-ad23-a6db52a6f082::87581009:87581256:13:2156:20260703,20:50:00,20:51:00,StopPoint:OCETrain TER-87748350,1,,0,0,
OCESN866163F1187_F:TER:FR:Line::3ebed947-d25a-4cb1-ad23-a6db52a6f082::87581009:87581256:13:2156:20260703,20:56:00,20:57:00,StopPoint:OCETrain TER-87278259,2,,0,0,
OCESN866163F1187_F:TER:FR:Line::3ebed947-d25a-4cb1-ad23-a6db52a6f082::87581009:87581256:13:2156:20260703,20:59:00,21:00:00,StopPoint:OCETrain TER-87581538,3,,0,0,
OCESN866163F1187_F:TER:FR:Line::3ebed947-d25a-4cb1-ad23-a6db52a6f082::87581009:87581256:13:2156:20260703,21:05:00,21:06:00,StopPoint:OCETrain TER-87738096,4,,0,0,
OCESN866163F1187_F:TER:FR:Line::3ebed947-d25a-4cb1-ad23-a6db52a6f082::87581009:87581256:13:2156:20260703,21:10:00,21:11:00,StopPoint:OCETrain TER-87581736,5,,0,0,
OCESN866163F1187_F:TER:FR:Line::3ebed947-d25a-4cb1-ad23-a6db52a6f082::87581009:87581256:13:2156:20260703,21:16:00,21:19:00,StopPoint:OCETrain TER-87581728,6,,0,0,
OCESN866202F1187_F:TER:FR:Line::6831fb72-94d3-417c-915f-b9656db78b1a::87582668:87584052:18:705:20260703,06:16:00,06:17:00,StopPoint:OCETrain TER-87581793,8,,0,0,
OCESN866202F1187_F:TER:FR:Line::6831fb72-94d3-417c-915f-b9656db78b1a::87582668:87584052:18:705:20260703,06:19:00,06:20:00,StopPoint:OCETrain TER-87581751,9,,0,0,
OCESN866202F1187_F:TER:FR:Line::6831fb72-94d3-417c-915f-b9656db78b1a::87582668:87584052:18:705:20260703,06:22:00,06:23:00,StopPoint:OCETrain TER-87748350,10,,0,0,
OCESN866202F1187_F:TER:FR:Line::6831fb72-94d3-417c-915f-b9656db78b1a::87582668:87584052:18:705:20260703,06:36:00,06:37:00,StopPoint:OCETrain TER-87581595,12,,0,0,
OCESN866202F1187_F:TER:FR:Line::6831fb72-94d3-417c-915f-b9656db78b1a::87581009:87584052:8:705:20260831,06:36:00,06:37:00,StopPoint:OCETrain TER-87581595,1,,0,0,
OCESN866202F1187_F:TER:FR:Line::6831fb72-94d3-417c-915f-b9656db78b1a::87581009:87584052:8:705:20260831,06:41:00,06:42:00,StopPoint:OCETrain TER-87581850,2,,0,0,
OCESN866202F1187_F:TER:FR:Line::6831fb72-94d3-417c-915f-b9656db78b1a::87582668:87584052:19:705:20260930,06:16:00,06:17:00,StopPoint:OCETrain TER-87581793,8,,0,0,
OCESN866202F1187_F:TER:FR:Line::6831fb72-94d3-417c-915f-b9656db78b1a::87582668:87584052:19:705:20260930,06:19:00,06:20:00,StopPoint:OCETrain TER-87581751,9,,0,0,
OCESN866202F1187_F:TER:FR:Line::6831fb72-94d3-417c-915f-b9656db78b1a::87582668:87584052:19:705:20260930,06:22:00,06:23:00,StopPoint:OCETrain TER-87748350,10,,0,0,
OCESN866202F1187_F:TER:FR:Line::6831fb72-94d3-417c-915f-b9656db78b1a::87582668:87584052:19:705:20260930,06:36:00,06:37:00,StopPoint:OCETrain TER-87581595,12,,0,0,
OCESN866202F1187_F:TER:FR:Line::6831fb72-94d3-417c-915f-b9656db78b1a::87582668:87584052:19:705:20260930,06:41:00,06:42:00,StopPoint:OCETrain TER-87581850,13,,0,0,
OCESN866202F1187_F:TER:FR:Line::6831fb72-94d3-417c-915f-b9656db78b1a::87582668:87584052:17:704:20260515,06:16:00,06:17:00,StopPoint:OCETrain TER-87581793,8,,0,0,
OCESN866202F1187_F:TER:FR:Line::6831fb72-94d3-417c-915f-b9656db78b1a::87582668:87584052:17:704:20260515,06:19:00,06:20:00,StopPoint:OCETrain TER-87581751,9,,0,0,
OCESN866202F1187_F:TER:FR:Line::6831fb72-94d3-417c-915f-b9656db78b1a::87582668:87584052:17:704:20260515,06:22:00,06:23:00,StopPoint:OCETrain TER-87748350,10,,0,0,
OCESN866202F1187_F:TER:FR:Line::6831fb72-94d3-417c-915f-b9656db78b1a::87582668:87584052:17:704:20260515,06:35:00,06:36:00,StopPoint:OCETrain TER-87581595,12,,0,0,
OCESN866202F1187_F:TER:FR:Line::6831fb72-94d3-417c-915f-b9656db78b1a::87582668:87584052:18:705:20260522,06:16:00,06:17:00,StopPoint:OCETrain TER-87581793,8,,0,0,
OCESN866202F1187_F:TER:FR:Line::6831fb72-94d3-417c-915f-b9656db78b1a::87582668:87584052:18:705:20260522,06:19:00,06:20:00,StopPoint:OCETrain TER-87581751,9,,0,0,
OCESN866202F1187_F:TER:FR:Line::6831fb72-94d3-417c-915f-b9656db78b1a::87582668:87584052:18:705:20260522,06:22:00,06:23:00,StopPoint:OCETrain TER-87748350,10,,0,0,
OCESN866202F1187_F:TER:FR:Line::6831fb72-94d3-417c-915f-b9656db78b1a::87582668:87584052:18:705:20260522,06:36:00,06:37:00,StopPoint:OCETrain TER-87581595,12,,0,0,
OCESN866202F1187_F:TER:FR:Line::6831fb72-94d3-417c-915f-b9656db78b1a::87582668:87584052:18:705:20260619,06:16:00,06:17:00,StopPoint:OCETrain TER-87581793,8,,0,0,
OCESN866202F1187_F:TER:FR:Line::6831fb72-94d3-417c-915f-b9656db78b1a::87582668:87584052:18:705:20260619,06:19:00,06:20:00,StopPoint:OCETrain TER-87581751,9,,0,0,
OCESN866202F1187_F:TER:FR:Line::6831fb72-94d3-417c-915f-b9656db78b1a::87582668:87584052:18:705:20260619,06:22:00,06:23:00,StopPoint:OCETrain TER-87748350,10,,0,0,
OCESN866202F1187_F:TER:FR:Line::6831fb72-94d3-417c-915f-b9656db78b1a::87582668:87584052:18:705:20260619,06:36:00,06:37:00,StopPoint:OCETrain TER-87581595,12,,0,0,
OCESN866202F1187_F:TER:FR:Line::6831fb72-94d3-417c-915f-b9656db78b1a::87582668:87584052:18:709:20260513,06:16:00,06:17:00,StopPoint:OCETrain TER-87581793,8,,0,0,
OCESN866202F1187_F:TER:FR:Line::6831fb72-94d3-417c-915f-b9656db78b1a::87582668:87584052:18:709:20260513,06:19:00,06:20:00,StopPoint:OCETrain TER-87581751,9,,0,0,
OCESN866202F1187_F:TER:FR:Line::6831fb72-94d3-417c-915f-b9656db78b1a::87582668:87584052:18:709:20260513,06:22:00,06:23:00,StopPoint:OCETrain TER-87748350,10,,0,0,
OCESN866202F1187_F:TER:FR:Line::6831fb72-94d3-417c-915f-b9656db78b1a::87582668:87584052:18:709:20260513,06:36:00,06:37:00,StopPoint:OCETrain TER-87581595,12,,0,0,
OCESN866202F1187_F:TER:FR:Line::6831fb72-94d3-417c-915f-b9656db78b1a::87582668:87584052:19:709:20260424,06:16:00,06:17:00,StopPoint:OCETrain TER-87581793,8,,0,0,
OCESN866202F1187_F:TER:FR:Line::6831fb72-94d3-417c-915f-b9656db78b1a::87582668:87584052:19:709:20260424,06:19:00,06:20:00,StopPoint:OCETrain TER-87581751,9,,0,0,
OCESN866202F1187_F:TER:FR:Line::6831fb72-94d3-417c-915f-b9656db78b1a::87582668:87584052:19:709:20260424,06:22:00,06:23:00,StopPoint:OCETrain TER-87748350,10,,0,0,
OCESN866202F1187_F:TER:FR:Line::6831fb72-94d3-417c-915f-b9656db78b1a::87582668:87584052:19:709:20260424,06:36:00,06:37:00,StopPoint:OCETrain TER-87581595,12,,0,0,
OCESN866202F1187_F:TER:FR:Line::6831fb72-94d3-417c-915f-b9656db78b1a::87582668:87584052:19:709:20260424,06:44:00,06:45:00,StopPoint:OCETrain TER-87581850,13,,0,0,
OCESN866203F1187_F:TER:FR:Line::6831fb72-94d3-417c-915f-b9656db78b1a::87584052:87582668:18:724:20260703,06:22:00,06:23:00,StopPoint:OCETrain TER-87581595,5,,0,0,
OCESN866203F1187_F:TER:FR:Line::6831fb72-94d3-417c-915f-b9656db78b1a::87584052:87582668:18:724:20260703,06:35:00,06:36:00,StopPoint:OCETrain TER-87748350,7,,0,0,
OCESN866203F1187_F:TER:FR:Line::6831fb72-94d3-417c-915f-b9656db78b1a::87584052:87582668:18:724:20260703,06:39:00,06:40:00,StopPoint:OCETrain TER-87581751,8,,0,0,
OCESN866203F1187_F:TER:FR:Line::6831fb72-94d3-417c-915f-b9656db78b1a::87584052:87582668:18:724:20260703,06:42:00,06:43:00,StopPoint:OCETrain TER-87581793,9,,0,0,
OCESN866203F1187_F:TER:FR:Line::6831fb72-94d3-417c-915f-b9656db78b1a::87584052:87582668:17:726:20260515,06:21:00,06:22:00,StopPoint:OCETrain TER-87581595,4,,0,0,
OCESN866203F1187_F:TER:FR:Line::6831fb72-94d3-417c-915f-b9656db78b1a::87584052:87582668:17:726:20260515,06:36:00,06:37:00,StopPoint:OCETrain TER-87748350,6,,0,0,
OCESN866203F1187_F:TER:FR:Line::6831fb72-94d3-417c-915f-b9656db78b1a::87584052:87582668:17:726:20260515,06:39:00,06:40:00,StopPoint:OCETrain TER-87581751,7,,0,0,
OCESN866203F1187_F:TER:FR:Line::6831fb72-94d3-417c-915f-b9656db78b1a::87584052:87582668:17:726:20260515,06:42:00,06:43:00,StopPoint:OCETrain TER-87581793,8,,0,0,
OCESN866203F1187_F:TER:FR:Line::6831fb72-94d3-417c-915f-b9656db78b1a::87584052:87582668:18:726:20260522,06:22:00,06:23:00,StopPoint:OCETrain TER-87581595,5,,0,0,
OCESN866203F1187_F:TER:FR:Line::6831fb72-94d3-417c-915f-b9656db78b1a::87584052:87582668:18:726:20260522,06:35:00,06:36:00,StopPoint:OCETrain TER-87748350,7,,0,0,
OCESN866203F1187_F:TER:FR:Line::6831fb72-94d3-417c-915f-b9656db78b1a::87584052:87582668:18:726:20260522,06:39:00,06:40:00,StopPoint:OCETrain TER-87581751,8,,0,0,
OCESN866203F1187_F:TER:FR:Line::6831fb72-94d3-417c-915f-b9656db78b1a::87584052:87582668:18:726:20260522,06:42:00,06:43:00,StopPoint:OCETrain TER-87581793,9,,0,0,
OCESN866203F1187_F:TER:FR:Line::6831fb72-94d3-417c-915f-b9656db78b1a::87584052:87582668:18:726:20260513,06:23:00,06:24:00,StopPoint:OCETrain TER-87581595,5,,0,0,
OCESN866203F1187_F:TER:FR:Line::6831fb72-94d3-417c-915f-b9656db78b1a::87584052:87582668:18:726:20260513,06:35:00,06:36:00,StopPoint:OCETrain TER-87748350,7,,0,0,
OCESN866203F1187_F:TER:FR:Line::6831fb72-94d3-417c-915f-b9656db78b1a::87584052:87582668:18:726:20260513,06:39:00,06:40:00,StopPoint:OCETrain TER-87581751,8,,0,0,
OCESN866203F1187_F:TER:FR:Line::6831fb72-94d3-417c-915f-b9656db78b1a::87584052:87582668:18:726:20260513,06:42:00,06:43:00,StopPoint:OCETrain TER-87581793,9,,0,0,
OCESN866203F1187_F:TER:FR:Line::6831fb72-94d3-417c-915f-b9656db78b1a::87584052:87582668:18:724:20260619,06:22:00,06:23:00,StopPoint:OCETrain TER-87581595,5,,0,0,
OCESN866203F1187_F:TER:FR:Line::6831fb72-94d3-417c-915f-b9656db78b1a::87584052:87582668:18:724:20260619,06:35:00,06:36:00,StopPoint:OCETrain TER-87748350,7,,0,0,
OCESN866203F1187_F:TER:FR:Line::6831fb72-94d3-417c-915f-b9656db78b1a::87584052:87582668:18:724:20260619,06:39:00,06:40:00,StopPoint:OCETrain TER-87581751,8,,0,0,
OCESN866203F1187_F:TER:FR:Line::6831fb72-94d3-417c-915f-b9656db78b1a::87584052:87582668:18:724:20260619,06:42:00,06:43:00,StopPoint:OCETrain TER-87581793,9,,0,0,
OCESN866203F1187_F:TER:FR:Line::6831fb72-94d3-417c-915f-b9656db78b1a::87584052:87582668:19:724:20260930,06:17:00,06:18:00,StopPoint:OCETrain TER-87581850,5,,0,0,
OCESN866203F1187_F:TER:FR:Line::6831fb72-94d3-417c-915f-b9656db78b1a::87584052:87582668:19:724:20260930,06:22:00,06:23:00,StopPoint:OCETrain TER-87581595,6,,0,0,
OCESN866203F1187_F:TER:FR:Line::6831fb72-94d3-417c-915f-b9656db78b1a::87584052:87582668:19:724:20260930,06:35:00,06:36:00,StopPoint:OCETrain TER-87748350,8,,0,0,
OCESN866203F1187_F:TER:FR:Line::6831fb72-94d3-417c-915f-b9656db78b1a::87584052:87582668:19:724:20260930,06:39:00,06:40:00,StopPoint:OCETrain TER-87581751,9,,0,0,
OCESN866203F1187_F:TER:FR:Line::6831fb72-94d3-417c-915f-b9656db78b1a::87584052:87582668:19:724:20260930,06:42:00,06:43:00,StopPoint:OCETrain TER-87581793,10,,0,0,
OCESN866203F1187_F:TER:FR:Line::6831fb72-94d3-417c-915f-b9656db78b1a::87584052:87582668:19:726:20260424,06:16:00,06:17:00,StopPoint:OCETrain TER-87581850,5,,0,0,
OCESN866203F1187_F:TER:FR:Line::6831fb72-94d3-417c-915f-b9656db78b1a::87584052:87582668:19:726:20260424,06:24:00,06:25:00,StopPoint:OCETrain TER-87581595,6,,0,0,
OCESN866203F1187_F:TER:FR:Line::6831fb72-94d3-417c-915f-b9656db78b1a::87584052:87582668:19:726:20260424,06:35:00,06:36:00,StopPoint:OCETrain TER-87748350,8,,0,0,
OCESN866203F1187_F:TER:FR:Line::6831fb72-94d3-417c-915f-b9656db78b1a::87584052:87582668:19:726:20260424,06:39:00,06:40:00,StopPoint:OCETrain TER-87581751,9,,0,0,
OCESN866203F1187_F:TER:FR:Line::6831fb72-94d3-417c-915f-b9656db78b1a::87584052:87582668:19:726:20260424,06:42:00,06:43:00,StopPoint:OCETrain TER-87581793,10,,0,0,
OCESN866204F1187_F:TER:FR:Line::6831fb72-94d3-417c-915f-b9656db78b1a::87582668:87584052:18:736:20260828,06:46:00,06:47:00,StopPoint:OCETrain TER-87581793,8,,0,0,
OCESN866204F1187_F:TER:FR:Line::6831fb72-94d3-417c-915f-b9656db78b1a::87582668:87584052:18:736:20260828,06:49:00,06:50:00,StopPoint:OCETrain TER-87581751,9,,0,0,
OCESN866204F1187_F:TER:FR:Line::6831fb72-94d3-417c-915f-b9656db78b1a::87582668:87584052:18:736:20260828,06:52:00,06:53:00,StopPoint:OCETrain TER-87748350,10,,0,0,
OCESN866204F1187_F:TER:FR:Line::6831fb72-94d3-417c-915f-b9656db78b1a::87582668:87584052:18:736:20260828,07:06:00,07:07:00,StopPoint:OCETrain TER-87581595,12,,0,0,
OCESN866204F1187_F:TER:FR:Line::6831fb72-94d3-417c-915f-b9656db78b1a::87582668:87584052:19:736:20260930,06:46:00,06:47:00,StopPoint:OCETrain TER-87581793,8,,0,0,
OCESN866204F1187_F:TER:FR:Line::6831fb72-94d3-417c-915f-b9656db78b1a::87582668:87584052:19:736:20260930,06:49:00,06:50:00,StopPoint:OCETrain TER-87581751,9,,0,0,
OCESN866204F1187_F:TER:FR:Line::6831fb72-94d3-417c-915f-b9656db78b1a::87582668:87584052:19:736:20260930,06:52:00,06:53:00,StopPoint:OCETrain TER-87748350,10,,0,0,
OCESN866204F1187_F:TER:FR:Line::6831fb72-94d3-417c-915f-b9656db78b1a::87582668:87584052:19:736:20260930,07:06:00,07:07:00,StopPoint:OCETrain TER-87581595,12,,0,0,
OCESN866204F1187_F:TER:FR:Line::6831fb72-94d3-417c-915f-b9656db78b1a::87582668:87584052:19:736:20260930,07:11:00,07:12:00,StopPoint:OCETrain TER-87581850,13,,0,0,
OCESN866204F1187_F:TER:FR:Line::6831fb72-94d3-417c-915f-b9656db78b1a::87582668:87581009:12:659:20260515,06:47:00,06:48:00,StopPoint:OCETrain TER-87581793,8,,0,0,
OCESN866204F1187_F:TER:FR:Line::6831fb72-94d3-417c-915f-b9656db78b1a::87582668:87581009:12:659:20260515,06:50:00,06:51:00,StopPoint:OCETrain TER-87581751,9,,0,0,
OCESN866204F1187_F:TER:FR:Line::6831fb72-94d3-417c-915f-b9656db78b1a::87582668:87581009:12:659:20260515,06:53:00,06:54:00,StopPoint:OCETrain TER-87748350,10,,0,0,
OCESN866204F1187_F:TER:FR:Line::6831fb72-94d3-417c-915f-b9656db78b1a::87581009:87584052:6:739:20260516,07:09:00,07:10:00,StopPoint:OCETrain TER-87581595,1,,0,0,
OCESN866204F1187_F:TER:FR:Line::6831fb72-94d3-417c-915f-b9656db78b1a::87582668:87584052:18:736:20260522,06:48:00,06:49:00,StopPoint:OCETrain TER-87581793,8,,0,0,
OCESN866204F1187_F:TER:FR:Line::6831fb72-94d3-417c-915f-b9656db78b1a::87582668:87584052:18:736:20260522,06:51:00,06:52:00,StopPoint:OCETrain TER-87581751,9,,0,0,
OCESN866204F1187_F:TER:FR:Line::6831fb72-94d3-417c-915f-b9656db78b1a::87582668:87584052:18:736:20260522,06:54:00,06:55:00,StopPoint:OCETrain TER-87748350,10,,0,0,
OCESN866204F1187_F:TER:FR:Line::6831fb72-94d3-417c-915f-b9656db78b1a::87582668:87584052:18:736:20260522,07:08:00,07:09:00,StopPoint:OCETrain TER-87581595,12,,0,0,
OCESN866204F1187_F:TER:FR:Line::6831fb72-94d3-417c-915f-b9656db78b1a::87582668:87584052:17:739:20260514,06:47:00,06:48:00,StopPoint:OCETrain TER-87581793,8,,0,0,
OCESN866204F1187_F:TER:FR:Line::6831fb72-94d3-417c-915f-b9656db78b1a::87582668:87584052:17:739:20260514,06:50:00,06:51:00,StopPoint:OCETrain TER-87581751,9,,0,0,
OCESN866204F1187_F:TER:FR:Line::6831fb72-94d3-417c-915f-b9656db78b1a::87582668:87584052:17:739:20260514,06:53:00,06:54:00,StopPoint:OCETrain TER-87748350,10,,0,0,
OCESN866204F1187_F:TER:FR:Line::6831fb72-94d3-417c-915f-b9656db78b1a::87582668:87584052:17:739:20260514,07:09:00,07:10:00,StopPoint:OCETrain TER-87581595,12,,0,0,
OCESN866204F1187_F:TER:FR:Line::6831fb72-94d3-417c-915f-b9656db78b1a::87582668:87584052:18:739:20260513,06:47:00,06:48:00,StopPoint:OCETrain TER-87581793,8,,0,0,
OCESN866204F1187_F:TER:FR:Line::6831fb72-94d3-417c-915f-b9656db78b1a::87582668:87584052:18:739:20260513,06:50:00,06:51:00,StopPoint:OCETrain TER-87581751,9,,0,0,
OCESN866204F1187_F:TER:FR:Line::6831fb72-94d3-417c-915f-b9656db78b1a::87582668:87584052:18:739:20260513,06:53:00,06:54:00,StopPoint:OCETrain TER-87748350,10,,0,0,
OCESN866204F1187_F:TER:FR:Line::6831fb72-94d3-417c-915f-b9656db78b1a::87582668:87584052:18:739:20260513,07:06:00,07:07:00,StopPoint:OCETrain TER-87581595,12,,0,0,
OCESN866204F1187_F:TER:FR:Line::6831fb72-94d3-417c-915f-b9656db78b1a::87582668:87584052:17:736:20260619,06:46:00,06:47:00,StopPoint:OCETrain TER-87581793,8,,0,0,
OCESN866204F1187_F:TER:FR:Line::6831fb72-94d3-417c-915f-b9656db78b1a::87582668:87584052:17:736:20260619,06:49:00,06:50:00,StopPoint:OCETrain TER-87581751,9,,0,0,
OCESN866204F1187_F:TER:FR:Line::6831fb72-94d3-417c-915f-b9656db78b1a::87582668:87584052:17:736:20260619,06:52:00,06:53:00,StopPoint:OCETrain TER-87748350,10,,0,0,
OCESN866204F1187_F:TER:FR:Line::6831fb72-94d3-417c-915f-b9656db78b1a::87582668:87584052:17:736:20260619,07:06:00,07:07:00,StopPoint:OCETrain TER-87581595,12,,0,0,
OCESN866204F1187_F:TER:FR:Line::6831fb72-94d3-417c-915f-b9656db78b1a::87582668:87584052:19:739:20260425,06:47:00,06:48:00,StopPoint:OCETrain TER-87581793,8,,0,0,
OCESN866204F1187_F:TER:FR:Line::6831fb72-94d3-417c-915f-b9656db78b1a::87582668:87584052:19:739:20260425,06:50:00,06:51:00,StopPoint:OCETrain TER-87581751,9,,0,0,
OCESN866204F1187_F:TER:FR:Line::6831fb72-94d3-417c-915f-b9656db78b1a::87582668:87584052:19:739:20260425,06:53:00,06:54:00,StopPoint:OCETrain TER-87748350,10,,0,0,
OCESN866204F1187_F:TER:FR:Line::6831fb72-94d3-417c-915f-b9656db78b1a::87582668:87584052:19:739:20260425,07:06:00,07:07:00,StopPoint:OCETrain TER-87581595,12,,0,0,
OCESN866204F1187_F:TER:FR:Line::6831fb72-94d3-417c-915f-b9656db78b1a::87582668:87584052:19:739:20260425,07:14:00,07:15:00,StopPoint:OCETrain TER-87581850,13,,0,0,
OCESN866205F1187_F:TER:FR:Line::6831fb72-94d3-417c-915f-b9656db78b1a::87584052:87582668:18:755:20260828,06:52:00,06:53:00,StopPoint:OCETrain TER-87581595,5,,0,0,
OCESN866205F1187_F:TER:FR:Line::6831fb72-94d3-417c-915f-b9656db78b1a::87584052:87582668:18:755:20260828,07:06:00,07:07:00,StopPoint:OCETrain TER-87748350,7,,0,0,
OCESN866205F1187_F:TER:FR:Line::6831fb72-94d3-417c-915f-b9656db78b1a::87584052:87582668:18:755:20260828,07:10:00,07:11:00,StopPoint:OCETrain TER-87581751,8,,0,0,
OCESN866205F1187_F:TER:FR:Line::6831fb72-94d3-417c-915f-b9656db78b1a::87584052:87582668:18:755:20260828,07:13:00,07:14:00,StopPoint:OCETrain TER-87581793,9,,0,0,
OCESN866205F1187_F:TER:FR:Line::6831fb72-94d3-417c-915f-b9656db78b1a::87584052:87582668:19:755:20260930,06:47:00,06:48:00,StopPoint:OCETrain TER-87581850,5,,0,0,
OCESN866205F1187_F:TER:FR:Line::6831fb72-94d3-417c-915f-b9656db78b1a::87584052:87582668:19:755:20260930,06:52:00,06:53:00,StopPoint:OCETrain TER-87581595,6,,0,0,
OCESN866205F1187_F:TER:FR:Line::6831fb72-94d3-417c-915f-b9656db78b1a::87584052:87582668:19:755:20260930,07:06:00,07:07:00,StopPoint:OCETrain TER-87748350,8,,0,0,
OCESN866205F1187_F:TER:FR:Line::6831fb72-94d3-417c-915f-b9656db78b1a::87584052:87582668:19:755:20260930,07:10:00,07:11:00,StopPoint:OCETrain TER-87581751,9,,0,0,
OCESN866205F1187_F:TER:FR:Line::6831fb72-94d3-417c-915f-b9656db78b1a::87584052:87582668:19:755:20260930,07:13:00,07:14:00,StopPoint:OCETrain TER-87581793,10,,0,0,
OCESN866205F1187_F:TER:FR:Line::6831fb72-94d3-417c-915f-b9656db78b1a::87584052:87582668:16:808:20260515,07:01:00,07:02:00,StopPoint:OCETrain TER-87581595,3,,0,0,
OCESN866205F1187_F:TER:FR:Line::6831fb72-94d3-417c-915f-b9656db78b1a::87584052:87582668:16:808:20260515,07:15:00,07:16:00,StopPoint:OCETrain TER-87748350,5,,0,0,
OCESN866205F1187_F:TER:FR:Line::6831fb72-94d3-417c-915f-b9656db78b1a::87584052:87582668:16:808:20260515,07:18:00,07:19:00,StopPoint:OCETrain TER-87581751,6,,0,0,
OCESN866205F1187_F:TER:FR:Line::6831fb72-94d3-417c-915f-b9656db78b1a::87584052:87582668:16:808:20260515,07:21:00,07:22:00,StopPoint:OCETrain TER-87581793,7,,0,0,
OCESN866205F1187_F:TER:FR:Line::6831fb72-94d3-417c-915f-b9656db78b1a::87584052:87582668:18:757:20260513,06:54:00,06:55:00,StopPoint:OCETrain TER-87581595,5,,0,0,
OCESN866205F1187_F:TER:FR:Line::6831fb72-94d3-417c-915f-b9656db78b1a::87584052:87582668:18:757:20260513,07:06:00,07:07:00,StopPoint:OCETrain TER-87748350,7,,0,0,
OCESN866205F1187_F:TER:FR:Line::6831fb72-94d3-417c-915f-b9656db78b1a::87584052:87582668:18:757:20260513,07:10:00,07:11:00,StopPoint:OCETrain TER-87581751,8,,0,0,
OCESN866205F1187_F:TER:FR:Line::6831fb72-94d3-417c-915f-b9656db78b1a::87584052:87582668:18:757:20260513,07:13:00,07:14:00,StopPoint:OCETrain TER-87581793,9,,0,0,
OCESN866205F1187_F:TER:FR:Line::6831fb72-94d3-417c-915f-b9656db78b1a::87584052:87582668:18:757:20260522,06:52:00,06:53:00,StopPoint:OCETrain TER-87581595,5,,0,0,
OCESN866205F1187_F:TER:FR:Line::6831fb72-94d3-417c-915f-b9656db78b1a::87584052:87582668:18:757:20260522,07:06:00,07:07:00,StopPoint:OCETrain TER-87748350,7,,0,0,
OCESN866205F1187_F:TER:FR:Line::6831fb72-94d3-417c-915f-b9656db78b1a::87584052:87582668:18:757:20260522,07:10:00,07:11:00,StopPoint:OCETrain TER-87581751,8,,0,0,
OCESN866205F1187_F:TER:FR:Line::6831fb72-94d3-417c-915f-b9656db78b1a::87584052:87582668:18:757:20260522,07:13:00,07:14:00,StopPoint:OCETrain TER-87581793,9,,0,0,
OCESN866205F1187_F:TER:FR:Line::6831fb72-94d3-417c-915f-b9656db78b1a::87584052:87582668:18:755:20260619,06:52:00,06:53:00,StopPoint:OCETrain TER-87581595,5,,0,0,
OCESN866205F1187_F:TER:FR:Line::6831fb72-94d3-417c-915f-b9656db78b1a::87584052:87582668:18:755:20260619,07:06:00,07:07:00,StopPoint:OCETrain TER-87748350,7,,0,0,
OCESN866205F1187_F:TER:FR:Line::6831fb72-94d3-417c-915f-b9656db78b1a::87584052:87582668:18:755:20260619,07:10:00,07:11:00,StopPoint:OCETrain TER-87581751,8,,0,0,
OCESN866205F1187_F:TER:FR:Line::6831fb72-94d3-417c-915f-b9656db78b1a::87584052:87582668:18:755:20260619,07:13:00,07:14:00,StopPoint:OCETrain TER-87581793,9,,0,0,
OCESN866205F1187_F:TER:FR:Line::6831fb72-94d3-417c-915f-b9656db78b1a::87584052:87582668:19:757:20260424,06:47:00,06:48:00,StopPoint:OCETrain TER-87581850,5,,0,0,
OCESN866205F1187_F:TER:FR:Line::6831fb72-94d3-417c-915f-b9656db78b1a::87584052:87582668:19:757:20260424,06:54:00,06:55:00,StopPoint:OCETrain TER-87581595,6,,0,0,
OCESN866205F1187_F:TER:FR:Line::6831fb72-94d3-417c-915f-b9656db78b1a::87584052:87582668:19:757:20260424,07:06:00,07:07:00,StopPoint:OCETrain TER-87748350,8,,0,0,
OCESN866205F1187_F:TER:FR:Line::6831fb72-94d3-417c-915f-b9656db78b1a::87584052:87582668:19:757:20260424,07:10:00,07:11:00,StopPoint:OCETrain TER-87581751,9,,0,0,
OCESN866205F1187_F:TER:FR:Line::6831fb72-94d3-417c-915f-b9656db78b1a::87584052:87582668:19:757:20260424,07:13:00,07:14:00,StopPoint:OCETrain TER-87581793,10,,0,0,
OCESN866206F1187_F:TER:FR:Line::6831fb72-94d3-417c-915f-b9656db78b1a::87582668:87584052:18:803:20260703,07:15:00,07:16:00,StopPoint:OCETrain TER-87581793,8,,0,0,
OCESN866206F1187_F:TER:FR:Line::6831fb72-94d3-417c-915f-b9656db78b1a::87582668:87584052:18:803:20260703,07:18:00,07:19:00,StopPoint:OCETrain TER-87581751,9,,0,0,
OCESN866206F1187_F:TER:FR:Line::6831fb72-94d3-417c-915f-b9656db78b1a::87582668:87584052:18:803:20260703,07:22:00,07:23:00,StopPoint:OCETrain TER-87748350,10,,0,0,
OCESN866206F1187_F:TER:FR:Line::6831fb72-94d3-417c-915f-b9656db78b1a::87582668:87584052:18:803:20260703,07:34:00,07:35:00,StopPoint:OCETrain TER-87581595,12,,0,0,
OCESN866206F1187_F:TER:FR:Line::6831fb72-94d3-417c-915f-b9656db78b1a::87582668:87584052:19:803:20260930,07:15:00,07:16:00,StopPoint:OCETrain TER-87581793,8,,0,0,
OCESN866206F1187_F:TER:FR:Line::6831fb72-94d3-417c-915f-b9656db78b1a::87582668:87584052:19:803:20260930,07:18:00,07:19:00,StopPoint:OCETrain TER-87581751,9,,0,0,
OCESN866206F1187_F:TER:FR:Line::6831fb72-94d3-417c-915f-b9656db78b1a::87582668:87584052:19:803:20260930,07:22:00,07:23:00,StopPoint:OCETrain TER-87748350,10,,0,0,
OCESN866206F1187_F:TER:FR:Line::6831fb72-94d3-417c-915f-b9656db78b1a::87582668:87584052:19:803:20260930,07:34:00,07:35:00,StopPoint:OCETrain TER-87581595,12,,0,0,
OCESN866206F1187_F:TER:FR:Line::6831fb72-94d3-417c-915f-b9656db78b1a::87582668:87584052:19:803:20260930,07:39:00,07:40:00,StopPoint:OCETrain TER-87581850,13,,0,0,
OCESN866206F1187_F:TER:FR:Line::6831fb72-94d3-417c-915f-b9656db78b1a::87582668:87584052:17:802:20260515,07:09:00,07:10:00,StopPoint:OCETrain TER-87581793,8,,0,0,
OCESN866206F1187_F:TER:FR:Line::6831fb72-94d3-417c-915f-b9656db78b1a::87582668:87584052:17:802:20260515,07:12:00,07:13:00,StopPoint:OCETrain TER-87581751,9,,0,0,
OCESN866206F1187_F:TER:FR:Line::6831fb72-94d3-417c-915f-b9656db78b1a::87582668:87584052:17:802:20260515,07:16:00,07:17:00,StopPoint:OCETrain TER-87748350,10,,0,0,
OCESN866206F1187_F:TER:FR:Line::6831fb72-94d3-417c-915f-b9656db78b1a::87582668:87584052:17:802:20260515,07:28:00,07:29:00,StopPoint:OCETrain TER-87581595,12,,0,0,
OCESN866206F1187_F:TER:FR:Line::6831fb72-94d3-417c-915f-b9656db78b1a::87582668:87584052:18:803:20260522,07:15:00,07:16:00,StopPoint:OCETrain TER-87581793,8,,0,0,
OCESN866206F1187_F:TER:FR:Line::6831fb72-94d3-417c-915f-b9656db78b1a::87582668:87584052:18:803:20260522,07:18:00,07:19:00,StopPoint:OCETrain TER-87581751,9,,0,0,
OCESN866206F1187_F:TER:FR:Line::6831fb72-94d3-417c-915f-b9656db78b1a::87582668:87584052:18:803:20260522,07:22:00,07:23:00,StopPoint:OCETrain TER-87748350,10,,0,0,
OCESN866206F1187_F:TER:FR:Line::6831fb72-94d3-417c-915f-b9656db78b1a::87582668:87584052:18:803:20260522,07:34:00,07:35:00,StopPoint:OCETrain TER-87581595,12,,0,0,
OCESN866206F1187_F:TER:FR:Line::6831fb72-94d3-417c-915f-b9656db78b1a::87582668:87584052:18:803:20260619,07:15:00,07:16:00,StopPoint:OCETrain TER-87581793,8,,0,0,
OCESN866206F1187_F:TER:FR:Line::6831fb72-94d3-417c-915f-b9656db78b1a::87582668:87584052:18:803:20260619,07:18:00,07:19:00,StopPoint:OCETrain TER-87581751,9,,0,0,
OCESN866206F1187_F:TER:FR:Line::6831fb72-94d3-417c-915f-b9656db78b1a::87582668:87584052:18:803:20260619,07:22:00,07:23:00,StopPoint:OCETrain TER-87748350,10,,0,0,
OCESN866206F1187_F:TER:FR:Line::6831fb72-94d3-417c-915f-b9656db78b1a::87582668:87584052:18:803:20260619,07:34:00,07:35:00,StopPoint:OCETrain TER-87581595,12,,0,0,
OCESN866206F1187_F:TER:FR:Line::6831fb72-94d3-417c-915f-b9656db78b1a::87582668:87584052:18:802:20260513,07:09:00,07:10:00,StopPoint:OCETrain TER-87581793,8,,0,0,
OCESN866206F1187_F:TER:FR:Line::6831fb72-94d3-417c-915f-b9656db78b1a::87582668:87584052:18:802:20260513,07:12:00,07:13:00,StopPoint:OCETrain TER-87581751,9,,0,0,
OCESN866206F1187_F:TER:FR:Line::6831fb72-94d3-417c-915f-b9656db78b1a::87582668:87584052:18:802:20260513,07:16:00,07:17:00,StopPoint:OCETrain TER-87748350,10,,0,0,
OCESN866206F1187_F:TER:FR:Line::6831fb72-94d3-417c-915f-b9656db78b1a::87582668:87584052:18:802:20260513,07:28:00,07:29:00,StopPoint:OCETrain TER-87581595,12,,0,0,
OCESN866206F1187_F:TER:FR:Line::6831fb72-94d3-417c-915f-b9656db78b1a::87582668:87584052:19:802:20260424,07:09:00,07:10:00,StopPoint:OCETrain TER-87581793,8,,0,0,
OCESN866206F1187_F:TER:FR:Line::6831fb72-94d3-417c-915f-b9656db78b1a::87582668:87584052:19:802:20260424,07:12:00,07:13:00,StopPoint:OCETrain TER-87581751,9,,0,0,
OCESN866206F1187_F:TER:FR:Line::6831fb72-94d3-417c-915f-b9656db78b1a::87582668:87584052:19:802:20260424,07:16:00,07:17:00,StopPoint:OCETrain TER-87748350,10,,0,0,
OCESN866206F1187_F:TER:FR:Line::6831fb72-94d3-417c-915f-b9656db78b1a::87582668:87584052:19:802:20260424,07:28:00,07:29:00,StopPoint:OCETrain TER-87581595,12,,0,0,
OCESN866206F1187_F:TER:FR:Line::6831fb72-94d3-417c-915f-b9656db78b1a::87582668:87584052:19:802:20260424,07:36:00,07:37:00,StopPoint:OCETrain TER-87581850,13,,0,0,
OCESN866207F1187_F:TER:FR:Line::6831fb72-94d3-417c-915f-b9656db78b1a::87584516:87582668:20:824:20260620,07:20:00,07:21:00,StopPoint:OCETrain TER-87581595,7,,0,0,
OCESN866207F1187_F:TER:FR:Line::6831fb72-94d3-417c-915f-b9656db78b1a::87584516:87582668:20:824:20260620,07:36:00,07:37:00,StopPoint:OCETrain TER-87748350,9,,0,0,
OCESN866207F1187_F:TER:FR:Line::6831fb72-94d3-417c-915f-b9656db78b1a::87584516:87582668:20:824:20260620,07:39:00,07:40:00,StopPoint:OCETrain TER-87581751,10,,0,0,
OCESN866207F1187_F:TER:FR:Line::6831fb72-94d3-417c-915f-b9656db78b1a::87584516:87582668:20:824:20260620,07:42:00,07:43:00,StopPoint:OCETrain TER-87581793,11,,0,0,
OCESN866207F1187_F:TER:FR:Line::6831fb72-94d3-417c-915f-b9656db78b1a::87584516:87582668:19:824:20260828,07:20:00,07:21:00,StopPoint:OCETrain TER-87581595,6,,0,0,
OCESN866207F1187_F:TER:FR:Line::6831fb72-94d3-417c-915f-b9656db78b1a::87584516:87582668:19:824:20260828,07:36:00,07:37:00,StopPoint:OCETrain TER-87748350,8,,0,0,
OCESN866207F1187_F:TER:FR:Line::6831fb72-94d3-417c-915f-b9656db78b1a::87584516:87582668:19:824:20260828,07:39:00,07:40:00,StopPoint:OCETrain TER-87581751,9,,0,0,
OCESN866207F1187_F:TER:FR:Line::6831fb72-94d3-417c-915f-b9656db78b1a::87584516:87582668:19:824:20260828,07:42:00,07:43:00,StopPoint:OCETrain TER-87581793,10,,0,0,
OCESN866207F1187_F:TER:FR:Line::6831fb72-94d3-417c-915f-b9656db78b1a::87584516:87582668:20:824:20260930,07:16:00,07:17:00,StopPoint:OCETrain TER-87581850,6,,0,0,
OCESN866207F1187_F:TER:FR:Line::6831fb72-94d3-417c-915f-b9656db78b1a::87584516:87582668:20:824:20260930,07:20:00,07:21:00,StopPoint:OCETrain TER-87581595,7,,0,0,
OCESN866207F1187_F:TER:FR:Line::6831fb72-94d3-417c-915f-b9656db78b1a::87584516:87582668:20:824:20260930,07:36:00,07:37:00,StopPoint:OCETrain TER-87748350,9,,0,0,
OCESN866207F1187_F:TER:FR:Line::6831fb72-94d3-417c-915f-b9656db78b1a::87584516:87582668:20:824:20260930,07:39:00,07:40:00,StopPoint:OCETrain TER-87581751,10,,0,0,
OCESN866207F1187_F:TER:FR:Line::6831fb72-94d3-417c-915f-b9656db78b1a::87584516:87582668:20:824:20260930,07:42:00,07:43:00,StopPoint:OCETrain TER-87581793,11,,0,0,
OCESN866207F1187_F:TER:FR:Line::6831fb72-94d3-417c-915f-b9656db78b1a::87584516:87581009:8:742:20260516,07:37:00,07:38:00,StopPoint:OCETrain TER-87581595,6,,0,0,
OCESN866207F1187_F:TER:FR:Line::6831fb72-94d3-417c-915f-b9656db78b1a::87584516:87582668:19:840:20260514,07:37:00,07:38:00,StopPoint:OCETrain TER-87581595,6,,0,0,
OCESN866207F1187_F:TER:FR:Line::6831fb72-94d3-417c-915f-b9656db78b1a::87584516:87582668:19:840:20260514,07:50:00,07:51:00,StopPoint:OCETrain TER-87748350,8,,0,0,
OCESN866207F1187_F:TER:FR:Line::6831fb72-94d3-417c-915f-b9656db78b1a::87584516:87582668:19:840:20260514,07:53:00,07:54:00,StopPoint:OCETrain TER-87581751,9,,0,0,
OCESN866207F1187_F:TER:FR:Line::6831fb72-94d3-417c-915f-b9656db78b1a::87584516:87582668:19:840:20260514,07:57:00,07:58:00,StopPoint:OCETrain TER-87581793,10,,0,0,
OCESN866207F1187_F:TER:FR:Line::6831fb72-94d3-417c-915f-b9656db78b1a::87584516:87582668:20:826:20260513,07:22:00,07:23:00,StopPoint:OCETrain TER-87581595,7,,0,0,
OCESN866207F1187_F:TER:FR:Line::6831fb72-94d3-417c-915f-b9656db78b1a::87584516:87582668:20:826:20260513,07:36:00,07:37:00,StopPoint:OCETrain TER-87748350,9,,0,0,
OCESN866207F1187_F:TER:FR:Line::6831fb72-94d3-417c-915f-b9656db78b1a::87584516:87582668:20:826:20260513,07:39:00,07:40:00,StopPoint:OCETrain TER-87581751,10,,0,0,
OCESN866207F1187_F:TER:FR:Line::6831fb72-94d3-417c-915f-b9656db78b1a::87584516:87582668:20:826:20260513,07:42:00,07:43:00,StopPoint:OCETrain TER-87581793,11,,0,0,
OCESN866207F1187_F:TER:FR:Line::6831fb72-94d3-417c-915f-b9656db78b1a::87584516:87582668:20:826:20260522,07:20:00,07:21:00,StopPoint:OCETrain TER-87581595,7,,0,0,
OCESN866207F1187_F:TER:FR:Line::6831fb72-94d3-417c-915f-b9656db78b1a::87584516:87582668:20:826:20260522,07:36:00,07:37:00,StopPoint:OCETrain TER-87748350,9,,0,0,
OCESN866207F1187_F:TER:FR:Line::6831fb72-94d3-417c-915f-b9656db78b1a::87584516:87582668:20:826:20260522,07:39:00,07:40:00,StopPoint:OCETrain TER-87581751,10,,0,0,
OCESN866207F1187_F:TER:FR:Line::6831fb72-94d3-417c-915f-b9656db78b1a::87584516:87582668:20:826:20260522,07:42:00,07:43:00,StopPoint:OCETrain TER-87581793,11,,0,0,
OCESN866207F1187_F:TER:FR:Line::6831fb72-94d3-417c-915f-b9656db78b1a::87584516:87582668:20:824:20260619,07:20:00,07:21:00,StopPoint:OCETrain TER-87581595,7,,0,0,
OCESN866207F1187_F:TER:FR:Line::6831fb72-94d3-417c-915f-b9656db78b1a::87584516:87582668:20:824:20260619,07:36:00,07:37:00,StopPoint:OCETrain TER-87748350,9,,0,0,
OCESN866207F1187_F:TER:FR:Line::6831fb72-94d3-417c-915f-b9656db78b1a::87584516:87582668:20:824:20260619,07:39:00,07:40:00,StopPoint:OCETrain TER-87581751,10,,0,0,
OCESN866207F1187_F:TER:FR:Line::6831fb72-94d3-417c-915f-b9656db78b1a::87584516:87582668:20:824:20260619,07:42:00,07:43:00,StopPoint:OCETrain TER-87581793,11,,0,0,
OCESN866207F1187_F:TER:FR:Line::6831fb72-94d3-417c-915f-b9656db78b1a::87584516:87582668:20:824:20260703,07:20:00,07:21:00,StopPoint:OCETrain TER-87581595,7,,0,0,
OCESN866207F1187_F:TER:FR:Line::6831fb72-94d3-417c-915f-b9656db78b1a::87584516:87582668:20:824:20260703,07:36:00,07:37:00,StopPoint:OCETrain TER-87748350,9,,0,0,
OCESN866207F1187_F:TER:FR:Line::6831fb72-94d3-417c-915f-b9656db78b1a::87584516:87582668:20:824:20260703,07:39:00,07:40:00,StopPoint:OCETrain TER-87581751,10,,0,0,
OCESN866207F1187_F:TER:FR:Line::6831fb72-94d3-417c-915f-b9656db78b1a::87584516:87582668:20:824:20260703,07:42:00,07:43:00,StopPoint:OCETrain TER-87581793,11,,0,0,
OCESN866207F1187_F:TER:FR:Line::6831fb72-94d3-417c-915f-b9656db78b1a::87584516:87582668:21:826:20260425,07:15:00,07:16:00,StopPoint:OCETrain TER-87581850,7,,0,0,
OCESN866207F1187_F:TER:FR:Line::6831fb72-94d3-417c-915f-b9656db78b1a::87584516:87582668:21:826:20260425,07:22:00,07:23:00,StopPoint:OCETrain TER-87581595,8,,0,0,
OCESN866207F1187_F:TER:FR:Line::6831fb72-94d3-417c-915f-b9656db78b1a::87584516:87582668:21:826:20260425,07:36:00,07:37:00,StopPoint:OCETrain TER-87748350,10,,0,0,
OCESN866207F1187_F:TER:FR:Line::6831fb72-94d3-417c-915f-b9656db78b1a::87584516:87582668:21:826:20260425,07:39:00,07:40:00,StopPoint:OCETrain TER-87581751,11,,0,0,
OCESN866207F1187_F:TER:FR:Line::6831fb72-94d3-417c-915f-b9656db78b1a::87584516:87582668:21:826:20260425,07:42:00,07:43:00,StopPoint:OCETrain TER-87581793,12,,0,0,
OCESN866208F1187_F:TER:FR:Line::6831fb72-94d3-417c-915f-b9656db78b1a::87582668:87584052:18:834:20260828,07:46:00,07:47:00,StopPoint:OCETrain TER-87581793,8,,0,0,
OCESN866208F1187_F:TER:FR:Line::6831fb72-94d3-417c-915f-b9656db78b1a::87582668:87584052:18:834:20260828,07:49:00,07:50:00,StopPoint:OCETrain TER-87581751,9,,0,0,
OCESN866208F1187_F:TER:FR:Line::6831fb72-94d3-417c-915f-b9656db78b1a::87582668:87584052:18:834:20260828,07:52:00,07:53:00,StopPoint:OCETrain TER-87748350,10,,0,0,
OCESN866208F1187_F:TER:FR:Line::6831fb72-94d3-417c-915f-b9656db78b1a::87582668:87584052:18:834:20260828,08:05:00,08:06:00,StopPoint:OCETrain TER-87581595,12,,0,0,
OCESN866208F1187_F:TER:FR:Line::6831fb72-94d3-417c-915f-b9656db78b1a::87582668:87584052:19:834:20260930,07:46:00,07:47:00,StopPoint:OCETrain TER-87581793,8,,0,0,
OCESN866208F1187_F:TER:FR:Line::6831fb72-94d3-417c-915f-b9656db78b1a::87582668:87584052:19:834:20260930,07:49:00,07:50:00,StopPoint:OCETrain TER-87581751,9,,0,0,
OCESN866208F1187_F:TER:FR:Line::6831fb72-94d3-417c-915f-b9656db78b1a::87582668:87584052:19:834:20260930,07:52:00,07:53:00,StopPoint:OCETrain TER-87748350,10,,0,0,
OCESN866208F1187_F:TER:FR:Line::6831fb72-94d3-417c-915f-b9656db78b1a::87582668:87584052:19:834:20260930,08:05:00,08:06:00,StopPoint:OCETrain TER-87581595,12,,0,0,
OCESN866208F1187_F:TER:FR:Line::6831fb72-94d3-417c-915f-b9656db78b1a::87582668:87584052:19:834:20260930,08:10:00,08:11:00,StopPoint:OCETrain TER-87581850,13,,0,0,
OCESN866208F1187_F:TER:FR:Line::6831fb72-94d3-417c-915f-b9656db78b1a::87582668:87584052:17:839:20260515,07:46:00,07:47:00,StopPoint:OCETrain TER-87581793,8,,0,0,
OCESN866208F1187_F:TER:FR:Line::6831fb72-94d3-417c-915f-b9656db78b1a::87582668:87584052:17:839:20260515,07:49:00,07:50:00,StopPoint:OCETrain TER-87581751,9,,0,0,
OCESN866208F1187_F:TER:FR:Line::6831fb72-94d3-417c-915f-b9656db78b1a::87582668:87584052:17:839:20260515,07:52:00,07:53:00,StopPoint:OCETrain TER-87748350,10,,0,0,
OCESN866208F1187_F:TER:FR:Line::6831fb72-94d3-417c-915f-b9656db78b1a::87582668:87584052:17:839:20260515,08:05:00,08:06:00,StopPoint:OCETrain TER-87581595,12,,0,0,
OCESN866208F1187_F:TER:FR:Line::6831fb72-94d3-417c-915f-b9656db78b1a::87581009:87584052:6:839:20260516,08:05:00,08:06:00,StopPoint:OCETrain TER-87581595,1,,0,0,
OCESN866208F1187_F:TER:FR:Line::6831fb72-94d3-417c-915f-b9656db78b1a::87582668:87584052:18:834:20260522,07:46:00,07:47:00,StopPoint:OCETrain TER-87581793,8,,0,0,
OCESN866208F1187_F:TER:FR:Line::6831fb72-94d3-417c-915f-b9656db78b1a::87582668:87584052:18:834:20260522,07:49:00,07:50:00,StopPoint:OCETrain TER-87581751,9,,0,0,
OCESN866208F1187_F:TER:FR:Line::6831fb72-94d3-417c-915f-b9656db78b1a::87582668:87584052:18:834:20260522,07:52:00,07:53:00,StopPoint:OCETrain TER-87748350,10,,0,0,
OCESN866208F1187_F:TER:FR:Line::6831fb72-94d3-417c-915f-b9656db78b1a::87582668:87584052:18:834:20260522,08:05:00,08:06:00,StopPoint:OCETrain TER-87581595,12,,0,0,
OCESN866208F1187_F:TER:FR:Line::6831fb72-94d3-417c-915f-b9656db78b1a::87582668:87584052:18:834:20260619,07:46:00,07:47:00,StopPoint:OCETrain TER-87581793,8,,0,0,
OCESN866208F1187_F:TER:FR:Line::6831fb72-94d3-417c-915f-b9656db78b1a::87582668:87584052:18:834:20260619,07:49:00,07:50:00,StopPoint:OCETrain TER-87581751,9,,0,0,
OCESN866208F1187_F:TER:FR:Line::6831fb72-94d3-417c-915f-b9656db78b1a::87582668:87584052:18:834:20260619,07:52:00,07:53:00,StopPoint:OCETrain TER-87748350,10,,0,0,
OCESN866208F1187_F:TER:FR:Line::6831fb72-94d3-417c-915f-b9656db78b1a::87582668:87584052:18:834:20260619,08:05:00,08:06:00,StopPoint:OCETrain TER-87581595,12,,0,0,
OCESN866208F1187_F:TER:FR:Line::6831fb72-94d3-417c-915f-b9656db78b1a::87582668:87584052:18:839:20260513,07:46:00,07:47:00,StopPoint:OCETrain TER-87581793,8,,0,0,
OCESN866208F1187_F:TER:FR:Line::6831fb72-94d3-417c-915f-b9656db78b1a::87582668:87584052:18:839:20260513,07:49:00,07:50:00,StopPoint:OCETrain TER-87581751,9,,0,0,
OCESN866208F1187_F:TER:FR:Line::6831fb72-94d3-417c-915f-b9656db78b1a::87582668:87584052:18:839:20260513,07:52:00,07:53:00,StopPoint:OCETrain TER-87748350,10,,0,0,
OCESN866208F1187_F:TER:FR:Line::6831fb72-94d3-417c-915f-b9656db78b1a::87582668:87584052:18:839:20260513,08:05:00,08:06:00,StopPoint:OCETrain TER-87581595,12,,0,0,
OCESN866208F1187_F:TER:FR:Line::6831fb72-94d3-417c-915f-b9656db78b1a::87582668:87584052:19:839:20260425,07:46:00,07:47:00,StopPoint:OCETrain TER-87581793,8,,0,0,
OCESN866208F1187_F:TER:FR:Line::6831fb72-94d3-417c-915f-b9656db78b1a::87582668:87584052:19:839:20260425,07:49:00,07:50:00,StopPoint:OCETrain TER-87581751,9,,0,0,
OCESN866208F1187_F:TER:FR:Line::6831fb72-94d3-417c-915f-b9656db78b1a::87582668:87584052:19:839:20260425,07:52:00,07:53:00,StopPoint:OCETrain TER-87748350,10,,0,0,
OCESN866208F1187_F:TER:FR:Line::6831fb72-94d3-417c-915f-b9656db78b1a::87582668:87584052:19:839:20260425,08:05:00,08:06:00,StopPoint:OCETrain TER-87581595,12,,0,0,
OCESN866208F1187_F:TER:FR:Line::6831fb72-94d3-417c-915f-b9656db78b1a::87582668:87584052:19:839:20260425,08:13:00,08:14:00,StopPoint:OCETrain TER-87581850,13,,0,0,
OCESN866209F1187_F:TER:FR:Line::6831fb72-94d3-417c-915f-b9656db78b1a::87581009:87582668:12:857:20260515,08:06:00,08:07:00,StopPoint:OCETrain TER-87748350,1,,0,0,
OCESN866209F1187_F:TER:FR:Line::6831fb72-94d3-417c-915f-b9656db78b1a::87581009:87582668:12:857:20260515,08:10:00,08:11:00,StopPoint:OCETrain TER-87581751,2,,0,0,
OCESN866209F1187_F:TER:FR:Line::6831fb72-94d3-417c-915f-b9656db78b1a::87581009:87582668:12:857:20260515,08:13:00,08:14:00,StopPoint:OCETrain TER-87581793,3,,0,0,
OCESN866209F1187_F:TER:FR:Line::6831fb72-94d3-417c-915f-b9656db78b1a::87584052:87582668:18:855:20260828,07:53:00,07:54:00,StopPoint:OCETrain TER-87581595,5,,0,0,
OCESN866209F1187_F:TER:FR:Line::6831fb72-94d3-417c-915f-b9656db78b1a::87584052:87582668:18:855:20260828,08:06:00,08:07:00,StopPoint:OCETrain TER-87748350,7,,0,0,
OCESN866209F1187_F:TER:FR:Line::6831fb72-94d3-417c-915f-b9656db78b1a::87584052:87582668:18:855:20260828,08:10:00,08:11:00,StopPoint:OCETrain TER-87581751,8,,0,0,
OCESN866209F1187_F:TER:FR:Line::6831fb72-94d3-417c-915f-b9656db78b1a::87584052:87582668:18:855:20260828,08:13:00,08:14:00,StopPoint:OCETrain TER-87581793,9,,0,0,
OCESN866209F1187_F:TER:FR:Line::6831fb72-94d3-417c-915f-b9656db78b1a::87584052:87582668:19:855:20260930,07:48:00,07:49:00,StopPoint:OCETrain TER-87581850,5,,0,0,
OCESN866209F1187_F:TER:FR:Line::6831fb72-94d3-417c-915f-b9656db78b1a::87584052:87582668:19:855:20260930,07:53:00,07:54:00,StopPoint:OCETrain TER-87581595,6,,0,0,
OCESN866209F1187_F:TER:FR:Line::6831fb72-94d3-417c-915f-b9656db78b1a::87584052:87582668:19:855:20260930,08:06:00,08:07:00,StopPoint:OCETrain TER-87748350,8,,0,0,
OCESN866209F1187_F:TER:FR:Line::6831fb72-94d3-417c-915f-b9656db78b1a::87584052:87582668:19:855:20260930,08:10:00,08:11:00,StopPoint:OCETrain TER-87581751,9,,0,0,
OCESN866209F1187_F:TER:FR:Line::6831fb72-94d3-417c-915f-b9656db78b1a::87584052:87582668:19:855:20260930,08:13:00,08:14:00,StopPoint:OCETrain TER-87581793,10,,0,0,
OCESN866209F1187_F:TER:FR:Line::6831fb72-94d3-417c-915f-b9656db78b1a::87584052:87582668:18:857:20260522,07:53:00,07:54:00,StopPoint:OCETrain TER-87581595,5,,0,0,
OCESN866209F1187_F:TER:FR:Line::6831fb72-94d3-417c-915f-b9656db78b1a::87584052:87582668:18:857:20260522,08:06:00,08:07:00,StopPoint:OCETrain TER-87748350,7,,0,0,
OCESN866209F1187_F:TER:FR:Line::6831fb72-94d3-417c-915f-b9656db78b1a::87584052:87582668:18:857:20260522,08:10:00,08:11:00,StopPoint:OCETrain TER-87581751,8,,0,0,
OCESN866209F1187_F:TER:FR:Line::6831fb72-94d3-417c-915f-b9656db78b1a::87584052:87582668:18:857:20260522,08:13:00,08:14:00,StopPoint:OCETrain TER-87581793,9,,0,0,
OCESN866209F1187_F:TER:FR:Line::6831fb72-94d3-417c-915f-b9656db78b1a::87584052:87582668:18:857:20260513,07:53:00,07:54:00,StopPoint:OCETrain TER-87581595,5,,0,0,
OCESN866209F1187_F:TER:FR:Line::6831fb72-94d3-417c-915f-b9656db78b1a::87584052:87582668:18:857:20260513,08:06:00,08:07:00,StopPoint:OCETrain TER-87748350,7,,0,0,
OCESN866209F1187_F:TER:FR:Line::6831fb72-94d3-417c-915f-b9656db78b1a::87584052:87582668:18:857:20260513,08:10:00,08:11:00,StopPoint:OCETrain TER-87581751,8,,0,0,
OCESN866209F1187_F:TER:FR:Line::6831fb72-94d3-417c-915f-b9656db78b1a::87584052:87582668:18:857:20260513,08:13:00,08:14:00,StopPoint:OCETrain TER-87581793,9,,0,0,
OCESN866209F1187_F:TER:FR:Line::6831fb72-94d3-417c-915f-b9656db78b1a::87584052:87582668:19:857:20260424,07:45:00,07:46:00,StopPoint:OCETrain TER-87581850,5,,0,0,
OCESN866209F1187_F:TER:FR:Line::6831fb72-94d3-417c-915f-b9656db78b1a::87584052:87582668:19:857:20260424,07:53:00,07:54:00,StopPoint:OCETrain TER-87581595,6,,0,0,
OCESN866209F1187_F:TER:FR:Line::6831fb72-94d3-417c-915f-b9656db78b1a::87584052:87582668:19:857:20260424,08:06:00,08:07:00,StopPoint:OCETrain TER-87748350,8,,0,0,
OCESN866209F1187_F:TER:FR:Line::6831fb72-94d3-417c-915f-b9656db78b1a::87584052:87582668:19:857:20260424,08:10:00,08:11:00,StopPoint:OCETrain TER-87581751,9,,0,0,
OCESN866209F1187_F:TER:FR:Line::6831fb72-94d3-417c-915f-b9656db78b1a::87584052:87582668:19:857:20260424,08:13:00,08:14:00,StopPoint:OCETrain TER-87581793,10,,0,0,
OCESN866210F1187_F:TER:FR:Line::6831fb72-94d3-417c-915f-b9656db78b1a::87582668:87584052:18:903:20260828,08:15:00,08:16:00,StopPoint:OCETrain TER-87581793,8,,0,0,
OCESN866210F1187_F:TER:FR:Line::6831fb72-94d3-417c-915f-b9656db78b1a::87582668:87584052:18:903:20260828,08:18:00,08:19:00,StopPoint:OCETrain TER-87581751,9,,0,0,
OCESN866210F1187_F:TER:FR:Line::6831fb72-94d3-417c-915f-b9656db78b1a::87582668:87584052:18:903:20260828,08:22:00,08:23:00,StopPoint:OCETrain TER-87748350,10,,0,0,
OCESN866210F1187_F:TER:FR:Line::6831fb72-94d3-417c-915f-b9656db78b1a::87582668:87584052:18:903:20260828,08:34:00,08:35:00,StopPoint:OCETrain TER-87581595,12,,0,0,
OCESN866210F1187_F:TER:FR:Line::6831fb72-94d3-417c-915f-b9656db78b1a::87582668:87584052:19:903:20260930,08:15:00,08:16:00,StopPoint:OCETrain TER-87581793,8,,0,0,
OCESN866210F1187_F:TER:FR:Line::6831fb72-94d3-417c-915f-b9656db78b1a::87582668:87584052:19:903:20260930,08:18:00,08:19:00,StopPoint:OCETrain TER-87581751,9,,0,0,
OCESN866210F1187_F:TER:FR:Line::6831fb72-94d3-417c-915f-b9656db78b1a::87582668:87584052:19:903:20260930,08:22:00,08:23:00,StopPoint:OCETrain TER-87748350,10,,0,0,
OCESN866210F1187_F:TER:FR:Line::6831fb72-94d3-417c-915f-b9656db78b1a::87582668:87584052:19:903:20260930,08:34:00,08:35:00,StopPoint:OCETrain TER-87581595,12,,0,0,
OCESN866210F1187_F:TER:FR:Line::6831fb72-94d3-417c-915f-b9656db78b1a::87582668:87584052:19:903:20260930,08:39:00,08:40:00,StopPoint:OCETrain TER-87581850,13,,0,0,
OCESN866210F1187_F:TER:FR:Line::6831fb72-94d3-417c-915f-b9656db78b1a::87582668:87584052:17:902:20260515,08:14:00,08:15:00,StopPoint:OCETrain TER-87581793,8,,0,0,
OCESN866210F1187_F:TER:FR:Line::6831fb72-94d3-417c-915f-b9656db78b1a::87582668:87584052:17:902:20260515,08:17:00,08:18:00,StopPoint:OCETrain TER-87581751,9,,0,0,
OCESN866210F1187_F:TER:FR:Line::6831fb72-94d3-417c-915f-b9656db78b1a::87582668:87584052:17:902:20260515,08:20:00,08:21:00,StopPoint:OCETrain TER-87748350,10,,0,0,
OCESN866210F1187_F:TER:FR:Line::6831fb72-94d3-417c-915f-b9656db78b1a::87582668:87584052:17:902:20260515,08:32:00,08:33:00,StopPoint:OCETrain TER-87581595,12,,0,0,
OCESN866210F1187_F:TER:FR:Line::6831fb72-94d3-417c-915f-b9656db78b1a::87582668:87584052:18:903:20260522,08:15:00,08:16:00,StopPoint:OCETrain TER-87581793,8,,0,0,
OCESN866210F1187_F:TER:FR:Line::6831fb72-94d3-417c-915f-b9656db78b1a::87582668:87584052:18:903:20260522,08:18:00,08:19:00,StopPoint:OCETrain TER-87581751,9,,0,0,
OCESN866210F1187_F:TER:FR:Line::6831fb72-94d3-417c-915f-b9656db78b1a::87582668:87584052:18:903:20260522,08:22:00,08:23:00,StopPoint:OCETrain TER-87748350,10,,0,0,
OCESN866210F1187_F:TER:FR:Line::6831fb72-94d3-417c-915f-b9656db78b1a::87582668:87584052:18:903:20260522,08:34:00,08:35:00,StopPoint:OCETrain TER-87581595,12,,0,0,
OCESN866210F1187_F:TER:FR:Line::6831fb72-94d3-417c-915f-b9656db78b1a::87582668:87584052:18:902:20260513,08:14:00,08:15:00,StopPoint:OCETrain TER-87581793,8,,0,0,
OCESN866210F1187_F:TER:FR:Line::6831fb72-94d3-417c-915f-b9656db78b1a::87582668:87584052:18:902:20260513,08:17:00,08:18:00,StopPoint:OCETrain TER-87581751,9,,0,0,
OCESN866210F1187_F:TER:FR:Line::6831fb72-94d3-417c-915f-b9656db78b1a::87582668:87584052:18:902:20260513,08:20:00,08:21:00,StopPoint:OCETrain TER-87748350,10,,0,0,
OCESN866210F1187_F:TER:FR:Line::6831fb72-94d3-417c-915f-b9656db78b1a::87582668:87584052:18:902:20260513,08:31:00,08:32:00,StopPoint:OCETrain TER-87581595,12,,0,0,
OCESN866210F1187_F:TER:FR:Line::6831fb72-94d3-417c-915f-b9656db78b1a::87582668:87584052:18:903:20260619,08:15:00,08:16:00,StopPoint:OCETrain TER-87581793,8,,0,0,
OCESN866210F1187_F:TER:FR:Line::6831fb72-94d3-417c-915f-b9656db78b1a::87582668:87584052:18:903:20260619,08:18:00,08:19:00,StopPoint:OCETrain TER-87581751,9,,0,0,
OCESN866210F1187_F:TER:FR:Line::6831fb72-94d3-417c-915f-b9656db78b1a::87582668:87584052:18:903:20260619,08:22:00,08:23:00,StopPoint:OCETrain TER-87748350,10,,0,0,
OCESN866210F1187_F:TER:FR:Line::6831fb72-94d3-417c-915f-b9656db78b1a::87582668:87584052:18:903:20260619,08:34:00,08:35:00,StopPoint:OCETrain TER-87581595,12,,0,0,
OCESN866210F1187_F:TER:FR:Line::6831fb72-94d3-417c-915f-b9656db78b1a::87582668:87584052:18:902:20260424,08:14:00,08:15:00,StopPoint:OCETrain TER-87581793,8,,0,0,
OCESN866210F1187_F:TER:FR:Line::6831fb72-94d3-417c-915f-b9656db78b1a::87582668:87584052:18:902:20260424,08:17:00,08:18:00,StopPoint:OCETrain TER-87581751,9,,0,0,
OCESN866210F1187_F:TER:FR:Line::6831fb72-94d3-417c-915f-b9656db78b1a::87582668:87584052:18:902:20260424,08:20:00,08:21:00,StopPoint:OCETrain TER-87748350,10,,0,0,
OCESN866210F1187_F:TER:FR:Line::6831fb72-94d3-417c-915f-b9656db78b1a::87582668:87584052:18:902:20260424,08:31:00,08:32:00,StopPoint:OCETrain TER-87581595,12,,0,0,
OCESN866210F1187_F:TER:FR:Line::6831fb72-94d3-417c-915f-b9656db78b1a::87582668:87584052:18:902:20260424,08:39:00,08:39:00,StopPoint:OCETrain TER-87581850,13,,0,0,
OCESN866211F1187_F:TER:FR:Line::6831fb72-94d3-417c-915f-b9656db78b1a::87584052:87582668:18:925:20260703,08:22:00,08:23:00,StopPoint:OCETrain TER-87581595,5,,0,0,
OCESN866211F1187_F:TER:FR:Line::6831fb72-94d3-417c-915f-b9656db78b1a::87584052:87582668:18:925:20260703,08:35:00,08:36:00,StopPoint:OCETrain TER-87748350,7,,0,0,
OCESN866211F1187_F:TER:FR:Line::6831fb72-94d3-417c-915f-b9656db78b1a::87584052:87582668:18:925:20260703,08:38:00,08:39:00,StopPoint:OCETrain TER-87581751,8,,0,0,
OCESN866211F1187_F:TER:FR:Line::6831fb72-94d3-417c-915f-b9656db78b1a::87584052:87582668:18:925:20260703,08:42:00,08:43:00,StopPoint:OCETrain TER-87581793,9,,0,0,
OCESN866211F1187_F:TER:FR:Line::6831fb72-94d3-417c-915f-b9656db78b1a::87584052:87582668:19:925:20260930,08:17:00,08:18:00,StopPoint:OCETrain TER-87581850,5,,0,0,
OCESN866211F1187_F:TER:FR:Line::6831fb72-94d3-417c-915f-b9656db78b1a::87584052:87582668:19:925:20260930,08:22:00,08:23:00,StopPoint:OCETrain TER-87581595,6,,0,0,
OCESN866211F1187_F:TER:FR:Line::6831fb72-94d3-417c-915f-b9656db78b1a::87584052:87582668:19:925:20260930,08:35:00,08:36:00,StopPoint:OCETrain TER-87748350,8,,0,0,
OCESN866211F1187_F:TER:FR:Line::6831fb72-94d3-417c-915f-b9656db78b1a::87584052:87582668:19:925:20260930,08:38:00,08:39:00,StopPoint:OCETrain TER-87581751,9,,0,0,
OCESN866211F1187_F:TER:FR:Line::6831fb72-94d3-417c-915f-b9656db78b1a::87584052:87582668:19:925:20260930,08:42:00,08:43:00,StopPoint:OCETrain TER-87581793,10,,0,0,
OCESN866211F1187_F:TER:FR:Line::6831fb72-94d3-417c-915f-b9656db78b1a::87584052:87582668:18:925:20260619,08:22:00,08:23:00,StopPoint:OCETrain TER-87581595,5,,0,0,
OCESN866211F1187_F:TER:FR:Line::6831fb72-94d3-417c-915f-b9656db78b1a::87584052:87582668:18:925:20260619,08:35:00,08:36:00,StopPoint:OCETrain TER-87748350,7,,0,0,
OCESN866211F1187_F:TER:FR:Line::6831fb72-94d3-417c-915f-b9656db78b1a::87584052:87582668:18:925:20260619,08:38:00,08:39:00,StopPoint:OCETrain TER-87581751,8,,0,0,
OCESN866211F1187_F:TER:FR:Line::6831fb72-94d3-417c-915f-b9656db78b1a::87584052:87582668:18:925:20260619,08:42:00,08:43:00,StopPoint:OCETrain TER-87581793,9,,0,0,
OCESN866211F1187_F:TER:FR:Line::6831fb72-94d3-417c-915f-b9656db78b1a::87584052:87582668:18:925:20260513,08:23:00,08:24:00,StopPoint:OCETrain TER-87581595,5,,0,0,
OCESN866211F1187_F:TER:FR:Line::6831fb72-94d3-417c-915f-b9656db78b1a::87584052:87582668:18:925:20260513,08:35:00,08:36:00,StopPoint:OCETrain TER-87748350,7,,0,0,
OCESN866211F1187_F:TER:FR:Line::6831fb72-94d3-417c-915f-b9656db78b1a::87584052:87582668:18:925:20260513,08:38:00,08:39:00,StopPoint:OCETrain TER-87581751,8,,0,0,
OCESN866211F1187_F:TER:FR:Line::6831fb72-94d3-417c-915f-b9656db78b1a::87584052:87582668:18:925:20260513,08:42:00,08:43:00,StopPoint:OCETrain TER-87581793,9,,0,0,
OCESN866211F1187_F:TER:FR:Line::6831fb72-94d3-417c-915f-b9656db78b1a::87584052:87582668:16:925:20260515,08:16:00,08:17:00,StopPoint:OCETrain TER-87581595,3,,0,0,
OCESN866211F1187_F:TER:FR:Line::6831fb72-94d3-417c-915f-b9656db78b1a::87584052:87582668:16:925:20260515,08:34:00,08:35:00,StopPoint:OCETrain TER-87748350,5,,0,0,
OCESN866211F1187_F:TER:FR:Line::6831fb72-94d3-417c-915f-b9656db78b1a::87584052:87582668:16:925:20260515,08:37:00,08:38:00,StopPoint:OCETrain TER-87581751,6,,0,0,
OCESN866211F1187_F:TER:FR:Line::6831fb72-94d3-417c-915f-b9656db78b1a::87584052:87582668:16:925:20260515,08:40:00,08:41:00,StopPoint:OCETrain TER-87581793,7,,0,0,
OCESN866211F1187_F:TER:FR:Line::6831fb72-94d3-417c-915f-b9656db78b1a::87584052:87582668:18:925:20260522,08:22:00,08:23:00,StopPoint:OCETrain TER-87581595,5,,0,0,
OCESN866211F1187_F:TER:FR:Line::6831fb72-94d3-417c-915f-b9656db78b1a::87584052:87582668:18:925:20260522,08:35:00,08:36:00,StopPoint:OCETrain TER-87748350,7,,0,0,
OCESN866211F1187_F:TER:FR:Line::6831fb72-94d3-417c-915f-b9656db78b1a::87584052:87582668:18:925:20260522,08:38:00,08:39:00,StopPoint:OCETrain TER-87581751,8,,0,0,
OCESN866211F1187_F:TER:FR:Line::6831fb72-94d3-417c-915f-b9656db78b1a::87584052:87582668:18:925:20260522,08:42:00,08:43:00,StopPoint:OCETrain TER-87581793,9,,0,0,
OCESN866211F1187_F:TER:FR:Line::6831fb72-94d3-417c-915f-b9656db78b1a::87584052:87582668:19:925:20260424,08:16:00,08:16:00,StopPoint:OCETrain TER-87581850,5,,0,0,
OCESN866211F1187_F:TER:FR:Line::6831fb72-94d3-417c-915f-b9656db78b1a::87584052:87582668:19:925:20260424,08:23:00,08:24:00,StopPoint:OCETrain TER-87581595,6,,0,0,
OCESN866211F1187_F:TER:FR:Line::6831fb72-94d3-417c-915f-b9656db78b1a::87584052:87582668:19:925:20260424,08:35:00,08:36:00,StopPoint:OCETrain TER-87748350,8,,0,0,
OCESN866211F1187_F:TER:FR:Line::6831fb72-94d3-417c-915f-b9656db78b1a::87584052:87582668:19:925:20260424,08:38:00,08:39:00,StopPoint:OCETrain TER-87581751,9,,0,0,
OCESN866211F1187_F:TER:FR:Line::6831fb72-94d3-417c-915f-b9656db78b1a::87584052:87582668:19:925:20260424,08:42:00,08:43:00,StopPoint:OCETrain TER-87581793,10,,0,0,
OCESN866212F1187_F:TER:FR:Line::6831fb72-94d3-417c-915f-b9656db78b1a::87582668:87584516:20:947:20260620,08:46:00,08:47:00,StopPoint:OCETrain TER-87581793,8,,0,0,
OCESN866212F1187_F:TER:FR:Line::6831fb72-94d3-417c-915f-b9656db78b1a::87582668:87584516:20:947:20260620,08:49:00,08:50:00,StopPoint:OCETrain TER-87581751,9,,0,0,
OCESN866212F1187_F:TER:FR:Line::6831fb72-94d3-417c-915f-b9656db78b1a::87582668:87584516:20:947:20260620,08:52:00,08:53:00,StopPoint:OCETrain TER-87748350,10,,0,0,
OCESN866212F1187_F:TER:FR:Line::6831fb72-94d3-417c-915f-b9656db78b1a::87582668:87584516:20:947:20260620,09:05:00,09:06:00,StopPoint:OCETrain TER-87581595,12,,0,0,
OCESN866212F1187_F:TER:FR:Line::6831fb72-94d3-417c-915f-b9656db78b1a::87582668:87581009:12:858:20260530,08:46:00,08:47:00,StopPoint:OCETrain TER-87581793,8,,0,0,
OCESN866212F1187_F:TER:FR:Line::6831fb72-94d3-417c-915f-b9656db78b1a::87582668:87581009:12:858:20260530,08:49:00,08:50:00,StopPoint:OCETrain TER-87581751,9,,0,0,
OCESN866212F1187_F:TER:FR:Line::6831fb72-94d3-417c-915f-b9656db78b1a::87582668:87581009:12:858:20260530,08:52:00,08:53:00,StopPoint:OCETrain TER-87748350,10,,0,0,
OCESN866212F1187_F:TER:FR:Line::6831fb72-94d3-417c-915f-b9656db78b1a::87582668:87584516:19:947:20260822,08:46:00,08:47:00,StopPoint:OCETrain TER-87581793,8,,0,0,
OCESN866212F1187_F:TER:FR:Line::6831fb72-94d3-417c-915f-b9656db78b1a::87582668:87584516:19:947:20260822,08:49:00,08:50:00,StopPoint:OCETrain TER-87581751,9,,0,0,
OCESN866212F1187_F:TER:FR:Line::6831fb72-94d3-417c-915f-b9656db78b1a::87582668:87584516:19:947:20260822,08:52:00,08:53:00,StopPoint:OCETrain TER-87748350,10,,0,0,
OCESN866212F1187_F:TER:FR:Line::6831fb72-94d3-417c-915f-b9656db78b1a::87582668:87584516:19:947:20260822,09:05:00,09:06:00,StopPoint:OCETrain TER-87581595,12,,0,0,
OCESN866212F1187_F:TER:FR:Line::6831fb72-94d3-417c-915f-b9656db78b1a::87582668:87584516:20:947:20260926,08:46:00,08:47:00,StopPoint:OCETrain TER-87581793,8,,0,0,
OCESN866212F1187_F:TER:FR:Line::6831fb72-94d3-417c-915f-b9656db78b1a::87582668:87584516:20:947:20260926,08:49:00,08:50:00,StopPoint:OCETrain TER-87581751,9,,0,0,
OCESN866212F1187_F:TER:FR:Line::6831fb72-94d3-417c-915f-b9656db78b1a::87582668:87584516:20:947:20260926,08:52:00,08:53:00,StopPoint:OCETrain TER-87748350,10,,0,0,
OCESN866212F1187_F:TER:FR:Line::6831fb72-94d3-417c-915f-b9656db78b1a::87582668:87584516:20:947:20260926,09:05:00,09:06:00,StopPoint:OCETrain TER-87581595,12,,0,0,
OCESN866212F1187_F:TER:FR:Line::6831fb72-94d3-417c-915f-b9656db78b1a::87582668:87584516:20:947:20260926,09:10:00,09:11:00,StopPoint:OCETrain TER-87581850,13,,0,0,
OCESN866212F1187_F:TER:FR:Line::6831fb72-94d3-417c-915f-b9656db78b1a::87582668:87584516:21:952:20260425,08:46:00,08:47:00,StopPoint:OCETrain TER-87581793,8,,0,0,
OCESN866212F1187_F:TER:FR:Line::6831fb72-94d3-417c-915f-b9656db78b1a::87582668:87584516:21:952:20260425,08:49:00,08:50:00,StopPoint:OCETrain TER-87581751,9,,0,0,
OCESN866212F1187_F:TER:FR:Line::6831fb72-94d3-417c-915f-b9656db78b1a::87582668:87584516:21:952:20260425,08:52:00,08:53:00,StopPoint:OCETrain TER-87748350,10,,0,0,
OCESN866212F1187_F:TER:FR:Line::6831fb72-94d3-417c-915f-b9656db78b1a::87582668:87584516:21:952:20260425,09:05:00,09:06:00,StopPoint:OCETrain TER-87581595,12,,0,0,
OCESN866212F1187_F:TER:FR:Line::6831fb72-94d3-417c-915f-b9656db78b1a::87582668:87584516:21:952:20260425,09:13:00,09:14:00,StopPoint:OCETrain TER-87581850,13,,0,0,
OCESN866212F1187_F:TER:FR:Line::6831fb72-94d3-417c-915f-b9656db78b1a::87582668:87584516:20:952:20260508,08:46:00,08:47:00,StopPoint:OCETrain TER-87581793,8,,0,0,
OCESN866212F1187_F:TER:FR:Line::6831fb72-94d3-417c-915f-b9656db78b1a::87582668:87584516:20:952:20260508,08:49:00,08:50:00,StopPoint:OCETrain TER-87581751,9,,0,0,
OCESN866212F1187_F:TER:FR:Line::6831fb72-94d3-417c-915f-b9656db78b1a::87582668:87584516:20:952:20260508,08:52:00,08:53:00,StopPoint:OCETrain TER-87748350,10,,0,0,
OCESN866212F1187_F:TER:FR:Line::6831fb72-94d3-417c-915f-b9656db78b1a::87582668:87584516:20:952:20260508,09:05:00,09:06:00,StopPoint:OCETrain TER-87581595,12,,0,0,
OCESN866212F1187_F:TER:FR:Line::6831fb72-94d3-417c-915f-b9656db78b1a::87582668:87584516:20:947:20260627,08:46:00,08:47:00,StopPoint:OCETrain TER-87581793,8,,0,0,
OCESN866212F1187_F:TER:FR:Line::6831fb72-94d3-417c-915f-b9656db78b1a::87582668:87584516:20:947:20260627,08:49:00,08:50:00,StopPoint:OCETrain TER-87581751,9,,0,0,
OCESN866212F1187_F:TER:FR:Line::6831fb72-94d3-417c-915f-b9656db78b1a::87582668:87584516:20:947:20260627,08:52:00,08:53:00,StopPoint:OCETrain TER-87748350,10,,0,0,
OCESN866212F1187_F:TER:FR:Line::6831fb72-94d3-417c-915f-b9656db78b1a::87582668:87584516:20:947:20260627,09:05:00,09:06:00,StopPoint:OCETrain TER-87581595,12,,0,0,
OCESN866212F1187_F:TER:FR:Line::6831fb72-94d3-417c-915f-b9656db78b1a::87582668:87584516:19:949:20260514,08:46:00,08:47:00,StopPoint:OCETrain TER-87581793,8,,0,0,
OCESN866212F1187_F:TER:FR:Line::6831fb72-94d3-417c-915f-b9656db78b1a::87582668:87584516:19:949:20260514,08:49:00,08:50:00,StopPoint:OCETrain TER-87581751,9,,0,0,
OCESN866212F1187_F:TER:FR:Line::6831fb72-94d3-417c-915f-b9656db78b1a::87582668:87584516:19:949:20260514,08:52:00,08:53:00,StopPoint:OCETrain TER-87748350,10,,0,0,
OCESN866212F1187_F:TER:FR:Line::6831fb72-94d3-417c-915f-b9656db78b1a::87582668:87584516:19:949:20260514,09:05:00,09:06:00,StopPoint:OCETrain TER-87581595,12,,0,0,
OCESN866212F1187_F:TER:FR:Line::6831fb72-94d3-417c-915f-b9656db78b1a::87581009:87584516:8:952:20260516,09:06:00,09:07:00,StopPoint:OCETrain TER-87581595,1,,0,0,
OCESN866213F1187_F:TER:FR:Line::6831fb72-94d3-417c-915f-b9656db78b1a::87581009:87582668:12:957:20260515,09:06:00,09:07:00,StopPoint:OCETrain TER-87748350,1,,0,0,
OCESN866213F1187_F:TER:FR:Line::6831fb72-94d3-417c-915f-b9656db78b1a::87581009:87582668:12:957:20260515,09:10:00,09:11:00,StopPoint:OCETrain TER-87581751,2,,0,0,
OCESN866213F1187_F:TER:FR:Line::6831fb72-94d3-417c-915f-b9656db78b1a::87581009:87582668:12:957:20260515,09:13:00,09:14:00,StopPoint:OCETrain TER-87581793,3,,0,0,
OCESN866213F1187_F:TER:FR:Line::6831fb72-94d3-417c-915f-b9656db78b1a::87584052:87582668:18:955:20260828,08:52:00,08:53:00,StopPoint:OCETrain TER-87581595,5,,0,0,
OCESN866213F1187_F:TER:FR:Line::6831fb72-94d3-417c-915f-b9656db78b1a::87584052:87582668:18:955:20260828,09:06:00,09:07:00,StopPoint:OCETrain TER-87748350,7,,0,0,
OCESN866213F1187_F:TER:FR:Line::6831fb72-94d3-417c-915f-b9656db78b1a::87584052:87582668:18:955:20260828,09:10:00,09:11:00,StopPoint:OCETrain TER-87581751,8,,0,0,
OCESN866213F1187_F:TER:FR:Line::6831fb72-94d3-417c-915f-b9656db78b1a::87584052:87582668:18:955:20260828,09:13:00,09:14:00,StopPoint:OCETrain TER-87581793,9,,0,0,
OCESN866213F1187_F:TER:FR:Line::6831fb72-94d3-417c-915f-b9656db78b1a::87584052:87581009:8:858:20260930,08:48:00,08:49:00,StopPoint:OCETrain TER-87581850,5,,0,0,
OCESN866213F1187_F:TER:FR:Line::6831fb72-94d3-417c-915f-b9656db78b1a::87584052:87581009:8:858:20260930,08:52:00,08:53:00,StopPoint:OCETrain TER-87581595,6,,0,0,
OCESN866213F1187_F:TER:FR:Line::6831fb72-94d3-417c-915f-b9656db78b1a::87584052:87582668:19:955:20260926,08:47:00,08:48:00,StopPoint:OCETrain TER-87581850,5,,0,0,
OCESN866213F1187_F:TER:FR:Line::6831fb72-94d3-417c-915f-b9656db78b1a::87584052:87582668:19:955:20260926,08:52:00,08:53:00,StopPoint:OCETrain TER-87581595,6,,0,0,
OCESN866213F1187_F:TER:FR:Line::6831fb72-94d3-417c-915f-b9656db78b1a::87584052:87582668:19:955:20260926,09:06:00,09:07:00,StopPoint:OCETrain TER-87748350,8,,0,0,
OCESN866213F1187_F:TER:FR:Line::6831fb72-94d3-417c-915f-b9656db78b1a::87584052:87582668:19:955:20260926,09:10:00,09:11:00,StopPoint:OCETrain TER-87581751,9,,0,0,
OCESN866213F1187_F:TER:FR:Line::6831fb72-94d3-417c-915f-b9656db78b1a::87584052:87582668:19:955:20260926,09:13:00,09:14:00,StopPoint:OCETrain TER-87581793,10,,0,0,
OCESN866213F1187_F:TER:FR:Line::6831fb72-94d3-417c-915f-b9656db78b1a::87584052:87582668:17:957:20260514,08:52:00,08:53:00,StopPoint:OCETrain TER-87581595,4,,0,0,
OCESN866213F1187_F:TER:FR:Line::6831fb72-94d3-417c-915f-b9656db78b1a::87584052:87582668:17:957:20260514,09:06:00,09:07:00,StopPoint:OCETrain TER-87748350,6,,0,0,
OCESN866213F1187_F:TER:FR:Line::6831fb72-94d3-417c-915f-b9656db78b1a::87584052:87582668:17:957:20260514,09:10:00,09:11:00,StopPoint:OCETrain TER-87581751,7,,0,0,
OCESN866213F1187_F:TER:FR:Line::6831fb72-94d3-417c-915f-b9656db78b1a::87584052:87582668:17:957:20260514,09:13:00,09:14:00,StopPoint:OCETrain TER-87581793,8,,0,0,
OCESN866213F1187_F:TER:FR:Line::6831fb72-94d3-417c-915f-b9656db78b1a::87584052:87581009:6:900:20260516,08:55:00,08:56:00,StopPoint:OCETrain TER-87581595,4,,0,0,
OCESN866213F1187_F:TER:FR:Line::6831fb72-94d3-417c-915f-b9656db78b1a::87584052:87582668:18:957:20260522,08:52:00,08:53:00,StopPoint:OCETrain TER-87581595,5,,0,0,
OCESN866213F1187_F:TER:FR:Line::6831fb72-94d3-417c-915f-b9656db78b1a::87584052:87582668:18:957:20260522,09:06:00,09:07:00,StopPoint:OCETrain TER-87748350,7,,0,0,
OCESN866213F1187_F:TER:FR:Line::6831fb72-94d3-417c-915f-b9656db78b1a::87584052:87582668:18:957:20260522,09:10:00,09:11:00,StopPoint:OCETrain TER-87581751,8,,0,0,
OCESN866213F1187_F:TER:FR:Line::6831fb72-94d3-417c-915f-b9656db78b1a::87584052:87582668:18:957:20260522,09:13:00,09:14:00,StopPoint:OCETrain TER-87581793,9,,0,0,
OCESN866213F1187_F:TER:FR:Line::6831fb72-94d3-417c-915f-b9656db78b1a::87584052:87582668:18:955:20260619,08:52:00,08:53:00,StopPoint:OCETrain TER-87581595,5,,0,0,
OCESN866213F1187_F:TER:FR:Line::6831fb72-94d3-417c-915f-b9656db78b1a::87584052:87582668:18:955:20260619,09:06:00,09:07:00,StopPoint:OCETrain TER-87748350,7,,0,0,
OCESN866213F1187_F:TER:FR:Line::6831fb72-94d3-417c-915f-b9656db78b1a::87584052:87582668:18:955:20260619,09:10:00,09:11:00,StopPoint:OCETrain TER-87581751,8,,0,0,
OCESN866213F1187_F:TER:FR:Line::6831fb72-94d3-417c-915f-b9656db78b1a::87584052:87582668:18:955:20260619,09:13:00,09:14:00,StopPoint:OCETrain TER-87581793,9,,0,0,
OCESN866213F1187_F:TER:FR:Line::6831fb72-94d3-417c-915f-b9656db78b1a::87584052:87582668:18:957:20260513,08:55:00,08:56:00,StopPoint:OCETrain TER-87581595,5,,0,0,
OCESN866213F1187_F:TER:FR:Line::6831fb72-94d3-417c-915f-b9656db78b1a::87584052:87582668:18:957:20260513,09:06:00,09:07:00,StopPoint:OCETrain TER-87748350,7,,0,0,
OCESN866213F1187_F:TER:FR:Line::6831fb72-94d3-417c-915f-b9656db78b1a::87584052:87582668:18:957:20260513,09:10:00,09:11:00,StopPoint:OCETrain TER-87581751,8,,0,0,
OCESN866213F1187_F:TER:FR:Line::6831fb72-94d3-417c-915f-b9656db78b1a::87584052:87582668:18:957:20260513,09:13:00,09:14:00,StopPoint:OCETrain TER-87581793,9,,0,0,
OCESN866213F1187_F:TER:FR:Line::6831fb72-94d3-417c-915f-b9656db78b1a::87584052:87582668:19:957:20260425,08:47:00,08:48:00,StopPoint:OCETrain TER-87581850,5,,0,0,
OCESN866213F1187_F:TER:FR:Line::6831fb72-94d3-417c-915f-b9656db78b1a::87584052:87582668:19:957:20260425,08:55:00,08:56:00,StopPoint:OCETrain TER-87581595,6,,0,0,
OCESN866213F1187_F:TER:FR:Line::6831fb72-94d3-417c-915f-b9656db78b1a::87584052:87582668:19:957:20260425,09:06:00,09:07:00,StopPoint:OCETrain TER-87748350,8,,0,0,
OCESN866213F1187_F:TER:FR:Line::6831fb72-94d3-417c-915f-b9656db78b1a::87584052:87582668:19:957:20260425,09:10:00,09:11:00,StopPoint:OCETrain TER-87581751,9,,0,0,
OCESN866213F1187_F:TER:FR:Line::6831fb72-94d3-417c-915f-b9656db78b1a::87584052:87582668:19:957:20260425,09:13:00,09:14:00,StopPoint:OCETrain TER-87581793,10,,0,0,
OCESN866218F1187_F:TER:FR:Line::6831fb72-94d3-417c-915f-b9656db78b1a::87582668:87584052:18:1035:20260828,09:46:00,09:47:00,StopPoint:OCETrain TER-87581793,8,,0,0,
OCESN866218F1187_F:TER:FR:Line::6831fb72-94d3-417c-915f-b9656db78b1a::87582668:87584052:18:1035:20260828,09:49:00,09:50:00,StopPoint:OCETrain TER-87581751,9,,0,0,
OCESN866218F1187_F:TER:FR:Line::6831fb72-94d3-417c-915f-b9656db78b1a::87582668:87584052:18:1035:20260828,09:52:00,09:53:00,StopPoint:OCETrain TER-87748350,10,,0,0,
OCESN866218F1187_F:TER:FR:Line::6831fb72-94d3-417c-915f-b9656db78b1a::87582668:87584052:18:1035:20260828,10:05:00,10:06:00,StopPoint:OCETrain TER-87581595,12,,0,0,
OCESN866218F1187_F:TER:FR:Line::6831fb72-94d3-417c-915f-b9656db78b1a::87582668:87584052:19:1035:20260930,09:46:00,09:47:00,StopPoint:OCETrain TER-87581793,8,,0,0,
OCESN866218F1187_F:TER:FR:Line::6831fb72-94d3-417c-915f-b9656db78b1a::87582668:87584052:19:1035:20260930,09:49:00,09:50:00,StopPoint:OCETrain TER-87581751,9,,0,0,
OCESN866218F1187_F:TER:FR:Line::6831fb72-94d3-417c-915f-b9656db78b1a::87582668:87584052:19:1035:20260930,09:52:00,09:53:00,StopPoint:OCETrain TER-87748350,10,,0,0,
OCESN866218F1187_F:TER:FR:Line::6831fb72-94d3-417c-915f-b9656db78b1a::87582668:87584052:19:1035:20260930,10:05:00,10:06:00,StopPoint:OCETrain TER-87581595,12,,0,0,
OCESN866218F1187_F:TER:FR:Line::6831fb72-94d3-417c-915f-b9656db78b1a::87582668:87584052:19:1035:20260930,10:10:00,10:11:00,StopPoint:OCETrain TER-87581850,13,,0,0,
OCESN866218F1187_F:TER:FR:Line::6831fb72-94d3-417c-915f-b9656db78b1a::87581009:87584052:6:1036:20260517,10:05:00,10:06:00,StopPoint:OCETrain TER-87581595,1,,0,0,
OCESN866218F1187_F:TER:FR:Line::6831fb72-94d3-417c-915f-b9656db78b1a::87582668:87581009:12:958:20260531,09:46:00,09:47:00,StopPoint:OCETrain TER-87581793,8,,0,0,
OCESN866218F1187_F:TER:FR:Line::6831fb72-94d3-417c-915f-b9656db78b1a::87582668:87581009:12:958:20260531,09:49:00,09:50:00,StopPoint:OCETrain TER-87581751,9,,0,0,
OCESN866218F1187_F:TER:FR:Line::6831fb72-94d3-417c-915f-b9656db78b1a::87582668:87581009:12:958:20260531,09:52:00,09:53:00,StopPoint:OCETrain TER-87748350,10,,0,0,
OCESN866218F1187_F:TER:FR:Line::6831fb72-94d3-417c-915f-b9656db78b1a::87581009:87584052:7:1035:20260525,10:05:00,10:06:00,StopPoint:OCETrain TER-87581595,1,,0,0,
OCESN866218F1187_F:TER:FR:Line::6831fb72-94d3-417c-915f-b9656db78b1a::87582668:87584052:17:1036:20260515,09:46:00,09:47:00,StopPoint:OCETrain TER-87581793,8,,0,0,
OCESN866218F1187_F:TER:FR:Line::6831fb72-94d3-417c-915f-b9656db78b1a::87582668:87584052:17:1036:20260515,09:49:00,09:50:00,StopPoint:OCETrain TER-87581751,9,,0,0,
OCESN866218F1187_F:TER:FR:Line::6831fb72-94d3-417c-915f-b9656db78b1a::87582668:87584052:17:1036:20260515,09:52:00,09:53:00,StopPoint:OCETrain TER-87748350,10,,0,0,
OCESN866218F1187_F:TER:FR:Line::6831fb72-94d3-417c-915f-b9656db78b1a::87582668:87584052:17:1036:20260515,10:07:00,10:08:00,StopPoint:OCETrain TER-87581595,12,,0,0,
OCESN866218F1187_F:TER:FR:Line::6831fb72-94d3-417c-915f-b9656db78b1a::87582668:87584052:18:1036:20260424,09:46:00,09:47:00,StopPoint:OCETrain TER-87581793,8,,0,0,
OCESN866218F1187_F:TER:FR:Line::6831fb72-94d3-417c-915f-b9656db78b1a::87582668:87584052:18:1036:20260424,09:49:00,09:50:00,StopPoint:OCETrain TER-87581751,9,,0,0,
OCESN866218F1187_F:TER:FR:Line::6831fb72-94d3-417c-915f-b9656db78b1a::87582668:87584052:18:1036:20260424,09:52:00,09:53:00,StopPoint:OCETrain TER-87748350,10,,0,0,
OCESN866218F1187_F:TER:FR:Line::6831fb72-94d3-417c-915f-b9656db78b1a::87582668:87584052:18:1036:20260424,10:04:00,10:05:00,StopPoint:OCETrain TER-87581595,12,,0,0,
OCESN866218F1187_F:TER:FR:Line::6831fb72-94d3-417c-915f-b9656db78b1a::87582668:87584052:18:1036:20260424,10:12:00,10:13:00,StopPoint:OCETrain TER-87581850,13,,0,0,
OCESN866218F1187_F:TER:FR:Line::6831fb72-94d3-417c-915f-b9656db78b1a::87582668:87584052:17:1036:20260514,09:46:00,09:47:00,StopPoint:OCETrain TER-87581793,8,,0,0,
OCESN866218F1187_F:TER:FR:Line::6831fb72-94d3-417c-915f-b9656db78b1a::87582668:87584052:17:1036:20260514,09:49:00,09:50:00,StopPoint:OCETrain TER-87581751,9,,0,0,
OCESN866218F1187_F:TER:FR:Line::6831fb72-94d3-417c-915f-b9656db78b1a::87582668:87584052:17:1036:20260514,09:52:00,09:53:00,StopPoint:OCETrain TER-87748350,10,,0,0,
OCESN866218F1187_F:TER:FR:Line::6831fb72-94d3-417c-915f-b9656db78b1a::87582668:87584052:17:1036:20260514,10:05:00,10:06:00,StopPoint:OCETrain TER-87581595,12,,0,0,
OCESN866218F1187_F:TER:FR:Line::6831fb72-94d3-417c-915f-b9656db78b1a::87582668:87584052:18:1035:20260522,09:46:00,09:47:00,StopPoint:OCETrain TER-87581793,8,,0,0,
OCESN866218F1187_F:TER:FR:Line::6831fb72-94d3-417c-915f-b9656db78b1a::87582668:87584052:18:1035:20260522,09:49:00,09:50:00,StopPoint:OCETrain TER-87581751,9,,0,0,
OCESN866218F1187_F:TER:FR:Line::6831fb72-94d3-417c-915f-b9656db78b1a::87582668:87584052:18:1035:20260522,09:52:00,09:53:00,StopPoint:OCETrain TER-87748350,10,,0,0,
OCESN866218F1187_F:TER:FR:Line::6831fb72-94d3-417c-915f-b9656db78b1a::87582668:87584052:18:1035:20260522,10:05:00,10:06:00,StopPoint:OCETrain TER-87581595,12,,0,0,
OCESN866218F1187_F:TER:FR:Line::6831fb72-94d3-417c-915f-b9656db78b1a::87582668:87584052:18:1036:20260513,09:46:00,09:47:00,StopPoint:OCETrain TER-87581793,8,,0,0,
OCESN866218F1187_F:TER:FR:Line::6831fb72-94d3-417c-915f-b9656db78b1a::87582668:87584052:18:1036:20260513,09:49:00,09:50:00,StopPoint:OCETrain TER-87581751,9,,0,0,
OCESN866218F1187_F:TER:FR:Line::6831fb72-94d3-417c-915f-b9656db78b1a::87582668:87584052:18:1036:20260513,09:52:00,09:53:00,StopPoint:OCETrain TER-87748350,10,,0,0,
OCESN866218F1187_F:TER:FR:Line::6831fb72-94d3-417c-915f-b9656db78b1a::87582668:87584052:18:1036:20260513,10:04:00,10:05:00,StopPoint:OCETrain TER-87581595,12,,0,0,
OCESN866218F1187_F:TER:FR:Line::6831fb72-94d3-417c-915f-b9656db78b1a::87582668:87584052:18:1035:20260619,09:46:00,09:47:00,StopPoint:OCETrain TER-87581793,8,,0,0,
OCESN866218F1187_F:TER:FR:Line::6831fb72-94d3-417c-915f-b9656db78b1a::87582668:87584052:18:1035:20260619,09:49:00,09:50:00,StopPoint:OCETrain TER-87581751,9,,0,0,
OCESN866218F1187_F:TER:FR:Line::6831fb72-94d3-417c-915f-b9656db78b1a::87582668:87584052:18:1035:20260619,09:52:00,09:53:00,StopPoint:OCETrain TER-87748350,10,,0,0,
OCESN866218F1187_F:TER:FR:Line::6831fb72-94d3-417c-915f-b9656db78b1a::87582668:87584052:18:1035:20260619,10:05:00,10:06:00,StopPoint:OCETrain TER-87581595,12,,0,0,
OCESN866218F1187_F:TER:FR:Line::6831fb72-94d3-417c-915f-b9656db78b1a::87582668:87584052:19:1036:20260426,09:46:00,09:47:00,StopPoint:OCETrain TER-87581793,8,,0,0,
OCESN866218F1187_F:TER:FR:Line::6831fb72-94d3-417c-915f-b9656db78b1a::87582668:87584052:19:1036:20260426,09:49:00,09:50:00,StopPoint:OCETrain TER-87581751,9,,0,0,
OCESN866218F1187_F:TER:FR:Line::6831fb72-94d3-417c-915f-b9656db78b1a::87582668:87584052:19:1036:20260426,09:52:00,09:53:00,StopPoint:OCETrain TER-87748350,10,,0,0,
OCESN866218F1187_F:TER:FR:Line::6831fb72-94d3-417c-915f-b9656db78b1a::87582668:87584052:19:1036:20260426,10:04:00,10:05:00,StopPoint:OCETrain TER-87581595,12,,0,0,
OCESN866218F1187_F:TER:FR:Line::6831fb72-94d3-417c-915f-b9656db78b1a::87582668:87584052:19:1036:20260426,10:12:00,10:13:00,StopPoint:OCETrain TER-87581850,13,,0,0,
OCESN866219F1187_F:TER:FR:Line::6831fb72-94d3-417c-915f-b9656db78b1a::87584516:87582668:20:1055:20260621,09:53:00,09:54:00,StopPoint:OCETrain TER-87581595,7,,0,0,
OCESN866219F1187_F:TER:FR:Line::6831fb72-94d3-417c-915f-b9656db78b1a::87584516:87582668:20:1055:20260621,10:06:00,10:07:00,StopPoint:OCETrain TER-87748350,9,,0,0,
OCESN866219F1187_F:TER:FR:Line::6831fb72-94d3-417c-915f-b9656db78b1a::87584516:87582668:20:1055:20260621,10:10:00,10:11:00,StopPoint:OCETrain TER-87581751,10,,0,0,
OCESN866219F1187_F:TER:FR:Line::6831fb72-94d3-417c-915f-b9656db78b1a::87584516:87582668:20:1055:20260621,10:13:00,10:14:00,StopPoint:OCETrain TER-87581793,11,,0,0,
OCESN866219F1187_F:TER:FR:Line::6831fb72-94d3-417c-915f-b9656db78b1a::87581009:87582668:12:1055:20260531,10:06:00,10:07:00,StopPoint:OCETrain TER-87748350,1,,0,0,
OCESN866219F1187_F:TER:FR:Line::6831fb72-94d3-417c-915f-b9656db78b1a::87581009:87582668:12:1055:20260531,10:10:00,10:11:00,StopPoint:OCETrain TER-87581751,2,,0,0,
OCESN866219F1187_F:TER:FR:Line::6831fb72-94d3-417c-915f-b9656db78b1a::87581009:87582668:12:1055:20260531,10:13:00,10:14:00,StopPoint:OCETrain TER-87581793,3,,0,0,
OCESN866219F1187_F:TER:FR:Line::6831fb72-94d3-417c-915f-b9656db78b1a::87584516:87582668:19:1055:20260823,09:53:00,09:54:00,StopPoint:OCETrain TER-87581595,6,,0,0,
OCESN866219F1187_F:TER:FR:Line::6831fb72-94d3-417c-915f-b9656db78b1a::87584516:87582668:19:1055:20260823,10:06:00,10:07:00,StopPoint:OCETrain TER-87748350,8,,0,0,
OCESN866219F1187_F:TER:FR:Line::6831fb72-94d3-417c-915f-b9656db78b1a::87584516:87582668:19:1055:20260823,10:10:00,10:11:00,StopPoint:OCETrain TER-87581751,9,,0,0,
OCESN866219F1187_F:TER:FR:Line::6831fb72-94d3-417c-915f-b9656db78b1a::87584516:87582668:19:1055:20260823,10:13:00,10:14:00,StopPoint:OCETrain TER-87581793,10,,0,0,
OCESN866219F1187_F:TER:FR:Line::6831fb72-94d3-417c-915f-b9656db78b1a::87584052:87582668:18:1055:20260828,09:53:00,09:54:00,StopPoint:OCETrain TER-87581595,5,,0,0,
OCESN866219F1187_F:TER:FR:Line::6831fb72-94d3-417c-915f-b9656db78b1a::87584052:87582668:18:1055:20260828,10:06:00,10:07:00,StopPoint:OCETrain TER-87748350,7,,0,0,
OCESN866219F1187_F:TER:FR:Line::6831fb72-94d3-417c-915f-b9656db78b1a::87584052:87582668:18:1055:20260828,10:10:00,10:11:00,StopPoint:OCETrain TER-87581751,8,,0,0,
OCESN866219F1187_F:TER:FR:Line::6831fb72-94d3-417c-915f-b9656db78b1a::87584052:87582668:18:1055:20260828,10:13:00,10:14:00,StopPoint:OCETrain TER-87581793,9,,0,0,
OCESN866219F1187_F:TER:FR:Line::6831fb72-94d3-417c-915f-b9656db78b1a::87584052:87582668:19:1055:20260926,09:48:00,09:49:00,StopPoint:OCETrain TER-87581850,5,,0,0,
OCESN866219F1187_F:TER:FR:Line::6831fb72-94d3-417c-915f-b9656db78b1a::87584052:87582668:19:1055:20260926,09:53:00,09:54:00,StopPoint:OCETrain TER-87581595,6,,0,0,
OCESN866219F1187_F:TER:FR:Line::6831fb72-94d3-417c-915f-b9656db78b1a::87584052:87582668:19:1055:20260926,10:06:00,10:07:00,StopPoint:OCETrain TER-87748350,8,,0,0,
OCESN866219F1187_F:TER:FR:Line::6831fb72-94d3-417c-915f-b9656db78b1a::87584052:87582668:19:1055:20260926,10:10:00,10:11:00,StopPoint:OCETrain TER-87581751,9,,0,0,
OCESN866219F1187_F:TER:FR:Line::6831fb72-94d3-417c-915f-b9656db78b1a::87584052:87582668:19:1055:20260926,10:13:00,10:14:00,StopPoint:OCETrain TER-87581793,10,,0,0,
OCESN866219F1187_F:TER:FR:Line::6831fb72-94d3-417c-915f-b9656db78b1a::87584052:87582478:14:1029:20260930,09:48:00,09:49:00,StopPoint:OCETrain TER-87581850,5,,0,0,
OCESN866219F1187_F:TER:FR:Line::6831fb72-94d3-417c-915f-b9656db78b1a::87584052:87582478:14:1029:20260930,09:53:00,09:54:00,StopPoint:OCETrain TER-87581595,6,,0,0,
OCESN866219F1187_F:TER:FR:Line::6831fb72-94d3-417c-915f-b9656db78b1a::87584052:87582478:14:1029:20260930,10:03:00,10:04:00,StopPoint:OCETrain TER-87748350,8,,0,0,
OCESN866219F1187_F:TER:FR:Line::6831fb72-94d3-417c-915f-b9656db78b1a::87584052:87582478:14:1029:20260930,10:06:00,10:07:00,StopPoint:OCETrain TER-87581751,9,,0,0,
OCESN866219F1187_F:TER:FR:Line::6831fb72-94d3-417c-915f-b9656db78b1a::87584052:87582478:14:1029:20260930,10:10:00,10:10:00,StopPoint:OCETrain TER-87581793,10,,0,0,
OCESN866219F1187_F:TER:FR:Line::6831fb72-94d3-417c-915f-b9656db78b1a::87584516:87582668:20:1055:20260927,09:48:00,09:49:00,StopPoint:OCETrain TER-87581850,6,,0,0,
OCESN866219F1187_F:TER:FR:Line::6831fb72-94d3-417c-915f-b9656db78b1a::87584516:87582668:20:1055:20260927,09:53:00,09:54:00,StopPoint:OCETrain TER-87581595,7,,0,0,
OCESN866219F1187_F:TER:FR:Line::6831fb72-94d3-417c-915f-b9656db78b1a::87584516:87582668:20:1055:20260927,10:06:00,10:07:00,StopPoint:OCETrain TER-87748350,9,,0,0,
OCESN866219F1187_F:TER:FR:Line::6831fb72-94d3-417c-915f-b9656db78b1a::87584516:87582668:20:1055:20260927,10:10:00,10:11:00,StopPoint:OCETrain TER-87581751,10,,0,0,
OCESN866219F1187_F:TER:FR:Line::6831fb72-94d3-417c-915f-b9656db78b1a::87584516:87582668:20:1055:20260927,10:13:00,10:14:00,StopPoint:OCETrain TER-87581793,11,,0,0,
OCESN866219F1187_F:TER:FR:Line::6831fb72-94d3-417c-915f-b9656db78b1a::87584052:87582668:17:1057:20260514,09:49:00,09:50:00,StopPoint:OCETrain TER-87581595,4,,0,0,
OCESN866219F1187_F:TER:FR:Line::6831fb72-94d3-417c-915f-b9656db78b1a::87584052:87582668:17:1057:20260514,10:06:00,10:07:00,StopPoint:OCETrain TER-87748350,6,,0,0,
OCESN866219F1187_F:TER:FR:Line::6831fb72-94d3-417c-915f-b9656db78b1a::87584052:87582668:17:1057:20260514,10:10:00,10:11:00,StopPoint:OCETrain TER-87581751,7,,0,0,
OCESN866219F1187_F:TER:FR:Line::6831fb72-94d3-417c-915f-b9656db78b1a::87584052:87582668:17:1057:20260514,10:13:00,10:14:00,StopPoint:OCETrain TER-87581793,8,,0,0,
OCESN866219F1187_F:TER:FR:Line::6831fb72-94d3-417c-915f-b9656db78b1a::87584052:87581009:6:954:20260515,09:50:00,09:51:00,StopPoint:OCETrain TER-87581595,4,,0,0,
OCESN866219F1187_F:TER:FR:Line::6831fb72-94d3-417c-915f-b9656db78b1a::87584052:87581009:7:1000:20260508,09:54:00,09:55:00,StopPoint:OCETrain TER-87581595,5,,0,0,
OCESN866219F1187_F:TER:FR:Line::6831fb72-94d3-417c-915f-b9656db78b1a::87584052:87581009:6:954:20260516,09:49:00,09:50:00,StopPoint:OCETrain TER-87581595,4,,0,0,
OCESN866219F1187_F:TER:FR:Line::6831fb72-94d3-417c-915f-b9656db78b1a::87584052:87582668:18:1057:20260522,09:53:00,09:54:00,StopPoint:OCETrain TER-87581595,5,,0,0,
OCESN866219F1187_F:TER:FR:Line::6831fb72-94d3-417c-915f-b9656db78b1a::87584052:87582668:18:1057:20260522,10:06:00,10:07:00,StopPoint:OCETrain TER-87748350,7,,0,0,
OCESN866219F1187_F:TER:FR:Line::6831fb72-94d3-417c-915f-b9656db78b1a::87584052:87582668:18:1057:20260522,10:10:00,10:11:00,StopPoint:OCETrain TER-87581751,8,,0,0,
OCESN866219F1187_F:TER:FR:Line::6831fb72-94d3-417c-915f-b9656db78b1a::87584052:87582668:18:1057:20260522,10:13:00,10:14:00,StopPoint:OCETrain TER-87581793,9,,0,0,
OCESN866219F1187_F:TER:FR:Line::6831fb72-94d3-417c-915f-b9656db78b1a::87584516:87582668:21:1057:20260426,09:45:00,09:46:00,StopPoint:OCETrain TER-87581850,7,,0,0,
OCESN866219F1187_F:TER:FR:Line::6831fb72-94d3-417c-915f-b9656db78b1a::87584516:87582668:21:1057:20260426,09:53:00,09:54:00,StopPoint:OCETrain TER-87581595,8,,0,0,
OCESN866219F1187_F:TER:FR:Line::6831fb72-94d3-417c-915f-b9656db78b1a::87584516:87582668:21:1057:20260426,10:06:00,10:07:00,StopPoint:OCETrain TER-87748350,10,,0,0,
OCESN866219F1187_F:TER:FR:Line::6831fb72-94d3-417c-915f-b9656db78b1a::87584516:87582668:21:1057:20260426,10:10:00,10:11:00,StopPoint:OCETrain TER-87581751,11,,0,0,
OCESN866219F1187_F:TER:FR:Line::6831fb72-94d3-417c-915f-b9656db78b1a::87584516:87582668:21:1057:20260426,10:13:00,10:14:00,StopPoint:OCETrain TER-87581793,12,,0,0,
OCESN866219F1187_F:TER:FR:Line::6831fb72-94d3-417c-915f-b9656db78b1a::87584516:87582668:20:1055:20260628,09:53:00,09:54:00,StopPoint:OCETrain TER-87581595,7,,0,0,
OCESN866219F1187_F:TER:FR:Line::6831fb72-94d3-417c-915f-b9656db78b1a::87584516:87582668:20:1055:20260628,10:06:00,10:07:00,StopPoint:OCETrain TER-87748350,9,,0,0,
OCESN866219F1187_F:TER:FR:Line::6831fb72-94d3-417c-915f-b9656db78b1a::87584516:87582668:20:1055:20260628,10:10:00,10:11:00,StopPoint:OCETrain TER-87581751,10,,0,0,
OCESN866219F1187_F:TER:FR:Line::6831fb72-94d3-417c-915f-b9656db78b1a::87584516:87582668:20:1055:20260628,10:13:00,10:14:00,StopPoint:OCETrain TER-87581793,11,,0,0,
OCESN866219F1187_F:TER:FR:Line::6831fb72-94d3-417c-915f-b9656db78b1a::87584516:87581009:8:958:20260517,09:50:00,09:51:00,StopPoint:OCETrain TER-87581595,6,,0,0,
OCESN866219F1187_F:TER:FR:Line::6831fb72-94d3-417c-915f-b9656db78b1a::87584516:87582668:20:1057:20260503,09:53:00,09:54:00,StopPoint:OCETrain TER-87581595,7,,0,0,
OCESN866219F1187_F:TER:FR:Line::6831fb72-94d3-417c-915f-b9656db78b1a::87584516:87582668:20:1057:20260503,10:06:00,10:07:00,StopPoint:OCETrain TER-87748350,9,,0,0,
OCESN866219F1187_F:TER:FR:Line::6831fb72-94d3-417c-915f-b9656db78b1a::87584516:87582668:20:1057:20260503,10:10:00,10:11:00,StopPoint:OCETrain TER-87581751,10,,0,0,
OCESN866219F1187_F:TER:FR:Line::6831fb72-94d3-417c-915f-b9656db78b1a::87584516:87582668:20:1057:20260503,10:13:00,10:14:00,StopPoint:OCETrain TER-87581793,11,,0,0,
OCESN866219F1187_F:TER:FR:Line::6831fb72-94d3-417c-915f-b9656db78b1a::87584516:87581009:9:958:20260524,09:53:00,09:54:00,StopPoint:OCETrain TER-87581595,7,,0,0,
OCESN866219F1187_F:TER:FR:Line::6831fb72-94d3-417c-915f-b9656db78b1a::87584052:87582668:18:1057:20260513,09:54:00,09:55:00,StopPoint:OCETrain TER-87581595,5,,0,0,
OCESN866219F1187_F:TER:FR:Line::6831fb72-94d3-417c-915f-b9656db78b1a::87584052:87582668:18:1057:20260513,10:06:00,10:07:00,StopPoint:OCETrain TER-87748350,7,,0,0,
OCESN866219F1187_F:TER:FR:Line::6831fb72-94d3-417c-915f-b9656db78b1a::87584052:87582668:18:1057:20260513,10:10:00,10:11:00,StopPoint:OCETrain TER-87581751,8,,0,0,
OCESN866219F1187_F:TER:FR:Line::6831fb72-94d3-417c-915f-b9656db78b1a::87584052:87582668:18:1057:20260513,10:13:00,10:14:00,StopPoint:OCETrain TER-87581793,9,,0,0,
OCESN866219F1187_F:TER:FR:Line::6831fb72-94d3-417c-915f-b9656db78b1a::87584052:87582668:18:1055:20260619,09:53:00,09:54:00,StopPoint:OCETrain TER-87581595,5,,0,0,
OCESN866219F1187_F:TER:FR:Line::6831fb72-94d3-417c-915f-b9656db78b1a::87584052:87582668:18:1055:20260619,10:06:00,10:07:00,StopPoint:OCETrain TER-87748350,7,,0,0,
OCESN866219F1187_F:TER:FR:Line::6831fb72-94d3-417c-915f-b9656db78b1a::87584052:87582668:18:1055:20260619,10:10:00,10:11:00,StopPoint:OCETrain TER-87581751,8,,0,0,
OCESN866219F1187_F:TER:FR:Line::6831fb72-94d3-417c-915f-b9656db78b1a::87584052:87582668:18:1055:20260619,10:13:00,10:14:00,StopPoint:OCETrain TER-87581793,9,,0,0,
OCESN866219F1187_F:TER:FR:Line::6831fb72-94d3-417c-915f-b9656db78b1a::87584052:87582668:19:1057:20260425,09:47:00,09:48:00,StopPoint:OCETrain TER-87581850,5,,0,0,
OCESN866219F1187_F:TER:FR:Line::6831fb72-94d3-417c-915f-b9656db78b1a::87584052:87582668:19:1057:20260425,09:54:00,09:55:00,StopPoint:OCETrain TER-87581595,6,,0,0,
OCESN866219F1187_F:TER:FR:Line::6831fb72-94d3-417c-915f-b9656db78b1a::87584052:87582668:19:1057:20260425,10:06:00,10:07:00,StopPoint:OCETrain TER-87748350,8,,0,0,
OCESN866219F1187_F:TER:FR:Line::6831fb72-94d3-417c-915f-b9656db78b1a::87584052:87582668:19:1057:20260425,10:10:00,10:11:00,StopPoint:OCETrain TER-87581751,9,,0,0,
OCESN866219F1187_F:TER:FR:Line::6831fb72-94d3-417c-915f-b9656db78b1a::87584052:87582668:19:1057:20260425,10:13:00,10:14:00,StopPoint:OCETrain TER-87581793,10,,0,0,
OCESN866222F1187_F:TER:FR:Line::6831fb72-94d3-417c-915f-b9656db78b1a::87582668:87584052:18:1135:20260828,10:46:00,10:47:00,StopPoint:OCETrain TER-87581793,8,,0,0,
OCESN866222F1187_F:TER:FR:Line::6831fb72-94d3-417c-915f-b9656db78b1a::87582668:87584052:18:1135:20260828,10:49:00,10:50:00,StopPoint:OCETrain TER-87581751,9,,0,0,
OCESN866222F1187_F:TER:FR:Line::6831fb72-94d3-417c-915f-b9656db78b1a::87582668:87584052:18:1135:20260828,10:52:00,10:53:00,StopPoint:OCETrain TER-87748350,10,,0,0,
OCESN866222F1187_F:TER:FR:Line::6831fb72-94d3-417c-915f-b9656db78b1a::87582668:87584052:18:1135:20260828,11:05:00,11:06:00,StopPoint:OCETrain TER-87581595,12,,0,0,
OCESN866222F1187_F:TER:FR:Line::6831fb72-94d3-417c-915f-b9656db78b1a::87582668:87584052:19:1135:20260925,10:46:00,10:47:00,StopPoint:OCETrain TER-87581793,8,,0,0,
OCESN866222F1187_F:TER:FR:Line::6831fb72-94d3-417c-915f-b9656db78b1a::87582668:87584052:19:1135:20260925,10:49:00,10:50:00,StopPoint:OCETrain TER-87581751,9,,0,0,
OCESN866222F1187_F:TER:FR:Line::6831fb72-94d3-417c-915f-b9656db78b1a::87582668:87584052:19:1135:20260925,10:52:00,10:53:00,StopPoint:OCETrain TER-87748350,10,,0,0,
OCESN866222F1187_F:TER:FR:Line::6831fb72-94d3-417c-915f-b9656db78b1a::87582668:87584052:19:1135:20260925,11:05:00,11:06:00,StopPoint:OCETrain TER-87581595,12,,0,0,
OCESN866222F1187_F:TER:FR:Line::6831fb72-94d3-417c-915f-b9656db78b1a::87582668:87584052:19:1135:20260925,11:10:00,11:11:00,StopPoint:OCETrain TER-87581850,13,,0,0,
OCESN866222F1187_F:TER:FR:Line::6831fb72-94d3-417c-915f-b9656db78b1a::87581009:87584052:6:1138:20260515,11:06:00,11:07:00,StopPoint:OCETrain TER-87581595,1,,0,0,
OCESN866222F1187_F:TER:FR:Line::6831fb72-94d3-417c-915f-b9656db78b1a::87582668:87584052:18:1135:20260522,10:46:00,10:47:00,StopPoint:OCETrain TER-87581793,8,,0,0,
OCESN866222F1187_F:TER:FR:Line::6831fb72-94d3-417c-915f-b9656db78b1a::87582668:87584052:18:1135:20260522,10:49:00,10:50:00,StopPoint:OCETrain TER-87581751,9,,0,0,
OCESN866222F1187_F:TER:FR:Line::6831fb72-94d3-417c-915f-b9656db78b1a::87582668:87584052:18:1135:20260522,10:52:00,10:53:00,StopPoint:OCETrain TER-87748350,10,,0,0,
OCESN866222F1187_F:TER:FR:Line::6831fb72-94d3-417c-915f-b9656db78b1a::87582668:87584052:18:1135:20260522,11:05:00,11:06:00,StopPoint:OCETrain TER-87581595,12,,0,0,
OCESN866222F1187_F:TER:FR:Line::6831fb72-94d3-417c-915f-b9656db78b1a::87582668:87584052:18:1140:20260513,10:46:00,10:47:00,StopPoint:OCETrain TER-87581793,8,,0,0,
OCESN866222F1187_F:TER:FR:Line::6831fb72-94d3-417c-915f-b9656db78b1a::87582668:87584052:18:1140:20260513,10:49:00,10:50:00,StopPoint:OCETrain TER-87581751,9,,0,0,
OCESN866222F1187_F:TER:FR:Line::6831fb72-94d3-417c-915f-b9656db78b1a::87582668:87584052:18:1140:20260513,10:52:00,10:53:00,StopPoint:OCETrain TER-87748350,10,,0,0,
OCESN866222F1187_F:TER:FR:Line::6831fb72-94d3-417c-915f-b9656db78b1a::87582668:87584052:18:1140:20260513,11:05:00,11:06:00,StopPoint:OCETrain TER-87581595,12,,0,0,
OCESN866222F1187_F:TER:FR:Line::6831fb72-94d3-417c-915f-b9656db78b1a::87581009:87584052:8:1135:20260930,11:08:00,11:08:00,StopPoint:OCETrain TER-87581595,1,,0,0,
OCESN866222F1187_F:TER:FR:Line::6831fb72-94d3-417c-915f-b9656db78b1a::87581009:87584052:8:1135:20260930,11:12:00,11:13:00,StopPoint:OCETrain TER-87581850,2,,0,0,
OCESN866222F1187_F:TER:FR:Line::6831fb72-94d3-417c-915f-b9656db78b1a::87582668:87584052:18:1135:20260619,10:46:00,10:47:00,StopPoint:OCETrain TER-87581793,8,,0,0,
OCESN866222F1187_F:TER:FR:Line::6831fb72-94d3-417c-915f-b9656db78b1a::87582668:87584052:18:1135:20260619,10:49:00,10:50:00,StopPoint:OCETrain TER-87581751,9,,0,0,
OCESN866222F1187_F:TER:FR:Line::6831fb72-94d3-417c-915f-b9656db78b1a::87582668:87584052:18:1135:20260619,10:52:00,10:53:00,StopPoint:OCETrain TER-87748350,10,,0,0,
OCESN866222F1187_F:TER:FR:Line::6831fb72-94d3-417c-915f-b9656db78b1a::87582668:87584052:18:1135:20260619,11:05:00,11:06:00,StopPoint:OCETrain TER-87581595,12,,0,0,
OCESN866222F1187_F:TER:FR:Line::6831fb72-94d3-417c-915f-b9656db78b1a::87582668:87584052:19:1140:20260424,10:46:00,10:47:00,StopPoint:OCETrain TER-87581793,8,,0,0,
OCESN866222F1187_F:TER:FR:Line::6831fb72-94d3-417c-915f-b9656db78b1a::87582668:87584052:19:1140:20260424,10:49:00,10:50:00,StopPoint:OCETrain TER-87581751,9,,0,0,
OCESN866222F1187_F:TER:FR:Line::6831fb72-94d3-417c-915f-b9656db78b1a::87582668:87584052:19:1140:20260424,10:52:00,10:53:00,StopPoint:OCETrain TER-87748350,10,,0,0,
OCESN866222F1187_F:TER:FR:Line::6831fb72-94d3-417c-915f-b9656db78b1a::87582668:87584052:19:1140:20260424,11:05:00,11:06:00,StopPoint:OCETrain TER-87581595,12,,0,0,
OCESN866222F1187_F:TER:FR:Line::6831fb72-94d3-417c-915f-b9656db78b1a::87582668:87584052:19:1140:20260424,11:13:00,11:14:00,StopPoint:OCETrain TER-87581850,13,,0,0,
OCESN866223F1187_F:TER:FR:Line::6831fb72-94d3-417c-915f-b9656db78b1a::87584516:87582668:19:1155:20260822,10:52:00,10:53:00,StopPoint:OCETrain TER-87581595,6,,0,0,
OCESN866223F1187_F:TER:FR:Line::6831fb72-94d3-417c-915f-b9656db78b1a::87584516:87582668:19:1155:20260822,11:06:00,11:07:00,StopPoint:OCETrain TER-87748350,8,,0,0,
OCESN866223F1187_F:TER:FR:Line::6831fb72-94d3-417c-915f-b9656db78b1a::87584516:87582668:19:1155:20260822,11:10:00,11:11:00,StopPoint:OCETrain TER-87581751,9,,0,0,
OCESN866223F1187_F:TER:FR:Line::6831fb72-94d3-417c-915f-b9656db78b1a::87584516:87582668:19:1155:20260822,11:13:00,11:14:00,StopPoint:OCETrain TER-87581793,10,,0,0,
OCESN866223F1187_F:TER:FR:Line::6831fb72-94d3-417c-915f-b9656db78b1a::87584516:87582668:20:1155:20260926,10:48:00,10:49:00,StopPoint:OCETrain TER-87581850,6,,0,0,
OCESN866223F1187_F:TER:FR:Line::6831fb72-94d3-417c-915f-b9656db78b1a::87584516:87582668:20:1155:20260926,10:52:00,10:53:00,StopPoint:OCETrain TER-87581595,7,,0,0,
OCESN866223F1187_F:TER:FR:Line::6831fb72-94d3-417c-915f-b9656db78b1a::87584516:87582668:20:1155:20260926,11:06:00,11:07:00,StopPoint:OCETrain TER-87748350,9,,0,0,
OCESN866223F1187_F:TER:FR:Line::6831fb72-94d3-417c-915f-b9656db78b1a::87584516:87582668:20:1155:20260926,11:10:00,11:11:00,StopPoint:OCETrain TER-87581751,10,,0,0,
OCESN866223F1187_F:TER:FR:Line::6831fb72-94d3-417c-915f-b9656db78b1a::87584516:87582668:20:1155:20260926,11:13:00,11:14:00,StopPoint:OCETrain TER-87581793,11,,0,0,
OCESN866223F1187_F:TER:FR:Line::6831fb72-94d3-417c-915f-b9656db78b1a::87584516:87582668:19:1159:20260514,10:56:00,10:57:00,StopPoint:OCETrain TER-87581595,6,,0,0,
OCESN866223F1187_F:TER:FR:Line::6831fb72-94d3-417c-915f-b9656db78b1a::87584516:87582668:19:1159:20260514,11:08:00,11:09:00,StopPoint:OCETrain TER-87748350,8,,0,0,
OCESN866223F1187_F:TER:FR:Line::6831fb72-94d3-417c-915f-b9656db78b1a::87584516:87582668:19:1159:20260514,11:12:00,11:13:00,StopPoint:OCETrain TER-87581751,9,,0,0,
OCESN866223F1187_F:TER:FR:Line::6831fb72-94d3-417c-915f-b9656db78b1a::87584516:87582668:19:1159:20260514,11:15:00,11:16:00,StopPoint:OCETrain TER-87581793,10,,0,0,
OCESN866223F1187_F:TER:FR:Line::6831fb72-94d3-417c-915f-b9656db78b1a::87584516:87582668:21:1159:20260425,10:49:00,10:50:00,StopPoint:OCETrain TER-87581850,7,,0,0,
OCESN866223F1187_F:TER:FR:Line::6831fb72-94d3-417c-915f-b9656db78b1a::87584516:87582668:21:1159:20260425,10:57:00,10:58:00,StopPoint:OCETrain TER-87581595,8,,0,0,
OCESN866223F1187_F:TER:FR:Line::6831fb72-94d3-417c-915f-b9656db78b1a::87584516:87582668:21:1159:20260425,11:08:00,11:09:00,StopPoint:OCETrain TER-87748350,10,,0,0,
OCESN866223F1187_F:TER:FR:Line::6831fb72-94d3-417c-915f-b9656db78b1a::87584516:87582668:21:1159:20260425,11:12:00,11:13:00,StopPoint:OCETrain TER-87581751,11,,0,0,
OCESN866223F1187_F:TER:FR:Line::6831fb72-94d3-417c-915f-b9656db78b1a::87584516:87582668:21:1159:20260425,11:15:00,11:16:00,StopPoint:OCETrain TER-87581793,12,,0,0,
OCESN866223F1187_F:TER:FR:Line::6831fb72-94d3-417c-915f-b9656db78b1a::87584516:87582668:20:1159:20260502,10:57:00,10:58:00,StopPoint:OCETrain TER-87581595,7,,0,0,
OCESN866223F1187_F:TER:FR:Line::6831fb72-94d3-417c-915f-b9656db78b1a::87584516:87582668:20:1159:20260502,11:08:00,11:09:00,StopPoint:OCETrain TER-87748350,9,,0,0,
OCESN866223F1187_F:TER:FR:Line::6831fb72-94d3-417c-915f-b9656db78b1a::87584516:87582668:20:1159:20260502,11:12:00,11:13:00,StopPoint:OCETrain TER-87581751,10,,0,0,
OCESN866223F1187_F:TER:FR:Line::6831fb72-94d3-417c-915f-b9656db78b1a::87584516:87582668:20:1159:20260502,11:15:00,11:16:00,StopPoint:OCETrain TER-87581793,11,,0,0,
OCESN866223F1187_F:TER:FR:Line::6831fb72-94d3-417c-915f-b9656db78b1a::87584516:87582668:20:1155:20260620,10:52:00,10:53:00,StopPoint:OCETrain TER-87581595,7,,0,0,
OCESN866223F1187_F:TER:FR:Line::6831fb72-94d3-417c-915f-b9656db78b1a::87584516:87582668:20:1155:20260620,11:06:00,11:07:00,StopPoint:OCETrain TER-87748350,9,,0,0,
OCESN866223F1187_F:TER:FR:Line::6831fb72-94d3-417c-915f-b9656db78b1a::87584516:87582668:20:1155:20260620,11:10:00,11:11:00,StopPoint:OCETrain TER-87581751,10,,0,0,
OCESN866223F1187_F:TER:FR:Line::6831fb72-94d3-417c-915f-b9656db78b1a::87584516:87582668:20:1155:20260620,11:13:00,11:14:00,StopPoint:OCETrain TER-87581793,11,,0,0,
OCESN866223F1187_F:TER:FR:Line::6831fb72-94d3-417c-915f-b9656db78b1a::87584516:87581009:9:1102:20260508,10:57:00,10:58:00,StopPoint:OCETrain TER-87581595,7,,0,0,
OCESN866223F1187_F:TER:FR:Line::6831fb72-94d3-417c-915f-b9656db78b1a::87584516:87582668:20:1155:20260613,10:52:00,10:53:00,StopPoint:OCETrain TER-87581595,7,,0,0,
OCESN866223F1187_F:TER:FR:Line::6831fb72-94d3-417c-915f-b9656db78b1a::87584516:87582668:20:1155:20260613,11:06:00,11:07:00,StopPoint:OCETrain TER-87748350,9,,0,0,
OCESN866223F1187_F:TER:FR:Line::6831fb72-94d3-417c-915f-b9656db78b1a::87584516:87582668:20:1155:20260613,11:10:00,11:11:00,StopPoint:OCETrain TER-87581751,10,,0,0,
OCESN866223F1187_F:TER:FR:Line::6831fb72-94d3-417c-915f-b9656db78b1a::87584516:87582668:20:1155:20260613,11:13:00,11:14:00,StopPoint:OCETrain TER-87581793,11,,0,0,
OCESN866223F1187_F:TER:FR:Line::6831fb72-94d3-417c-915f-b9656db78b1a::87584516:87581009:8:1101:20260516,10:56:00,10:57:00,StopPoint:OCETrain TER-87581595,6,,0,0,
OCESN866223F1187_F:TER:FR:Line::6831fb72-94d3-417c-915f-b9656db78b1a::87581009:87582668:12:1155:20260530,11:06:00,11:07:00,StopPoint:OCETrain TER-87748350,1,,0,0,
OCESN866223F1187_F:TER:FR:Line::6831fb72-94d3-417c-915f-b9656db78b1a::87581009:87582668:12:1155:20260530,11:10:00,11:11:00,StopPoint:OCETrain TER-87581751,2,,0,0,
OCESN866223F1187_F:TER:FR:Line::6831fb72-94d3-417c-915f-b9656db78b1a::87581009:87582668:12:1155:20260530,11:13:00,11:14:00,StopPoint:OCETrain TER-87581793,3,,0,0,
OCESN866223F1187_F:TER:FR:Line::6831fb72-94d3-417c-915f-b9656db78b1a::87584516:87582668:20:1155:20260627,10:52:00,10:53:00,StopPoint:OCETrain TER-87581595,7,,0,0,
OCESN866223F1187_F:TER:FR:Line::6831fb72-94d3-417c-915f-b9656db78b1a::87584516:87582668:20:1155:20260627,11:06:00,11:07:00,StopPoint:OCETrain TER-87748350,9,,0,0,
OCESN866223F1187_F:TER:FR:Line::6831fb72-94d3-417c-915f-b9656db78b1a::87584516:87582668:20:1155:20260627,11:10:00,11:11:00,StopPoint:OCETrain TER-87581751,10,,0,0,
OCESN866223F1187_F:TER:FR:Line::6831fb72-94d3-417c-915f-b9656db78b1a::87584516:87582668:20:1155:20260627,11:13:00,11:14:00,StopPoint:OCETrain TER-87581793,11,,0,0,
OCESN866224F1187_F:TER:FR:Line::6831fb72-94d3-417c-915f-b9656db78b1a::87582668:87584516:19:1246:20260828,11:46:00,11:47:00,StopPoint:OCETrain TER-87581793,8,,0,0,
OCESN866224F1187_F:TER:FR:Line::6831fb72-94d3-417c-915f-b9656db78b1a::87582668:87584516:19:1246:20260828,11:49:00,11:50:00,StopPoint:OCETrain TER-87581751,9,,0,0,
OCESN866224F1187_F:TER:FR:Line::6831fb72-94d3-417c-915f-b9656db78b1a::87582668:87584516:19:1246:20260828,11:52:00,11:53:00,StopPoint:OCETrain TER-87748350,10,,0,0,
OCESN866224F1187_F:TER:FR:Line::6831fb72-94d3-417c-915f-b9656db78b1a::87582668:87584516:19:1246:20260828,12:05:00,12:06:00,StopPoint:OCETrain TER-87581595,12,,0,0,
OCESN866224F1187_F:TER:FR:Line::6831fb72-94d3-417c-915f-b9656db78b1a::87582668:87584516:20:1246:20260925,11:46:00,11:47:00,StopPoint:OCETrain TER-87581793,8,,0,0,
OCESN866224F1187_F:TER:FR:Line::6831fb72-94d3-417c-915f-b9656db78b1a::87582668:87584516:20:1246:20260925,11:49:00,11:50:00,StopPoint:OCETrain TER-87581751,9,,0,0,
OCESN866224F1187_F:TER:FR:Line::6831fb72-94d3-417c-915f-b9656db78b1a::87582668:87584516:20:1246:20260925,11:52:00,11:53:00,StopPoint:OCETrain TER-87748350,10,,0,0,
OCESN866224F1187_F:TER:FR:Line::6831fb72-94d3-417c-915f-b9656db78b1a::87582668:87584516:20:1246:20260925,12:05:00,12:06:00,StopPoint:OCETrain TER-87581595,12,,0,0,
OCESN866224F1187_F:TER:FR:Line::6831fb72-94d3-417c-915f-b9656db78b1a::87582668:87584516:20:1246:20260925,12:10:00,12:11:00,StopPoint:OCETrain TER-87581850,13,,0,0,
OCESN866224F1187_F:TER:FR:Line::6831fb72-94d3-417c-915f-b9656db78b1a::87582668:87584516:20:1246:20260619,11:46:00,11:47:00,StopPoint:OCETrain TER-87581793,8,,0,0,
OCESN866224F1187_F:TER:FR:Line::6831fb72-94d3-417c-915f-b9656db78b1a::87582668:87584516:20:1246:20260619,11:49:00,11:50:00,StopPoint:OCETrain TER-87581751,9,,0,0,
OCESN866224F1187_F:TER:FR:Line::6831fb72-94d3-417c-915f-b9656db78b1a::87582668:87584516:20:1246:20260619,11:52:00,11:53:00,StopPoint:OCETrain TER-87748350,10,,0,0,
OCESN866224F1187_F:TER:FR:Line::6831fb72-94d3-417c-915f-b9656db78b1a::87582668:87584516:20:1246:20260619,12:05:00,12:06:00,StopPoint:OCETrain TER-87581595,12,,0,0,
OCESN866224F1187_F:TER:FR:Line::6831fb72-94d3-417c-915f-b9656db78b1a::87582668:87584516:20:1246:20260522,11:46:00,11:47:00,StopPoint:OCETrain TER-87581793,8,,0,0,
OCESN866224F1187_F:TER:FR:Line::6831fb72-94d3-417c-915f-b9656db78b1a::87582668:87584516:20:1246:20260522,11:49:00,11:50:00,StopPoint:OCETrain TER-87581751,9,,0,0,
OCESN866224F1187_F:TER:FR:Line::6831fb72-94d3-417c-915f-b9656db78b1a::87582668:87584516:20:1246:20260522,11:52:00,11:53:00,StopPoint:OCETrain TER-87748350,10,,0,0,
OCESN866224F1187_F:TER:FR:Line::6831fb72-94d3-417c-915f-b9656db78b1a::87582668:87584516:20:1246:20260522,12:05:00,12:06:00,StopPoint:OCETrain TER-87581595,12,,0,0,
OCESN866224F1187_F:TER:FR:Line::6831fb72-94d3-417c-915f-b9656db78b1a::87581009:87584516:8:1250:20260515,12:04:00,12:05:00,StopPoint:OCETrain TER-87581595,1,,0,0,
OCESN866224F1187_F:TER:FR:Line::6831fb72-94d3-417c-915f-b9656db78b1a::87582668:87584516:20:1250:20260513,11:46:00,11:47:00,StopPoint:OCETrain TER-87581793,8,,0,0,
OCESN866224F1187_F:TER:FR:Line::6831fb72-94d3-417c-915f-b9656db78b1a::87582668:87584516:20:1250:20260513,11:49:00,11:50:00,StopPoint:OCETrain TER-87581751,9,,0,0,
OCESN866224F1187_F:TER:FR:Line::6831fb72-94d3-417c-915f-b9656db78b1a::87582668:87584516:20:1250:20260513,11:52:00,11:53:00,StopPoint:OCETrain TER-87748350,10,,0,0,
OCESN866224F1187_F:TER:FR:Line::6831fb72-94d3-417c-915f-b9656db78b1a::87582668:87584516:20:1250:20260513,12:04:00,12:05:00,StopPoint:OCETrain TER-87581595,12,,0,0,
OCESN866224F1187_F:TER:FR:Line::6831fb72-94d3-417c-915f-b9656db78b1a::87582478:87584516:15:1246:20260930,11:46:00,11:47:00,StopPoint:OCETrain TER-87581793,3,,0,0,
OCESN866224F1187_F:TER:FR:Line::6831fb72-94d3-417c-915f-b9656db78b1a::87582478:87584516:15:1246:20260930,11:49:00,11:50:00,StopPoint:OCETrain TER-87581751,4,,0,0,
OCESN866224F1187_F:TER:FR:Line::6831fb72-94d3-417c-915f-b9656db78b1a::87582478:87584516:15:1246:20260930,11:52:00,11:53:00,StopPoint:OCETrain TER-87748350,5,,0,0,
OCESN866224F1187_F:TER:FR:Line::6831fb72-94d3-417c-915f-b9656db78b1a::87582478:87584516:15:1246:20260930,12:05:00,12:06:00,StopPoint:OCETrain TER-87581595,7,,0,0,
OCESN866224F1187_F:TER:FR:Line::6831fb72-94d3-417c-915f-b9656db78b1a::87582478:87584516:15:1246:20260930,12:10:00,12:11:00,StopPoint:OCETrain TER-87581850,8,,0,0,
OCESN866224F1187_F:TER:FR:Line::6831fb72-94d3-417c-915f-b9656db78b1a::87582668:87584516:20:1247:20260605,11:46:00,11:47:00,StopPoint:OCETrain TER-87581793,8,,0,0,
OCESN866224F1187_F:TER:FR:Line::6831fb72-94d3-417c-915f-b9656db78b1a::87582668:87584516:20:1247:20260605,11:49:00,11:50:00,StopPoint:OCETrain TER-87581751,9,,0,0,
OCESN866224F1187_F:TER:FR:Line::6831fb72-94d3-417c-915f-b9656db78b1a::87582668:87584516:20:1247:20260605,11:52:00,11:53:00,StopPoint:OCETrain TER-87748350,10,,0,0,
OCESN866224F1187_F:TER:FR:Line::6831fb72-94d3-417c-915f-b9656db78b1a::87582668:87584516:20:1247:20260605,12:05:00,12:06:00,StopPoint:OCETrain TER-87581595,12,,0,0,
OCESN866224F1187_F:TER:FR:Line::6831fb72-94d3-417c-915f-b9656db78b1a::87582668:87584516:20:1246:20260703,11:46:00,11:47:00,StopPoint:OCETrain TER-87581793,8,,0,0,
OCESN866224F1187_F:TER:FR:Line::6831fb72-94d3-417c-915f-b9656db78b1a::87582668:87584516:20:1246:20260703,11:49:00,11:50:00,StopPoint:OCETrain TER-87581751,9,,0,0,
OCESN866224F1187_F:TER:FR:Line::6831fb72-94d3-417c-915f-b9656db78b1a::87582668:87584516:20:1246:20260703,11:52:00,11:53:00,StopPoint:OCETrain TER-87748350,10,,0,0,
OCESN866224F1187_F:TER:FR:Line::6831fb72-94d3-417c-915f-b9656db78b1a::87582668:87584516:20:1246:20260703,12:05:00,12:06:00,StopPoint:OCETrain TER-87581595,12,,0,0,
OCESN866224F1187_F:TER:FR:Line::6831fb72-94d3-417c-915f-b9656db78b1a::87582668:87584516:21:1250:20260424,11:46:00,11:47:00,StopPoint:OCETrain TER-87581793,8,,0,0,
OCESN866224F1187_F:TER:FR:Line::6831fb72-94d3-417c-915f-b9656db78b1a::87582668:87584516:21:1250:20260424,11:49:00,11:50:00,StopPoint:OCETrain TER-87581751,9,,0,0,
OCESN866224F1187_F:TER:FR:Line::6831fb72-94d3-417c-915f-b9656db78b1a::87582668:87584516:21:1250:20260424,11:52:00,11:53:00,StopPoint:OCETrain TER-87748350,10,,0,0,
OCESN866224F1187_F:TER:FR:Line::6831fb72-94d3-417c-915f-b9656db78b1a::87582668:87584516:21:1250:20260424,12:04:00,12:05:00,StopPoint:OCETrain TER-87581595,12,,0,0,
OCESN866224F1187_F:TER:FR:Line::6831fb72-94d3-417c-915f-b9656db78b1a::87582668:87584516:21:1250:20260424,12:12:00,12:13:00,StopPoint:OCETrain TER-87581850,13,,0,0,
OCESN866225F1187_F:TER:FR:Line::6831fb72-94d3-417c-915f-b9656db78b1a::87581009:87582668:12:1155:20260531,11:06:00,11:07:00,StopPoint:OCETrain TER-87748350,1,,0,0,
OCESN866225F1187_F:TER:FR:Line::6831fb72-94d3-417c-915f-b9656db78b1a::87581009:87582668:12:1155:20260531,11:10:00,11:11:00,StopPoint:OCETrain TER-87581751,2,,0,0,
OCESN866225F1187_F:TER:FR:Line::6831fb72-94d3-417c-915f-b9656db78b1a::87581009:87582668:12:1155:20260531,11:13:00,11:14:00,StopPoint:OCETrain TER-87581793,3,,0,0,
OCESN866225F1187_F:TER:FR:Line::6831fb72-94d3-417c-915f-b9656db78b1a::87584052:87582668:18:1155:20260828,10:52:00,10:53:00,StopPoint:OCETrain TER-87581595,5,,0,0,
OCESN866225F1187_F:TER:FR:Line::6831fb72-94d3-417c-915f-b9656db78b1a::87584052:87582668:18:1155:20260828,11:06:00,11:07:00,StopPoint:OCETrain TER-87748350,7,,0,0,
OCESN866225F1187_F:TER:FR:Line::6831fb72-94d3-417c-915f-b9656db78b1a::87584052:87582668:18:1155:20260828,11:10:00,11:11:00,StopPoint:OCETrain TER-87581751,8,,0,0,
OCESN866225F1187_F:TER:FR:Line::6831fb72-94d3-417c-915f-b9656db78b1a::87584052:87582668:18:1155:20260828,11:13:00,11:14:00,StopPoint:OCETrain TER-87581793,9,,0,0,
OCESN866225F1187_F:TER:FR:Line::6831fb72-94d3-417c-915f-b9656db78b1a::87584052:87581009:7:1057:20260524,10:52:00,10:53:00,StopPoint:OCETrain TER-87581595,5,,0,0,
OCESN866225F1187_F:TER:FR:Line::6831fb72-94d3-417c-915f-b9656db78b1a::87584052:87582668:18:1157:20260522,10:52:00,10:53:00,StopPoint:OCETrain TER-87581595,5,,0,0,
OCESN866225F1187_F:TER:FR:Line::6831fb72-94d3-417c-915f-b9656db78b1a::87584052:87582668:18:1157:20260522,11:06:00,11:07:00,StopPoint:OCETrain TER-87748350,7,,0,0,
OCESN866225F1187_F:TER:FR:Line::6831fb72-94d3-417c-915f-b9656db78b1a::87584052:87582668:18:1157:20260522,11:10:00,11:11:00,StopPoint:OCETrain TER-87581751,8,,0,0,
OCESN866225F1187_F:TER:FR:Line::6831fb72-94d3-417c-915f-b9656db78b1a::87584052:87582668:18:1157:20260522,11:13:00,11:14:00,StopPoint:OCETrain TER-87581793,9,,0,0,
OCESN866225F1187_F:TER:FR:Line::6831fb72-94d3-417c-915f-b9656db78b1a::87584052:87581009:6:1100:20260517,10:55:00,10:56:00,StopPoint:OCETrain TER-87581595,4,,0,0,
OCESN866225F1187_F:TER:FR:Line::6831fb72-94d3-417c-915f-b9656db78b1a::87584052:87582668:18:1157:20260513,10:55:00,10:56:00,StopPoint:OCETrain TER-87581595,5,,0,0,
OCESN866225F1187_F:TER:FR:Line::6831fb72-94d3-417c-915f-b9656db78b1a::87584052:87582668:18:1157:20260513,11:06:00,11:07:00,StopPoint:OCETrain TER-87748350,7,,0,0,
OCESN866225F1187_F:TER:FR:Line::6831fb72-94d3-417c-915f-b9656db78b1a::87584052:87582668:18:1157:20260513,11:10:00,11:11:00,StopPoint:OCETrain TER-87581751,8,,0,0,
OCESN866225F1187_F:TER:FR:Line::6831fb72-94d3-417c-915f-b9656db78b1a::87584052:87582668:18:1157:20260513,11:13:00,11:14:00,StopPoint:OCETrain TER-87581793,9,,0,0,
OCESN866225F1187_F:TER:FR:Line::6831fb72-94d3-417c-915f-b9656db78b1a::87584052:87581009:8:1055:20260930,10:46:00,10:47:00,StopPoint:OCETrain TER-87581850,5,,0,0,
OCESN866225F1187_F:TER:FR:Line::6831fb72-94d3-417c-915f-b9656db78b1a::87584052:87581009:8:1055:20260930,10:51:00,10:51:00,StopPoint:OCETrain TER-87581595,6,,0,0,
OCESN866225F1187_F:TER:FR:Line::6831fb72-94d3-417c-915f-b9656db78b1a::87584052:87582668:19:1155:20260927,10:47:00,10:48:00,StopPoint:OCETrain TER-87581850,5,,0,0,
OCESN866225F1187_F:TER:FR:Line::6831fb72-94d3-417c-915f-b9656db78b1a::87584052:87582668:19:1155:20260927,10:52:00,10:53:00,StopPoint:OCETrain TER-87581595,6,,0,0,
OCESN866225F1187_F:TER:FR:Line::6831fb72-94d3-417c-915f-b9656db78b1a::87584052:87582668:19:1155:20260927,11:06:00,11:07:00,StopPoint:OCETrain TER-87748350,8,,0,0,
OCESN866225F1187_F:TER:FR:Line::6831fb72-94d3-417c-915f-b9656db78b1a::87584052:87582668:19:1155:20260927,11:10:00,11:11:00,StopPoint:OCETrain TER-87581751,9,,0,0,
OCESN866225F1187_F:TER:FR:Line::6831fb72-94d3-417c-915f-b9656db78b1a::87584052:87582668:19:1155:20260927,11:13:00,11:14:00,StopPoint:OCETrain TER-87581793,10,,0,0,
OCESN866225F1187_F:TER:FR:Line::6831fb72-94d3-417c-915f-b9656db78b1a::87584052:87582668:18:1155:20260619,10:52:00,10:53:00,StopPoint:OCETrain TER-87581595,5,,0,0,
OCESN866225F1187_F:TER:FR:Line::6831fb72-94d3-417c-915f-b9656db78b1a::87584052:87582668:18:1155:20260619,11:06:00,11:07:00,StopPoint:OCETrain TER-87748350,7,,0,0,
OCESN866225F1187_F:TER:FR:Line::6831fb72-94d3-417c-915f-b9656db78b1a::87584052:87582668:18:1155:20260619,11:10:00,11:11:00,StopPoint:OCETrain TER-87581751,8,,0,0,
OCESN866225F1187_F:TER:FR:Line::6831fb72-94d3-417c-915f-b9656db78b1a::87584052:87582668:18:1155:20260619,11:13:00,11:14:00,StopPoint:OCETrain TER-87581793,9,,0,0,
OCESN866225F1187_F:TER:FR:Line::6831fb72-94d3-417c-915f-b9656db78b1a::87584052:87582668:19:1157:20260426,10:47:00,10:48:00,StopPoint:OCETrain TER-87581850,5,,0,0,
OCESN866225F1187_F:TER:FR:Line::6831fb72-94d3-417c-915f-b9656db78b1a::87584052:87582668:19:1157:20260426,10:55:00,10:56:00,StopPoint:OCETrain TER-87581595,6,,0,0,
OCESN866225F1187_F:TER:FR:Line::6831fb72-94d3-417c-915f-b9656db78b1a::87584052:87582668:19:1157:20260426,11:06:00,11:07:00,StopPoint:OCETrain TER-87748350,8,,0,0,
OCESN866225F1187_F:TER:FR:Line::6831fb72-94d3-417c-915f-b9656db78b1a::87584052:87582668:19:1157:20260426,11:10:00,11:11:00,StopPoint:OCETrain TER-87581751,9,,0,0,
OCESN866225F1187_F:TER:FR:Line::6831fb72-94d3-417c-915f-b9656db78b1a::87584052:87582668:19:1157:20260426,11:13:00,11:14:00,StopPoint:OCETrain TER-87581793,10,,0,0,
OCESN866226F1187_F:TER:FR:Line::6831fb72-94d3-417c-915f-b9656db78b1a::87582668:87581009:12:1158:20260531,11:45:00,11:46:00,StopPoint:OCETrain TER-87581793,8,,0,0,
OCESN866226F1187_F:TER:FR:Line::6831fb72-94d3-417c-915f-b9656db78b1a::87582668:87581009:12:1158:20260531,11:48:00,11:49:00,StopPoint:OCETrain TER-87581751,9,,0,0,
OCESN866226F1187_F:TER:FR:Line::6831fb72-94d3-417c-915f-b9656db78b1a::87582668:87581009:12:1158:20260531,11:52:00,11:53:00,StopPoint:OCETrain TER-87748350,10,,0,0,
OCESN866226F1187_F:TER:FR:Line::6831fb72-94d3-417c-915f-b9656db78b1a::87582668:87584052:18:1234:20260823,11:45:00,11:46:00,StopPoint:OCETrain TER-87581793,8,,0,0,
OCESN866226F1187_F:TER:FR:Line::6831fb72-94d3-417c-915f-b9656db78b1a::87582668:87584052:18:1234:20260823,11:48:00,11:49:00,StopPoint:OCETrain TER-87581751,9,,0,0,
OCESN866226F1187_F:TER:FR:Line::6831fb72-94d3-417c-915f-b9656db78b1a::87582668:87584052:18:1234:20260823,11:52:00,11:53:00,StopPoint:OCETrain TER-87748350,10,,0,0,
OCESN866226F1187_F:TER:FR:Line::6831fb72-94d3-417c-915f-b9656db78b1a::87582668:87584052:18:1234:20260823,12:05:00,12:06:00,StopPoint:OCETrain TER-87581595,12,,0,0,
OCESN866226F1187_F:TER:FR:Line::6831fb72-94d3-417c-915f-b9656db78b1a::87582668:87584052:19:1234:20260927,11:45:00,11:46:00,StopPoint:OCETrain TER-87581793,8,,0,0,
OCESN866226F1187_F:TER:FR:Line::6831fb72-94d3-417c-915f-b9656db78b1a::87582668:87584052:19:1234:20260927,11:48:00,11:49:00,StopPoint:OCETrain TER-87581751,9,,0,0,
OCESN866226F1187_F:TER:FR:Line::6831fb72-94d3-417c-915f-b9656db78b1a::87582668:87584052:19:1234:20260927,11:52:00,11:53:00,StopPoint:OCETrain TER-87748350,10,,0,0,
OCESN866226F1187_F:TER:FR:Line::6831fb72-94d3-417c-915f-b9656db78b1a::87582668:87584052:19:1234:20260927,12:05:00,12:06:00,StopPoint:OCETrain TER-87581595,12,,0,0,
OCESN866226F1187_F:TER:FR:Line::6831fb72-94d3-417c-915f-b9656db78b1a::87582668:87584052:19:1234:20260927,12:10:00,12:11:00,StopPoint:OCETrain TER-87581850,13,,0,0,
OCESN866226F1187_F:TER:FR:Line::6831fb72-94d3-417c-915f-b9656db78b1a::87582668:87584052:17:1238:20260514,11:45:00,11:46:00,StopPoint:OCETrain TER-87581793,8,,0,0,
OCESN866226F1187_F:TER:FR:Line::6831fb72-94d3-417c-915f-b9656db78b1a::87582668:87584052:17:1238:20260514,11:48:00,11:49:00,StopPoint:OCETrain TER-87581751,9,,0,0,
OCESN866226F1187_F:TER:FR:Line::6831fb72-94d3-417c-915f-b9656db78b1a::87582668:87584052:17:1238:20260514,11:52:00,11:53:00,StopPoint:OCETrain TER-87748350,10,,0,0,
OCESN866226F1187_F:TER:FR:Line::6831fb72-94d3-417c-915f-b9656db78b1a::87582668:87584052:17:1238:20260514,12:04:00,12:05:00,StopPoint:OCETrain TER-87581595,12,,0,0,
OCESN866226F1187_F:TER:FR:Line::6831fb72-94d3-417c-915f-b9656db78b1a::87582668:87584052:17:1238:20260502,11:45:00,11:46:00,StopPoint:OCETrain TER-87581793,8,,0,0,
OCESN866226F1187_F:TER:FR:Line::6831fb72-94d3-417c-915f-b9656db78b1a::87582668:87584052:17:1238:20260502,11:48:00,11:49:00,StopPoint:OCETrain TER-87581751,9,,0,0,
OCESN866226F1187_F:TER:FR:Line::6831fb72-94d3-417c-915f-b9656db78b1a::87582668:87584052:17:1238:20260502,11:52:00,11:53:00,StopPoint:OCETrain TER-87748350,10,,0,0,
OCESN866226F1187_F:TER:FR:Line::6831fb72-94d3-417c-915f-b9656db78b1a::87582668:87584052:17:1238:20260502,12:04:00,12:05:00,StopPoint:OCETrain TER-87581595,12,,0,0,
OCESN866226F1187_F:TER:FR:Line::6831fb72-94d3-417c-915f-b9656db78b1a::87581009:87584052:6:1238:20260517,12:04:00,12:05:00,StopPoint:OCETrain TER-87581595,1,,0,0,
OCESN866226F1187_F:TER:FR:Line::6831fb72-94d3-417c-915f-b9656db78b1a::87582668:87584052:19:1238:20260426,11:45:00,11:46:00,StopPoint:OCETrain TER-87581793,8,,0,0,
OCESN866226F1187_F:TER:FR:Line::6831fb72-94d3-417c-915f-b9656db78b1a::87582668:87584052:19:1238:20260426,11:48:00,11:49:00,StopPoint:OCETrain TER-87581751,9,,0,0,
OCESN866226F1187_F:TER:FR:Line::6831fb72-94d3-417c-915f-b9656db78b1a::87582668:87584052:19:1238:20260426,11:52:00,11:53:00,StopPoint:OCETrain TER-87748350,10,,0,0,
OCESN866226F1187_F:TER:FR:Line::6831fb72-94d3-417c-915f-b9656db78b1a::87582668:87584052:19:1238:20260426,12:04:00,12:05:00,StopPoint:OCETrain TER-87581595,12,,0,0,
OCESN866226F1187_F:TER:FR:Line::6831fb72-94d3-417c-915f-b9656db78b1a::87582668:87584052:19:1238:20260426,12:12:00,12:13:00,StopPoint:OCETrain TER-87581850,13,,0,0,
OCESN866226F1187_F:TER:FR:Line::6831fb72-94d3-417c-915f-b9656db78b1a::87582668:87584052:18:1238:20260425,11:45:00,11:46:00,StopPoint:OCETrain TER-87581793,8,,0,0,
OCESN866226F1187_F:TER:FR:Line::6831fb72-94d3-417c-915f-b9656db78b1a::87582668:87584052:18:1238:20260425,11:48:00,11:49:00,StopPoint:OCETrain TER-87581751,9,,0,0,
OCESN866226F1187_F:TER:FR:Line::6831fb72-94d3-417c-915f-b9656db78b1a::87582668:87584052:18:1238:20260425,11:52:00,11:53:00,StopPoint:OCETrain TER-87748350,10,,0,0,
OCESN866226F1187_F:TER:FR:Line::6831fb72-94d3-417c-915f-b9656db78b1a::87582668:87584052:18:1238:20260425,12:04:00,12:05:00,StopPoint:OCETrain TER-87581595,12,,0,0,
OCESN866226F1187_F:TER:FR:Line::6831fb72-94d3-417c-915f-b9656db78b1a::87582668:87584052:18:1238:20260425,12:12:00,12:13:00,StopPoint:OCETrain TER-87581850,13,,0,0,
OCESN866226F1187_F:TER:FR:Line::6831fb72-94d3-417c-915f-b9656db78b1a::87581009:87584052:7:1238:20260510,12:04:00,12:05:00,StopPoint:OCETrain TER-87581595,1,,0,0,
OCESN866226F1187_F:TER:FR:Line::6831fb72-94d3-417c-915f-b9656db78b1a::87582668:87584052:19:1234:20260829,11:45:00,11:46:00,StopPoint:OCETrain TER-87581793,8,,0,0,
OCESN866226F1187_F:TER:FR:Line::6831fb72-94d3-417c-915f-b9656db78b1a::87582668:87584052:19:1234:20260829,11:48:00,11:49:00,StopPoint:OCETrain TER-87581751,9,,0,0,
OCESN866226F1187_F:TER:FR:Line::6831fb72-94d3-417c-915f-b9656db78b1a::87582668:87584052:19:1234:20260829,11:52:00,11:53:00,StopPoint:OCETrain TER-87748350,10,,0,0,
OCESN866226F1187_F:TER:FR:Line::6831fb72-94d3-417c-915f-b9656db78b1a::87582668:87584052:19:1234:20260829,12:05:00,12:06:00,StopPoint:OCETrain TER-87581595,12,,0,0,
OCESN866226F1187_F:TER:FR:Line::6831fb72-94d3-417c-915f-b9656db78b1a::87582668:87584052:19:1234:20260829,12:10:00,12:11:00,StopPoint:OCETrain TER-87581850,13,,0,0,
OCESN866226F1187_F:TER:FR:Line::6831fb72-94d3-417c-915f-b9656db78b1a::87582668:87584052:18:1234:20260614,11:45:00,11:46:00,StopPoint:OCETrain TER-87581793,8,,0,0,
OCESN866226F1187_F:TER:FR:Line::6831fb72-94d3-417c-915f-b9656db78b1a::87582668:87584052:18:1234:20260614,11:48:00,11:49:00,StopPoint:OCETrain TER-87581751,9,,0,0,
OCESN866226F1187_F:TER:FR:Line::6831fb72-94d3-417c-915f-b9656db78b1a::87582668:87584052:18:1234:20260614,11:52:00,11:53:00,StopPoint:OCETrain TER-87748350,10,,0,0,
OCESN866226F1187_F:TER:FR:Line::6831fb72-94d3-417c-915f-b9656db78b1a::87582668:87584052:18:1234:20260614,12:05:00,12:06:00,StopPoint:OCETrain TER-87581595,12,,0,0,
OCESN866226F1187_F:TER:FR:Line::6831fb72-94d3-417c-915f-b9656db78b1a::87581009:87584052:7:1234:20260524,12:05:00,12:06:00,StopPoint:OCETrain TER-87581595,1,,0,0,
OCESN866226F1187_F:TER:FR:Line::6831fb72-94d3-417c-915f-b9656db78b1a::87582668:87584052:18:1238:20260503,11:45:00,11:46:00,StopPoint:OCETrain TER-87581793,8,,0,0,
OCESN866226F1187_F:TER:FR:Line::6831fb72-94d3-417c-915f-b9656db78b1a::87582668:87584052:18:1238:20260503,11:48:00,11:49:00,StopPoint:OCETrain TER-87581751,9,,0,0,
OCESN866226F1187_F:TER:FR:Line::6831fb72-94d3-417c-915f-b9656db78b1a::87582668:87584052:18:1238:20260503,11:52:00,11:53:00,StopPoint:OCETrain TER-87748350,10,,0,0,
OCESN866226F1187_F:TER:FR:Line::6831fb72-94d3-417c-915f-b9656db78b1a::87582668:87584052:18:1238:20260503,12:04:00,12:05:00,StopPoint:OCETrain TER-87581595,12,,0,0,
OCESN866226F1187_F:TER:FR:Line::6831fb72-94d3-417c-915f-b9656db78b1a::87582668:87584052:18:1234:20260822,11:45:00,11:46:00,StopPoint:OCETrain TER-87581793,8,,0,0,
OCESN866226F1187_F:TER:FR:Line::6831fb72-94d3-417c-915f-b9656db78b1a::87582668:87584052:18:1234:20260822,11:48:00,11:49:00,StopPoint:OCETrain TER-87581751,9,,0,0,
OCESN866226F1187_F:TER:FR:Line::6831fb72-94d3-417c-915f-b9656db78b1a::87582668:87584052:18:1234:20260822,11:52:00,11:53:00,StopPoint:OCETrain TER-87748350,10,,0,0,
OCESN866226F1187_F:TER:FR:Line::6831fb72-94d3-417c-915f-b9656db78b1a::87582668:87584052:18:1234:20260822,12:05:00,12:06:00,StopPoint:OCETrain TER-87581595,12,,0,0,
OCESN866226F1187_F:TER:FR:Line::6831fb72-94d3-417c-915f-b9656db78b1a::87582668:87584052:18:1234:20260525,11:45:00,11:46:00,StopPoint:OCETrain TER-87581793,8,,0,0,
OCESN866226F1187_F:TER:FR:Line::6831fb72-94d3-417c-915f-b9656db78b1a::87582668:87584052:18:1234:20260525,11:48:00,11:49:00,StopPoint:OCETrain TER-87581751,9,,0,0,
OCESN866226F1187_F:TER:FR:Line::6831fb72-94d3-417c-915f-b9656db78b1a::87582668:87584052:18:1234:20260525,11:52:00,11:53:00,StopPoint:OCETrain TER-87748350,10,,0,0,
OCESN866226F1187_F:TER:FR:Line::6831fb72-94d3-417c-915f-b9656db78b1a::87582668:87584052:18:1234:20260525,12:05:00,12:06:00,StopPoint:OCETrain TER-87581595,12,,0,0,
OCESN866227F1187_F:TER:FR:Line::6831fb72-94d3-417c-915f-b9656db78b1a::87581009:87582668:12:1255:20260531,12:06:00,12:07:00,StopPoint:OCETrain TER-87748350,1,,0,0,
OCESN866227F1187_F:TER:FR:Line::6831fb72-94d3-417c-915f-b9656db78b1a::87581009:87582668:12:1255:20260531,12:10:00,12:11:00,StopPoint:OCETrain TER-87581751,2,,0,0,
OCESN866227F1187_F:TER:FR:Line::6831fb72-94d3-417c-915f-b9656db78b1a::87581009:87582668:12:1255:20260531,12:13:00,12:14:00,StopPoint:OCETrain TER-87581793,3,,0,0,
OCESN866227F1187_F:TER:FR:Line::6831fb72-94d3-417c-915f-b9656db78b1a::87584052:87582668:18:1255:20260828,11:52:00,11:53:00,StopPoint:OCETrain TER-87581595,5,,0,0,
OCESN866227F1187_F:TER:FR:Line::6831fb72-94d3-417c-915f-b9656db78b1a::87584052:87582668:18:1255:20260828,12:06:00,12:07:00,StopPoint:OCETrain TER-87748350,7,,0,0,
OCESN866227F1187_F:TER:FR:Line::6831fb72-94d3-417c-915f-b9656db78b1a::87584052:87582668:18:1255:20260828,12:10:00,12:11:00,StopPoint:OCETrain TER-87581751,8,,0,0,
OCESN866227F1187_F:TER:FR:Line::6831fb72-94d3-417c-915f-b9656db78b1a::87584052:87582668:18:1255:20260828,12:13:00,12:14:00,StopPoint:OCETrain TER-87581793,9,,0,0,
OCESN866227F1187_F:TER:FR:Line::6831fb72-94d3-417c-915f-b9656db78b1a::87584052:87582478:14:1246:20260930,11:47:00,11:48:00,StopPoint:OCETrain TER-87581850,5,,0,0,
OCESN866227F1187_F:TER:FR:Line::6831fb72-94d3-417c-915f-b9656db78b1a::87584052:87582478:14:1246:20260930,11:52:00,11:53:00,StopPoint:OCETrain TER-87581595,6,,0,0,
OCESN866227F1187_F:TER:FR:Line::6831fb72-94d3-417c-915f-b9656db78b1a::87584052:87582478:14:1246:20260930,12:12:00,12:13:00,StopPoint:OCETrain TER-87748350,8,,0,0,
OCESN866227F1187_F:TER:FR:Line::6831fb72-94d3-417c-915f-b9656db78b1a::87584052:87582478:14:1246:20260930,12:15:00,12:16:00,StopPoint:OCETrain TER-87581751,9,,0,0,
OCESN866227F1187_F:TER:FR:Line::6831fb72-94d3-417c-915f-b9656db78b1a::87584052:87582478:14:1246:20260930,12:19:00,12:20:00,StopPoint:OCETrain TER-87581793,10,,0,0,
OCESN866227F1187_F:TER:FR:Line::6831fb72-94d3-417c-915f-b9656db78b1a::87584052:87582668:19:1255:20260927,11:47:00,11:48:00,StopPoint:OCETrain TER-87581850,5,,0,0,
OCESN866227F1187_F:TER:FR:Line::6831fb72-94d3-417c-915f-b9656db78b1a::87584052:87582668:19:1255:20260927,11:52:00,11:53:00,StopPoint:OCETrain TER-87581595,6,,0,0,
OCESN866227F1187_F:TER:FR:Line::6831fb72-94d3-417c-915f-b9656db78b1a::87584052:87582668:19:1255:20260927,12:06:00,12:07:00,StopPoint:OCETrain TER-87748350,8,,0,0,
OCESN866227F1187_F:TER:FR:Line::6831fb72-94d3-417c-915f-b9656db78b1a::87584052:87582668:19:1255:20260927,12:10:00,12:11:00,StopPoint:OCETrain TER-87581751,9,,0,0,
OCESN866227F1187_F:TER:FR:Line::6831fb72-94d3-417c-915f-b9656db78b1a::87584052:87582668:19:1255:20260927,12:13:00,12:14:00,StopPoint:OCETrain TER-87581793,10,,0,0,
OCESN866227F1187_F:TER:FR:Line::6831fb72-94d3-417c-915f-b9656db78b1a::87584052:87581009:7:1159:20260508,11:53:00,11:54:00,StopPoint:OCETrain TER-87581595,5,,0,0,
OCESN866227F1187_F:TER:FR:Line::6831fb72-94d3-417c-915f-b9656db78b1a::87584052:87582668:16:1257:20260514,11:46:00,11:47:00,StopPoint:OCETrain TER-87581595,3,,0,0,
OCESN866227F1187_F:TER:FR:Line::6831fb72-94d3-417c-915f-b9656db78b1a::87584052:87582668:16:1257:20260514,12:03:00,12:04:00,StopPoint:OCETrain TER-87748350,5,,0,0,
OCESN866227F1187_F:TER:FR:Line::6831fb72-94d3-417c-915f-b9656db78b1a::87584052:87582668:16:1257:20260514,12:08:00,12:09:00,StopPoint:OCETrain TER-87581751,6,,0,0,
OCESN866227F1187_F:TER:FR:Line::6831fb72-94d3-417c-915f-b9656db78b1a::87584052:87582668:16:1257:20260514,12:12:00,12:13:00,StopPoint:OCETrain TER-87581793,7,,0,0,
OCESN866227F1187_F:TER:FR:Line::6831fb72-94d3-417c-915f-b9656db78b1a::87584052:87581009:7:1158:20260524,11:52:00,11:53:00,StopPoint:OCETrain TER-87581595,5,,0,0,
OCESN866227F1187_F:TER:FR:Line::6831fb72-94d3-417c-915f-b9656db78b1a::87584052:87581009:6:1152:20260517,11:47:00,11:48:00,StopPoint:OCETrain TER-87581595,4,,0,0,
OCESN866227F1187_F:TER:FR:Line::6831fb72-94d3-417c-915f-b9656db78b1a::87584052:87582668:18:1257:20260522,11:52:00,11:53:00,StopPoint:OCETrain TER-87581595,5,,0,0,
OCESN866227F1187_F:TER:FR:Line::6831fb72-94d3-417c-915f-b9656db78b1a::87584052:87582668:18:1257:20260522,12:06:00,12:07:00,StopPoint:OCETrain TER-87748350,7,,0,0,
OCESN866227F1187_F:TER:FR:Line::6831fb72-94d3-417c-915f-b9656db78b1a::87584052:87582668:18:1257:20260522,12:10:00,12:11:00,StopPoint:OCETrain TER-87581751,8,,0,0,
OCESN866227F1187_F:TER:FR:Line::6831fb72-94d3-417c-915f-b9656db78b1a::87584052:87582668:18:1257:20260522,12:13:00,12:14:00,StopPoint:OCETrain TER-87581793,9,,0,0,
OCESN866227F1187_F:TER:FR:Line::6831fb72-94d3-417c-915f-b9656db78b1a::87584052:87581009:6:1202:20260515,11:57:00,11:58:00,StopPoint:OCETrain TER-87581595,4,,0,0,
OCESN866227F1187_F:TER:FR:Line::6831fb72-94d3-417c-915f-b9656db78b1a::87584052:87582668:18:1257:20260513,11:53:00,11:54:00,StopPoint:OCETrain TER-87581595,5,,0,0,
OCESN866227F1187_F:TER:FR:Line::6831fb72-94d3-417c-915f-b9656db78b1a::87584052:87582668:18:1257:20260513,12:06:00,12:07:00,StopPoint:OCETrain TER-87748350,7,,0,0,
OCESN866227F1187_F:TER:FR:Line::6831fb72-94d3-417c-915f-b9656db78b1a::87584052:87582668:18:1257:20260513,12:10:00,12:11:00,StopPoint:OCETrain TER-87581751,8,,0,0,
OCESN866227F1187_F:TER:FR:Line::6831fb72-94d3-417c-915f-b9656db78b1a::87584052:87582668:18:1257:20260513,12:13:00,12:14:00,StopPoint:OCETrain TER-87581793,9,,0,0,
OCESN866227F1187_F:TER:FR:Line::6831fb72-94d3-417c-915f-b9656db78b1a::87584052:87582668:18:1255:20260619,11:52:00,11:53:00,StopPoint:OCETrain TER-87581595,5,,0,0,
OCESN866227F1187_F:TER:FR:Line::6831fb72-94d3-417c-915f-b9656db78b1a::87584052:87582668:18:1255:20260619,12:06:00,12:07:00,StopPoint:OCETrain TER-87748350,7,,0,0,
OCESN866227F1187_F:TER:FR:Line::6831fb72-94d3-417c-915f-b9656db78b1a::87584052:87582668:18:1255:20260619,12:10:00,12:11:00,StopPoint:OCETrain TER-87581751,8,,0,0,
OCESN866227F1187_F:TER:FR:Line::6831fb72-94d3-417c-915f-b9656db78b1a::87584052:87582668:18:1255:20260619,12:13:00,12:14:00,StopPoint:OCETrain TER-87581793,9,,0,0,
OCESN866227F1187_F:TER:FR:Line::6831fb72-94d3-417c-915f-b9656db78b1a::87584052:87582668:19:1257:20260426,11:45:00,11:46:00,StopPoint:OCETrain TER-87581850,5,,0,0,
OCESN866227F1187_F:TER:FR:Line::6831fb72-94d3-417c-915f-b9656db78b1a::87584052:87582668:19:1257:20260426,11:53:00,11:54:00,StopPoint:OCETrain TER-87581595,6,,0,0,
OCESN866227F1187_F:TER:FR:Line::6831fb72-94d3-417c-915f-b9656db78b1a::87584052:87582668:19:1257:20260426,12:06:00,12:07:00,StopPoint:OCETrain TER-87748350,8,,0,0,
OCESN866227F1187_F:TER:FR:Line::6831fb72-94d3-417c-915f-b9656db78b1a::87584052:87582668:19:1257:20260426,12:10:00,12:11:00,StopPoint:OCETrain TER-87581751,9,,0,0,
OCESN866227F1187_F:TER:FR:Line::6831fb72-94d3-417c-915f-b9656db78b1a::87584052:87582668:19:1257:20260426,12:13:00,12:14:00,StopPoint:OCETrain TER-87581793,10,,0,0,
OCESN866229F1187_F:TER:FR:Line::6831fb72-94d3-417c-915f-b9656db78b1a::87581009:87582668:12:1355:20260531,13:06:00,13:07:00,StopPoint:OCETrain TER-87748350,1,,0,0,
OCESN866229F1187_F:TER:FR:Line::6831fb72-94d3-417c-915f-b9656db78b1a::87581009:87582668:12:1355:20260531,13:10:00,13:11:00,StopPoint:OCETrain TER-87581751,2,,0,0,
OCESN866229F1187_F:TER:FR:Line::6831fb72-94d3-417c-915f-b9656db78b1a::87581009:87582668:12:1355:20260531,13:13:00,13:14:00,StopPoint:OCETrain TER-87581793,3,,0,0,
OCESN866229F1187_F:TER:FR:Line::6831fb72-94d3-417c-915f-b9656db78b1a::87584052:87582668:18:1355:20260828,12:52:00,12:53:00,StopPoint:OCETrain TER-87581595,5,,0,0,
OCESN866229F1187_F:TER:FR:Line::6831fb72-94d3-417c-915f-b9656db78b1a::87584052:87582668:18:1355:20260828,13:06:00,13:07:00,StopPoint:OCETrain TER-87748350,7,,0,0,
OCESN866229F1187_F:TER:FR:Line::6831fb72-94d3-417c-915f-b9656db78b1a::87584052:87582668:18:1355:20260828,13:10:00,13:11:00,StopPoint:OCETrain TER-87581751,8,,0,0,
OCESN866229F1187_F:TER:FR:Line::6831fb72-94d3-417c-915f-b9656db78b1a::87584052:87582668:18:1355:20260828,13:13:00,13:14:00,StopPoint:OCETrain TER-87581793,9,,0,0,
OCESN866229F1187_F:TER:FR:Line::6831fb72-94d3-417c-915f-b9656db78b1a::87584052:87582478:14:1333:20260930,12:48:00,12:49:00,StopPoint:OCETrain TER-87581850,5,,0,0,
OCESN866229F1187_F:TER:FR:Line::6831fb72-94d3-417c-915f-b9656db78b1a::87584052:87582478:14:1333:20260930,12:52:00,12:53:00,StopPoint:OCETrain TER-87581595,6,,0,0,
OCESN866229F1187_F:TER:FR:Line::6831fb72-94d3-417c-915f-b9656db78b1a::87584052:87582478:14:1333:20260930,13:06:00,13:07:00,StopPoint:OCETrain TER-87748350,8,,0,0,
OCESN866229F1187_F:TER:FR:Line::6831fb72-94d3-417c-915f-b9656db78b1a::87584052:87582478:14:1333:20260930,13:10:00,13:11:00,StopPoint:OCETrain TER-87581751,9,,0,0,
OCESN866229F1187_F:TER:FR:Line::6831fb72-94d3-417c-915f-b9656db78b1a::87584052:87582478:14:1333:20260930,13:13:00,13:14:00,StopPoint:OCETrain TER-87581793,10,,0,0,
OCESN866229F1187_F:TER:FR:Line::6831fb72-94d3-417c-915f-b9656db78b1a::87584052:87581009:7:1258:20260524,12:52:00,12:53:00,StopPoint:OCETrain TER-87581595,5,,0,0,
OCESN866229F1187_F:TER:FR:Line::6831fb72-94d3-417c-915f-b9656db78b1a::87584052:87582668:18:1357:20260522,12:52:00,12:53:00,StopPoint:OCETrain TER-87581595,5,,0,0,
OCESN866229F1187_F:TER:FR:Line::6831fb72-94d3-417c-915f-b9656db78b1a::87584052:87582668:18:1357:20260522,13:06:00,13:07:00,StopPoint:OCETrain TER-87748350,7,,0,0,
OCESN866229F1187_F:TER:FR:Line::6831fb72-94d3-417c-915f-b9656db78b1a::87584052:87582668:18:1357:20260522,13:10:00,13:11:00,StopPoint:OCETrain TER-87581751,8,,0,0,
OCESN866229F1187_F:TER:FR:Line::6831fb72-94d3-417c-915f-b9656db78b1a::87584052:87582668:18:1357:20260522,13:13:00,13:14:00,StopPoint:OCETrain TER-87581793,9,,0,0,
OCESN866229F1187_F:TER:FR:Line::6831fb72-94d3-417c-915f-b9656db78b1a::87584052:87582668:17:1358:20260514,12:57:00,12:58:00,StopPoint:OCETrain TER-87581595,4,,0,0,
OCESN866229F1187_F:TER:FR:Line::6831fb72-94d3-417c-915f-b9656db78b1a::87584052:87582668:17:1358:20260514,13:08:00,13:09:00,StopPoint:OCETrain TER-87748350,6,,0,0,
OCESN866229F1187_F:TER:FR:Line::6831fb72-94d3-417c-915f-b9656db78b1a::87584052:87582668:17:1358:20260514,13:12:00,13:13:00,StopPoint:OCETrain TER-87581751,7,,0,0,
OCESN866229F1187_F:TER:FR:Line::6831fb72-94d3-417c-915f-b9656db78b1a::87584052:87582668:17:1358:20260514,13:15:00,13:16:00,StopPoint:OCETrain TER-87581793,8,,0,0,
OCESN866229F1187_F:TER:FR:Line::6831fb72-94d3-417c-915f-b9656db78b1a::87584052:87581009:6:1300:20260516,12:54:00,12:55:00,StopPoint:OCETrain TER-87581595,4,,0,0,
OCESN866229F1187_F:TER:FR:Line::6831fb72-94d3-417c-915f-b9656db78b1a::87584052:87582668:18:1357:20260517,12:54:00,12:55:00,StopPoint:OCETrain TER-87581595,5,,0,0,
OCESN866229F1187_F:TER:FR:Line::6831fb72-94d3-417c-915f-b9656db78b1a::87584052:87582668:18:1357:20260517,13:06:00,13:07:00,StopPoint:OCETrain TER-87748350,7,,0,0,
OCESN866229F1187_F:TER:FR:Line::6831fb72-94d3-417c-915f-b9656db78b1a::87584052:87582668:18:1357:20260517,13:10:00,13:11:00,StopPoint:OCETrain TER-87581751,8,,0,0,
OCESN866229F1187_F:TER:FR:Line::6831fb72-94d3-417c-915f-b9656db78b1a::87584052:87582668:18:1357:20260517,13:13:00,13:14:00,StopPoint:OCETrain TER-87581793,9,,0,0,
OCESN866229F1187_F:TER:FR:Line::6831fb72-94d3-417c-915f-b9656db78b1a::87584052:87582668:19:1355:20260927,12:48:00,12:49:00,StopPoint:OCETrain TER-87581850,5,,0,0,
OCESN866229F1187_F:TER:FR:Line::6831fb72-94d3-417c-915f-b9656db78b1a::87584052:87582668:19:1355:20260927,12:52:00,12:53:00,StopPoint:OCETrain TER-87581595,6,,0,0,
OCESN866229F1187_F:TER:FR:Line::6831fb72-94d3-417c-915f-b9656db78b1a::87584052:87582668:19:1355:20260927,13:06:00,13:07:00,StopPoint:OCETrain TER-87748350,8,,0,0,
OCESN866229F1187_F:TER:FR:Line::6831fb72-94d3-417c-915f-b9656db78b1a::87584052:87582668:19:1355:20260927,13:10:00,13:11:00,StopPoint:OCETrain TER-87581751,9,,0,0,
OCESN866229F1187_F:TER:FR:Line::6831fb72-94d3-417c-915f-b9656db78b1a::87584052:87582668:19:1355:20260927,13:13:00,13:14:00,StopPoint:OCETrain TER-87581793,10,,0,0,
OCESN866229F1187_F:TER:FR:Line::6831fb72-94d3-417c-915f-b9656db78b1a::87584052:87582668:18:1355:20260619,12:52:00,12:53:00,StopPoint:OCETrain TER-87581595,5,,0,0,
OCESN866229F1187_F:TER:FR:Line::6831fb72-94d3-417c-915f-b9656db78b1a::87584052:87582668:18:1355:20260619,13:06:00,13:07:00,StopPoint:OCETrain TER-87748350,7,,0,0,
OCESN866229F1187_F:TER:FR:Line::6831fb72-94d3-417c-915f-b9656db78b1a::87584052:87582668:18:1355:20260619,13:10:00,13:11:00,StopPoint:OCETrain TER-87581751,8,,0,0,
OCESN866229F1187_F:TER:FR:Line::6831fb72-94d3-417c-915f-b9656db78b1a::87584052:87582668:18:1355:20260619,13:13:00,13:14:00,StopPoint:OCETrain TER-87581793,9,,0,0,
OCESN866229F1187_F:TER:FR:Line::6831fb72-94d3-417c-915f-b9656db78b1a::87584052:87582668:19:1357:20260426,12:47:00,12:48:00,StopPoint:OCETrain TER-87581850,5,,0,0,
OCESN866229F1187_F:TER:FR:Line::6831fb72-94d3-417c-915f-b9656db78b1a::87584052:87582668:19:1357:20260426,12:54:00,12:55:00,StopPoint:OCETrain TER-87581595,6,,0,0,
OCESN866229F1187_F:TER:FR:Line::6831fb72-94d3-417c-915f-b9656db78b1a::87584052:87582668:19:1357:20260426,13:06:00,13:07:00,StopPoint:OCETrain TER-87748350,8,,0,0,
OCESN866229F1187_F:TER:FR:Line::6831fb72-94d3-417c-915f-b9656db78b1a::87584052:87582668:19:1357:20260426,13:10:00,13:11:00,StopPoint:OCETrain TER-87581751,9,,0,0,
OCESN866229F1187_F:TER:FR:Line::6831fb72-94d3-417c-915f-b9656db78b1a::87584052:87582668:19:1357:20260426,13:13:00,13:14:00,StopPoint:OCETrain TER-87581793,10,,0,0,
OCESN866230F1187_F:TER:FR:Line::6831fb72-94d3-417c-915f-b9656db78b1a::87582668:87581009:12:1258:20260531,12:46:00,12:47:00,StopPoint:OCETrain TER-87581793,8,,0,0,
OCESN866230F1187_F:TER:FR:Line::6831fb72-94d3-417c-915f-b9656db78b1a::87582668:87581009:12:1258:20260531,12:49:00,12:50:00,StopPoint:OCETrain TER-87581751,9,,0,0,
OCESN866230F1187_F:TER:FR:Line::6831fb72-94d3-417c-915f-b9656db78b1a::87582668:87581009:12:1258:20260531,12:52:00,12:53:00,StopPoint:OCETrain TER-87748350,10,,0,0,
OCESN866230F1187_F:TER:FR:Line::6831fb72-94d3-417c-915f-b9656db78b1a::87582668:87584052:18:1334:20260828,12:46:00,12:47:00,StopPoint:OCETrain TER-87581793,8,,0,0,
OCESN866230F1187_F:TER:FR:Line::6831fb72-94d3-417c-915f-b9656db78b1a::87582668:87584052:18:1334:20260828,12:49:00,12:50:00,StopPoint:OCETrain TER-87581751,9,,0,0,
OCESN866230F1187_F:TER:FR:Line::6831fb72-94d3-417c-915f-b9656db78b1a::87582668:87584052:18:1334:20260828,12:52:00,12:53:00,StopPoint:OCETrain TER-87748350,10,,0,0,
OCESN866230F1187_F:TER:FR:Line::6831fb72-94d3-417c-915f-b9656db78b1a::87582668:87584052:18:1334:20260828,13:05:00,13:06:00,StopPoint:OCETrain TER-87581595,12,,0,0,
OCESN866230F1187_F:TER:FR:Line::6831fb72-94d3-417c-915f-b9656db78b1a::87581009:87584052:8:1334:20260930,13:05:00,13:06:00,StopPoint:OCETrain TER-87581595,1,,0,0,
OCESN866230F1187_F:TER:FR:Line::6831fb72-94d3-417c-915f-b9656db78b1a::87581009:87584052:8:1334:20260930,13:10:00,13:11:00,StopPoint:OCETrain TER-87581850,2,,0,0,
OCESN866230F1187_F:TER:FR:Line::6831fb72-94d3-417c-915f-b9656db78b1a::87582668:87584052:19:1334:20260927,12:46:00,12:47:00,StopPoint:OCETrain TER-87581793,8,,0,0,
OCESN866230F1187_F:TER:FR:Line::6831fb72-94d3-417c-915f-b9656db78b1a::87582668:87584052:19:1334:20260927,12:49:00,12:50:00,StopPoint:OCETrain TER-87581751,9,,0,0,
OCESN866230F1187_F:TER:FR:Line::6831fb72-94d3-417c-915f-b9656db78b1a::87582668:87584052:19:1334:20260927,12:52:00,12:53:00,StopPoint:OCETrain TER-87748350,10,,0,0,
OCESN866230F1187_F:TER:FR:Line::6831fb72-94d3-417c-915f-b9656db78b1a::87582668:87584052:19:1334:20260927,13:05:00,13:06:00,StopPoint:OCETrain TER-87581595,12,,0,0,
OCESN866230F1187_F:TER:FR:Line::6831fb72-94d3-417c-915f-b9656db78b1a::87582668:87584052:19:1334:20260927,13:10:00,13:11:00,StopPoint:OCETrain TER-87581850,13,,0,0,
OCESN866230F1187_F:TER:FR:Line::6831fb72-94d3-417c-915f-b9656db78b1a::87581009:87584052:7:1334:20260524,13:05:00,13:06:00,StopPoint:OCETrain TER-87581595,1,,0,0,
OCESN866230F1187_F:TER:FR:Line::6831fb72-94d3-417c-915f-b9656db78b1a::87581009:87584052:7:1339:20260517,13:05:00,13:06:00,StopPoint:OCETrain TER-87581595,1,,0,0,
OCESN866230F1187_F:TER:FR:Line::6831fb72-94d3-417c-915f-b9656db78b1a::87581009:87584052:6:1339:20260516,13:05:00,13:06:00,StopPoint:OCETrain TER-87581595,1,,0,0,
OCESN866230F1187_F:TER:FR:Line::6831fb72-94d3-417c-915f-b9656db78b1a::87582668:87584052:18:1339:20260513,12:46:00,12:47:00,StopPoint:OCETrain TER-87581793,8,,0,0,
OCESN866230F1187_F:TER:FR:Line::6831fb72-94d3-417c-915f-b9656db78b1a::87582668:87584052:18:1339:20260513,12:49:00,12:50:00,StopPoint:OCETrain TER-87581751,9,,0,0,
OCESN866230F1187_F:TER:FR:Line::6831fb72-94d3-417c-915f-b9656db78b1a::87582668:87584052:18:1339:20260513,12:52:00,12:53:00,StopPoint:OCETrain TER-87748350,10,,0,0,
OCESN866230F1187_F:TER:FR:Line::6831fb72-94d3-417c-915f-b9656db78b1a::87582668:87584052:18:1339:20260513,13:05:00,13:06:00,StopPoint:OCETrain TER-87581595,12,,0,0,
OCESN866230F1187_F:TER:FR:Line::6831fb72-94d3-417c-915f-b9656db78b1a::87582668:87584052:18:1334:20260522,12:46:00,12:47:00,StopPoint:OCETrain TER-87581793,8,,0,0,
OCESN866230F1187_F:TER:FR:Line::6831fb72-94d3-417c-915f-b9656db78b1a::87582668:87584052:18:1334:20260522,12:49:00,12:50:00,StopPoint:OCETrain TER-87581751,9,,0,0,
OCESN866230F1187_F:TER:FR:Line::6831fb72-94d3-417c-915f-b9656db78b1a::87582668:87584052:18:1334:20260522,12:52:00,12:53:00,StopPoint:OCETrain TER-87748350,10,,0,0,
OCESN866230F1187_F:TER:FR:Line::6831fb72-94d3-417c-915f-b9656db78b1a::87582668:87584052:18:1334:20260522,13:05:00,13:06:00,StopPoint:OCETrain TER-87581595,12,,0,0,
OCESN866230F1187_F:TER:FR:Line::6831fb72-94d3-417c-915f-b9656db78b1a::87582668:87584052:17:1339:20260514,12:46:00,12:47:00,StopPoint:OCETrain TER-87581793,8,,0,0,
OCESN866230F1187_F:TER:FR:Line::6831fb72-94d3-417c-915f-b9656db78b1a::87582668:87584052:17:1339:20260514,12:49:00,12:50:00,StopPoint:OCETrain TER-87581751,9,,0,0,
OCESN866230F1187_F:TER:FR:Line::6831fb72-94d3-417c-915f-b9656db78b1a::87582668:87584052:17:1339:20260514,12:52:00,12:53:00,StopPoint:OCETrain TER-87748350,10,,0,0,
OCESN866230F1187_F:TER:FR:Line::6831fb72-94d3-417c-915f-b9656db78b1a::87582668:87584052:17:1339:20260514,13:05:00,13:06:00,StopPoint:OCETrain TER-87581595,12,,0,0,
OCESN866230F1187_F:TER:FR:Line::6831fb72-94d3-417c-915f-b9656db78b1a::87582668:87584052:18:1334:20260619,12:46:00,12:47:00,StopPoint:OCETrain TER-87581793,8,,0,0,
OCESN866230F1187_F:TER:FR:Line::6831fb72-94d3-417c-915f-b9656db78b1a::87582668:87584052:18:1334:20260619,12:49:00,12:50:00,StopPoint:OCETrain TER-87581751,9,,0,0,
OCESN866230F1187_F:TER:FR:Line::6831fb72-94d3-417c-915f-b9656db78b1a::87582668:87584052:18:1334:20260619,12:52:00,12:53:00,StopPoint:OCETrain TER-87748350,10,,0,0,
OCESN866230F1187_F:TER:FR:Line::6831fb72-94d3-417c-915f-b9656db78b1a::87582668:87584052:18:1334:20260619,13:05:00,13:06:00,StopPoint:OCETrain TER-87581595,12,,0,0,
OCESN866230F1187_F:TER:FR:Line::6831fb72-94d3-417c-915f-b9656db78b1a::87582668:87584052:19:1339:20260426,12:46:00,12:47:00,StopPoint:OCETrain TER-87581793,8,,0,0,
OCESN866230F1187_F:TER:FR:Line::6831fb72-94d3-417c-915f-b9656db78b1a::87582668:87584052:19:1339:20260426,12:49:00,12:50:00,StopPoint:OCETrain TER-87581751,9,,0,0,
OCESN866230F1187_F:TER:FR:Line::6831fb72-94d3-417c-915f-b9656db78b1a::87582668:87584052:19:1339:20260426,12:52:00,12:53:00,StopPoint:OCETrain TER-87748350,10,,0,0,
OCESN866230F1187_F:TER:FR:Line::6831fb72-94d3-417c-915f-b9656db78b1a::87582668:87584052:19:1339:20260426,13:05:00,13:06:00,StopPoint:OCETrain TER-87581595,12,,0,0,
OCESN866230F1187_F:TER:FR:Line::6831fb72-94d3-417c-915f-b9656db78b1a::87582668:87584052:19:1339:20260426,13:13:00,13:14:00,StopPoint:OCETrain TER-87581850,13,,0,0,
OCESN866233F1187_F:TER:FR:Line::6831fb72-94d3-417c-915f-b9656db78b1a::87584052:87582668:18:1455:20260628,13:52:00,13:53:00,StopPoint:OCETrain TER-87581595,5,,0,0,
OCESN866233F1187_F:TER:FR:Line::6831fb72-94d3-417c-915f-b9656db78b1a::87584052:87582668:18:1455:20260628,14:06:00,14:07:00,StopPoint:OCETrain TER-87748350,7,,0,0,
OCESN866233F1187_F:TER:FR:Line::6831fb72-94d3-417c-915f-b9656db78b1a::87584052:87582668:18:1455:20260628,14:10:00,14:11:00,StopPoint:OCETrain TER-87581751,8,,0,0,
OCESN866233F1187_F:TER:FR:Line::6831fb72-94d3-417c-915f-b9656db78b1a::87584052:87582668:18:1455:20260628,14:13:00,14:14:00,StopPoint:OCETrain TER-87581793,9,,0,0,
OCESN866233F1187_F:TER:FR:Line::6831fb72-94d3-417c-915f-b9656db78b1a::87581009:87582668:12:1455:20260531,14:06:00,14:07:00,StopPoint:OCETrain TER-87748350,1,,0,0,
OCESN866233F1187_F:TER:FR:Line::6831fb72-94d3-417c-915f-b9656db78b1a::87581009:87582668:12:1455:20260531,14:10:00,14:11:00,StopPoint:OCETrain TER-87581751,2,,0,0,
OCESN866233F1187_F:TER:FR:Line::6831fb72-94d3-417c-915f-b9656db78b1a::87581009:87582668:12:1455:20260531,14:13:00,14:14:00,StopPoint:OCETrain TER-87581793,3,,0,0,
OCESN866233F1187_F:TER:FR:Line::6831fb72-94d3-417c-915f-b9656db78b1a::87584052:87582668:19:1455:20260927,13:47:00,13:48:00,StopPoint:OCETrain TER-87581850,5,,0,0,
OCESN866233F1187_F:TER:FR:Line::6831fb72-94d3-417c-915f-b9656db78b1a::87584052:87582668:19:1455:20260927,13:52:00,13:53:00,StopPoint:OCETrain TER-87581595,6,,0,0,
OCESN866233F1187_F:TER:FR:Line::6831fb72-94d3-417c-915f-b9656db78b1a::87584052:87582668:19:1455:20260927,14:06:00,14:07:00,StopPoint:OCETrain TER-87748350,8,,0,0,
OCESN866233F1187_F:TER:FR:Line::6831fb72-94d3-417c-915f-b9656db78b1a::87584052:87582668:19:1455:20260927,14:10:00,14:11:00,StopPoint:OCETrain TER-87581751,9,,0,0,
OCESN866233F1187_F:TER:FR:Line::6831fb72-94d3-417c-915f-b9656db78b1a::87584052:87582668:19:1455:20260927,14:13:00,14:14:00,StopPoint:OCETrain TER-87581793,10,,0,0,
OCESN866233F1187_F:TER:FR:Line::6831fb72-94d3-417c-915f-b9656db78b1a::87584052:87581009:7:1358:20260524,13:52:00,13:53:00,StopPoint:OCETrain TER-87581595,5,,0,0,
OCESN866233F1187_F:TER:FR:Line::6831fb72-94d3-417c-915f-b9656db78b1a::87584052:87582668:18:1457:20260517,13:53:00,13:54:00,StopPoint:OCETrain TER-87581595,5,,0,0,
OCESN866233F1187_F:TER:FR:Line::6831fb72-94d3-417c-915f-b9656db78b1a::87584052:87582668:18:1457:20260517,14:06:00,14:07:00,StopPoint:OCETrain TER-87748350,7,,0,0,
OCESN866233F1187_F:TER:FR:Line::6831fb72-94d3-417c-915f-b9656db78b1a::87584052:87582668:18:1457:20260517,14:10:00,14:11:00,StopPoint:OCETrain TER-87581751,8,,0,0,
OCESN866233F1187_F:TER:FR:Line::6831fb72-94d3-417c-915f-b9656db78b1a::87584052:87582668:18:1457:20260517,14:13:00,14:14:00,StopPoint:OCETrain TER-87581793,9,,0,0,
OCESN866233F1187_F:TER:FR:Line::6831fb72-94d3-417c-915f-b9656db78b1a::87584052:87581009:6:1358:20260516,13:50:00,13:51:00,StopPoint:OCETrain TER-87581595,4,,0,0,
OCESN866233F1187_F:TER:FR:Line::6831fb72-94d3-417c-915f-b9656db78b1a::87584052:87582668:17:1457:20260514,13:51:00,13:52:00,StopPoint:OCETrain TER-87581595,4,,0,0,
OCESN866233F1187_F:TER:FR:Line::6831fb72-94d3-417c-915f-b9656db78b1a::87584052:87582668:17:1457:20260514,14:06:00,14:07:00,StopPoint:OCETrain TER-87748350,6,,0,0,
OCESN866233F1187_F:TER:FR:Line::6831fb72-94d3-417c-915f-b9656db78b1a::87584052:87582668:17:1457:20260514,14:10:00,14:11:00,StopPoint:OCETrain TER-87581751,7,,0,0,
OCESN866233F1187_F:TER:FR:Line::6831fb72-94d3-417c-915f-b9656db78b1a::87584052:87582668:17:1457:20260514,14:13:00,14:14:00,StopPoint:OCETrain TER-87581793,8,,0,0,
OCESN866233F1187_F:TER:FR:Line::6831fb72-94d3-417c-915f-b9656db78b1a::87584052:87582668:19:1457:20260426,13:45:00,13:46:00,StopPoint:OCETrain TER-87581850,5,,0,0,
OCESN866233F1187_F:TER:FR:Line::6831fb72-94d3-417c-915f-b9656db78b1a::87584052:87582668:19:1457:20260426,13:53:00,13:54:00,StopPoint:OCETrain TER-87581595,6,,0,0,
OCESN866233F1187_F:TER:FR:Line::6831fb72-94d3-417c-915f-b9656db78b1a::87584052:87582668:19:1457:20260426,14:06:00,14:07:00,StopPoint:OCETrain TER-87748350,8,,0,0,
OCESN866233F1187_F:TER:FR:Line::6831fb72-94d3-417c-915f-b9656db78b1a::87584052:87582668:19:1457:20260426,14:10:00,14:11:00,StopPoint:OCETrain TER-87581751,9,,0,0,
OCESN866233F1187_F:TER:FR:Line::6831fb72-94d3-417c-915f-b9656db78b1a::87584052:87582668:19:1457:20260426,14:13:00,14:14:00,StopPoint:OCETrain TER-87581793,10,,0,0,
OCESN866233F1187_F:TER:FR:Line::6831fb72-94d3-417c-915f-b9656db78b1a::87584052:87582668:18:1455:20260614,13:52:00,13:53:00,StopPoint:OCETrain TER-87581595,5,,0,0,
OCESN866233F1187_F:TER:FR:Line::6831fb72-94d3-417c-915f-b9656db78b1a::87584052:87582668:18:1455:20260614,14:06:00,14:07:00,StopPoint:OCETrain TER-87748350,7,,0,0,
OCESN866233F1187_F:TER:FR:Line::6831fb72-94d3-417c-915f-b9656db78b1a::87584052:87582668:18:1455:20260614,14:10:00,14:11:00,StopPoint:OCETrain TER-87581751,8,,0,0,
OCESN866233F1187_F:TER:FR:Line::6831fb72-94d3-417c-915f-b9656db78b1a::87584052:87582668:18:1455:20260614,14:13:00,14:14:00,StopPoint:OCETrain TER-87581793,9,,0,0,
OCESN866234F1187_F:TER:FR:Line::6831fb72-94d3-417c-915f-b9656db78b1a::87582668:87584052:18:1434:20260828,13:46:00,13:47:00,StopPoint:OCETrain TER-87581793,8,,0,0,
OCESN866234F1187_F:TER:FR:Line::6831fb72-94d3-417c-915f-b9656db78b1a::87582668:87584052:18:1434:20260828,13:49:00,13:50:00,StopPoint:OCETrain TER-87581751,9,,0,0,
OCESN866234F1187_F:TER:FR:Line::6831fb72-94d3-417c-915f-b9656db78b1a::87582668:87584052:18:1434:20260828,13:52:00,13:53:00,StopPoint:OCETrain TER-87748350,10,,0,0,
OCESN866234F1187_F:TER:FR:Line::6831fb72-94d3-417c-915f-b9656db78b1a::87582668:87584052:18:1434:20260828,14:05:00,14:06:00,StopPoint:OCETrain TER-87581595,12,,0,0,
OCESN866234F1187_F:TER:FR:Line::6831fb72-94d3-417c-915f-b9656db78b1a::87582478:87584052:14:1434:20260930,13:46:00,13:47:00,StopPoint:OCETrain TER-87581793,3,,0,0,
OCESN866234F1187_F:TER:FR:Line::6831fb72-94d3-417c-915f-b9656db78b1a::87582478:87584052:14:1434:20260930,13:49:00,13:50:00,StopPoint:OCETrain TER-87581751,4,,0,0,
OCESN866234F1187_F:TER:FR:Line::6831fb72-94d3-417c-915f-b9656db78b1a::87582478:87584052:14:1434:20260930,13:52:00,13:53:00,StopPoint:OCETrain TER-87748350,5,,0,0,
OCESN866234F1187_F:TER:FR:Line::6831fb72-94d3-417c-915f-b9656db78b1a::87582478:87584052:14:1434:20260930,14:05:00,14:06:00,StopPoint:OCETrain TER-87581595,7,,0,0,
OCESN866234F1187_F:TER:FR:Line::6831fb72-94d3-417c-915f-b9656db78b1a::87582478:87584052:14:1434:20260930,14:10:00,14:11:00,StopPoint:OCETrain TER-87581850,8,,0,0,
OCESN866234F1187_F:TER:FR:Line::6831fb72-94d3-417c-915f-b9656db78b1a::87582668:87584052:19:1434:20260925,13:46:00,13:47:00,StopPoint:OCETrain TER-87581793,8,,0,0,
OCESN866234F1187_F:TER:FR:Line::6831fb72-94d3-417c-915f-b9656db78b1a::87582668:87584052:19:1434:20260925,13:49:00,13:50:00,StopPoint:OCETrain TER-87581751,9,,0,0,
OCESN866234F1187_F:TER:FR:Line::6831fb72-94d3-417c-915f-b9656db78b1a::87582668:87584052:19:1434:20260925,13:52:00,13:53:00,StopPoint:OCETrain TER-87748350,10,,0,0,
OCESN866234F1187_F:TER:FR:Line::6831fb72-94d3-417c-915f-b9656db78b1a::87582668:87584052:19:1434:20260925,14:05:00,14:06:00,StopPoint:OCETrain TER-87581595,12,,0,0,
OCESN866234F1187_F:TER:FR:Line::6831fb72-94d3-417c-915f-b9656db78b1a::87582668:87584052:19:1434:20260925,14:10:00,14:11:00,StopPoint:OCETrain TER-87581850,13,,0,0,
OCESN866234F1187_F:TER:FR:Line::6831fb72-94d3-417c-915f-b9656db78b1a::87582668:87584052:18:1434:20260522,13:46:00,13:47:00,StopPoint:OCETrain TER-87581793,8,,0,0,
OCESN866234F1187_F:TER:FR:Line::6831fb72-94d3-417c-915f-b9656db78b1a::87582668:87584052:18:1434:20260522,13:49:00,13:50:00,StopPoint:OCETrain TER-87581751,9,,0,0,
OCESN866234F1187_F:TER:FR:Line::6831fb72-94d3-417c-915f-b9656db78b1a::87582668:87584052:18:1434:20260522,13:52:00,13:53:00,StopPoint:OCETrain TER-87748350,10,,0,0,
OCESN866234F1187_F:TER:FR:Line::6831fb72-94d3-417c-915f-b9656db78b1a::87582668:87584052:18:1434:20260522,14:05:00,14:06:00,StopPoint:OCETrain TER-87581595,12,,0,0,
OCESN866234F1187_F:TER:FR:Line::6831fb72-94d3-417c-915f-b9656db78b1a::87581009:87584052:6:1429:20260515,14:00:00,14:01:00,StopPoint:OCETrain TER-87581595,1,,0,0,
OCESN866234F1187_F:TER:FR:Line::6831fb72-94d3-417c-915f-b9656db78b1a::87582668:87584052:18:1434:20260619,13:46:00,13:47:00,StopPoint:OCETrain TER-87581793,8,,0,0,
OCESN866234F1187_F:TER:FR:Line::6831fb72-94d3-417c-915f-b9656db78b1a::87582668:87584052:18:1434:20260619,13:49:00,13:50:00,StopPoint:OCETrain TER-87581751,9,,0,0,
OCESN866234F1187_F:TER:FR:Line::6831fb72-94d3-417c-915f-b9656db78b1a::87582668:87584052:18:1434:20260619,13:52:00,13:53:00,StopPoint:OCETrain TER-87748350,10,,0,0,
OCESN866234F1187_F:TER:FR:Line::6831fb72-94d3-417c-915f-b9656db78b1a::87582668:87584052:18:1434:20260619,14:05:00,14:06:00,StopPoint:OCETrain TER-87581595,12,,0,0,
OCESN866234F1187_F:TER:FR:Line::6831fb72-94d3-417c-915f-b9656db78b1a::87582668:87584052:18:1439:20260513,13:46:00,13:47:00,StopPoint:OCETrain TER-87581793,8,,0,0,
OCESN866234F1187_F:TER:FR:Line::6831fb72-94d3-417c-915f-b9656db78b1a::87582668:87584052:18:1439:20260513,13:49:00,13:50:00,StopPoint:OCETrain TER-87581751,9,,0,0,
OCESN866234F1187_F:TER:FR:Line::6831fb72-94d3-417c-915f-b9656db78b1a::87582668:87584052:18:1439:20260513,13:52:00,13:53:00,StopPoint:OCETrain TER-87748350,10,,0,0,
OCESN866234F1187_F:TER:FR:Line::6831fb72-94d3-417c-915f-b9656db78b1a::87582668:87584052:18:1439:20260513,14:05:00,14:06:00,StopPoint:OCETrain TER-87581595,12,,0,0,
OCESN866234F1187_F:TER:FR:Line::6831fb72-94d3-417c-915f-b9656db78b1a::87582668:87584052:19:1439:20260424,13:46:00,13:47:00,StopPoint:OCETrain TER-87581793,8,,0,0,
OCESN866234F1187_F:TER:FR:Line::6831fb72-94d3-417c-915f-b9656db78b1a::87582668:87584052:19:1439:20260424,13:49:00,13:50:00,StopPoint:OCETrain TER-87581751,9,,0,0,
OCESN866234F1187_F:TER:FR:Line::6831fb72-94d3-417c-915f-b9656db78b1a::87582668:87584052:19:1439:20260424,13:52:00,13:53:00,StopPoint:OCETrain TER-87748350,10,,0,0,
OCESN866234F1187_F:TER:FR:Line::6831fb72-94d3-417c-915f-b9656db78b1a::87582668:87584052:19:1439:20260424,14:05:00,14:06:00,StopPoint:OCETrain TER-87581595,12,,0,0,
OCESN866234F1187_F:TER:FR:Line::6831fb72-94d3-417c-915f-b9656db78b1a::87582668:87584052:19:1439:20260424,14:13:00,14:14:00,StopPoint:OCETrain TER-87581850,13,,0,0,
OCESN866235F1187_F:TER:FR:Line::6831fb72-94d3-417c-915f-b9656db78b1a::87584516:87582668:19:1455:20260828,13:52:00,13:53:00,StopPoint:OCETrain TER-87581595,6,,0,0,
OCESN866235F1187_F:TER:FR:Line::6831fb72-94d3-417c-915f-b9656db78b1a::87584516:87582668:19:1455:20260828,14:06:00,14:07:00,StopPoint:OCETrain TER-87748350,8,,0,0,
OCESN866235F1187_F:TER:FR:Line::6831fb72-94d3-417c-915f-b9656db78b1a::87584516:87582668:19:1455:20260828,14:10:00,14:11:00,StopPoint:OCETrain TER-87581751,9,,0,0,
OCESN866235F1187_F:TER:FR:Line::6831fb72-94d3-417c-915f-b9656db78b1a::87584516:87582668:19:1455:20260828,14:13:00,14:14:00,StopPoint:OCETrain TER-87581793,10,,0,0,
OCESN866235F1187_F:TER:FR:Line::6831fb72-94d3-417c-915f-b9656db78b1a::87584516:87582668:20:1455:20260925,13:48:00,13:49:00,StopPoint:OCETrain TER-87581850,6,,0,0,
OCESN866235F1187_F:TER:FR:Line::6831fb72-94d3-417c-915f-b9656db78b1a::87584516:87582668:20:1455:20260925,13:52:00,13:53:00,StopPoint:OCETrain TER-87581595,7,,0,0,
OCESN866235F1187_F:TER:FR:Line::6831fb72-94d3-417c-915f-b9656db78b1a::87584516:87582668:20:1455:20260925,14:06:00,14:07:00,StopPoint:OCETrain TER-87748350,9,,0,0,
OCESN866235F1187_F:TER:FR:Line::6831fb72-94d3-417c-915f-b9656db78b1a::87584516:87582668:20:1455:20260925,14:10:00,14:11:00,StopPoint:OCETrain TER-87581751,10,,0,0,
OCESN866235F1187_F:TER:FR:Line::6831fb72-94d3-417c-915f-b9656db78b1a::87584516:87582668:20:1455:20260925,14:13:00,14:14:00,StopPoint:OCETrain TER-87581793,11,,0,0,
OCESN866235F1187_F:TER:FR:Line::6831fb72-94d3-417c-915f-b9656db78b1a::87584516:87581009:9:1358:20260930,13:48:00,13:49:00,StopPoint:OCETrain TER-87581850,6,,0,0,
OCESN866235F1187_F:TER:FR:Line::6831fb72-94d3-417c-915f-b9656db78b1a::87584516:87581009:9:1358:20260930,13:52:00,13:53:00,StopPoint:OCETrain TER-87581595,7,,0,0,
OCESN866235F1187_F:TER:FR:Line::6831fb72-94d3-417c-915f-b9656db78b1a::87584516:87581009:8:1400:20260515,13:50:00,13:51:00,StopPoint:OCETrain TER-87581595,6,,0,0,
OCESN866235F1187_F:TER:FR:Line::6831fb72-94d3-417c-915f-b9656db78b1a::87584516:87582668:20:1457:20260522,13:52:00,13:53:00,StopPoint:OCETrain TER-87581595,7,,0,0,
OCESN866235F1187_F:TER:FR:Line::6831fb72-94d3-417c-915f-b9656db78b1a::87584516:87582668:20:1457:20260522,14:06:00,14:07:00,StopPoint:OCETrain TER-87748350,9,,0,0,
OCESN866235F1187_F:TER:FR:Line::6831fb72-94d3-417c-915f-b9656db78b1a::87584516:87582668:20:1457:20260522,14:10:00,14:11:00,StopPoint:OCETrain TER-87581751,10,,0,0,
OCESN866235F1187_F:TER:FR:Line::6831fb72-94d3-417c-915f-b9656db78b1a::87584516:87582668:20:1457:20260522,14:13:00,14:14:00,StopPoint:OCETrain TER-87581793,11,,0,0,
OCESN866235F1187_F:TER:FR:Line::6831fb72-94d3-417c-915f-b9656db78b1a::87584516:87582668:20:1457:20260513,13:54:00,13:55:00,StopPoint:OCETrain TER-87581595,7,,0,0,
OCESN866235F1187_F:TER:FR:Line::6831fb72-94d3-417c-915f-b9656db78b1a::87584516:87582668:20:1457:20260513,14:06:00,14:07:00,StopPoint:OCETrain TER-87748350,9,,0,0,
OCESN866235F1187_F:TER:FR:Line::6831fb72-94d3-417c-915f-b9656db78b1a::87584516:87582668:20:1457:20260513,14:10:00,14:11:00,StopPoint:OCETrain TER-87581751,10,,0,0,
OCESN866235F1187_F:TER:FR:Line::6831fb72-94d3-417c-915f-b9656db78b1a::87584516:87582668:20:1457:20260513,14:13:00,14:14:00,StopPoint:OCETrain TER-87581793,11,,0,0,
OCESN866235F1187_F:TER:FR:Line::6831fb72-94d3-417c-915f-b9656db78b1a::87584516:87582668:20:1455:20260619,13:52:00,13:53:00,StopPoint:OCETrain TER-87581595,7,,0,0,
OCESN866235F1187_F:TER:FR:Line::6831fb72-94d3-417c-915f-b9656db78b1a::87584516:87582668:20:1455:20260619,14:06:00,14:07:00,StopPoint:OCETrain TER-87748350,9,,0,0,
OCESN866235F1187_F:TER:FR:Line::6831fb72-94d3-417c-915f-b9656db78b1a::87584516:87582668:20:1455:20260619,14:10:00,14:11:00,StopPoint:OCETrain TER-87581751,10,,0,0,
OCESN866235F1187_F:TER:FR:Line::6831fb72-94d3-417c-915f-b9656db78b1a::87584516:87582668:20:1455:20260619,14:13:00,14:14:00,StopPoint:OCETrain TER-87581793,11,,0,0,
OCESN866235F1187_F:TER:FR:Line::6831fb72-94d3-417c-915f-b9656db78b1a::87584516:87582668:20:1455:20260605,13:52:00,13:53:00,StopPoint:OCETrain TER-87581595,7,,0,0,
OCESN866235F1187_F:TER:FR:Line::6831fb72-94d3-417c-915f-b9656db78b1a::87584516:87582668:20:1455:20260605,14:06:00,14:07:00,StopPoint:OCETrain TER-87748350,9,,0,0,
OCESN866235F1187_F:TER:FR:Line::6831fb72-94d3-417c-915f-b9656db78b1a::87584516:87582668:20:1455:20260605,14:10:00,14:11:00,StopPoint:OCETrain TER-87581751,10,,0,0,
OCESN866235F1187_F:TER:FR:Line::6831fb72-94d3-417c-915f-b9656db78b1a::87584516:87582668:20:1455:20260605,14:13:00,14:14:00,StopPoint:OCETrain TER-87581793,11,,0,0,
OCESN866235F1187_F:TER:FR:Line::6831fb72-94d3-417c-915f-b9656db78b1a::87584516:87582668:20:1455:20260703,13:52:00,13:53:00,StopPoint:OCETrain TER-87581595,7,,0,0,
OCESN866235F1187_F:TER:FR:Line::6831fb72-94d3-417c-915f-b9656db78b1a::87584516:87582668:20:1455:20260703,14:06:00,14:07:00,StopPoint:OCETrain TER-87748350,9,,0,0,
OCESN866235F1187_F:TER:FR:Line::6831fb72-94d3-417c-915f-b9656db78b1a::87584516:87582668:20:1455:20260703,14:10:00,14:11:00,StopPoint:OCETrain TER-87581751,10,,0,0,
OCESN866235F1187_F:TER:FR:Line::6831fb72-94d3-417c-915f-b9656db78b1a::87584516:87582668:20:1455:20260703,14:13:00,14:14:00,StopPoint:OCETrain TER-87581793,11,,0,0,
OCESN866235F1187_F:TER:FR:Line::6831fb72-94d3-417c-915f-b9656db78b1a::87584516:87582668:21:1457:20260424,13:47:00,13:48:00,StopPoint:OCETrain TER-87581850,7,,0,0,
OCESN866235F1187_F:TER:FR:Line::6831fb72-94d3-417c-915f-b9656db78b1a::87584516:87582668:21:1457:20260424,13:54:00,13:55:00,StopPoint:OCETrain TER-87581595,8,,0,0,
OCESN866235F1187_F:TER:FR:Line::6831fb72-94d3-417c-915f-b9656db78b1a::87584516:87582668:21:1457:20260424,14:06:00,14:07:00,StopPoint:OCETrain TER-87748350,10,,0,0,
OCESN866235F1187_F:TER:FR:Line::6831fb72-94d3-417c-915f-b9656db78b1a::87584516:87582668:21:1457:20260424,14:10:00,14:11:00,StopPoint:OCETrain TER-87581751,11,,0,0,
OCESN866235F1187_F:TER:FR:Line::6831fb72-94d3-417c-915f-b9656db78b1a::87584516:87582668:21:1457:20260424,14:13:00,14:14:00,StopPoint:OCETrain TER-87581793,12,,0,0,
OCESN866236F1187_F:TER:FR:Line::6831fb72-94d3-417c-915f-b9656db78b1a::87582668:87581009:12:1358:20260531,13:46:00,13:47:00,StopPoint:OCETrain TER-87581793,8,,0,0,
OCESN866236F1187_F:TER:FR:Line::6831fb72-94d3-417c-915f-b9656db78b1a::87582668:87581009:12:1358:20260531,13:49:00,13:50:00,StopPoint:OCETrain TER-87581751,9,,0,0,
OCESN866236F1187_F:TER:FR:Line::6831fb72-94d3-417c-915f-b9656db78b1a::87582668:87581009:12:1358:20260531,13:52:00,13:53:00,StopPoint:OCETrain TER-87748350,10,,0,0,
OCESN866236F1187_F:TER:FR:Line::6831fb72-94d3-417c-915f-b9656db78b1a::87582668:87584516:20:1447:20260621,13:46:00,13:47:00,StopPoint:OCETrain TER-87581793,8,,0,0,
OCESN866236F1187_F:TER:FR:Line::6831fb72-94d3-417c-915f-b9656db78b1a::87582668:87584516:20:1447:20260621,13:49:00,13:50:00,StopPoint:OCETrain TER-87581751,9,,0,0,
OCESN866236F1187_F:TER:FR:Line::6831fb72-94d3-417c-915f-b9656db78b1a::87582668:87584516:20:1447:20260621,13:52:00,13:53:00,StopPoint:OCETrain TER-87748350,10,,0,0,
OCESN866236F1187_F:TER:FR:Line::6831fb72-94d3-417c-915f-b9656db78b1a::87582668:87584516:20:1447:20260621,14:05:00,14:06:00,StopPoint:OCETrain TER-87581595,12,,0,0,
OCESN866236F1187_F:TER:FR:Line::6831fb72-94d3-417c-915f-b9656db78b1a::87582668:87584516:19:1447:20260823,13:46:00,13:47:00,StopPoint:OCETrain TER-87581793,8,,0,0,
OCESN866236F1187_F:TER:FR:Line::6831fb72-94d3-417c-915f-b9656db78b1a::87582668:87584516:19:1447:20260823,13:49:00,13:50:00,StopPoint:OCETrain TER-87581751,9,,0,0,
OCESN866236F1187_F:TER:FR:Line::6831fb72-94d3-417c-915f-b9656db78b1a::87582668:87584516:19:1447:20260823,13:52:00,13:53:00,StopPoint:OCETrain TER-87748350,10,,0,0,
OCESN866236F1187_F:TER:FR:Line::6831fb72-94d3-417c-915f-b9656db78b1a::87582668:87584516:19:1447:20260823,14:05:00,14:06:00,StopPoint:OCETrain TER-87581595,12,,0,0,
OCESN866236F1187_F:TER:FR:Line::6831fb72-94d3-417c-915f-b9656db78b1a::87582668:87584516:20:1447:20260927,13:46:00,13:47:00,StopPoint:OCETrain TER-87581793,8,,0,0,
OCESN866236F1187_F:TER:FR:Line::6831fb72-94d3-417c-915f-b9656db78b1a::87582668:87584516:20:1447:20260927,13:49:00,13:50:00,StopPoint:OCETrain TER-87581751,9,,0,0,
OCESN866236F1187_F:TER:FR:Line::6831fb72-94d3-417c-915f-b9656db78b1a::87582668:87584516:20:1447:20260927,13:52:00,13:53:00,StopPoint:OCETrain TER-87748350,10,,0,0,
OCESN866236F1187_F:TER:FR:Line::6831fb72-94d3-417c-915f-b9656db78b1a::87582668:87584516:20:1447:20260927,14:05:00,14:06:00,StopPoint:OCETrain TER-87581595,12,,0,0,
OCESN866236F1187_F:TER:FR:Line::6831fb72-94d3-417c-915f-b9656db78b1a::87582668:87584516:20:1447:20260927,14:10:00,14:11:00,StopPoint:OCETrain TER-87581850,13,,0,0,
OCESN866236F1187_F:TER:FR:Line::6831fb72-94d3-417c-915f-b9656db78b1a::87581009:87584516:8:1452:20260516,14:10:00,14:11:00,StopPoint:OCETrain TER-87581595,1,,0,0,
OCESN866236F1187_F:TER:FR:Line::6831fb72-94d3-417c-915f-b9656db78b1a::87582668:87584516:19:1452:20260514,13:46:00,13:47:00,StopPoint:OCETrain TER-87581793,8,,0,0,
OCESN866236F1187_F:TER:FR:Line::6831fb72-94d3-417c-915f-b9656db78b1a::87582668:87584516:19:1452:20260514,13:49:00,13:50:00,StopPoint:OCETrain TER-87581751,9,,0,0,
OCESN866236F1187_F:TER:FR:Line::6831fb72-94d3-417c-915f-b9656db78b1a::87582668:87584516:19:1452:20260514,13:52:00,13:53:00,StopPoint:OCETrain TER-87748350,10,,0,0,
OCESN866236F1187_F:TER:FR:Line::6831fb72-94d3-417c-915f-b9656db78b1a::87582668:87584516:19:1452:20260514,14:11:00,14:12:00,StopPoint:OCETrain TER-87581595,12,,0,0,
OCESN866236F1187_F:TER:FR:Line::6831fb72-94d3-417c-915f-b9656db78b1a::87582668:87584516:20:1447:20260628,13:46:00,13:47:00,StopPoint:OCETrain TER-87581793,8,,0,0,
OCESN866236F1187_F:TER:FR:Line::6831fb72-94d3-417c-915f-b9656db78b1a::87582668:87584516:20:1447:20260628,13:49:00,13:50:00,StopPoint:OCETrain TER-87581751,9,,0,0,
OCESN866236F1187_F:TER:FR:Line::6831fb72-94d3-417c-915f-b9656db78b1a::87582668:87584516:20:1447:20260628,13:52:00,13:53:00,StopPoint:OCETrain TER-87748350,10,,0,0,
OCESN866236F1187_F:TER:FR:Line::6831fb72-94d3-417c-915f-b9656db78b1a::87582668:87584516:20:1447:20260628,14:05:00,14:06:00,StopPoint:OCETrain TER-87581595,12,,0,0,
OCESN866236F1187_F:TER:FR:Line::6831fb72-94d3-417c-915f-b9656db78b1a::87582668:87584516:20:1452:20260510,13:46:00,13:47:00,StopPoint:OCETrain TER-87581793,8,,0,0,
OCESN866236F1187_F:TER:FR:Line::6831fb72-94d3-417c-915f-b9656db78b1a::87582668:87584516:20:1452:20260510,13:49:00,13:50:00,StopPoint:OCETrain TER-87581751,9,,0,0,
OCESN866236F1187_F:TER:FR:Line::6831fb72-94d3-417c-915f-b9656db78b1a::87582668:87584516:20:1452:20260510,13:52:00,13:53:00,StopPoint:OCETrain TER-87748350,10,,0,0,
OCESN866236F1187_F:TER:FR:Line::6831fb72-94d3-417c-915f-b9656db78b1a::87582668:87584516:20:1452:20260510,14:05:00,14:06:00,StopPoint:OCETrain TER-87581595,12,,0,0,
OCESN866236F1187_F:TER:FR:Line::6831fb72-94d3-417c-915f-b9656db78b1a::87582668:87584516:20:1452:20260517,13:46:00,13:47:00,StopPoint:OCETrain TER-87581793,8,,0,0,
OCESN866236F1187_F:TER:FR:Line::6831fb72-94d3-417c-915f-b9656db78b1a::87582668:87584516:20:1452:20260517,13:49:00,13:50:00,StopPoint:OCETrain TER-87581751,9,,0,0,
OCESN866236F1187_F:TER:FR:Line::6831fb72-94d3-417c-915f-b9656db78b1a::87582668:87584516:20:1452:20260517,13:52:00,13:53:00,StopPoint:OCETrain TER-87748350,10,,0,0,
OCESN866236F1187_F:TER:FR:Line::6831fb72-94d3-417c-915f-b9656db78b1a::87582668:87584516:20:1452:20260517,14:05:00,14:06:00,StopPoint:OCETrain TER-87581595,12,,0,0,
OCESN866236F1187_F:TER:FR:Line::6831fb72-94d3-417c-915f-b9656db78b1a::87581009:87584516:9:1447:20260524,14:05:00,14:06:00,StopPoint:OCETrain TER-87581595,1,,0,0,
OCESN866236F1187_F:TER:FR:Line::6831fb72-94d3-417c-915f-b9656db78b1a::87582668:87584516:21:1452:20260426,13:46:00,13:47:00,StopPoint:OCETrain TER-87581793,8,,0,0,
OCESN866236F1187_F:TER:FR:Line::6831fb72-94d3-417c-915f-b9656db78b1a::87582668:87584516:21:1452:20260426,13:49:00,13:50:00,StopPoint:OCETrain TER-87581751,9,,0,0,
OCESN866236F1187_F:TER:FR:Line::6831fb72-94d3-417c-915f-b9656db78b1a::87582668:87584516:21:1452:20260426,13:52:00,13:53:00,StopPoint:OCETrain TER-87748350,10,,0,0,
OCESN866236F1187_F:TER:FR:Line::6831fb72-94d3-417c-915f-b9656db78b1a::87582668:87584516:21:1452:20260426,14:05:00,14:06:00,StopPoint:OCETrain TER-87581595,12,,0,0,
OCESN866236F1187_F:TER:FR:Line::6831fb72-94d3-417c-915f-b9656db78b1a::87582668:87584516:21:1452:20260426,14:13:00,14:14:00,StopPoint:OCETrain TER-87581850,13,,0,0,
OCESN866237F1187_F:TER:FR:Line::6831fb72-94d3-417c-915f-b9656db78b1a::87581009:87582668:12:1555:20260531,15:06:00,15:07:00,StopPoint:OCETrain TER-87748350,1,,0,0,
OCESN866237F1187_F:TER:FR:Line::6831fb72-94d3-417c-915f-b9656db78b1a::87581009:87582668:12:1555:20260531,15:10:00,15:11:00,StopPoint:OCETrain TER-87581751,2,,0,0,
OCESN866237F1187_F:TER:FR:Line::6831fb72-94d3-417c-915f-b9656db78b1a::87581009:87582668:12:1555:20260531,15:13:00,15:14:00,StopPoint:OCETrain TER-87581793,3,,0,0,
OCESN866237F1187_F:TER:FR:Line::6831fb72-94d3-417c-915f-b9656db78b1a::87584052:87582668:18:1555:20260703,14:52:00,14:53:00,StopPoint:OCETrain TER-87581595,5,,0,0,
OCESN866237F1187_F:TER:FR:Line::6831fb72-94d3-417c-915f-b9656db78b1a::87584052:87582668:18:1555:20260703,15:06:00,15:07:00,StopPoint:OCETrain TER-87748350,7,,0,0,
OCESN866237F1187_F:TER:FR:Line::6831fb72-94d3-417c-915f-b9656db78b1a::87584052:87582668:18:1555:20260703,15:10:00,15:11:00,StopPoint:OCETrain TER-87581751,8,,0,0,
OCESN866237F1187_F:TER:FR:Line::6831fb72-94d3-417c-915f-b9656db78b1a::87584052:87582668:18:1555:20260703,15:13:00,15:14:00,StopPoint:OCETrain TER-87581793,9,,0,0,
OCESN866237F1187_F:TER:FR:Line::6831fb72-94d3-417c-915f-b9656db78b1a::87584052:87582668:19:1555:20260930,14:47:00,14:48:00,StopPoint:OCETrain TER-87581850,5,,0,0,
OCESN866237F1187_F:TER:FR:Line::6831fb72-94d3-417c-915f-b9656db78b1a::87584052:87582668:19:1555:20260930,14:52:00,14:53:00,StopPoint:OCETrain TER-87581595,6,,0,0,
OCESN866237F1187_F:TER:FR:Line::6831fb72-94d3-417c-915f-b9656db78b1a::87584052:87582668:19:1555:20260930,15:06:00,15:07:00,StopPoint:OCETrain TER-87748350,8,,0,0,
OCESN866237F1187_F:TER:FR:Line::6831fb72-94d3-417c-915f-b9656db78b1a::87584052:87582668:19:1555:20260930,15:10:00,15:11:00,StopPoint:OCETrain TER-87581751,9,,0,0,
OCESN866237F1187_F:TER:FR:Line::6831fb72-94d3-417c-915f-b9656db78b1a::87584052:87582668:19:1555:20260930,15:13:00,15:14:00,StopPoint:OCETrain TER-87581793,10,,0,0,
OCESN866237F1187_F:TER:FR:Line::6831fb72-94d3-417c-915f-b9656db78b1a::87584052:87581009:7:1458:20260524,14:52:00,14:53:00,StopPoint:OCETrain TER-87581595,5,,0,0,
OCESN866237F1187_F:TER:FR:Line::6831fb72-94d3-417c-915f-b9656db78b1a::87584052:87581009:6:1459:20260516,14:54:00,14:55:00,StopPoint:OCETrain TER-87581595,4,,0,0,
OCESN866237F1187_F:TER:FR:Line::6831fb72-94d3-417c-915f-b9656db78b1a::87584052:87582668:18:1557:20260522,14:52:00,14:53:00,StopPoint:OCETrain TER-87581595,5,,0,0,
OCESN866237F1187_F:TER:FR:Line::6831fb72-94d3-417c-915f-b9656db78b1a::87584052:87582668:18:1557:20260522,15:06:00,15:07:00,StopPoint:OCETrain TER-87748350,7,,0,0,
OCESN866237F1187_F:TER:FR:Line::6831fb72-94d3-417c-915f-b9656db78b1a::87584052:87582668:18:1557:20260522,15:10:00,15:11:00,StopPoint:OCETrain TER-87581751,8,,0,0,
OCESN866237F1187_F:TER:FR:Line::6831fb72-94d3-417c-915f-b9656db78b1a::87584052:87582668:18:1557:20260522,15:13:00,15:14:00,StopPoint:OCETrain TER-87581793,9,,0,0,
OCESN866237F1187_F:TER:FR:Line::6831fb72-94d3-417c-915f-b9656db78b1a::87584052:87582668:17:1557:20260514,14:52:00,14:53:00,StopPoint:OCETrain TER-87581595,4,,0,0,
OCESN866237F1187_F:TER:FR:Line::6831fb72-94d3-417c-915f-b9656db78b1a::87584052:87582668:17:1557:20260514,15:06:00,15:07:00,StopPoint:OCETrain TER-87748350,6,,0,0,
OCESN866237F1187_F:TER:FR:Line::6831fb72-94d3-417c-915f-b9656db78b1a::87584052:87582668:17:1557:20260514,15:10:00,15:11:00,StopPoint:OCETrain TER-87581751,7,,0,0,
OCESN866237F1187_F:TER:FR:Line::6831fb72-94d3-417c-915f-b9656db78b1a::87584052:87582668:17:1557:20260514,15:13:00,15:14:00,StopPoint:OCETrain TER-87581793,8,,0,0,
OCESN866237F1187_F:TER:FR:Line::6831fb72-94d3-417c-915f-b9656db78b1a::87584052:87582668:18:1557:20260517,14:54:00,14:55:00,StopPoint:OCETrain TER-87581595,5,,0,0,
OCESN866237F1187_F:TER:FR:Line::6831fb72-94d3-417c-915f-b9656db78b1a::87584052:87582668:18:1557:20260517,15:06:00,15:07:00,StopPoint:OCETrain TER-87748350,7,,0,0,
OCESN866237F1187_F:TER:FR:Line::6831fb72-94d3-417c-915f-b9656db78b1a::87584052:87582668:18:1557:20260517,15:10:00,15:11:00,StopPoint:OCETrain TER-87581751,8,,0,0,
OCESN866237F1187_F:TER:FR:Line::6831fb72-94d3-417c-915f-b9656db78b1a::87584052:87582668:18:1557:20260517,15:13:00,15:14:00,StopPoint:OCETrain TER-87581793,9,,0,0,
OCESN866237F1187_F:TER:FR:Line::6831fb72-94d3-417c-915f-b9656db78b1a::87584052:87582668:18:1555:20260619,14:52:00,14:53:00,StopPoint:OCETrain TER-87581595,5,,0,0,
OCESN866237F1187_F:TER:FR:Line::6831fb72-94d3-417c-915f-b9656db78b1a::87584052:87582668:18:1555:20260619,15:06:00,15:07:00,StopPoint:OCETrain TER-87748350,7,,0,0,
OCESN866237F1187_F:TER:FR:Line::6831fb72-94d3-417c-915f-b9656db78b1a::87584052:87582668:18:1555:20260619,15:10:00,15:11:00,StopPoint:OCETrain TER-87581751,8,,0,0,
OCESN866237F1187_F:TER:FR:Line::6831fb72-94d3-417c-915f-b9656db78b1a::87584052:87582668:18:1555:20260619,15:13:00,15:14:00,StopPoint:OCETrain TER-87581793,9,,0,0,
OCESN866237F1187_F:TER:FR:Line::6831fb72-94d3-417c-915f-b9656db78b1a::87584052:87582668:18:1554:20260828,14:51:00,14:52:00,StopPoint:OCETrain TER-87581595,5,,0,0,
OCESN866237F1187_F:TER:FR:Line::6831fb72-94d3-417c-915f-b9656db78b1a::87584052:87582668:18:1554:20260828,15:05:00,15:06:00,StopPoint:OCETrain TER-87748350,7,,0,0,
OCESN866237F1187_F:TER:FR:Line::6831fb72-94d3-417c-915f-b9656db78b1a::87584052:87582668:18:1554:20260828,15:09:00,15:10:00,StopPoint:OCETrain TER-87581751,8,,0,0,
OCESN866237F1187_F:TER:FR:Line::6831fb72-94d3-417c-915f-b9656db78b1a::87584052:87582668:18:1554:20260828,15:12:00,15:13:00,StopPoint:OCETrain TER-87581793,9,,0,0,
OCESN866237F1187_F:TER:FR:Line::6831fb72-94d3-417c-915f-b9656db78b1a::87584052:87582668:19:1554:20260830,14:47:00,14:48:00,StopPoint:OCETrain TER-87581850,5,,0,0,
OCESN866237F1187_F:TER:FR:Line::6831fb72-94d3-417c-915f-b9656db78b1a::87584052:87582668:19:1554:20260830,14:52:00,14:53:00,StopPoint:OCETrain TER-87581595,6,,0,0,
OCESN866237F1187_F:TER:FR:Line::6831fb72-94d3-417c-915f-b9656db78b1a::87584052:87582668:19:1554:20260830,15:05:00,15:06:00,StopPoint:OCETrain TER-87748350,8,,0,0,
OCESN866237F1187_F:TER:FR:Line::6831fb72-94d3-417c-915f-b9656db78b1a::87584052:87582668:19:1554:20260830,15:09:00,15:10:00,StopPoint:OCETrain TER-87581751,9,,0,0,
OCESN866237F1187_F:TER:FR:Line::6831fb72-94d3-417c-915f-b9656db78b1a::87584052:87582668:19:1554:20260830,15:12:00,15:13:00,StopPoint:OCETrain TER-87581793,10,,0,0,
OCESN866237F1187_F:TER:FR:Line::6831fb72-94d3-417c-915f-b9656db78b1a::87584052:87582668:19:1557:20260426,14:46:00,14:47:00,StopPoint:OCETrain TER-87581850,5,,0,0,
OCESN866237F1187_F:TER:FR:Line::6831fb72-94d3-417c-915f-b9656db78b1a::87584052:87582668:19:1557:20260426,14:54:00,14:55:00,StopPoint:OCETrain TER-87581595,6,,0,0,
OCESN866237F1187_F:TER:FR:Line::6831fb72-94d3-417c-915f-b9656db78b1a::87584052:87582668:19:1557:20260426,15:06:00,15:07:00,StopPoint:OCETrain TER-87748350,8,,0,0,
OCESN866237F1187_F:TER:FR:Line::6831fb72-94d3-417c-915f-b9656db78b1a::87584052:87582668:19:1557:20260426,15:10:00,15:11:00,StopPoint:OCETrain TER-87581751,9,,0,0,
OCESN866237F1187_F:TER:FR:Line::6831fb72-94d3-417c-915f-b9656db78b1a::87584052:87582668:19:1557:20260426,15:13:00,15:14:00,StopPoint:OCETrain TER-87581793,10,,0,0,
OCESN866238F1187_F:TER:FR:Line::6831fb72-94d3-417c-915f-b9656db78b1a::87582668:87581009:12:1458:20260531,14:45:00,14:46:00,StopPoint:OCETrain TER-87581793,8,,0,0,
OCESN866238F1187_F:TER:FR:Line::6831fb72-94d3-417c-915f-b9656db78b1a::87582668:87581009:12:1458:20260531,14:49:00,14:50:00,StopPoint:OCETrain TER-87581751,9,,0,0,
OCESN866238F1187_F:TER:FR:Line::6831fb72-94d3-417c-915f-b9656db78b1a::87582668:87581009:12:1458:20260531,14:52:00,14:53:00,StopPoint:OCETrain TER-87748350,10,,0,0,
OCESN866238F1187_F:TER:FR:Line::6831fb72-94d3-417c-915f-b9656db78b1a::87582668:87584052:18:1534:20260828,14:45:00,14:46:00,StopPoint:OCETrain TER-87581793,8,,0,0,
OCESN866238F1187_F:TER:FR:Line::6831fb72-94d3-417c-915f-b9656db78b1a::87582668:87584052:18:1534:20260828,14:49:00,14:50:00,StopPoint:OCETrain TER-87581751,9,,0,0,
OCESN866238F1187_F:TER:FR:Line::6831fb72-94d3-417c-915f-b9656db78b1a::87582668:87584052:18:1534:20260828,14:52:00,14:53:00,StopPoint:OCETrain TER-87748350,10,,0,0,
OCESN866238F1187_F:TER:FR:Line::6831fb72-94d3-417c-915f-b9656db78b1a::87582668:87584052:18:1534:20260828,15:05:00,15:06:00,StopPoint:OCETrain TER-87581595,12,,0,0,
OCESN866238F1187_F:TER:FR:Line::6831fb72-94d3-417c-915f-b9656db78b1a::87582478:87584052:14:1534:20260930,14:46:00,14:47:00,StopPoint:OCETrain TER-87581793,3,,0,0,
OCESN866238F1187_F:TER:FR:Line::6831fb72-94d3-417c-915f-b9656db78b1a::87582478:87584052:14:1534:20260930,14:49:00,14:50:00,StopPoint:OCETrain TER-87581751,4,,0,0,
OCESN866238F1187_F:TER:FR:Line::6831fb72-94d3-417c-915f-b9656db78b1a::87582478:87584052:14:1534:20260930,14:52:00,14:53:00,StopPoint:OCETrain TER-87748350,5,,0,0,
OCESN866238F1187_F:TER:FR:Line::6831fb72-94d3-417c-915f-b9656db78b1a::87582478:87584052:14:1534:20260930,15:05:00,15:06:00,StopPoint:OCETrain TER-87581595,7,,0,0,
OCESN866238F1187_F:TER:FR:Line::6831fb72-94d3-417c-915f-b9656db78b1a::87582478:87584052:14:1534:20260930,15:10:00,15:11:00,StopPoint:OCETrain TER-87581850,8,,0,0,
OCESN866238F1187_F:TER:FR:Line::6831fb72-94d3-417c-915f-b9656db78b1a::87582668:87584052:19:1534:20260927,14:45:00,14:46:00,StopPoint:OCETrain TER-87581793,8,,0,0,
OCESN866238F1187_F:TER:FR:Line::6831fb72-94d3-417c-915f-b9656db78b1a::87582668:87584052:19:1534:20260927,14:49:00,14:50:00,StopPoint:OCETrain TER-87581751,9,,0,0,
OCESN866238F1187_F:TER:FR:Line::6831fb72-94d3-417c-915f-b9656db78b1a::87582668:87584052:19:1534:20260927,14:52:00,14:53:00,StopPoint:OCETrain TER-87748350,10,,0,0,
OCESN866238F1187_F:TER:FR:Line::6831fb72-94d3-417c-915f-b9656db78b1a::87582668:87584052:19:1534:20260927,15:05:00,15:06:00,StopPoint:OCETrain TER-87581595,12,,0,0,
OCESN866238F1187_F:TER:FR:Line::6831fb72-94d3-417c-915f-b9656db78b1a::87582668:87584052:19:1534:20260927,15:10:00,15:11:00,StopPoint:OCETrain TER-87581850,13,,0,0,
OCESN866238F1187_F:TER:FR:Line::6831fb72-94d3-417c-915f-b9656db78b1a::87582668:87584052:19:1534:20260830,14:45:00,14:46:00,StopPoint:OCETrain TER-87581793,8,,0,0,
OCESN866238F1187_F:TER:FR:Line::6831fb72-94d3-417c-915f-b9656db78b1a::87582668:87584052:19:1534:20260830,14:49:00,14:50:00,StopPoint:OCETrain TER-87581751,9,,0,0,
OCESN866238F1187_F:TER:FR:Line::6831fb72-94d3-417c-915f-b9656db78b1a::87582668:87584052:19:1534:20260830,14:52:00,14:53:00,StopPoint:OCETrain TER-87748350,10,,0,0,
OCESN866238F1187_F:TER:FR:Line::6831fb72-94d3-417c-915f-b9656db78b1a::87582668:87584052:19:1534:20260830,15:05:00,15:06:00,StopPoint:OCETrain TER-87581595,12,,0,0,
OCESN866238F1187_F:TER:FR:Line::6831fb72-94d3-417c-915f-b9656db78b1a::87582668:87584052:19:1534:20260830,15:10:00,15:11:00,StopPoint:OCETrain TER-87581850,13,,0,0,
OCESN866238F1187_F:TER:FR:Line::6831fb72-94d3-417c-915f-b9656db78b1a::87582668:87584052:17:1539:20260514,14:45:00,14:46:00,StopPoint:OCETrain TER-87581793,8,,0,0,
OCESN866238F1187_F:TER:FR:Line::6831fb72-94d3-417c-915f-b9656db78b1a::87582668:87584052:17:1539:20260514,14:49:00,14:50:00,StopPoint:OCETrain TER-87581751,9,,0,0,
OCESN866238F1187_F:TER:FR:Line::6831fb72-94d3-417c-915f-b9656db78b1a::87582668:87584052:17:1539:20260514,14:52:00,14:53:00,StopPoint:OCETrain TER-87748350,10,,0,0,
OCESN866238F1187_F:TER:FR:Line::6831fb72-94d3-417c-915f-b9656db78b1a::87582668:87584052:17:1539:20260514,15:05:00,15:06:00,StopPoint:OCETrain TER-87581595,12,,0,0,
OCESN866238F1187_F:TER:FR:Line::6831fb72-94d3-417c-915f-b9656db78b1a::87582668:87584052:18:1534:20260522,14:45:00,14:46:00,StopPoint:OCETrain TER-87581793,8,,0,0,
OCESN866238F1187_F:TER:FR:Line::6831fb72-94d3-417c-915f-b9656db78b1a::87582668:87584052:18:1534:20260522,14:49:00,14:50:00,StopPoint:OCETrain TER-87581751,9,,0,0,
OCESN866238F1187_F:TER:FR:Line::6831fb72-94d3-417c-915f-b9656db78b1a::87582668:87584052:18:1534:20260522,14:52:00,14:53:00,StopPoint:OCETrain TER-87748350,10,,0,0,
OCESN866238F1187_F:TER:FR:Line::6831fb72-94d3-417c-915f-b9656db78b1a::87582668:87584052:18:1534:20260522,15:05:00,15:06:00,StopPoint:OCETrain TER-87581595,12,,0,0,
OCESN866238F1187_F:TER:FR:Line::6831fb72-94d3-417c-915f-b9656db78b1a::87581009:87584052:6:1539:20260516,15:06:00,15:07:00,StopPoint:OCETrain TER-87581595,1,,0,0,
OCESN866238F1187_F:TER:FR:Line::6831fb72-94d3-417c-915f-b9656db78b1a::87581009:87584052:7:1534:20260524,15:05:00,15:06:00,StopPoint:OCETrain TER-87581595,1,,0,0,
OCESN866238F1187_F:TER:FR:Line::6831fb72-94d3-417c-915f-b9656db78b1a::87582668:87584052:18:1534:20260823,14:45:00,14:46:00,StopPoint:OCETrain TER-87581793,8,,0,0,
OCESN866238F1187_F:TER:FR:Line::6831fb72-94d3-417c-915f-b9656db78b1a::87582668:87584052:18:1534:20260823,14:49:00,14:50:00,StopPoint:OCETrain TER-87581751,9,,0,0,
OCESN866238F1187_F:TER:FR:Line::6831fb72-94d3-417c-915f-b9656db78b1a::87582668:87584052:18:1534:20260823,14:52:00,14:53:00,StopPoint:OCETrain TER-87748350,10,,0,0,
OCESN866238F1187_F:TER:FR:Line::6831fb72-94d3-417c-915f-b9656db78b1a::87582668:87584052:18:1534:20260823,15:05:00,15:06:00,StopPoint:OCETrain TER-87581595,12,,0,0,
OCESN866238F1187_F:TER:FR:Line::6831fb72-94d3-417c-915f-b9656db78b1a::87582668:87584052:18:1534:20260619,14:45:00,14:46:00,StopPoint:OCETrain TER-87581793,8,,0,0,
OCESN866238F1187_F:TER:FR:Line::6831fb72-94d3-417c-915f-b9656db78b1a::87582668:87584052:18:1534:20260619,14:49:00,14:50:00,StopPoint:OCETrain TER-87581751,9,,0,0,
OCESN866238F1187_F:TER:FR:Line::6831fb72-94d3-417c-915f-b9656db78b1a::87582668:87584052:18:1534:20260619,14:52:00,14:53:00,StopPoint:OCETrain TER-87748350,10,,0,0,
OCESN866238F1187_F:TER:FR:Line::6831fb72-94d3-417c-915f-b9656db78b1a::87582668:87584052:18:1534:20260619,15:05:00,15:06:00,StopPoint:OCETrain TER-87581595,12,,0,0,
OCESN866238F1187_F:TER:FR:Line::6831fb72-94d3-417c-915f-b9656db78b1a::87582668:87584052:18:1539:20260517,14:45:00,14:46:00,StopPoint:OCETrain TER-87581793,8,,0,0,
OCESN866238F1187_F:TER:FR:Line::6831fb72-94d3-417c-915f-b9656db78b1a::87582668:87584052:18:1539:20260517,14:49:00,14:50:00,StopPoint:OCETrain TER-87581751,9,,0,0,
OCESN866238F1187_F:TER:FR:Line::6831fb72-94d3-417c-915f-b9656db78b1a::87582668:87584052:18:1539:20260517,14:52:00,14:53:00,StopPoint:OCETrain TER-87748350,10,,0,0,
OCESN866238F1187_F:TER:FR:Line::6831fb72-94d3-417c-915f-b9656db78b1a::87582668:87584052:18:1539:20260517,15:05:00,15:06:00,StopPoint:OCETrain TER-87581595,12,,0,0,
OCESN866238F1187_F:TER:FR:Line::6831fb72-94d3-417c-915f-b9656db78b1a::87582668:87584052:19:1539:20260426,14:45:00,14:46:00,StopPoint:OCETrain TER-87581793,8,,0,0,
OCESN866238F1187_F:TER:FR:Line::6831fb72-94d3-417c-915f-b9656db78b1a::87582668:87584052:19:1539:20260426,14:49:00,14:50:00,StopPoint:OCETrain TER-87581751,9,,0,0,
OCESN866238F1187_F:TER:FR:Line::6831fb72-94d3-417c-915f-b9656db78b1a::87582668:87584052:19:1539:20260426,14:52:00,14:53:00,StopPoint:OCETrain TER-87748350,10,,0,0,
OCESN866238F1187_F:TER:FR:Line::6831fb72-94d3-417c-915f-b9656db78b1a::87582668:87584052:19:1539:20260426,15:05:00,15:06:00,StopPoint:OCETrain TER-87581595,12,,0,0,
OCESN866238F1187_F:TER:FR:Line::6831fb72-94d3-417c-915f-b9656db78b1a::87582668:87584052:19:1539:20260426,15:13:00,15:14:00,StopPoint:OCETrain TER-87581850,13,,0,0,
OCESN866241F1187_F:TER:FR:Line::6831fb72-94d3-417c-915f-b9656db78b1a::87584516:87582668:20:1655:20260621,15:52:00,15:53:00,StopPoint:OCETrain TER-87581595,7,,0,0,
OCESN866241F1187_F:TER:FR:Line::6831fb72-94d3-417c-915f-b9656db78b1a::87584516:87582668:20:1655:20260621,16:06:00,16:07:00,StopPoint:OCETrain TER-87748350,9,,0,0,
OCESN866241F1187_F:TER:FR:Line::6831fb72-94d3-417c-915f-b9656db78b1a::87584516:87582668:20:1655:20260621,16:10:00,16:11:00,StopPoint:OCETrain TER-87581751,10,,0,0,
OCESN866241F1187_F:TER:FR:Line::6831fb72-94d3-417c-915f-b9656db78b1a::87584516:87582668:20:1655:20260621,16:13:00,16:14:00,StopPoint:OCETrain TER-87581793,11,,0,0,
OCESN866241F1187_F:TER:FR:Line::6831fb72-94d3-417c-915f-b9656db78b1a::87581009:87582668:12:1655:20260531,16:06:00,16:07:00,StopPoint:OCETrain TER-87748350,1,,0,0,
OCESN866241F1187_F:TER:FR:Line::6831fb72-94d3-417c-915f-b9656db78b1a::87581009:87582668:12:1655:20260531,16:10:00,16:11:00,StopPoint:OCETrain TER-87581751,2,,0,0,
OCESN866241F1187_F:TER:FR:Line::6831fb72-94d3-417c-915f-b9656db78b1a::87581009:87582668:12:1655:20260531,16:13:00,16:14:00,StopPoint:OCETrain TER-87581793,3,,0,0,
OCESN866241F1187_F:TER:FR:Line::6831fb72-94d3-417c-915f-b9656db78b1a::87584516:87582668:19:1655:20260823,15:52:00,15:53:00,StopPoint:OCETrain TER-87581595,6,,0,0,
OCESN866241F1187_F:TER:FR:Line::6831fb72-94d3-417c-915f-b9656db78b1a::87584516:87582668:19:1655:20260823,16:06:00,16:07:00,StopPoint:OCETrain TER-87748350,8,,0,0,
OCESN866241F1187_F:TER:FR:Line::6831fb72-94d3-417c-915f-b9656db78b1a::87584516:87582668:19:1655:20260823,16:10:00,16:11:00,StopPoint:OCETrain TER-87581751,9,,0,0,
OCESN866241F1187_F:TER:FR:Line::6831fb72-94d3-417c-915f-b9656db78b1a::87584516:87582668:19:1655:20260823,16:13:00,16:14:00,StopPoint:OCETrain TER-87581793,10,,0,0,
OCESN866241F1187_F:TER:FR:Line::6831fb72-94d3-417c-915f-b9656db78b1a::87584516:87582668:20:1655:20260927,15:48:00,15:49:00,StopPoint:OCETrain TER-87581850,6,,0,0,
OCESN866241F1187_F:TER:FR:Line::6831fb72-94d3-417c-915f-b9656db78b1a::87584516:87582668:20:1655:20260927,15:52:00,15:53:00,StopPoint:OCETrain TER-87581595,7,,0,0,
OCESN866241F1187_F:TER:FR:Line::6831fb72-94d3-417c-915f-b9656db78b1a::87584516:87582668:20:1655:20260927,16:06:00,16:07:00,StopPoint:OCETrain TER-87748350,9,,0,0,
OCESN866241F1187_F:TER:FR:Line::6831fb72-94d3-417c-915f-b9656db78b1a::87584516:87582668:20:1655:20260927,16:10:00,16:11:00,StopPoint:OCETrain TER-87581751,10,,0,0,
OCESN866241F1187_F:TER:FR:Line::6831fb72-94d3-417c-915f-b9656db78b1a::87584516:87582668:20:1655:20260927,16:13:00,16:14:00,StopPoint:OCETrain TER-87581793,11,,0,0,
OCESN866241F1187_F:TER:FR:Line::6831fb72-94d3-417c-915f-b9656db78b1a::87584516:87581009:8:1602:20260516,15:57:00,15:58:00,StopPoint:OCETrain TER-87581595,6,,0,0,
OCESN866241F1187_F:TER:FR:Line::6831fb72-94d3-417c-915f-b9656db78b1a::87584516:87582668:19:1657:20260514,15:47:00,15:48:00,StopPoint:OCETrain TER-87581595,6,,0,0,
OCESN866241F1187_F:TER:FR:Line::6831fb72-94d3-417c-915f-b9656db78b1a::87584516:87582668:19:1657:20260514,16:06:00,16:07:00,StopPoint:OCETrain TER-87748350,8,,0,0,
OCESN866241F1187_F:TER:FR:Line::6831fb72-94d3-417c-915f-b9656db78b1a::87584516:87582668:19:1657:20260514,16:10:00,16:11:00,StopPoint:OCETrain TER-87581751,9,,0,0,
OCESN866241F1187_F:TER:FR:Line::6831fb72-94d3-417c-915f-b9656db78b1a::87584516:87582668:19:1657:20260514,16:13:00,16:14:00,StopPoint:OCETrain TER-87581793,10,,0,0,
OCESN866241F1187_F:TER:FR:Line::6831fb72-94d3-417c-915f-b9656db78b1a::87584516:87581009:9:1558:20260524,15:52:00,15:53:00,StopPoint:OCETrain TER-87581595,7,,0,0,
OCESN866241F1187_F:TER:FR:Line::6831fb72-94d3-417c-915f-b9656db78b1a::87584516:87582668:20:1655:20260628,15:52:00,15:53:00,StopPoint:OCETrain TER-87581595,7,,0,0,
OCESN866241F1187_F:TER:FR:Line::6831fb72-94d3-417c-915f-b9656db78b1a::87584516:87582668:20:1655:20260628,16:06:00,16:07:00,StopPoint:OCETrain TER-87748350,9,,0,0,
OCESN866241F1187_F:TER:FR:Line::6831fb72-94d3-417c-915f-b9656db78b1a::87584516:87582668:20:1655:20260628,16:10:00,16:11:00,StopPoint:OCETrain TER-87581751,10,,0,0,
OCESN866241F1187_F:TER:FR:Line::6831fb72-94d3-417c-915f-b9656db78b1a::87584516:87582668:20:1655:20260628,16:13:00,16:14:00,StopPoint:OCETrain TER-87581793,11,,0,0,
OCESN866241F1187_F:TER:FR:Line::6831fb72-94d3-417c-915f-b9656db78b1a::87584516:87582668:21:1657:20260426,15:45:00,15:46:00,StopPoint:OCETrain TER-87581850,7,,0,0,
OCESN866241F1187_F:TER:FR:Line::6831fb72-94d3-417c-915f-b9656db78b1a::87584516:87582668:21:1657:20260426,15:52:00,15:53:00,StopPoint:OCETrain TER-87581595,8,,0,0,
OCESN866241F1187_F:TER:FR:Line::6831fb72-94d3-417c-915f-b9656db78b1a::87584516:87582668:21:1657:20260426,16:06:00,16:07:00,StopPoint:OCETrain TER-87748350,10,,0,0,
OCESN866241F1187_F:TER:FR:Line::6831fb72-94d3-417c-915f-b9656db78b1a::87584516:87582668:21:1657:20260426,16:10:00,16:11:00,StopPoint:OCETrain TER-87581751,11,,0,0,
OCESN866241F1187_F:TER:FR:Line::6831fb72-94d3-417c-915f-b9656db78b1a::87584516:87582668:21:1657:20260426,16:13:00,16:14:00,StopPoint:OCETrain TER-87581793,12,,0,0,
OCESN866241F1187_F:TER:FR:Line::6831fb72-94d3-417c-915f-b9656db78b1a::87584516:87582668:20:1657:20260517,15:52:00,15:53:00,StopPoint:OCETrain TER-87581595,7,,0,0,
OCESN866241F1187_F:TER:FR:Line::6831fb72-94d3-417c-915f-b9656db78b1a::87584516:87582668:20:1657:20260517,16:06:00,16:07:00,StopPoint:OCETrain TER-87748350,9,,0,0,
OCESN866241F1187_F:TER:FR:Line::6831fb72-94d3-417c-915f-b9656db78b1a::87584516:87582668:20:1657:20260517,16:10:00,16:11:00,StopPoint:OCETrain TER-87581751,10,,0,0,
OCESN866241F1187_F:TER:FR:Line::6831fb72-94d3-417c-915f-b9656db78b1a::87584516:87582668:20:1657:20260517,16:13:00,16:14:00,StopPoint:OCETrain TER-87581793,11,,0,0,
OCESN866241F1187_F:TER:FR:Line::6831fb72-94d3-417c-915f-b9656db78b1a::87584516:87582668:19:1655:20260714,15:52:00,15:53:00,StopPoint:OCETrain TER-87581595,6,,0,0,
OCESN866241F1187_F:TER:FR:Line::6831fb72-94d3-417c-915f-b9656db78b1a::87584516:87582668:19:1655:20260714,16:06:00,16:07:00,StopPoint:OCETrain TER-87748350,8,,0,0,
OCESN866241F1187_F:TER:FR:Line::6831fb72-94d3-417c-915f-b9656db78b1a::87584516:87582668:19:1655:20260714,16:10:00,16:11:00,StopPoint:OCETrain TER-87581751,9,,0,0,
OCESN866241F1187_F:TER:FR:Line::6831fb72-94d3-417c-915f-b9656db78b1a::87584516:87582668:19:1655:20260714,16:13:00,16:14:00,StopPoint:OCETrain TER-87581793,10,,0,0,
OCESN866241F1187_F:TER:FR:Line::6831fb72-94d3-417c-915f-b9656db78b1a::87584516:87582668:21:1657:20260525,15:48:00,15:49:00,StopPoint:OCETrain TER-87581850,7,,0,0,
OCESN866241F1187_F:TER:FR:Line::6831fb72-94d3-417c-915f-b9656db78b1a::87584516:87582668:21:1657:20260525,15:52:00,15:53:00,StopPoint:OCETrain TER-87581595,8,,0,0,
OCESN866241F1187_F:TER:FR:Line::6831fb72-94d3-417c-915f-b9656db78b1a::87584516:87582668:21:1657:20260525,16:06:00,16:07:00,StopPoint:OCETrain TER-87748350,10,,0,0,
OCESN866241F1187_F:TER:FR:Line::6831fb72-94d3-417c-915f-b9656db78b1a::87584516:87582668:21:1657:20260525,16:10:00,16:11:00,StopPoint:OCETrain TER-87581751,11,,0,0,
OCESN866241F1187_F:TER:FR:Line::6831fb72-94d3-417c-915f-b9656db78b1a::87584516:87582668:21:1657:20260525,16:13:00,16:14:00,StopPoint:OCETrain TER-87581793,12,,0,0,
OCESN866242F1187_F:TER:FR:Line::6831fb72-94d3-417c-915f-b9656db78b1a::87582668:87581009:12:1558:20260531,15:46:00,15:47:00,StopPoint:OCETrain TER-87581793,8,,0,0,
OCESN866242F1187_F:TER:FR:Line::6831fb72-94d3-417c-915f-b9656db78b1a::87582668:87581009:12:1558:20260531,15:49:00,15:50:00,StopPoint:OCETrain TER-87581751,9,,0,0,
OCESN866242F1187_F:TER:FR:Line::6831fb72-94d3-417c-915f-b9656db78b1a::87582668:87581009:12:1558:20260531,15:52:00,15:53:00,StopPoint:OCETrain TER-87748350,10,,0,0,
OCESN866242F1187_F:TER:FR:Line::6831fb72-94d3-417c-915f-b9656db78b1a::87582668:87584052:18:1634:20260828,15:46:00,15:47:00,StopPoint:OCETrain TER-87581793,8,,0,0,
OCESN866242F1187_F:TER:FR:Line::6831fb72-94d3-417c-915f-b9656db78b1a::87582668:87584052:18:1634:20260828,15:49:00,15:50:00,StopPoint:OCETrain TER-87581751,9,,0,0,
OCESN866242F1187_F:TER:FR:Line::6831fb72-94d3-417c-915f-b9656db78b1a::87582668:87584052:18:1634:20260828,15:52:00,15:53:00,StopPoint:OCETrain TER-87748350,10,,0,0,
OCESN866242F1187_F:TER:FR:Line::6831fb72-94d3-417c-915f-b9656db78b1a::87582668:87584052:18:1634:20260828,16:05:00,16:06:00,StopPoint:OCETrain TER-87581595,12,,0,0,
OCESN866242F1187_F:TER:FR:Line::6831fb72-94d3-417c-915f-b9656db78b1a::87581009:87584052:8:1634:20260930,16:05:00,16:06:00,StopPoint:OCETrain TER-87581595,1,,0,0,
OCESN866242F1187_F:TER:FR:Line::6831fb72-94d3-417c-915f-b9656db78b1a::87581009:87584052:8:1634:20260930,16:10:00,16:11:00,StopPoint:OCETrain TER-87581850,2,,0,0,
OCESN866242F1187_F:TER:FR:Line::6831fb72-94d3-417c-915f-b9656db78b1a::87582668:87584052:19:1634:20260927,15:46:00,15:47:00,StopPoint:OCETrain TER-87581793,8,,0,0,
OCESN866242F1187_F:TER:FR:Line::6831fb72-94d3-417c-915f-b9656db78b1a::87582668:87584052:19:1634:20260927,15:49:00,15:50:00,StopPoint:OCETrain TER-87581751,9,,0,0,
OCESN866242F1187_F:TER:FR:Line::6831fb72-94d3-417c-915f-b9656db78b1a::87582668:87584052:19:1634:20260927,15:52:00,15:53:00,StopPoint:OCETrain TER-87748350,10,,0,0,
OCESN866242F1187_F:TER:FR:Line::6831fb72-94d3-417c-915f-b9656db78b1a::87582668:87584052:19:1634:20260927,16:05:00,16:06:00,StopPoint:OCETrain TER-87581595,12,,0,0,
OCESN866242F1187_F:TER:FR:Line::6831fb72-94d3-417c-915f-b9656db78b1a::87582668:87584052:19:1634:20260927,16:10:00,16:11:00,StopPoint:OCETrain TER-87581850,13,,0,0,
OCESN866242F1187_F:TER:FR:Line::6831fb72-94d3-417c-915f-b9656db78b1a::87581009:87584052:6:1635:20260516,16:03:00,16:04:00,StopPoint:OCETrain TER-87581595,1,,0,0,
OCESN866242F1187_F:TER:FR:Line::6831fb72-94d3-417c-915f-b9656db78b1a::87582668:87584052:17:1634:20260514,15:45:00,15:46:00,StopPoint:OCETrain TER-87581793,8,,0,0,
OCESN866242F1187_F:TER:FR:Line::6831fb72-94d3-417c-915f-b9656db78b1a::87582668:87584052:17:1634:20260514,15:48:00,15:49:00,StopPoint:OCETrain TER-87581751,9,,0,0,
OCESN866242F1187_F:TER:FR:Line::6831fb72-94d3-417c-915f-b9656db78b1a::87582668:87584052:17:1634:20260514,15:51:00,15:52:00,StopPoint:OCETrain TER-87748350,10,,0,0,
OCESN866242F1187_F:TER:FR:Line::6831fb72-94d3-417c-915f-b9656db78b1a::87582668:87584052:17:1634:20260514,16:03:00,16:04:00,StopPoint:OCETrain TER-87581595,12,,0,0,
OCESN866242F1187_F:TER:FR:Line::6831fb72-94d3-417c-915f-b9656db78b1a::87581009:87584052:6:1634:20260515,16:07:00,16:08:00,StopPoint:OCETrain TER-87581595,1,,0,0,
OCESN866242F1187_F:TER:FR:Line::6831fb72-94d3-417c-915f-b9656db78b1a::87582668:87584052:18:1632:20260522,15:46:00,15:47:00,StopPoint:OCETrain TER-87581793,8,,0,0,
OCESN866242F1187_F:TER:FR:Line::6831fb72-94d3-417c-915f-b9656db78b1a::87582668:87584052:18:1632:20260522,15:49:00,15:50:00,StopPoint:OCETrain TER-87581751,9,,0,0,
OCESN866242F1187_F:TER:FR:Line::6831fb72-94d3-417c-915f-b9656db78b1a::87582668:87584052:18:1632:20260522,15:52:00,15:53:00,StopPoint:OCETrain TER-87748350,10,,0,0,
OCESN866242F1187_F:TER:FR:Line::6831fb72-94d3-417c-915f-b9656db78b1a::87582668:87584052:18:1632:20260522,16:05:00,16:06:00,StopPoint:OCETrain TER-87581595,12,,0,0,
OCESN866242F1187_F:TER:FR:Line::6831fb72-94d3-417c-915f-b9656db78b1a::87581009:87584052:7:1634:20260524,16:05:00,16:06:00,StopPoint:OCETrain TER-87581595,1,,0,0,
OCESN866242F1187_F:TER:FR:Line::6831fb72-94d3-417c-915f-b9656db78b1a::87582668:87584052:19:1636:20260426,15:46:00,15:47:00,StopPoint:OCETrain TER-87581793,8,,0,0,
OCESN866242F1187_F:TER:FR:Line::6831fb72-94d3-417c-915f-b9656db78b1a::87582668:87584052:19:1636:20260426,15:49:00,15:50:00,StopPoint:OCETrain TER-87581751,9,,0,0,
OCESN866242F1187_F:TER:FR:Line::6831fb72-94d3-417c-915f-b9656db78b1a::87582668:87584052:19:1636:20260426,15:52:00,15:53:00,StopPoint:OCETrain TER-87748350,10,,0,0,
OCESN866242F1187_F:TER:FR:Line::6831fb72-94d3-417c-915f-b9656db78b1a::87582668:87584052:19:1636:20260426,16:04:00,16:05:00,StopPoint:OCETrain TER-87581595,12,,0,0,
OCESN866242F1187_F:TER:FR:Line::6831fb72-94d3-417c-915f-b9656db78b1a::87582668:87584052:19:1636:20260426,16:12:00,16:12:00,StopPoint:OCETrain TER-87581850,13,,0,0,
OCESN866242F1187_F:TER:FR:Line::6831fb72-94d3-417c-915f-b9656db78b1a::87582668:87584052:18:1635:20260517,15:46:00,15:47:00,StopPoint:OCETrain TER-87581793,8,,0,0,
OCESN866242F1187_F:TER:FR:Line::6831fb72-94d3-417c-915f-b9656db78b1a::87582668:87584052:18:1635:20260517,15:49:00,15:50:00,StopPoint:OCETrain TER-87581751,9,,0,0,
OCESN866242F1187_F:TER:FR:Line::6831fb72-94d3-417c-915f-b9656db78b1a::87582668:87584052:18:1635:20260517,15:52:00,15:53:00,StopPoint:OCETrain TER-87748350,10,,0,0,
OCESN866242F1187_F:TER:FR:Line::6831fb72-94d3-417c-915f-b9656db78b1a::87582668:87584052:18:1635:20260517,16:04:00,16:05:00,StopPoint:OCETrain TER-87581595,12,,0,0,
OCESN866242F1187_F:TER:FR:Line::6831fb72-94d3-417c-915f-b9656db78b1a::87582668:87584052:18:1632:20260619,15:46:00,15:47:00,StopPoint:OCETrain TER-87581793,8,,0,0,
OCESN866242F1187_F:TER:FR:Line::6831fb72-94d3-417c-915f-b9656db78b1a::87582668:87584052:18:1632:20260619,15:49:00,15:50:00,StopPoint:OCETrain TER-87581751,9,,0,0,
OCESN866242F1187_F:TER:FR:Line::6831fb72-94d3-417c-915f-b9656db78b1a::87582668:87584052:18:1632:20260619,15:52:00,15:53:00,StopPoint:OCETrain TER-87748350,10,,0,0,
OCESN866242F1187_F:TER:FR:Line::6831fb72-94d3-417c-915f-b9656db78b1a::87582668:87584052:18:1632:20260619,16:05:00,16:06:00,StopPoint:OCETrain TER-87581595,12,,0,0,
OCESN866242F1187_F:TER:FR:Line::6831fb72-94d3-417c-915f-b9656db78b1a::87582668:87584052:18:1636:20260423,15:46:00,15:47:00,StopPoint:OCETrain TER-87581793,8,,0,0,
OCESN866242F1187_F:TER:FR:Line::6831fb72-94d3-417c-915f-b9656db78b1a::87582668:87584052:18:1636:20260423,15:49:00,15:50:00,StopPoint:OCETrain TER-87581751,9,,0,0,
OCESN866242F1187_F:TER:FR:Line::6831fb72-94d3-417c-915f-b9656db78b1a::87582668:87584052:18:1636:20260423,15:52:00,15:53:00,StopPoint:OCETrain TER-87748350,10,,0,0,
OCESN866242F1187_F:TER:FR:Line::6831fb72-94d3-417c-915f-b9656db78b1a::87582668:87584052:18:1636:20260423,16:04:00,16:05:00,StopPoint:OCETrain TER-87581595,12,,0,0,
OCESN866242F1187_F:TER:FR:Line::6831fb72-94d3-417c-915f-b9656db78b1a::87582668:87584052:18:1636:20260423,16:12:00,16:13:00,StopPoint:OCETrain TER-87581850,13,,0,0,
OCESN866244F1187_F:TER:FR:Line::6831fb72-94d3-417c-915f-b9656db78b1a::87582668:87584052:18:1734:20260703,16:44:00,16:45:00,StopPoint:OCETrain TER-87581793,8,,0,0,
OCESN866244F1187_F:TER:FR:Line::6831fb72-94d3-417c-915f-b9656db78b1a::87582668:87584052:18:1734:20260703,16:47:00,16:48:00,StopPoint:OCETrain TER-87581751,9,,0,0,
OCESN866244F1187_F:TER:FR:Line::6831fb72-94d3-417c-915f-b9656db78b1a::87582668:87584052:18:1734:20260703,16:50:00,16:51:00,StopPoint:OCETrain TER-87748350,10,,0,0,
OCESN866244F1187_F:TER:FR:Line::6831fb72-94d3-417c-915f-b9656db78b1a::87582668:87584052:18:1734:20260703,17:05:00,17:06:00,StopPoint:OCETrain TER-87581595,12,,0,0,
OCESN866244F1187_F:TER:FR:Line::6831fb72-94d3-417c-915f-b9656db78b1a::87582668:87584052:19:1734:20260930,16:44:00,16:45:00,StopPoint:OCETrain TER-87581793,8,,0,0,
OCESN866244F1187_F:TER:FR:Line::6831fb72-94d3-417c-915f-b9656db78b1a::87582668:87584052:19:1734:20260930,16:47:00,16:48:00,StopPoint:OCETrain TER-87581751,9,,0,0,
OCESN866244F1187_F:TER:FR:Line::6831fb72-94d3-417c-915f-b9656db78b1a::87582668:87584052:19:1734:20260930,16:50:00,16:51:00,StopPoint:OCETrain TER-87748350,10,,0,0,
OCESN866244F1187_F:TER:FR:Line::6831fb72-94d3-417c-915f-b9656db78b1a::87582668:87584052:19:1734:20260930,17:05:00,17:06:00,StopPoint:OCETrain TER-87581595,12,,0,0,
OCESN866244F1187_F:TER:FR:Line::6831fb72-94d3-417c-915f-b9656db78b1a::87582668:87584052:19:1734:20260930,17:10:00,17:11:00,StopPoint:OCETrain TER-87581850,13,,0,0,
OCESN866244F1187_F:TER:FR:Line::6831fb72-94d3-417c-915f-b9656db78b1a::87582668:87584052:17:1737:20260514,16:44:00,16:45:00,StopPoint:OCETrain TER-87581793,8,,0,0,
OCESN866244F1187_F:TER:FR:Line::6831fb72-94d3-417c-915f-b9656db78b1a::87582668:87584052:17:1737:20260514,16:47:00,16:48:00,StopPoint:OCETrain TER-87581751,9,,0,0,
OCESN866244F1187_F:TER:FR:Line::6831fb72-94d3-417c-915f-b9656db78b1a::87582668:87584052:17:1737:20260514,16:50:00,16:51:00,StopPoint:OCETrain TER-87748350,10,,0,0,
OCESN866244F1187_F:TER:FR:Line::6831fb72-94d3-417c-915f-b9656db78b1a::87582668:87584052:17:1737:20260514,17:06:00,17:07:00,StopPoint:OCETrain TER-87581595,12,,0,0,
OCESN866244F1187_F:TER:FR:Line::6831fb72-94d3-417c-915f-b9656db78b1a::87582668:87581009:12:1658:20260531,16:44:00,16:45:00,StopPoint:OCETrain TER-87581793,8,,0,0,
OCESN866244F1187_F:TER:FR:Line::6831fb72-94d3-417c-915f-b9656db78b1a::87582668:87581009:12:1658:20260531,16:47:00,16:48:00,StopPoint:OCETrain TER-87581751,9,,0,0,
OCESN866244F1187_F:TER:FR:Line::6831fb72-94d3-417c-915f-b9656db78b1a::87582668:87581009:12:1658:20260531,16:50:00,16:51:00,StopPoint:OCETrain TER-87748350,10,,0,0,
OCESN866244F1187_F:TER:FR:Line::6831fb72-94d3-417c-915f-b9656db78b1a::87581009:87584052:7:1734:20260524,17:05:00,17:06:00,StopPoint:OCETrain TER-87581595,1,,0,0,
OCESN866244F1187_F:TER:FR:Line::6831fb72-94d3-417c-915f-b9656db78b1a::87582668:87584052:18:1734:20260522,16:44:00,16:45:00,StopPoint:OCETrain TER-87581793,8,,0,0,
OCESN866244F1187_F:TER:FR:Line::6831fb72-94d3-417c-915f-b9656db78b1a::87582668:87584052:18:1734:20260522,16:47:00,16:48:00,StopPoint:OCETrain TER-87581751,9,,0,0,
OCESN866244F1187_F:TER:FR:Line::6831fb72-94d3-417c-915f-b9656db78b1a::87582668:87584052:18:1734:20260522,16:50:00,16:51:00,StopPoint:OCETrain TER-87748350,10,,0,0,
OCESN866244F1187_F:TER:FR:Line::6831fb72-94d3-417c-915f-b9656db78b1a::87582668:87584052:18:1734:20260522,17:05:00,17:06:00,StopPoint:OCETrain TER-87581595,12,,0,0,
OCESN866244F1187_F:TER:FR:Line::6831fb72-94d3-417c-915f-b9656db78b1a::87581009:87584052:6:1737:20260516,17:07:00,17:08:00,StopPoint:OCETrain TER-87581595,1,,0,0,
OCESN866244F1187_F:TER:FR:Line::6831fb72-94d3-417c-915f-b9656db78b1a::87582668:87584052:18:1734:20260619,16:44:00,16:45:00,StopPoint:OCETrain TER-87581793,8,,0,0,
OCESN866244F1187_F:TER:FR:Line::6831fb72-94d3-417c-915f-b9656db78b1a::87582668:87584052:18:1734:20260619,16:47:00,16:48:00,StopPoint:OCETrain TER-87581751,9,,0,0,
OCESN866244F1187_F:TER:FR:Line::6831fb72-94d3-417c-915f-b9656db78b1a::87582668:87584052:18:1734:20260619,16:50:00,16:51:00,StopPoint:OCETrain TER-87748350,10,,0,0,
OCESN866244F1187_F:TER:FR:Line::6831fb72-94d3-417c-915f-b9656db78b1a::87582668:87584052:18:1734:20260619,17:05:00,17:06:00,StopPoint:OCETrain TER-87581595,12,,0,0,
OCESN866244F1187_F:TER:FR:Line::6831fb72-94d3-417c-915f-b9656db78b1a::87582668:87584052:18:1737:20260517,16:44:00,16:45:00,StopPoint:OCETrain TER-87581793,8,,0,0,
OCESN866244F1187_F:TER:FR:Line::6831fb72-94d3-417c-915f-b9656db78b1a::87582668:87584052:18:1737:20260517,16:47:00,16:48:00,StopPoint:OCETrain TER-87581751,9,,0,0,
OCESN866244F1187_F:TER:FR:Line::6831fb72-94d3-417c-915f-b9656db78b1a::87582668:87584052:18:1737:20260517,16:50:00,16:51:00,StopPoint:OCETrain TER-87748350,10,,0,0,
OCESN866244F1187_F:TER:FR:Line::6831fb72-94d3-417c-915f-b9656db78b1a::87582668:87584052:18:1737:20260517,17:05:00,17:06:00,StopPoint:OCETrain TER-87581595,12,,0,0,
OCESN866244F1187_F:TER:FR:Line::6831fb72-94d3-417c-915f-b9656db78b1a::87582668:87584052:18:1734:20260828,16:45:00,16:46:00,StopPoint:OCETrain TER-87581793,8,,0,0,
OCESN866244F1187_F:TER:FR:Line::6831fb72-94d3-417c-915f-b9656db78b1a::87582668:87584052:18:1734:20260828,16:49:00,16:50:00,StopPoint:OCETrain TER-87581751,9,,0,0,
OCESN866244F1187_F:TER:FR:Line::6831fb72-94d3-417c-915f-b9656db78b1a::87582668:87584052:18:1734:20260828,16:52:00,16:53:00,StopPoint:OCETrain TER-87748350,10,,0,0,
OCESN866244F1187_F:TER:FR:Line::6831fb72-94d3-417c-915f-b9656db78b1a::87582668:87584052:18:1734:20260828,17:05:00,17:06:00,StopPoint:OCETrain TER-87581595,12,,0,0,
OCESN866244F1187_F:TER:FR:Line::6831fb72-94d3-417c-915f-b9656db78b1a::87582668:87584052:19:1734:20260830,16:45:00,16:46:00,StopPoint:OCETrain TER-87581793,8,,0,0,
OCESN866244F1187_F:TER:FR:Line::6831fb72-94d3-417c-915f-b9656db78b1a::87582668:87584052:19:1734:20260830,16:49:00,16:50:00,StopPoint:OCETrain TER-87581751,9,,0,0,
OCESN866244F1187_F:TER:FR:Line::6831fb72-94d3-417c-915f-b9656db78b1a::87582668:87584052:19:1734:20260830,16:52:00,16:53:00,StopPoint:OCETrain TER-87748350,10,,0,0,
OCESN866244F1187_F:TER:FR:Line::6831fb72-94d3-417c-915f-b9656db78b1a::87582668:87584052:19:1734:20260830,17:05:00,17:06:00,StopPoint:OCETrain TER-87581595,12,,0,0,
OCESN866244F1187_F:TER:FR:Line::6831fb72-94d3-417c-915f-b9656db78b1a::87582668:87584052:19:1734:20260830,17:10:00,17:11:00,StopPoint:OCETrain TER-87581850,13,,0,0,
OCESN866244F1187_F:TER:FR:Line::6831fb72-94d3-417c-915f-b9656db78b1a::87582668:87584052:19:1738:20260426,16:44:00,16:45:00,StopPoint:OCETrain TER-87581793,8,,0,0,
OCESN866244F1187_F:TER:FR:Line::6831fb72-94d3-417c-915f-b9656db78b1a::87582668:87584052:19:1738:20260426,16:47:00,16:48:00,StopPoint:OCETrain TER-87581751,9,,0,0,
OCESN866244F1187_F:TER:FR:Line::6831fb72-94d3-417c-915f-b9656db78b1a::87582668:87584052:19:1738:20260426,16:50:00,16:51:00,StopPoint:OCETrain TER-87748350,10,,0,0,
OCESN866244F1187_F:TER:FR:Line::6831fb72-94d3-417c-915f-b9656db78b1a::87582668:87584052:19:1738:20260426,17:05:00,17:06:00,StopPoint:OCETrain TER-87581595,12,,0,0,
OCESN866244F1187_F:TER:FR:Line::6831fb72-94d3-417c-915f-b9656db78b1a::87582668:87584052:19:1738:20260426,17:13:00,17:13:00,StopPoint:OCETrain TER-87581850,13,,0,0,
OCESN866245F1187_F:TER:FR:Line::6831fb72-94d3-417c-915f-b9656db78b1a::87581009:87582668:12:1755:20260531,17:06:00,17:07:00,StopPoint:OCETrain TER-87748350,1,,0,0,
OCESN866245F1187_F:TER:FR:Line::6831fb72-94d3-417c-915f-b9656db78b1a::87581009:87582668:12:1755:20260531,17:10:00,17:11:00,StopPoint:OCETrain TER-87581751,2,,0,0,
OCESN866245F1187_F:TER:FR:Line::6831fb72-94d3-417c-915f-b9656db78b1a::87581009:87582668:12:1755:20260531,17:13:00,17:14:00,StopPoint:OCETrain TER-87581793,3,,0,0,
OCESN866245F1187_F:TER:FR:Line::6831fb72-94d3-417c-915f-b9656db78b1a::87584052:87582668:18:1755:20260828,16:53:00,16:54:00,StopPoint:OCETrain TER-87581595,5,,0,0,
OCESN866245F1187_F:TER:FR:Line::6831fb72-94d3-417c-915f-b9656db78b1a::87584052:87582668:18:1755:20260828,17:06:00,17:07:00,StopPoint:OCETrain TER-87748350,7,,0,0,
OCESN866245F1187_F:TER:FR:Line::6831fb72-94d3-417c-915f-b9656db78b1a::87584052:87582668:18:1755:20260828,17:10:00,17:11:00,StopPoint:OCETrain TER-87581751,8,,0,0,
OCESN866245F1187_F:TER:FR:Line::6831fb72-94d3-417c-915f-b9656db78b1a::87584052:87582668:18:1755:20260828,17:13:00,17:14:00,StopPoint:OCETrain TER-87581793,9,,0,0,
OCESN866245F1187_F:TER:FR:Line::6831fb72-94d3-417c-915f-b9656db78b1a::87584052:87582668:19:1755:20260930,16:48:00,16:49:00,StopPoint:OCETrain TER-87581850,5,,0,0,
OCESN866245F1187_F:TER:FR:Line::6831fb72-94d3-417c-915f-b9656db78b1a::87584052:87582668:19:1755:20260930,16:53:00,16:54:00,StopPoint:OCETrain TER-87581595,6,,0,0,
OCESN866245F1187_F:TER:FR:Line::6831fb72-94d3-417c-915f-b9656db78b1a::87584052:87582668:19:1755:20260930,17:06:00,17:07:00,StopPoint:OCETrain TER-87748350,8,,0,0,
OCESN866245F1187_F:TER:FR:Line::6831fb72-94d3-417c-915f-b9656db78b1a::87584052:87582668:19:1755:20260930,17:10:00,17:11:00,StopPoint:OCETrain TER-87581751,9,,0,0,
OCESN866245F1187_F:TER:FR:Line::6831fb72-94d3-417c-915f-b9656db78b1a::87584052:87582668:19:1755:20260930,17:13:00,17:14:00,StopPoint:OCETrain TER-87581793,10,,0,0,
OCESN866245F1187_F:TER:FR:Line::6831fb72-94d3-417c-915f-b9656db78b1a::87584052:87582668:17:1757:20260514,16:53:00,16:54:00,StopPoint:OCETrain TER-87581595,4,,0,0,
OCESN866245F1187_F:TER:FR:Line::6831fb72-94d3-417c-915f-b9656db78b1a::87584052:87582668:17:1757:20260514,17:06:00,17:07:00,StopPoint:OCETrain TER-87748350,6,,0,0,
OCESN866245F1187_F:TER:FR:Line::6831fb72-94d3-417c-915f-b9656db78b1a::87584052:87582668:17:1757:20260514,17:10:00,17:11:00,StopPoint:OCETrain TER-87581751,7,,0,0,
OCESN866245F1187_F:TER:FR:Line::6831fb72-94d3-417c-915f-b9656db78b1a::87584052:87582668:17:1757:20260514,17:13:00,17:14:00,StopPoint:OCETrain TER-87581793,8,,0,0,
OCESN866245F1187_F:TER:FR:Line::6831fb72-94d3-417c-915f-b9656db78b1a::87584052:87581009:7:1658:20260524,16:53:00,16:54:00,StopPoint:OCETrain TER-87581595,5,,0,0,
OCESN866245F1187_F:TER:FR:Line::6831fb72-94d3-417c-915f-b9656db78b1a::87584052:87581009:6:1700:20260516,16:53:00,16:54:00,StopPoint:OCETrain TER-87581595,4,,0,0,
OCESN866245F1187_F:TER:FR:Line::6831fb72-94d3-417c-915f-b9656db78b1a::87584052:87582668:18:1757:20260522,16:53:00,16:54:00,StopPoint:OCETrain TER-87581595,5,,0,0,
OCESN866245F1187_F:TER:FR:Line::6831fb72-94d3-417c-915f-b9656db78b1a::87584052:87582668:18:1757:20260522,17:06:00,17:07:00,StopPoint:OCETrain TER-87748350,7,,0,0,
OCESN866245F1187_F:TER:FR:Line::6831fb72-94d3-417c-915f-b9656db78b1a::87584052:87582668:18:1757:20260522,17:10:00,17:11:00,StopPoint:OCETrain TER-87581751,8,,0,0,
OCESN866245F1187_F:TER:FR:Line::6831fb72-94d3-417c-915f-b9656db78b1a::87584052:87582668:18:1757:20260522,17:13:00,17:14:00,StopPoint:OCETrain TER-87581793,9,,0,0,
OCESN866245F1187_F:TER:FR:Line::6831fb72-94d3-417c-915f-b9656db78b1a::87584052:87582668:18:1757:20260517,16:55:00,16:56:00,StopPoint:OCETrain TER-87581595,5,,0,0,
OCESN866245F1187_F:TER:FR:Line::6831fb72-94d3-417c-915f-b9656db78b1a::87584052:87582668:18:1757:20260517,17:06:00,17:07:00,StopPoint:OCETrain TER-87748350,7,,0,0,
OCESN866245F1187_F:TER:FR:Line::6831fb72-94d3-417c-915f-b9656db78b1a::87584052:87582668:18:1757:20260517,17:10:00,17:11:00,StopPoint:OCETrain TER-87581751,8,,0,0,
OCESN866245F1187_F:TER:FR:Line::6831fb72-94d3-417c-915f-b9656db78b1a::87584052:87582668:18:1757:20260517,17:13:00,17:14:00,StopPoint:OCETrain TER-87581793,9,,0,0,
OCESN866245F1187_F:TER:FR:Line::6831fb72-94d3-417c-915f-b9656db78b1a::87584052:87582668:18:1755:20260619,16:53:00,16:54:00,StopPoint:OCETrain TER-87581595,5,,0,0,
OCESN866245F1187_F:TER:FR:Line::6831fb72-94d3-417c-915f-b9656db78b1a::87584052:87582668:18:1755:20260619,17:06:00,17:07:00,StopPoint:OCETrain TER-87748350,7,,0,0,
OCESN866245F1187_F:TER:FR:Line::6831fb72-94d3-417c-915f-b9656db78b1a::87584052:87582668:18:1755:20260619,17:10:00,17:11:00,StopPoint:OCETrain TER-87581751,8,,0,0,
OCESN866245F1187_F:TER:FR:Line::6831fb72-94d3-417c-915f-b9656db78b1a::87584052:87582668:18:1755:20260619,17:13:00,17:14:00,StopPoint:OCETrain TER-87581793,9,,0,0,
OCESN866245F1187_F:TER:FR:Line::6831fb72-94d3-417c-915f-b9656db78b1a::87584052:87582668:18:1757:20260513,16:55:00,16:56:00,StopPoint:OCETrain TER-87581595,5,,0,0,
OCESN866245F1187_F:TER:FR:Line::6831fb72-94d3-417c-915f-b9656db78b1a::87584052:87582668:18:1757:20260513,17:06:00,17:07:00,StopPoint:OCETrain TER-87748350,7,,0,0,
OCESN866245F1187_F:TER:FR:Line::6831fb72-94d3-417c-915f-b9656db78b1a::87584052:87582668:18:1757:20260513,17:10:00,17:11:00,StopPoint:OCETrain TER-87581751,8,,0,0,
OCESN866245F1187_F:TER:FR:Line::6831fb72-94d3-417c-915f-b9656db78b1a::87584052:87582668:18:1757:20260513,17:13:00,17:14:00,StopPoint:OCETrain TER-87581793,9,,0,0,
OCESN866245F1187_F:TER:FR:Line::6831fb72-94d3-417c-915f-b9656db78b1a::87584052:87582668:19:1757:20260426,16:47:00,16:48:00,StopPoint:OCETrain TER-87581850,5,,0,0,
OCESN866245F1187_F:TER:FR:Line::6831fb72-94d3-417c-915f-b9656db78b1a::87584052:87582668:19:1757:20260426,16:55:00,16:56:00,StopPoint:OCETrain TER-87581595,6,,0,0,
OCESN866245F1187_F:TER:FR:Line::6831fb72-94d3-417c-915f-b9656db78b1a::87584052:87582668:19:1757:20260426,17:06:00,17:07:00,StopPoint:OCETrain TER-87748350,8,,0,0,
OCESN866245F1187_F:TER:FR:Line::6831fb72-94d3-417c-915f-b9656db78b1a::87584052:87582668:19:1757:20260426,17:10:00,17:11:00,StopPoint:OCETrain TER-87581751,9,,0,0,
OCESN866245F1187_F:TER:FR:Line::6831fb72-94d3-417c-915f-b9656db78b1a::87584052:87582668:19:1757:20260426,17:13:00,17:14:00,StopPoint:OCETrain TER-87581793,10,,0,0,
OCESN866246F1187_F:TER:FR:Line::6831fb72-94d3-417c-915f-b9656db78b1a::87582668:87584052:18:1802:20260703,17:15:00,17:16:00,StopPoint:OCETrain TER-87581793,8,,0,0,
OCESN866246F1187_F:TER:FR:Line::6831fb72-94d3-417c-915f-b9656db78b1a::87582668:87584052:18:1802:20260703,17:18:00,17:19:00,StopPoint:OCETrain TER-87581751,9,,0,0,
OCESN866246F1187_F:TER:FR:Line::6831fb72-94d3-417c-915f-b9656db78b1a::87582668:87584052:18:1802:20260703,17:21:00,17:22:00,StopPoint:OCETrain TER-87748350,10,,0,0,
OCESN866246F1187_F:TER:FR:Line::6831fb72-94d3-417c-915f-b9656db78b1a::87582668:87584052:18:1802:20260703,17:34:00,17:35:00,StopPoint:OCETrain TER-87581595,12,,0,0,
OCESN866246F1187_F:TER:FR:Line::6831fb72-94d3-417c-915f-b9656db78b1a::87582668:87584052:19:1802:20260930,17:15:00,17:16:00,StopPoint:OCETrain TER-87581793,8,,0,0,
OCESN866246F1187_F:TER:FR:Line::6831fb72-94d3-417c-915f-b9656db78b1a::87582668:87584052:19:1802:20260930,17:18:00,17:19:00,StopPoint:OCETrain TER-87581751,9,,0,0,
OCESN866246F1187_F:TER:FR:Line::6831fb72-94d3-417c-915f-b9656db78b1a::87582668:87584052:19:1802:20260930,17:21:00,17:22:00,StopPoint:OCETrain TER-87748350,10,,0,0,
OCESN866246F1187_F:TER:FR:Line::6831fb72-94d3-417c-915f-b9656db78b1a::87582668:87584052:19:1802:20260930,17:34:00,17:35:00,StopPoint:OCETrain TER-87581595,12,,0,0,
OCESN866246F1187_F:TER:FR:Line::6831fb72-94d3-417c-915f-b9656db78b1a::87582668:87584052:19:1802:20260930,17:39:00,17:40:00,StopPoint:OCETrain TER-87581850,13,,0,0,
OCESN866246F1187_F:TER:FR:Line::6831fb72-94d3-417c-915f-b9656db78b1a::87581009:87584052:5:1814:20260515,17:48:00,17:49:00,StopPoint:OCETrain TER-87581595,1,,0,0,
OCESN866246F1187_F:TER:FR:Line::6831fb72-94d3-417c-915f-b9656db78b1a::87582668:87584052:18:1802:20260522,17:16:00,17:17:00,StopPoint:OCETrain TER-87581793,8,,0,0,
OCESN866246F1187_F:TER:FR:Line::6831fb72-94d3-417c-915f-b9656db78b1a::87582668:87584052:18:1802:20260522,17:19:00,17:19:00,StopPoint:OCETrain TER-87581751,9,,0,0,
OCESN866246F1187_F:TER:FR:Line::6831fb72-94d3-417c-915f-b9656db78b1a::87582668:87584052:18:1802:20260522,17:22:00,17:22:00,StopPoint:OCETrain TER-87748350,10,,0,0,
OCESN866246F1187_F:TER:FR:Line::6831fb72-94d3-417c-915f-b9656db78b1a::87582668:87584052:18:1802:20260522,17:34:00,17:35:00,StopPoint:OCETrain TER-87581595,12,,0,0,
OCESN866246F1187_F:TER:FR:Line::6831fb72-94d3-417c-915f-b9656db78b1a::87582668:87584052:18:1803:20260513,17:13:00,17:14:00,StopPoint:OCETrain TER-87581793,8,,0,0,
OCESN866246F1187_F:TER:FR:Line::6831fb72-94d3-417c-915f-b9656db78b1a::87582668:87584052:18:1803:20260513,17:16:00,17:17:00,StopPoint:OCETrain TER-87581751,9,,0,0,
OCESN866246F1187_F:TER:FR:Line::6831fb72-94d3-417c-915f-b9656db78b1a::87582668:87584052:18:1803:20260513,17:20:00,17:21:00,StopPoint:OCETrain TER-87748350,10,,0,0,
OCESN866246F1187_F:TER:FR:Line::6831fb72-94d3-417c-915f-b9656db78b1a::87582668:87584052:18:1803:20260513,17:31:00,17:32:00,StopPoint:OCETrain TER-87581595,12,,0,0,
OCESN866246F1187_F:TER:FR:Line::6831fb72-94d3-417c-915f-b9656db78b1a::87582668:87584052:18:1802:20260619,17:15:00,17:16:00,StopPoint:OCETrain TER-87581793,8,,0,0,
OCESN866246F1187_F:TER:FR:Line::6831fb72-94d3-417c-915f-b9656db78b1a::87582668:87584052:18:1802:20260619,17:18:00,17:19:00,StopPoint:OCETrain TER-87581751,9,,0,0,
OCESN866246F1187_F:TER:FR:Line::6831fb72-94d3-417c-915f-b9656db78b1a::87582668:87584052:18:1802:20260619,17:21:00,17:22:00,StopPoint:OCETrain TER-87748350,10,,0,0,
OCESN866246F1187_F:TER:FR:Line::6831fb72-94d3-417c-915f-b9656db78b1a::87582668:87584052:18:1802:20260619,17:34:00,17:35:00,StopPoint:OCETrain TER-87581595,12,,0,0,
OCESN866246F1187_F:TER:FR:Line::6831fb72-94d3-417c-915f-b9656db78b1a::87582668:87584052:19:1803:20260424,17:13:00,17:14:00,StopPoint:OCETrain TER-87581793,8,,0,0,
OCESN866246F1187_F:TER:FR:Line::6831fb72-94d3-417c-915f-b9656db78b1a::87582668:87584052:19:1803:20260424,17:16:00,17:17:00,StopPoint:OCETrain TER-87581751,9,,0,0,
OCESN866246F1187_F:TER:FR:Line::6831fb72-94d3-417c-915f-b9656db78b1a::87582668:87584052:19:1803:20260424,17:20:00,17:21:00,StopPoint:OCETrain TER-87748350,10,,0,0,
OCESN866246F1187_F:TER:FR:Line::6831fb72-94d3-417c-915f-b9656db78b1a::87582668:87584052:19:1803:20260424,17:31:00,17:31:00,StopPoint:OCETrain TER-87581595,12,,0,0,
OCESN866246F1187_F:TER:FR:Line::6831fb72-94d3-417c-915f-b9656db78b1a::87582668:87584052:19:1803:20260424,17:38:00,17:39:00,StopPoint:OCETrain TER-87581850,13,,0,0,
OCESN866248F1187_F:TER:FR:Line::6831fb72-94d3-417c-915f-b9656db78b1a::87582668:87581009:12:1758:20260531,17:46:00,17:47:00,StopPoint:OCETrain TER-87581793,8,,0,0,
OCESN866248F1187_F:TER:FR:Line::6831fb72-94d3-417c-915f-b9656db78b1a::87582668:87581009:12:1758:20260531,17:49:00,17:50:00,StopPoint:OCETrain TER-87581751,9,,0,0,
OCESN866248F1187_F:TER:FR:Line::6831fb72-94d3-417c-915f-b9656db78b1a::87582668:87581009:12:1758:20260531,17:52:00,17:53:00,StopPoint:OCETrain TER-87748350,10,,0,0,
OCESN866248F1187_F:TER:FR:Line::6831fb72-94d3-417c-915f-b9656db78b1a::87582668:87584052:18:1834:20260628,17:46:00,17:47:00,StopPoint:OCETrain TER-87581793,8,,0,0,
OCESN866248F1187_F:TER:FR:Line::6831fb72-94d3-417c-915f-b9656db78b1a::87582668:87584052:18:1834:20260628,17:49:00,17:50:00,StopPoint:OCETrain TER-87581751,9,,0,0,
OCESN866248F1187_F:TER:FR:Line::6831fb72-94d3-417c-915f-b9656db78b1a::87582668:87584052:18:1834:20260628,17:52:00,17:53:00,StopPoint:OCETrain TER-87748350,10,,0,0,
OCESN866248F1187_F:TER:FR:Line::6831fb72-94d3-417c-915f-b9656db78b1a::87582668:87584052:18:1834:20260628,18:05:00,18:06:00,StopPoint:OCETrain TER-87581595,12,,0,0,
OCESN866248F1187_F:TER:FR:Line::6831fb72-94d3-417c-915f-b9656db78b1a::87582668:87584052:19:1834:20260927,17:46:00,17:47:00,StopPoint:OCETrain TER-87581793,8,,0,0,
OCESN866248F1187_F:TER:FR:Line::6831fb72-94d3-417c-915f-b9656db78b1a::87582668:87584052:19:1834:20260927,17:49:00,17:50:00,StopPoint:OCETrain TER-87581751,9,,0,0,
OCESN866248F1187_F:TER:FR:Line::6831fb72-94d3-417c-915f-b9656db78b1a::87582668:87584052:19:1834:20260927,17:52:00,17:53:00,StopPoint:OCETrain TER-87748350,10,,0,0,
OCESN866248F1187_F:TER:FR:Line::6831fb72-94d3-417c-915f-b9656db78b1a::87582668:87584052:19:1834:20260927,18:05:00,18:06:00,StopPoint:OCETrain TER-87581595,12,,0,0,
OCESN866248F1187_F:TER:FR:Line::6831fb72-94d3-417c-915f-b9656db78b1a::87582668:87584052:19:1834:20260927,18:10:00,18:11:00,StopPoint:OCETrain TER-87581850,13,,0,0,
OCESN866248F1187_F:TER:FR:Line::6831fb72-94d3-417c-915f-b9656db78b1a::87581009:87584052:7:1834:20260524,18:05:00,18:06:00,StopPoint:OCETrain TER-87581595,1,,0,0,
OCESN866248F1187_F:TER:FR:Line::6831fb72-94d3-417c-915f-b9656db78b1a::87582668:87584052:19:1839:20260426,17:46:00,17:47:00,StopPoint:OCETrain TER-87581793,8,,0,0,
OCESN866248F1187_F:TER:FR:Line::6831fb72-94d3-417c-915f-b9656db78b1a::87582668:87584052:19:1839:20260426,17:49:00,17:50:00,StopPoint:OCETrain TER-87581751,9,,0,0,
OCESN866248F1187_F:TER:FR:Line::6831fb72-94d3-417c-915f-b9656db78b1a::87582668:87584052:19:1839:20260426,17:52:00,17:53:00,StopPoint:OCETrain TER-87748350,10,,0,0,
OCESN866248F1187_F:TER:FR:Line::6831fb72-94d3-417c-915f-b9656db78b1a::87582668:87584052:19:1839:20260426,18:05:00,18:06:00,StopPoint:OCETrain TER-87581595,12,,0,0,
OCESN866248F1187_F:TER:FR:Line::6831fb72-94d3-417c-915f-b9656db78b1a::87582668:87584052:19:1839:20260426,18:13:00,18:14:00,StopPoint:OCETrain TER-87581850,13,,0,0,
OCESN866248F1187_F:TER:FR:Line::6831fb72-94d3-417c-915f-b9656db78b1a::87582668:87584052:16:1835:20260514,17:45:00,17:46:00,StopPoint:OCETrain TER-87581793,8,,0,0,
OCESN866248F1187_F:TER:FR:Line::6831fb72-94d3-417c-915f-b9656db78b1a::87582668:87584052:16:1835:20260514,17:48:00,17:49:00,StopPoint:OCETrain TER-87581751,9,,0,0,
OCESN866248F1187_F:TER:FR:Line::6831fb72-94d3-417c-915f-b9656db78b1a::87582668:87584052:16:1835:20260514,17:51:00,17:52:00,StopPoint:OCETrain TER-87748350,10,,0,0,
OCESN866248F1187_F:TER:FR:Line::6831fb72-94d3-417c-915f-b9656db78b1a::87582668:87584052:16:1835:20260514,18:04:00,18:05:00,StopPoint:OCETrain TER-87581595,12,,0,0,
OCESN866248F1187_F:TER:FR:Line::6831fb72-94d3-417c-915f-b9656db78b1a::87582668:87584052:18:1839:20260510,17:46:00,17:47:00,StopPoint:OCETrain TER-87581793,8,,0,0,
OCESN866248F1187_F:TER:FR:Line::6831fb72-94d3-417c-915f-b9656db78b1a::87582668:87584052:18:1839:20260510,17:49:00,17:50:00,StopPoint:OCETrain TER-87581751,9,,0,0,
OCESN866248F1187_F:TER:FR:Line::6831fb72-94d3-417c-915f-b9656db78b1a::87582668:87584052:18:1839:20260510,17:52:00,17:53:00,StopPoint:OCETrain TER-87748350,10,,0,0,
OCESN866248F1187_F:TER:FR:Line::6831fb72-94d3-417c-915f-b9656db78b1a::87582668:87584052:18:1839:20260510,18:05:00,18:06:00,StopPoint:OCETrain TER-87581595,12,,0,0,
OCESN866248F1187_F:TER:FR:Line::6831fb72-94d3-417c-915f-b9656db78b1a::87582668:87584052:18:1834:20260614,17:46:00,17:47:00,StopPoint:OCETrain TER-87581793,8,,0,0,
OCESN866248F1187_F:TER:FR:Line::6831fb72-94d3-417c-915f-b9656db78b1a::87582668:87584052:18:1834:20260614,17:49:00,17:50:00,StopPoint:OCETrain TER-87581751,9,,0,0,
OCESN866248F1187_F:TER:FR:Line::6831fb72-94d3-417c-915f-b9656db78b1a::87582668:87584052:18:1834:20260614,17:52:00,17:53:00,StopPoint:OCETrain TER-87748350,10,,0,0,
OCESN866248F1187_F:TER:FR:Line::6831fb72-94d3-417c-915f-b9656db78b1a::87582668:87584052:18:1834:20260614,18:05:00,18:06:00,StopPoint:OCETrain TER-87581595,12,,0,0,
OCESN866248F1187_F:TER:FR:Line::6831fb72-94d3-417c-915f-b9656db78b1a::87581009:87584052:5:1835:20260516,18:04:00,18:05:00,StopPoint:OCETrain TER-87581595,1,,0,0,
OCESN866248F1187_F:TER:FR:Line::6831fb72-94d3-417c-915f-b9656db78b1a::87582668:87584052:18:1839:20260517,17:46:00,17:47:00,StopPoint:OCETrain TER-87581793,8,,0,0,
OCESN866248F1187_F:TER:FR:Line::6831fb72-94d3-417c-915f-b9656db78b1a::87582668:87584052:18:1839:20260517,17:49:00,17:50:00,StopPoint:OCETrain TER-87581751,9,,0,0,
OCESN866248F1187_F:TER:FR:Line::6831fb72-94d3-417c-915f-b9656db78b1a::87582668:87584052:18:1839:20260517,17:52:00,17:53:00,StopPoint:OCETrain TER-87748350,10,,0,0,
OCESN866248F1187_F:TER:FR:Line::6831fb72-94d3-417c-915f-b9656db78b1a::87582668:87584052:18:1839:20260517,18:05:00,18:06:00,StopPoint:OCETrain TER-87581595,12,,0,0,
OCESN866249F1187_F:TER:FR:Line::6831fb72-94d3-417c-915f-b9656db78b1a::87581009:87582668:12:1855:20260531,18:06:00,18:07:00,StopPoint:OCETrain TER-87748350,1,,0,0,
OCESN866249F1187_F:TER:FR:Line::6831fb72-94d3-417c-915f-b9656db78b1a::87581009:87582668:12:1855:20260531,18:10:00,18:11:00,StopPoint:OCETrain TER-87581751,2,,0,0,
OCESN866249F1187_F:TER:FR:Line::6831fb72-94d3-417c-915f-b9656db78b1a::87581009:87582668:12:1855:20260531,18:13:00,18:14:00,StopPoint:OCETrain TER-87581793,3,,0,0,
OCESN866249F1187_F:TER:FR:Line::6831fb72-94d3-417c-915f-b9656db78b1a::87584052:87582668:18:1855:20260828,17:52:00,17:53:00,StopPoint:OCETrain TER-87581595,5,,0,0,
OCESN866249F1187_F:TER:FR:Line::6831fb72-94d3-417c-915f-b9656db78b1a::87584052:87582668:18:1855:20260828,18:06:00,18:07:00,StopPoint:OCETrain TER-87748350,7,,0,0,
OCESN866249F1187_F:TER:FR:Line::6831fb72-94d3-417c-915f-b9656db78b1a::87584052:87582668:18:1855:20260828,18:10:00,18:11:00,StopPoint:OCETrain TER-87581751,8,,0,0,
OCESN866249F1187_F:TER:FR:Line::6831fb72-94d3-417c-915f-b9656db78b1a::87584052:87582668:18:1855:20260828,18:13:00,18:14:00,StopPoint:OCETrain TER-87581793,9,,0,0,
OCESN866249F1187_F:TER:FR:Line::6831fb72-94d3-417c-915f-b9656db78b1a::87584052:87582668:19:1855:20260930,17:47:00,17:48:00,StopPoint:OCETrain TER-87581850,5,,0,0,
OCESN866249F1187_F:TER:FR:Line::6831fb72-94d3-417c-915f-b9656db78b1a::87584052:87582668:19:1855:20260930,17:52:00,17:53:00,StopPoint:OCETrain TER-87581595,6,,0,0,
OCESN866249F1187_F:TER:FR:Line::6831fb72-94d3-417c-915f-b9656db78b1a::87584052:87582668:19:1855:20260930,18:06:00,18:07:00,StopPoint:OCETrain TER-87748350,8,,0,0,
OCESN866249F1187_F:TER:FR:Line::6831fb72-94d3-417c-915f-b9656db78b1a::87584052:87582668:19:1855:20260930,18:10:00,18:11:00,StopPoint:OCETrain TER-87581751,9,,0,0,
OCESN866249F1187_F:TER:FR:Line::6831fb72-94d3-417c-915f-b9656db78b1a::87584052:87582668:19:1855:20260930,18:13:00,18:14:00,StopPoint:OCETrain TER-87581793,10,,0,0,
OCESN866249F1187_F:TER:FR:Line::6831fb72-94d3-417c-915f-b9656db78b1a::87584052:87581009:7:1758:20260524,17:52:00,17:53:00,StopPoint:OCETrain TER-87581595,5,,0,0,
OCESN866249F1187_F:TER:FR:Line::6831fb72-94d3-417c-915f-b9656db78b1a::87584052:87582668:18:1857:20260522,17:52:00,17:53:00,StopPoint:OCETrain TER-87581595,5,,0,0,
OCESN866249F1187_F:TER:FR:Line::6831fb72-94d3-417c-915f-b9656db78b1a::87584052:87582668:18:1857:20260522,18:06:00,18:07:00,StopPoint:OCETrain TER-87748350,7,,0,0,
OCESN866249F1187_F:TER:FR:Line::6831fb72-94d3-417c-915f-b9656db78b1a::87584052:87582668:18:1857:20260522,18:10:00,18:11:00,StopPoint:OCETrain TER-87581751,8,,0,0,
OCESN866249F1187_F:TER:FR:Line::6831fb72-94d3-417c-915f-b9656db78b1a::87584052:87582668:18:1857:20260522,18:13:00,18:14:00,StopPoint:OCETrain TER-87581793,9,,0,0,
OCESN866249F1187_F:TER:FR:Line::6831fb72-94d3-417c-915f-b9656db78b1a::87584052:87582668:17:1857:20260514,17:51:00,17:52:00,StopPoint:OCETrain TER-87581595,4,,0,0,
OCESN866249F1187_F:TER:FR:Line::6831fb72-94d3-417c-915f-b9656db78b1a::87584052:87582668:17:1857:20260514,18:06:00,18:07:00,StopPoint:OCETrain TER-87748350,6,,0,0,
OCESN866249F1187_F:TER:FR:Line::6831fb72-94d3-417c-915f-b9656db78b1a::87584052:87582668:17:1857:20260514,18:10:00,18:11:00,StopPoint:OCETrain TER-87581751,7,,0,0,
OCESN866249F1187_F:TER:FR:Line::6831fb72-94d3-417c-915f-b9656db78b1a::87584052:87582668:17:1857:20260514,18:13:00,18:14:00,StopPoint:OCETrain TER-87581793,8,,0,0,
OCESN866249F1187_F:TER:FR:Line::6831fb72-94d3-417c-915f-b9656db78b1a::87584052:87582668:18:1855:20260619,17:52:00,17:53:00,StopPoint:OCETrain TER-87581595,5,,0,0,
OCESN866249F1187_F:TER:FR:Line::6831fb72-94d3-417c-915f-b9656db78b1a::87584052:87582668:18:1855:20260619,18:06:00,18:07:00,StopPoint:OCETrain TER-87748350,7,,0,0,
OCESN866249F1187_F:TER:FR:Line::6831fb72-94d3-417c-915f-b9656db78b1a::87584052:87582668:18:1855:20260619,18:10:00,18:11:00,StopPoint:OCETrain TER-87581751,8,,0,0,
OCESN866249F1187_F:TER:FR:Line::6831fb72-94d3-417c-915f-b9656db78b1a::87584052:87582668:18:1855:20260619,18:13:00,18:14:00,StopPoint:OCETrain TER-87581793,9,,0,0,
OCESN866249F1187_F:TER:FR:Line::6831fb72-94d3-417c-915f-b9656db78b1a::87584052:87581009:6:1756:20260515,17:50:00,17:51:00,StopPoint:OCETrain TER-87581595,4,,0,0,
OCESN866249F1187_F:TER:FR:Line::6831fb72-94d3-417c-915f-b9656db78b1a::87584052:87581009:5:1756:20260516,17:50:00,17:51:00,StopPoint:OCETrain TER-87581595,3,,0,0,
OCESN866249F1187_F:TER:FR:Line::6831fb72-94d3-417c-915f-b9656db78b1a::87584052:87582668:18:1857:20260517,17:54:00,17:55:00,StopPoint:OCETrain TER-87581595,5,,0,0,
OCESN866249F1187_F:TER:FR:Line::6831fb72-94d3-417c-915f-b9656db78b1a::87584052:87582668:18:1857:20260517,18:06:00,18:07:00,StopPoint:OCETrain TER-87748350,7,,0,0,
OCESN866249F1187_F:TER:FR:Line::6831fb72-94d3-417c-915f-b9656db78b1a::87584052:87582668:18:1857:20260517,18:10:00,18:11:00,StopPoint:OCETrain TER-87581751,8,,0,0,
OCESN866249F1187_F:TER:FR:Line::6831fb72-94d3-417c-915f-b9656db78b1a::87584052:87582668:18:1857:20260517,18:13:00,18:14:00,StopPoint:OCETrain TER-87581793,9,,0,0,
OCESN866249F1187_F:TER:FR:Line::6831fb72-94d3-417c-915f-b9656db78b1a::87584052:87582668:19:1857:20260426,17:47:00,17:48:00,StopPoint:OCETrain TER-87581850,5,,0,0,
OCESN866249F1187_F:TER:FR:Line::6831fb72-94d3-417c-915f-b9656db78b1a::87584052:87582668:19:1857:20260426,17:55:00,17:56:00,StopPoint:OCETrain TER-87581595,6,,0,0,
OCESN866249F1187_F:TER:FR:Line::6831fb72-94d3-417c-915f-b9656db78b1a::87584052:87582668:19:1857:20260426,18:06:00,18:07:00,StopPoint:OCETrain TER-87748350,8,,0,0,
OCESN866249F1187_F:TER:FR:Line::6831fb72-94d3-417c-915f-b9656db78b1a::87584052:87582668:19:1857:20260426,18:10:00,18:11:00,StopPoint:OCETrain TER-87581751,9,,0,0,
OCESN866249F1187_F:TER:FR:Line::6831fb72-94d3-417c-915f-b9656db78b1a::87584052:87582668:19:1857:20260426,18:13:00,18:14:00,StopPoint:OCETrain TER-87581793,10,,0,0,
OCESN866250F1187_F:TER:FR:Line::6831fb72-94d3-417c-915f-b9656db78b1a::87582668:87581009:12:1826:20260531,18:14:00,18:15:00,StopPoint:OCETrain TER-87581793,8,,0,0,
OCESN866250F1187_F:TER:FR:Line::6831fb72-94d3-417c-915f-b9656db78b1a::87582668:87581009:12:1826:20260531,18:17:00,18:18:00,StopPoint:OCETrain TER-87581751,9,,0,0,
OCESN866250F1187_F:TER:FR:Line::6831fb72-94d3-417c-915f-b9656db78b1a::87582668:87581009:12:1826:20260531,18:21:00,18:22:00,StopPoint:OCETrain TER-87748350,10,,0,0,
OCESN866250F1187_F:TER:FR:Line::6831fb72-94d3-417c-915f-b9656db78b1a::87582668:87581009:12:1826:20260828,18:14:00,18:15:00,StopPoint:OCETrain TER-87581793,8,,0,0,
OCESN866250F1187_F:TER:FR:Line::6831fb72-94d3-417c-915f-b9656db78b1a::87582668:87581009:12:1826:20260828,18:17:00,18:18:00,StopPoint:OCETrain TER-87581751,9,,0,0,
OCESN866250F1187_F:TER:FR:Line::6831fb72-94d3-417c-915f-b9656db78b1a::87582668:87581009:12:1826:20260828,18:20:00,18:21:00,StopPoint:OCETrain TER-87748350,10,,0,0,
OCESN866250F1187_F:TER:FR:Line::6831fb72-94d3-417c-915f-b9656db78b1a::87582668:87584052:18:1901:20260823,18:14:00,18:15:00,StopPoint:OCETrain TER-87581793,8,,0,0,
OCESN866250F1187_F:TER:FR:Line::6831fb72-94d3-417c-915f-b9656db78b1a::87582668:87584052:18:1901:20260823,18:17:00,18:18:00,StopPoint:OCETrain TER-87581751,9,,0,0,
OCESN866250F1187_F:TER:FR:Line::6831fb72-94d3-417c-915f-b9656db78b1a::87582668:87584052:18:1901:20260823,18:21:00,18:22:00,StopPoint:OCETrain TER-87748350,10,,0,0,
OCESN866250F1187_F:TER:FR:Line::6831fb72-94d3-417c-915f-b9656db78b1a::87582668:87584052:18:1901:20260823,18:33:00,18:34:00,StopPoint:OCETrain TER-87581595,12,,0,0,
OCESN866250F1187_F:TER:FR:Line::6831fb72-94d3-417c-915f-b9656db78b1a::87582668:87584052:19:1901:20260930,18:14:00,18:15:00,StopPoint:OCETrain TER-87581793,8,,0,0,
OCESN866250F1187_F:TER:FR:Line::6831fb72-94d3-417c-915f-b9656db78b1a::87582668:87584052:19:1901:20260930,18:17:00,18:18:00,StopPoint:OCETrain TER-87581751,9,,0,0,
OCESN866250F1187_F:TER:FR:Line::6831fb72-94d3-417c-915f-b9656db78b1a::87582668:87584052:19:1901:20260930,18:21:00,18:22:00,StopPoint:OCETrain TER-87748350,10,,0,0,
OCESN866250F1187_F:TER:FR:Line::6831fb72-94d3-417c-915f-b9656db78b1a::87582668:87584052:19:1901:20260930,18:33:00,18:34:00,StopPoint:OCETrain TER-87581595,12,,0,0,
OCESN866250F1187_F:TER:FR:Line::6831fb72-94d3-417c-915f-b9656db78b1a::87582668:87584052:19:1901:20260930,18:38:00,18:39:00,StopPoint:OCETrain TER-87581850,13,,0,0,
OCESN866250F1187_F:TER:FR:Line::6831fb72-94d3-417c-915f-b9656db78b1a::87581009:87584052:7:1901:20260524,18:33:00,18:34:00,StopPoint:OCETrain TER-87581595,1,,0,0,
OCESN866250F1187_F:TER:FR:Line::6831fb72-94d3-417c-915f-b9656db78b1a::87581009:87584052:6:1901:20260516,18:34:00,18:35:00,StopPoint:OCETrain TER-87581595,1,,0,0,
OCESN866250F1187_F:TER:FR:Line::6831fb72-94d3-417c-915f-b9656db78b1a::87582668:87584052:17:1902:20260514,18:11:00,18:12:00,StopPoint:OCETrain TER-87581793,8,,0,0,
OCESN866250F1187_F:TER:FR:Line::6831fb72-94d3-417c-915f-b9656db78b1a::87582668:87584052:17:1902:20260514,18:14:00,18:15:00,StopPoint:OCETrain TER-87581751,9,,0,0,
OCESN866250F1187_F:TER:FR:Line::6831fb72-94d3-417c-915f-b9656db78b1a::87582668:87584052:17:1902:20260514,18:18:00,18:19:00,StopPoint:OCETrain TER-87748350,10,,0,0,
OCESN866250F1187_F:TER:FR:Line::6831fb72-94d3-417c-915f-b9656db78b1a::87582668:87584052:17:1902:20260514,18:34:00,18:35:00,StopPoint:OCETrain TER-87581595,12,,0,0,
OCESN866250F1187_F:TER:FR:Line::6831fb72-94d3-417c-915f-b9656db78b1a::87582668:87584052:18:1901:20260522,18:14:00,18:15:00,StopPoint:OCETrain TER-87581793,8,,0,0,
OCESN866250F1187_F:TER:FR:Line::6831fb72-94d3-417c-915f-b9656db78b1a::87582668:87584052:18:1901:20260522,18:17:00,18:18:00,StopPoint:OCETrain TER-87581751,9,,0,0,
OCESN866250F1187_F:TER:FR:Line::6831fb72-94d3-417c-915f-b9656db78b1a::87582668:87584052:18:1901:20260522,18:21:00,18:22:00,StopPoint:OCETrain TER-87748350,10,,0,0,
OCESN866250F1187_F:TER:FR:Line::6831fb72-94d3-417c-915f-b9656db78b1a::87582668:87584052:18:1901:20260522,18:33:00,18:34:00,StopPoint:OCETrain TER-87581595,12,,0,0,
OCESN866250F1187_F:TER:FR:Line::6831fb72-94d3-417c-915f-b9656db78b1a::87582668:87584052:18:1901:20260517,18:11:00,18:12:00,StopPoint:OCETrain TER-87581793,8,,0,0,
OCESN866250F1187_F:TER:FR:Line::6831fb72-94d3-417c-915f-b9656db78b1a::87582668:87584052:18:1901:20260517,18:14:00,18:15:00,StopPoint:OCETrain TER-87581751,9,,0,0,
OCESN866250F1187_F:TER:FR:Line::6831fb72-94d3-417c-915f-b9656db78b1a::87582668:87584052:18:1901:20260517,18:18:00,18:19:00,StopPoint:OCETrain TER-87748350,10,,0,0,
OCESN866250F1187_F:TER:FR:Line::6831fb72-94d3-417c-915f-b9656db78b1a::87582668:87584052:18:1901:20260517,18:29:00,18:30:00,StopPoint:OCETrain TER-87581595,12,,0,0,
OCESN866250F1187_F:TER:FR:Line::6831fb72-94d3-417c-915f-b9656db78b1a::87582668:87584052:18:1901:20260619,18:14:00,18:15:00,StopPoint:OCETrain TER-87581793,8,,0,0,
OCESN866250F1187_F:TER:FR:Line::6831fb72-94d3-417c-915f-b9656db78b1a::87582668:87584052:18:1901:20260619,18:17:00,18:18:00,StopPoint:OCETrain TER-87581751,9,,0,0,
OCESN866250F1187_F:TER:FR:Line::6831fb72-94d3-417c-915f-b9656db78b1a::87582668:87584052:18:1901:20260619,18:21:00,18:22:00,StopPoint:OCETrain TER-87748350,10,,0,0,
OCESN866250F1187_F:TER:FR:Line::6831fb72-94d3-417c-915f-b9656db78b1a::87582668:87584052:18:1901:20260619,18:33:00,18:34:00,StopPoint:OCETrain TER-87581595,12,,0,0,
OCESN866250F1187_F:TER:FR:Line::6831fb72-94d3-417c-915f-b9656db78b1a::87582668:87584052:19:1901:20260426,18:11:00,18:12:00,StopPoint:OCETrain TER-87581793,8,,0,0,
OCESN866250F1187_F:TER:FR:Line::6831fb72-94d3-417c-915f-b9656db78b1a::87582668:87584052:19:1901:20260426,18:14:00,18:15:00,StopPoint:OCETrain TER-87581751,9,,0,0,
OCESN866250F1187_F:TER:FR:Line::6831fb72-94d3-417c-915f-b9656db78b1a::87582668:87584052:19:1901:20260426,18:18:00,18:19:00,StopPoint:OCETrain TER-87748350,10,,0,0,
OCESN866250F1187_F:TER:FR:Line::6831fb72-94d3-417c-915f-b9656db78b1a::87582668:87584052:19:1901:20260426,18:29:00,18:30:00,StopPoint:OCETrain TER-87581595,12,,0,0,
OCESN866250F1187_F:TER:FR:Line::6831fb72-94d3-417c-915f-b9656db78b1a::87582668:87584052:19:1901:20260426,18:37:00,18:38:00,StopPoint:OCETrain TER-87581850,13,,0,0,
OCESN866251F1187_F:TER:FR:Line::6831fb72-94d3-417c-915f-b9656db78b1a::87584052:87582668:18:1925:20260703,18:23:00,18:24:00,StopPoint:OCETrain TER-87581595,5,,0,0,
OCESN866251F1187_F:TER:FR:Line::6831fb72-94d3-417c-915f-b9656db78b1a::87584052:87582668:18:1925:20260703,18:36:00,18:37:00,StopPoint:OCETrain TER-87748350,7,,0,0,
OCESN866251F1187_F:TER:FR:Line::6831fb72-94d3-417c-915f-b9656db78b1a::87584052:87582668:18:1925:20260703,18:40:00,18:41:00,StopPoint:OCETrain TER-87581751,8,,0,0,
OCESN866251F1187_F:TER:FR:Line::6831fb72-94d3-417c-915f-b9656db78b1a::87584052:87582668:18:1925:20260703,18:43:00,18:44:00,StopPoint:OCETrain TER-87581793,9,,0,0,
OCESN866251F1187_F:TER:FR:Line::6831fb72-94d3-417c-915f-b9656db78b1a::87581009:87582668:12:1926:20260828,18:36:00,18:37:00,StopPoint:OCETrain TER-87748350,1,,0,0,
OCESN866251F1187_F:TER:FR:Line::6831fb72-94d3-417c-915f-b9656db78b1a::87581009:87582668:12:1926:20260828,18:40:00,18:41:00,StopPoint:OCETrain TER-87581751,2,,0,0,
OCESN866251F1187_F:TER:FR:Line::6831fb72-94d3-417c-915f-b9656db78b1a::87581009:87582668:12:1926:20260828,18:43:00,18:44:00,StopPoint:OCETrain TER-87581793,3,,0,0,
OCESN866251F1187_F:TER:FR:Line::6831fb72-94d3-417c-915f-b9656db78b1a::87584052:87582668:19:1925:20260930,18:18:00,18:19:00,StopPoint:OCETrain TER-87581850,5,,0,0,
OCESN866251F1187_F:TER:FR:Line::6831fb72-94d3-417c-915f-b9656db78b1a::87584052:87582668:19:1925:20260930,18:23:00,18:24:00,StopPoint:OCETrain TER-87581595,6,,0,0,
OCESN866251F1187_F:TER:FR:Line::6831fb72-94d3-417c-915f-b9656db78b1a::87584052:87582668:19:1925:20260930,18:36:00,18:37:00,StopPoint:OCETrain TER-87748350,8,,0,0,
OCESN866251F1187_F:TER:FR:Line::6831fb72-94d3-417c-915f-b9656db78b1a::87584052:87582668:19:1925:20260930,18:40:00,18:41:00,StopPoint:OCETrain TER-87581751,9,,0,0,
OCESN866251F1187_F:TER:FR:Line::6831fb72-94d3-417c-915f-b9656db78b1a::87584052:87582668:19:1925:20260930,18:43:00,18:44:00,StopPoint:OCETrain TER-87581793,10,,0,0,
OCESN866251F1187_F:TER:FR:Line::6831fb72-94d3-417c-915f-b9656db78b1a::87584052:87582668:18:1927:20260522,18:23:00,18:24:00,StopPoint:OCETrain TER-87581595,5,,0,0,
OCESN866251F1187_F:TER:FR:Line::6831fb72-94d3-417c-915f-b9656db78b1a::87584052:87582668:18:1927:20260522,18:36:00,18:37:00,StopPoint:OCETrain TER-87748350,7,,0,0,
OCESN866251F1187_F:TER:FR:Line::6831fb72-94d3-417c-915f-b9656db78b1a::87584052:87582668:18:1927:20260522,18:40:00,18:41:00,StopPoint:OCETrain TER-87581751,8,,0,0,
OCESN866251F1187_F:TER:FR:Line::6831fb72-94d3-417c-915f-b9656db78b1a::87584052:87582668:18:1927:20260522,18:43:00,18:44:00,StopPoint:OCETrain TER-87581793,9,,0,0,
OCESN866251F1187_F:TER:FR:Line::6831fb72-94d3-417c-915f-b9656db78b1a::87584052:87582668:18:1927:20260513,18:23:00,18:24:00,StopPoint:OCETrain TER-87581595,5,,0,0,
OCESN866251F1187_F:TER:FR:Line::6831fb72-94d3-417c-915f-b9656db78b1a::87584052:87582668:18:1927:20260513,18:36:00,18:37:00,StopPoint:OCETrain TER-87748350,7,,0,0,
OCESN866251F1187_F:TER:FR:Line::6831fb72-94d3-417c-915f-b9656db78b1a::87584052:87582668:18:1927:20260513,18:40:00,18:41:00,StopPoint:OCETrain TER-87581751,8,,0,0,
OCESN866251F1187_F:TER:FR:Line::6831fb72-94d3-417c-915f-b9656db78b1a::87584052:87582668:18:1927:20260513,18:43:00,18:44:00,StopPoint:OCETrain TER-87581793,9,,0,0,
OCESN866251F1187_F:TER:FR:Line::6831fb72-94d3-417c-915f-b9656db78b1a::87584052:87582668:18:1925:20260619,18:23:00,18:24:00,StopPoint:OCETrain TER-87581595,5,,0,0,
OCESN866251F1187_F:TER:FR:Line::6831fb72-94d3-417c-915f-b9656db78b1a::87584052:87582668:18:1925:20260619,18:36:00,18:37:00,StopPoint:OCETrain TER-87748350,7,,0,0,
OCESN866251F1187_F:TER:FR:Line::6831fb72-94d3-417c-915f-b9656db78b1a::87584052:87582668:18:1925:20260619,18:40:00,18:41:00,StopPoint:OCETrain TER-87581751,8,,0,0,
OCESN866251F1187_F:TER:FR:Line::6831fb72-94d3-417c-915f-b9656db78b1a::87584052:87582668:18:1925:20260619,18:43:00,18:44:00,StopPoint:OCETrain TER-87581793,9,,0,0,
OCESN866251F1187_F:TER:FR:Line::6831fb72-94d3-417c-915f-b9656db78b1a::87584052:87581009:6:1828:20260515,18:23:00,18:24:00,StopPoint:OCETrain TER-87581595,4,,0,0,
OCESN866251F1187_F:TER:FR:Line::6831fb72-94d3-417c-915f-b9656db78b1a::87584052:87582668:19:1925:20260424,18:16:00,18:16:00,StopPoint:OCETrain TER-87581850,5,,0,0,
OCESN866251F1187_F:TER:FR:Line::6831fb72-94d3-417c-915f-b9656db78b1a::87584052:87582668:19:1925:20260424,18:23:00,18:24:00,StopPoint:OCETrain TER-87581595,6,,0,0,
OCESN866251F1187_F:TER:FR:Line::6831fb72-94d3-417c-915f-b9656db78b1a::87584052:87582668:19:1925:20260424,18:36:00,18:37:00,StopPoint:OCETrain TER-87748350,8,,0,0,
OCESN866251F1187_F:TER:FR:Line::6831fb72-94d3-417c-915f-b9656db78b1a::87584052:87582668:19:1925:20260424,18:40:00,18:41:00,StopPoint:OCETrain TER-87581751,9,,0,0,
OCESN866251F1187_F:TER:FR:Line::6831fb72-94d3-417c-915f-b9656db78b1a::87584052:87582668:19:1925:20260424,18:43:00,18:44:00,StopPoint:OCETrain TER-87581793,10,,0,0,
OCESN866252F1187_F:TER:FR:Line::6831fb72-94d3-417c-915f-b9656db78b1a::87582668:87581009:12:1858:20260531,18:46:00,18:47:00,StopPoint:OCETrain TER-87581793,8,,0,0,
OCESN866252F1187_F:TER:FR:Line::6831fb72-94d3-417c-915f-b9656db78b1a::87582668:87581009:12:1858:20260531,18:49:00,18:50:00,StopPoint:OCETrain TER-87581751,9,,0,0,
OCESN866252F1187_F:TER:FR:Line::6831fb72-94d3-417c-915f-b9656db78b1a::87582668:87581009:12:1858:20260531,18:52:00,18:53:00,StopPoint:OCETrain TER-87748350,10,,0,0,
OCESN866252F1187_F:TER:FR:Line::6831fb72-94d3-417c-915f-b9656db78b1a::87582668:87584052:18:1934:20260828,18:46:00,18:47:00,StopPoint:OCETrain TER-87581793,8,,0,0,
OCESN866252F1187_F:TER:FR:Line::6831fb72-94d3-417c-915f-b9656db78b1a::87582668:87584052:18:1934:20260828,18:49:00,18:50:00,StopPoint:OCETrain TER-87581751,9,,0,0,
OCESN866252F1187_F:TER:FR:Line::6831fb72-94d3-417c-915f-b9656db78b1a::87582668:87584052:18:1934:20260828,18:52:00,18:53:00,StopPoint:OCETrain TER-87748350,10,,0,0,
OCESN866252F1187_F:TER:FR:Line::6831fb72-94d3-417c-915f-b9656db78b1a::87582668:87584052:18:1934:20260828,19:05:00,19:06:00,StopPoint:OCETrain TER-87581595,12,,0,0,
OCESN866252F1187_F:TER:FR:Line::6831fb72-94d3-417c-915f-b9656db78b1a::87582668:87584052:19:1934:20260930,18:46:00,18:47:00,StopPoint:OCETrain TER-87581793,8,,0,0,
OCESN866252F1187_F:TER:FR:Line::6831fb72-94d3-417c-915f-b9656db78b1a::87582668:87584052:19:1934:20260930,18:49:00,18:50:00,StopPoint:OCETrain TER-87581751,9,,0,0,
OCESN866252F1187_F:TER:FR:Line::6831fb72-94d3-417c-915f-b9656db78b1a::87582668:87584052:19:1934:20260930,18:52:00,18:53:00,StopPoint:OCETrain TER-87748350,10,,0,0,
OCESN866252F1187_F:TER:FR:Line::6831fb72-94d3-417c-915f-b9656db78b1a::87582668:87584052:19:1934:20260930,19:05:00,19:06:00,StopPoint:OCETrain TER-87581595,12,,0,0,
OCESN866252F1187_F:TER:FR:Line::6831fb72-94d3-417c-915f-b9656db78b1a::87582668:87584052:19:1934:20260930,19:10:00,19:11:00,StopPoint:OCETrain TER-87581850,13,,0,0,
OCESN866252F1187_F:TER:FR:Line::6831fb72-94d3-417c-915f-b9656db78b1a::87581009:87584052:6:1945:20260515,19:16:00,19:17:00,StopPoint:OCETrain TER-87581595,1,,0,0,
OCESN866252F1187_F:TER:FR:Line::6831fb72-94d3-417c-915f-b9656db78b1a::87582668:87584052:17:1939:20260514,18:46:00,18:47:00,StopPoint:OCETrain TER-87581793,8,,0,0,
OCESN866252F1187_F:TER:FR:Line::6831fb72-94d3-417c-915f-b9656db78b1a::87582668:87584052:17:1939:20260514,18:49:00,18:50:00,StopPoint:OCETrain TER-87581751,9,,0,0,
OCESN866252F1187_F:TER:FR:Line::6831fb72-94d3-417c-915f-b9656db78b1a::87582668:87584052:17:1939:20260514,18:52:00,18:53:00,StopPoint:OCETrain TER-87748350,10,,0,0,
OCESN866252F1187_F:TER:FR:Line::6831fb72-94d3-417c-915f-b9656db78b1a::87582668:87584052:17:1939:20260514,19:05:00,19:06:00,StopPoint:OCETrain TER-87581595,12,,0,0,
OCESN866252F1187_F:TER:FR:Line::6831fb72-94d3-417c-915f-b9656db78b1a::87582668:87584052:19:1940:20260426,18:47:00,18:48:00,StopPoint:OCETrain TER-87581793,8,,0,0,
OCESN866252F1187_F:TER:FR:Line::6831fb72-94d3-417c-915f-b9656db78b1a::87582668:87584052:19:1940:20260426,18:50:00,18:51:00,StopPoint:OCETrain TER-87581751,9,,0,0,
OCESN866252F1187_F:TER:FR:Line::6831fb72-94d3-417c-915f-b9656db78b1a::87582668:87584052:19:1940:20260426,18:53:00,18:54:00,StopPoint:OCETrain TER-87748350,10,,0,0,
OCESN866252F1187_F:TER:FR:Line::6831fb72-94d3-417c-915f-b9656db78b1a::87582668:87584052:19:1940:20260426,19:06:00,19:07:00,StopPoint:OCETrain TER-87581595,12,,0,0,
OCESN866252F1187_F:TER:FR:Line::6831fb72-94d3-417c-915f-b9656db78b1a::87582668:87584052:19:1940:20260426,19:14:00,19:15:00,StopPoint:OCETrain TER-87581850,13,,0,0,
OCESN866252F1187_F:TER:FR:Line::6831fb72-94d3-417c-915f-b9656db78b1a::87581009:87584052:6:1939:20260516,19:06:00,19:07:00,StopPoint:OCETrain TER-87581595,1,,0,0,
OCESN866252F1187_F:TER:FR:Line::6831fb72-94d3-417c-915f-b9656db78b1a::87582668:87584052:18:1939:20260517,18:46:00,18:47:00,StopPoint:OCETrain TER-87581793,8,,0,0,
OCESN866252F1187_F:TER:FR:Line::6831fb72-94d3-417c-915f-b9656db78b1a::87582668:87584052:18:1939:20260517,18:49:00,18:50:00,StopPoint:OCETrain TER-87581751,9,,0,0,
OCESN866252F1187_F:TER:FR:Line::6831fb72-94d3-417c-915f-b9656db78b1a::87582668:87584052:18:1939:20260517,18:52:00,18:53:00,StopPoint:OCETrain TER-87748350,10,,0,0,
OCESN866252F1187_F:TER:FR:Line::6831fb72-94d3-417c-915f-b9656db78b1a::87582668:87584052:18:1939:20260517,19:05:00,19:06:00,StopPoint:OCETrain TER-87581595,12,,0,0,
OCESN866252F1187_F:TER:FR:Line::6831fb72-94d3-417c-915f-b9656db78b1a::87582668:87584052:18:1934:20260522,18:46:00,18:47:00,StopPoint:OCETrain TER-87581793,8,,0,0,
OCESN866252F1187_F:TER:FR:Line::6831fb72-94d3-417c-915f-b9656db78b1a::87582668:87584052:18:1934:20260522,18:49:00,18:50:00,StopPoint:OCETrain TER-87581751,9,,0,0,
OCESN866252F1187_F:TER:FR:Line::6831fb72-94d3-417c-915f-b9656db78b1a::87582668:87584052:18:1934:20260522,18:52:00,18:53:00,StopPoint:OCETrain TER-87748350,10,,0,0,
OCESN866252F1187_F:TER:FR:Line::6831fb72-94d3-417c-915f-b9656db78b1a::87582668:87584052:18:1934:20260522,19:05:00,19:06:00,StopPoint:OCETrain TER-87581595,12,,0,0,
OCESN866252F1187_F:TER:FR:Line::6831fb72-94d3-417c-915f-b9656db78b1a::87581009:87584052:7:1934:20260524,19:05:00,19:06:00,StopPoint:OCETrain TER-87581595,1,,0,0,
OCESN866252F1187_F:TER:FR:Line::6831fb72-94d3-417c-915f-b9656db78b1a::87582668:87584052:18:1934:20260619,18:46:00,18:47:00,StopPoint:OCETrain TER-87581793,8,,0,0,
OCESN866252F1187_F:TER:FR:Line::6831fb72-94d3-417c-915f-b9656db78b1a::87582668:87584052:18:1934:20260619,18:49:00,18:50:00,StopPoint:OCETrain TER-87581751,9,,0,0,
OCESN866252F1187_F:TER:FR:Line::6831fb72-94d3-417c-915f-b9656db78b1a::87582668:87584052:18:1934:20260619,18:52:00,18:53:00,StopPoint:OCETrain TER-87748350,10,,0,0,
OCESN866252F1187_F:TER:FR:Line::6831fb72-94d3-417c-915f-b9656db78b1a::87582668:87584052:18:1934:20260619,19:05:00,19:06:00,StopPoint:OCETrain TER-87581595,12,,0,0,
OCESN866252F1187_F:TER:FR:Line::6831fb72-94d3-417c-915f-b9656db78b1a::87582668:87584052:18:1939:20260424,18:47:00,18:48:00,StopPoint:OCETrain TER-87581793,8,,0,0,
OCESN866252F1187_F:TER:FR:Line::6831fb72-94d3-417c-915f-b9656db78b1a::87582668:87584052:18:1939:20260424,18:50:00,18:51:00,StopPoint:OCETrain TER-87581751,9,,0,0,
OCESN866252F1187_F:TER:FR:Line::6831fb72-94d3-417c-915f-b9656db78b1a::87582668:87584052:18:1939:20260424,18:53:00,18:54:00,StopPoint:OCETrain TER-87748350,10,,0,0,
OCESN866252F1187_F:TER:FR:Line::6831fb72-94d3-417c-915f-b9656db78b1a::87582668:87584052:18:1939:20260424,19:06:00,19:07:00,StopPoint:OCETrain TER-87581595,12,,0,0,
OCESN866252F1187_F:TER:FR:Line::6831fb72-94d3-417c-915f-b9656db78b1a::87582668:87584052:18:1939:20260424,19:14:00,19:15:00,StopPoint:OCETrain TER-87581850,13,,0,0,
OCESN866253F1187_F:TER:FR:Line::6831fb72-94d3-417c-915f-b9656db78b1a::87581009:87582668:12:1955:20260531,19:06:00,19:07:00,StopPoint:OCETrain TER-87748350,1,,0,0,
OCESN866253F1187_F:TER:FR:Line::6831fb72-94d3-417c-915f-b9656db78b1a::87581009:87582668:12:1955:20260531,19:10:00,19:11:00,StopPoint:OCETrain TER-87581751,2,,0,0,
OCESN866253F1187_F:TER:FR:Line::6831fb72-94d3-417c-915f-b9656db78b1a::87581009:87582668:12:1955:20260531,19:13:00,19:14:00,StopPoint:OCETrain TER-87581793,3,,0,0,
OCESN866253F1187_F:TER:FR:Line::6831fb72-94d3-417c-915f-b9656db78b1a::87584052:87582668:18:1955:20260828,18:52:00,18:53:00,StopPoint:OCETrain TER-87581595,5,,0,0,
OCESN866253F1187_F:TER:FR:Line::6831fb72-94d3-417c-915f-b9656db78b1a::87584052:87582668:18:1955:20260828,19:06:00,19:07:00,StopPoint:OCETrain TER-87748350,7,,0,0,
OCESN866253F1187_F:TER:FR:Line::6831fb72-94d3-417c-915f-b9656db78b1a::87584052:87582668:18:1955:20260828,19:10:00,19:11:00,StopPoint:OCETrain TER-87581751,8,,0,0,
OCESN866253F1187_F:TER:FR:Line::6831fb72-94d3-417c-915f-b9656db78b1a::87584052:87582668:18:1955:20260828,19:13:00,19:14:00,StopPoint:OCETrain TER-87581793,9,,0,0,
OCESN866253F1187_F:TER:FR:Line::6831fb72-94d3-417c-915f-b9656db78b1a::87584052:87582668:19:1955:20260930,18:47:00,18:48:00,StopPoint:OCETrain TER-87581850,5,,0,0,
OCESN866253F1187_F:TER:FR:Line::6831fb72-94d3-417c-915f-b9656db78b1a::87584052:87582668:19:1955:20260930,18:52:00,18:53:00,StopPoint:OCETrain TER-87581595,6,,0,0,
OCESN866253F1187_F:TER:FR:Line::6831fb72-94d3-417c-915f-b9656db78b1a::87584052:87582668:19:1955:20260930,19:06:00,19:07:00,StopPoint:OCETrain TER-87748350,8,,0,0,
OCESN866253F1187_F:TER:FR:Line::6831fb72-94d3-417c-915f-b9656db78b1a::87584052:87582668:19:1955:20260930,19:10:00,19:11:00,StopPoint:OCETrain TER-87581751,9,,0,0,
OCESN866253F1187_F:TER:FR:Line::6831fb72-94d3-417c-915f-b9656db78b1a::87584052:87582668:19:1955:20260930,19:13:00,19:14:00,StopPoint:OCETrain TER-87581793,10,,0,0,
OCESN866253F1187_F:TER:FR:Line::6831fb72-94d3-417c-915f-b9656db78b1a::87584052:87581009:7:1858:20260524,18:52:00,18:53:00,StopPoint:OCETrain TER-87581595,5,,0,0,
OCESN866253F1187_F:TER:FR:Line::6831fb72-94d3-417c-915f-b9656db78b1a::87584052:87581009:6:1857:20260516,18:51:00,18:52:00,StopPoint:OCETrain TER-87581595,4,,0,0,
OCESN866253F1187_F:TER:FR:Line::6831fb72-94d3-417c-915f-b9656db78b1a::87584052:87582668:17:1957:20260514,18:51:00,18:52:00,StopPoint:OCETrain TER-87581595,4,,0,0,
OCESN866253F1187_F:TER:FR:Line::6831fb72-94d3-417c-915f-b9656db78b1a::87584052:87582668:17:1957:20260514,19:06:00,19:07:00,StopPoint:OCETrain TER-87748350,6,,0,0,
OCESN866253F1187_F:TER:FR:Line::6831fb72-94d3-417c-915f-b9656db78b1a::87584052:87582668:17:1957:20260514,19:10:00,19:11:00,StopPoint:OCETrain TER-87581751,7,,0,0,
OCESN866253F1187_F:TER:FR:Line::6831fb72-94d3-417c-915f-b9656db78b1a::87584052:87582668:17:1957:20260514,19:13:00,19:14:00,StopPoint:OCETrain TER-87581793,8,,0,0,
OCESN866253F1187_F:TER:FR:Line::6831fb72-94d3-417c-915f-b9656db78b1a::87584052:87582668:18:1955:20260619,18:52:00,18:53:00,StopPoint:OCETrain TER-87581595,5,,0,0,
OCESN866253F1187_F:TER:FR:Line::6831fb72-94d3-417c-915f-b9656db78b1a::87584052:87582668:18:1955:20260619,19:06:00,19:07:00,StopPoint:OCETrain TER-87748350,7,,0,0,
OCESN866253F1187_F:TER:FR:Line::6831fb72-94d3-417c-915f-b9656db78b1a::87584052:87582668:18:1955:20260619,19:10:00,19:11:00,StopPoint:OCETrain TER-87581751,8,,0,0,
OCESN866253F1187_F:TER:FR:Line::6831fb72-94d3-417c-915f-b9656db78b1a::87584052:87582668:18:1955:20260619,19:13:00,19:14:00,StopPoint:OCETrain TER-87581793,9,,0,0,
OCESN866253F1187_F:TER:FR:Line::6831fb72-94d3-417c-915f-b9656db78b1a::87584052:87582668:18:1957:20260517,18:55:00,18:56:00,StopPoint:OCETrain TER-87581595,5,,0,0,
OCESN866253F1187_F:TER:FR:Line::6831fb72-94d3-417c-915f-b9656db78b1a::87584052:87582668:18:1957:20260517,19:06:00,19:07:00,StopPoint:OCETrain TER-87748350,7,,0,0,
OCESN866253F1187_F:TER:FR:Line::6831fb72-94d3-417c-915f-b9656db78b1a::87584052:87582668:18:1957:20260517,19:10:00,19:11:00,StopPoint:OCETrain TER-87581751,8,,0,0,
OCESN866253F1187_F:TER:FR:Line::6831fb72-94d3-417c-915f-b9656db78b1a::87584052:87582668:18:1957:20260517,19:13:00,19:14:00,StopPoint:OCETrain TER-87581793,9,,0,0,
OCESN866253F1187_F:TER:FR:Line::6831fb72-94d3-417c-915f-b9656db78b1a::87584052:87582668:18:1957:20260522,18:52:00,18:53:00,StopPoint:OCETrain TER-87581595,5,,0,0,
OCESN866253F1187_F:TER:FR:Line::6831fb72-94d3-417c-915f-b9656db78b1a::87584052:87582668:18:1957:20260522,19:06:00,19:07:00,StopPoint:OCETrain TER-87748350,7,,0,0,
OCESN866253F1187_F:TER:FR:Line::6831fb72-94d3-417c-915f-b9656db78b1a::87584052:87582668:18:1957:20260522,19:10:00,19:11:00,StopPoint:OCETrain TER-87581751,8,,0,0,
OCESN866253F1187_F:TER:FR:Line::6831fb72-94d3-417c-915f-b9656db78b1a::87584052:87582668:18:1957:20260522,19:13:00,19:14:00,StopPoint:OCETrain TER-87581793,9,,0,0,
OCESN866253F1187_F:TER:FR:Line::6831fb72-94d3-417c-915f-b9656db78b1a::87584052:87582668:19:1957:20260426,18:47:00,18:48:00,StopPoint:OCETrain TER-87581850,5,,0,0,
OCESN866253F1187_F:TER:FR:Line::6831fb72-94d3-417c-915f-b9656db78b1a::87584052:87582668:19:1957:20260426,18:55:00,18:56:00,StopPoint:OCETrain TER-87581595,6,,0,0,
OCESN866253F1187_F:TER:FR:Line::6831fb72-94d3-417c-915f-b9656db78b1a::87584052:87582668:19:1957:20260426,19:06:00,19:07:00,StopPoint:OCETrain TER-87748350,8,,0,0,
OCESN866253F1187_F:TER:FR:Line::6831fb72-94d3-417c-915f-b9656db78b1a::87584052:87582668:19:1957:20260426,19:10:00,19:11:00,StopPoint:OCETrain TER-87581751,9,,0,0,
OCESN866253F1187_F:TER:FR:Line::6831fb72-94d3-417c-915f-b9656db78b1a::87584052:87582668:19:1957:20260426,19:13:00,19:14:00,StopPoint:OCETrain TER-87581793,10,,0,0,
OCESN866254F1187_F:TER:FR:Line::6831fb72-94d3-417c-915f-b9656db78b1a::87582668:87581009:12:1920:20260930,19:08:00,19:09:00,StopPoint:OCETrain TER-87581793,8,,0,0,
OCESN866254F1187_F:TER:FR:Line::6831fb72-94d3-417c-915f-b9656db78b1a::87582668:87581009:12:1920:20260930,19:11:00,19:12:00,StopPoint:OCETrain TER-87581751,9,,0,0,
OCESN866254F1187_F:TER:FR:Line::6831fb72-94d3-417c-915f-b9656db78b1a::87582668:87581009:12:1920:20260930,19:14:00,19:15:00,StopPoint:OCETrain TER-87748350,10,,0,0,
OCESN866254F1187_F:TER:FR:Line::6831fb72-94d3-417c-915f-b9656db78b1a::87582668:87581009:12:1920:20260513,19:08:00,19:09:00,StopPoint:OCETrain TER-87581793,8,,0,0,
OCESN866254F1187_F:TER:FR:Line::6831fb72-94d3-417c-915f-b9656db78b1a::87582668:87581009:12:1920:20260513,19:11:00,19:12:00,StopPoint:OCETrain TER-87581751,9,,0,0,
OCESN866254F1187_F:TER:FR:Line::6831fb72-94d3-417c-915f-b9656db78b1a::87582668:87581009:12:1920:20260513,19:14:00,19:15:00,StopPoint:OCETrain TER-87748350,10,,0,0,
OCESN866256F1187_F:TER:FR:Line::6831fb72-94d3-417c-915f-b9656db78b1a::87582668:87584516:20:2046:20260621,19:46:00,19:47:00,StopPoint:OCETrain TER-87581793,8,,0,0,
OCESN866256F1187_F:TER:FR:Line::6831fb72-94d3-417c-915f-b9656db78b1a::87582668:87584516:20:2046:20260621,19:49:00,19:50:00,StopPoint:OCETrain TER-87581751,9,,0,0,
OCESN866256F1187_F:TER:FR:Line::6831fb72-94d3-417c-915f-b9656db78b1a::87582668:87584516:20:2046:20260621,19:52:00,19:53:00,StopPoint:OCETrain TER-87748350,10,,0,0,
OCESN866256F1187_F:TER:FR:Line::6831fb72-94d3-417c-915f-b9656db78b1a::87582668:87584516:20:2046:20260621,20:05:00,20:06:00,StopPoint:OCETrain TER-87581595,12,,0,0,
OCESN866256F1187_F:TER:FR:Line::6831fb72-94d3-417c-915f-b9656db78b1a::87582668:87581009:12:1958:20260531,19:46:00,19:47:00,StopPoint:OCETrain TER-87581793,8,,0,0,
OCESN866256F1187_F:TER:FR:Line::6831fb72-94d3-417c-915f-b9656db78b1a::87582668:87581009:12:1958:20260531,19:49:00,19:50:00,StopPoint:OCETrain TER-87581751,9,,0,0,
OCESN866256F1187_F:TER:FR:Line::6831fb72-94d3-417c-915f-b9656db78b1a::87582668:87581009:12:1958:20260531,19:52:00,19:53:00,StopPoint:OCETrain TER-87748350,10,,0,0,
OCESN866256F1187_F:TER:FR:Line::6831fb72-94d3-417c-915f-b9656db78b1a::87582668:87584516:19:2046:20260828,19:46:00,19:47:00,StopPoint:OCETrain TER-87581793,8,,0,0,
OCESN866256F1187_F:TER:FR:Line::6831fb72-94d3-417c-915f-b9656db78b1a::87582668:87584516:19:2046:20260828,19:49:00,19:50:00,StopPoint:OCETrain TER-87581751,9,,0,0,
OCESN866256F1187_F:TER:FR:Line::6831fb72-94d3-417c-915f-b9656db78b1a::87582668:87584516:19:2046:20260828,19:52:00,19:53:00,StopPoint:OCETrain TER-87748350,10,,0,0,
OCESN866256F1187_F:TER:FR:Line::6831fb72-94d3-417c-915f-b9656db78b1a::87582668:87584516:19:2046:20260828,20:05:00,20:06:00,StopPoint:OCETrain TER-87581595,12,,0,0,
OCESN866256F1187_F:TER:FR:Line::6831fb72-94d3-417c-915f-b9656db78b1a::87582668:87584516:20:2046:20260930,19:46:00,19:47:00,StopPoint:OCETrain TER-87581793,8,,0,0,
OCESN866256F1187_F:TER:FR:Line::6831fb72-94d3-417c-915f-b9656db78b1a::87582668:87584516:20:2046:20260930,19:49:00,19:50:00,StopPoint:OCETrain TER-87581751,9,,0,0,
OCESN866256F1187_F:TER:FR:Line::6831fb72-94d3-417c-915f-b9656db78b1a::87582668:87584516:20:2046:20260930,19:52:00,19:53:00,StopPoint:OCETrain TER-87748350,10,,0,0,
OCESN866256F1187_F:TER:FR:Line::6831fb72-94d3-417c-915f-b9656db78b1a::87582668:87584516:20:2046:20260930,20:05:00,20:06:00,StopPoint:OCETrain TER-87581595,12,,0,0,
OCESN866256F1187_F:TER:FR:Line::6831fb72-94d3-417c-915f-b9656db78b1a::87582668:87584516:20:2046:20260930,20:10:00,20:11:00,StopPoint:OCETrain TER-87581850,13,,0,0,
OCESN866256F1187_F:TER:FR:Line::6831fb72-94d3-417c-915f-b9656db78b1a::87582668:87584516:18:2054:20260514,19:58:00,19:59:00,StopPoint:OCETrain TER-87581793,8,,0,0,
OCESN866256F1187_F:TER:FR:Line::6831fb72-94d3-417c-915f-b9656db78b1a::87582668:87584516:18:2054:20260514,20:01:00,20:02:00,StopPoint:OCETrain TER-87581751,9,,0,0,
OCESN866256F1187_F:TER:FR:Line::6831fb72-94d3-417c-915f-b9656db78b1a::87582668:87584516:18:2054:20260514,20:04:00,20:05:00,StopPoint:OCETrain TER-87748350,10,,0,0,
OCESN866256F1187_F:TER:FR:Line::6831fb72-94d3-417c-915f-b9656db78b1a::87582668:87584516:18:2054:20260514,20:16:00,20:17:00,StopPoint:OCETrain TER-87581595,12,,0,0,
OCESN866256F1187_F:TER:FR:Line::6831fb72-94d3-417c-915f-b9656db78b1a::87581009:87584516:9:2046:20260524,20:05:00,20:06:00,StopPoint:OCETrain TER-87581595,1,,0,0,
OCESN866256F1187_F:TER:FR:Line::6831fb72-94d3-417c-915f-b9656db78b1a::87581009:87584516:8:2048:20260516,20:04:00,20:05:00,StopPoint:OCETrain TER-87581595,1,,0,0,
OCESN866256F1187_F:TER:FR:Line::6831fb72-94d3-417c-915f-b9656db78b1a::87582668:87584516:20:2048:20260513,19:46:00,19:47:00,StopPoint:OCETrain TER-87581793,8,,0,0,
OCESN866256F1187_F:TER:FR:Line::6831fb72-94d3-417c-915f-b9656db78b1a::87582668:87584516:20:2048:20260513,19:49:00,19:50:00,StopPoint:OCETrain TER-87581751,9,,0,0,
OCESN866256F1187_F:TER:FR:Line::6831fb72-94d3-417c-915f-b9656db78b1a::87582668:87584516:20:2048:20260513,19:52:00,19:53:00,StopPoint:OCETrain TER-87748350,10,,0,0,
OCESN866256F1187_F:TER:FR:Line::6831fb72-94d3-417c-915f-b9656db78b1a::87582668:87584516:20:2048:20260513,20:04:00,20:05:00,StopPoint:OCETrain TER-87581595,12,,0,0,
OCESN866256F1187_F:TER:FR:Line::6831fb72-94d3-417c-915f-b9656db78b1a::87582668:87584516:20:2046:20260522,19:46:00,19:47:00,StopPoint:OCETrain TER-87581793,8,,0,0,
OCESN866256F1187_F:TER:FR:Line::6831fb72-94d3-417c-915f-b9656db78b1a::87582668:87584516:20:2046:20260522,19:49:00,19:50:00,StopPoint:OCETrain TER-87581751,9,,0,0,
OCESN866256F1187_F:TER:FR:Line::6831fb72-94d3-417c-915f-b9656db78b1a::87582668:87584516:20:2046:20260522,19:52:00,19:53:00,StopPoint:OCETrain TER-87748350,10,,0,0,
OCESN866256F1187_F:TER:FR:Line::6831fb72-94d3-417c-915f-b9656db78b1a::87582668:87584516:20:2046:20260522,20:05:00,20:06:00,StopPoint:OCETrain TER-87581595,12,,0,0,
OCESN866256F1187_F:TER:FR:Line::6831fb72-94d3-417c-915f-b9656db78b1a::87582668:87584516:20:2046:20260703,19:46:00,19:47:00,StopPoint:OCETrain TER-87581793,8,,0,0,
OCESN866256F1187_F:TER:FR:Line::6831fb72-94d3-417c-915f-b9656db78b1a::87582668:87584516:20:2046:20260703,19:49:00,19:50:00,StopPoint:OCETrain TER-87581751,9,,0,0,
OCESN866256F1187_F:TER:FR:Line::6831fb72-94d3-417c-915f-b9656db78b1a::87582668:87584516:20:2046:20260703,19:52:00,19:53:00,StopPoint:OCETrain TER-87748350,10,,0,0,
OCESN866256F1187_F:TER:FR:Line::6831fb72-94d3-417c-915f-b9656db78b1a::87582668:87584516:20:2046:20260703,20:05:00,20:06:00,StopPoint:OCETrain TER-87581595,12,,0,0,
OCESN866256F1187_F:TER:FR:Line::6831fb72-94d3-417c-915f-b9656db78b1a::87582668:87584516:20:2048:20260517,19:46:00,19:47:00,StopPoint:OCETrain TER-87581793,8,,0,0,
OCESN866256F1187_F:TER:FR:Line::6831fb72-94d3-417c-915f-b9656db78b1a::87582668:87584516:20:2048:20260517,19:49:00,19:50:00,StopPoint:OCETrain TER-87581751,9,,0,0,
OCESN866256F1187_F:TER:FR:Line::6831fb72-94d3-417c-915f-b9656db78b1a::87582668:87584516:20:2048:20260517,19:52:00,19:53:00,StopPoint:OCETrain TER-87748350,10,,0,0,
OCESN866256F1187_F:TER:FR:Line::6831fb72-94d3-417c-915f-b9656db78b1a::87582668:87584516:20:2048:20260517,20:04:00,20:05:00,StopPoint:OCETrain TER-87581595,12,,0,0,
OCESN866256F1187_F:TER:FR:Line::6831fb72-94d3-417c-915f-b9656db78b1a::87582668:87584516:21:2048:20260426,19:46:00,19:47:00,StopPoint:OCETrain TER-87581793,8,,0,0,
OCESN866256F1187_F:TER:FR:Line::6831fb72-94d3-417c-915f-b9656db78b1a::87582668:87584516:21:2048:20260426,19:49:00,19:50:00,StopPoint:OCETrain TER-87581751,9,,0,0,
OCESN866256F1187_F:TER:FR:Line::6831fb72-94d3-417c-915f-b9656db78b1a::87582668:87584516:21:2048:20260426,19:52:00,19:53:00,StopPoint:OCETrain TER-87748350,10,,0,0,
OCESN866256F1187_F:TER:FR:Line::6831fb72-94d3-417c-915f-b9656db78b1a::87582668:87584516:21:2048:20260426,20:04:00,20:05:00,StopPoint:OCETrain TER-87581595,12,,0,0,
OCESN866256F1187_F:TER:FR:Line::6831fb72-94d3-417c-915f-b9656db78b1a::87582668:87584516:21:2048:20260426,20:12:00,20:13:00,StopPoint:OCETrain TER-87581850,13,,0,0,
OCESN866257F1187_F:TER:FR:Line::6831fb72-94d3-417c-915f-b9656db78b1a::87584516:87582668:19:2055:20260828,19:52:00,19:53:00,StopPoint:OCETrain TER-87581595,6,,0,0,
OCESN866257F1187_F:TER:FR:Line::6831fb72-94d3-417c-915f-b9656db78b1a::87584516:87582668:19:2055:20260828,20:06:00,20:07:00,StopPoint:OCETrain TER-87748350,8,,0,0,
OCESN866257F1187_F:TER:FR:Line::6831fb72-94d3-417c-915f-b9656db78b1a::87584516:87582668:19:2055:20260828,20:10:00,20:11:00,StopPoint:OCETrain TER-87581751,9,,0,0,
OCESN866257F1187_F:TER:FR:Line::6831fb72-94d3-417c-915f-b9656db78b1a::87584516:87582668:19:2055:20260828,20:13:00,20:14:00,StopPoint:OCETrain TER-87581793,10,,0,0,
OCESN866257F1187_F:TER:FR:Line::6831fb72-94d3-417c-915f-b9656db78b1a::87584516:87582668:20:2055:20260930,19:46:00,19:47:00,StopPoint:OCETrain TER-87581850,6,,0,0,
OCESN866257F1187_F:TER:FR:Line::6831fb72-94d3-417c-915f-b9656db78b1a::87584516:87582668:20:2055:20260930,19:52:00,19:53:00,StopPoint:OCETrain TER-87581595,7,,0,0,
OCESN866257F1187_F:TER:FR:Line::6831fb72-94d3-417c-915f-b9656db78b1a::87584516:87582668:20:2055:20260930,20:06:00,20:07:00,StopPoint:OCETrain TER-87748350,9,,0,0,
OCESN866257F1187_F:TER:FR:Line::6831fb72-94d3-417c-915f-b9656db78b1a::87584516:87582668:20:2055:20260930,20:10:00,20:11:00,StopPoint:OCETrain TER-87581751,10,,0,0,
OCESN866257F1187_F:TER:FR:Line::6831fb72-94d3-417c-915f-b9656db78b1a::87584516:87582668:20:2055:20260930,20:13:00,20:14:00,StopPoint:OCETrain TER-87581793,11,,0,0,
OCESN866257F1187_F:TER:FR:Line::6831fb72-94d3-417c-915f-b9656db78b1a::87584516:87581009:8:1937:20260515,19:31:00,19:32:00,StopPoint:OCETrain TER-87581595,6,,0,0,
OCESN866257F1187_F:TER:FR:Line::6831fb72-94d3-417c-915f-b9656db78b1a::87584516:87582668:20:2057:20260522,19:52:00,19:53:00,StopPoint:OCETrain TER-87581595,7,,0,0,
OCESN866257F1187_F:TER:FR:Line::6831fb72-94d3-417c-915f-b9656db78b1a::87584516:87582668:20:2057:20260522,20:06:00,20:07:00,StopPoint:OCETrain TER-87748350,9,,0,0,
OCESN866257F1187_F:TER:FR:Line::6831fb72-94d3-417c-915f-b9656db78b1a::87584516:87582668:20:2057:20260522,20:10:00,20:11:00,StopPoint:OCETrain TER-87581751,10,,0,0,
OCESN866257F1187_F:TER:FR:Line::6831fb72-94d3-417c-915f-b9656db78b1a::87584516:87582668:20:2057:20260522,20:13:00,20:14:00,StopPoint:OCETrain TER-87581793,11,,0,0,
OCESN866257F1187_F:TER:FR:Line::6831fb72-94d3-417c-915f-b9656db78b1a::87584516:87582668:20:2055:20260619,19:52:00,19:53:00,StopPoint:OCETrain TER-87581595,7,,0,0,
OCESN866257F1187_F:TER:FR:Line::6831fb72-94d3-417c-915f-b9656db78b1a::87584516:87582668:20:2055:20260619,20:06:00,20:07:00,StopPoint:OCETrain TER-87748350,9,,0,0,
OCESN866257F1187_F:TER:FR:Line::6831fb72-94d3-417c-915f-b9656db78b1a::87584516:87582668:20:2055:20260619,20:10:00,20:11:00,StopPoint:OCETrain TER-87581751,10,,0,0,
OCESN866257F1187_F:TER:FR:Line::6831fb72-94d3-417c-915f-b9656db78b1a::87584516:87582668:20:2055:20260619,20:13:00,20:14:00,StopPoint:OCETrain TER-87581793,11,,0,0,
OCESN866257F1187_F:TER:FR:Line::6831fb72-94d3-417c-915f-b9656db78b1a::87584516:87582668:20:2057:20260513,19:54:00,19:55:00,StopPoint:OCETrain TER-87581595,7,,0,0,
OCESN866257F1187_F:TER:FR:Line::6831fb72-94d3-417c-915f-b9656db78b1a::87584516:87582668:20:2057:20260513,20:06:00,20:07:00,StopPoint:OCETrain TER-87748350,9,,0,0,
OCESN866257F1187_F:TER:FR:Line::6831fb72-94d3-417c-915f-b9656db78b1a::87584516:87582668:20:2057:20260513,20:10:00,20:11:00,StopPoint:OCETrain TER-87581751,10,,0,0,
OCESN866257F1187_F:TER:FR:Line::6831fb72-94d3-417c-915f-b9656db78b1a::87584516:87582668:20:2057:20260513,20:13:00,20:14:00,StopPoint:OCETrain TER-87581793,11,,0,0,
OCESN866257F1187_F:TER:FR:Line::6831fb72-94d3-417c-915f-b9656db78b1a::87584516:87582668:20:2055:20260703,19:52:00,19:53:00,StopPoint:OCETrain TER-87581595,7,,0,0,
OCESN866257F1187_F:TER:FR:Line::6831fb72-94d3-417c-915f-b9656db78b1a::87584516:87582668:20:2055:20260703,20:06:00,20:07:00,StopPoint:OCETrain TER-87748350,9,,0,0,
OCESN866257F1187_F:TER:FR:Line::6831fb72-94d3-417c-915f-b9656db78b1a::87584516:87582668:20:2055:20260703,20:10:00,20:11:00,StopPoint:OCETrain TER-87581751,10,,0,0,
OCESN866257F1187_F:TER:FR:Line::6831fb72-94d3-417c-915f-b9656db78b1a::87584516:87582668:20:2055:20260703,20:13:00,20:14:00,StopPoint:OCETrain TER-87581793,11,,0,0,
OCESN866257F1187_F:TER:FR:Line::6831fb72-94d3-417c-915f-b9656db78b1a::87584516:87582668:21:2057:20260424,19:46:00,19:47:00,StopPoint:OCETrain TER-87581850,7,,0,0,
OCESN866257F1187_F:TER:FR:Line::6831fb72-94d3-417c-915f-b9656db78b1a::87584516:87582668:21:2057:20260424,19:54:00,19:55:00,StopPoint:OCETrain TER-87581595,8,,0,0,
OCESN866257F1187_F:TER:FR:Line::6831fb72-94d3-417c-915f-b9656db78b1a::87584516:87582668:21:2057:20260424,20:06:00,20:07:00,StopPoint:OCETrain TER-87748350,10,,0,0,
OCESN866257F1187_F:TER:FR:Line::6831fb72-94d3-417c-915f-b9656db78b1a::87584516:87582668:21:2057:20260424,20:10:00,20:11:00,StopPoint:OCETrain TER-87581751,11,,0,0,
OCESN866257F1187_F:TER:FR:Line::6831fb72-94d3-417c-915f-b9656db78b1a::87584516:87582668:21:2057:20260424,20:13:00,20:14:00,StopPoint:OCETrain TER-87581793,12,,0,0,
OCESN866259F1187_F:TER:FR:Line::6831fb72-94d3-417c-915f-b9656db78b1a::87584052:87582668:18:2124:20260703,20:19:00,20:20:00,StopPoint:OCETrain TER-87581595,5,,0,0,
OCESN866259F1187_F:TER:FR:Line::6831fb72-94d3-417c-915f-b9656db78b1a::87584052:87582668:18:2124:20260703,20:36:00,20:37:00,StopPoint:OCETrain TER-87748350,7,,0,0,
OCESN866259F1187_F:TER:FR:Line::6831fb72-94d3-417c-915f-b9656db78b1a::87584052:87582668:18:2124:20260703,20:39:00,20:40:00,StopPoint:OCETrain TER-87581751,8,,0,0,
OCESN866259F1187_F:TER:FR:Line::6831fb72-94d3-417c-915f-b9656db78b1a::87584052:87582668:18:2124:20260703,20:42:00,20:43:00,StopPoint:OCETrain TER-87581793,9,,0,0,
OCESN866259F1187_F:TER:FR:Line::6831fb72-94d3-417c-915f-b9656db78b1a::87584052:87582668:19:2124:20260930,20:15:00,20:16:00,StopPoint:OCETrain TER-87581850,5,,0,0,
OCESN866259F1187_F:TER:FR:Line::6831fb72-94d3-417c-915f-b9656db78b1a::87584052:87582668:19:2124:20260930,20:19:00,20:20:00,StopPoint:OCETrain TER-87581595,6,,0,0,
OCESN866259F1187_F:TER:FR:Line::6831fb72-94d3-417c-915f-b9656db78b1a::87584052:87582668:19:2124:20260930,20:36:00,20:37:00,StopPoint:OCETrain TER-87748350,8,,0,0,
OCESN866259F1187_F:TER:FR:Line::6831fb72-94d3-417c-915f-b9656db78b1a::87584052:87582668:19:2124:20260930,20:39:00,20:40:00,StopPoint:OCETrain TER-87581751,9,,0,0,
OCESN866259F1187_F:TER:FR:Line::6831fb72-94d3-417c-915f-b9656db78b1a::87584052:87582668:19:2124:20260930,20:42:00,20:43:00,StopPoint:OCETrain TER-87581793,10,,0,0,
OCESN866259F1187_F:TER:FR:Line::6831fb72-94d3-417c-915f-b9656db78b1a::87584052:87581009:6:2021:20260515,20:15:00,20:16:00,StopPoint:OCETrain TER-87581595,4,,0,0,
OCESN866259F1187_F:TER:FR:Line::6831fb72-94d3-417c-915f-b9656db78b1a::87584052:87582668:18:2126:20260522,20:19:00,20:20:00,StopPoint:OCETrain TER-87581595,5,,0,0,
OCESN866259F1187_F:TER:FR:Line::6831fb72-94d3-417c-915f-b9656db78b1a::87584052:87582668:18:2126:20260522,20:36:00,20:37:00,StopPoint:OCETrain TER-87748350,7,,0,0,
OCESN866259F1187_F:TER:FR:Line::6831fb72-94d3-417c-915f-b9656db78b1a::87584052:87582668:18:2126:20260522,20:39:00,20:40:00,StopPoint:OCETrain TER-87581751,8,,0,0,
OCESN866259F1187_F:TER:FR:Line::6831fb72-94d3-417c-915f-b9656db78b1a::87584052:87582668:18:2126:20260522,20:42:00,20:43:00,StopPoint:OCETrain TER-87581793,9,,0,0,
OCESN866259F1187_F:TER:FR:Line::6831fb72-94d3-417c-915f-b9656db78b1a::87584052:87582668:18:2128:20260512,20:22:00,20:23:00,StopPoint:OCETrain TER-87581595,5,,0,0,
OCESN866259F1187_F:TER:FR:Line::6831fb72-94d3-417c-915f-b9656db78b1a::87584052:87582668:18:2128:20260512,20:39:00,20:39:00,StopPoint:OCETrain TER-87748350,7,,0,0,
OCESN866259F1187_F:TER:FR:Line::6831fb72-94d3-417c-915f-b9656db78b1a::87584052:87582668:18:2128:20260512,20:41:00,20:42:00,StopPoint:OCETrain TER-87581751,8,,0,0,
OCESN866259F1187_F:TER:FR:Line::6831fb72-94d3-417c-915f-b9656db78b1a::87584052:87582668:18:2128:20260512,20:45:00,20:45:00,StopPoint:OCETrain TER-87581793,9,,0,0,
OCESN866259F1187_F:TER:FR:Line::6831fb72-94d3-417c-915f-b9656db78b1a::87584052:87582668:18:2124:20260619,20:19:00,20:20:00,StopPoint:OCETrain TER-87581595,5,,0,0,
OCESN866259F1187_F:TER:FR:Line::6831fb72-94d3-417c-915f-b9656db78b1a::87584052:87582668:18:2124:20260619,20:36:00,20:37:00,StopPoint:OCETrain TER-87748350,7,,0,0,
OCESN866259F1187_F:TER:FR:Line::6831fb72-94d3-417c-915f-b9656db78b1a::87584052:87582668:18:2124:20260619,20:39:00,20:40:00,StopPoint:OCETrain TER-87581751,8,,0,0,
OCESN866259F1187_F:TER:FR:Line::6831fb72-94d3-417c-915f-b9656db78b1a::87584052:87582668:18:2124:20260619,20:42:00,20:43:00,StopPoint:OCETrain TER-87581793,9,,0,0,
OCESN866259F1187_F:TER:FR:Line::6831fb72-94d3-417c-915f-b9656db78b1a::87584052:87582668:18:2128:20260513,20:22:00,20:23:00,StopPoint:OCETrain TER-87581595,5,,0,0,
OCESN866259F1187_F:TER:FR:Line::6831fb72-94d3-417c-915f-b9656db78b1a::87584052:87582668:18:2128:20260513,20:39:00,20:39:00,StopPoint:OCETrain TER-87748350,7,,0,0,
OCESN866259F1187_F:TER:FR:Line::6831fb72-94d3-417c-915f-b9656db78b1a::87584052:87582668:18:2128:20260513,20:41:00,20:42:00,StopPoint:OCETrain TER-87581751,8,,0,0,
OCESN866259F1187_F:TER:FR:Line::6831fb72-94d3-417c-915f-b9656db78b1a::87584052:87582668:18:2128:20260513,20:45:00,20:45:00,StopPoint:OCETrain TER-87581793,9,,0,0,
OCESN866259F1187_F:TER:FR:Line::6831fb72-94d3-417c-915f-b9656db78b1a::87584052:87582668:19:2128:20260424,20:15:00,20:16:00,StopPoint:OCETrain TER-87581850,5,,0,0,
OCESN866259F1187_F:TER:FR:Line::6831fb72-94d3-417c-915f-b9656db78b1a::87584052:87582668:19:2128:20260424,20:22:00,20:23:00,StopPoint:OCETrain TER-87581595,6,,0,0,
OCESN866259F1187_F:TER:FR:Line::6831fb72-94d3-417c-915f-b9656db78b1a::87584052:87582668:19:2128:20260424,20:39:00,20:39:00,StopPoint:OCETrain TER-87748350,8,,0,0,
OCESN866259F1187_F:TER:FR:Line::6831fb72-94d3-417c-915f-b9656db78b1a::87584052:87582668:19:2128:20260424,20:41:00,20:42:00,StopPoint:OCETrain TER-87581751,9,,0,0,
OCESN866259F1187_F:TER:FR:Line::6831fb72-94d3-417c-915f-b9656db78b1a::87584052:87582668:19:2128:20260424,20:45:00,20:45:00,StopPoint:OCETrain TER-87581793,10,,0,0,
OCESN866260F1187_F:TER:FR:Line::6831fb72-94d3-417c-915f-b9656db78b1a::87582668:87581009:12:2058:20260531,20:46:00,20:47:00,StopPoint:OCETrain TER-87581793,8,,0,0,
OCESN866260F1187_F:TER:FR:Line::6831fb72-94d3-417c-915f-b9656db78b1a::87582668:87581009:12:2058:20260531,20:49:00,20:50:00,StopPoint:OCETrain TER-87581751,9,,0,0,
OCESN866260F1187_F:TER:FR:Line::6831fb72-94d3-417c-915f-b9656db78b1a::87582668:87581009:12:2058:20260531,20:52:00,20:53:00,StopPoint:OCETrain TER-87748350,10,,0,0,
OCESN866260F1187_F:TER:FR:Line::6831fb72-94d3-417c-915f-b9656db78b1a::87582668:87584052:18:2134:20260828,20:46:00,20:47:00,StopPoint:OCETrain TER-87581793,8,,0,0,
OCESN866260F1187_F:TER:FR:Line::6831fb72-94d3-417c-915f-b9656db78b1a::87582668:87584052:18:2134:20260828,20:49:00,20:50:00,StopPoint:OCETrain TER-87581751,9,,0,0,
OCESN866260F1187_F:TER:FR:Line::6831fb72-94d3-417c-915f-b9656db78b1a::87582668:87584052:18:2134:20260828,20:52:00,20:53:00,StopPoint:OCETrain TER-87748350,10,,0,0,
OCESN866260F1187_F:TER:FR:Line::6831fb72-94d3-417c-915f-b9656db78b1a::87582668:87584052:18:2134:20260828,21:05:00,21:06:00,StopPoint:OCETrain TER-87581595,12,,0,0,
OCESN866260F1187_F:TER:FR:Line::6831fb72-94d3-417c-915f-b9656db78b1a::87582668:87584052:19:2134:20260930,20:46:00,20:47:00,StopPoint:OCETrain TER-87581793,8,,0,0,
OCESN866260F1187_F:TER:FR:Line::6831fb72-94d3-417c-915f-b9656db78b1a::87582668:87584052:19:2134:20260930,20:49:00,20:50:00,StopPoint:OCETrain TER-87581751,9,,0,0,
OCESN866260F1187_F:TER:FR:Line::6831fb72-94d3-417c-915f-b9656db78b1a::87582668:87584052:19:2134:20260930,20:52:00,20:53:00,StopPoint:OCETrain TER-87748350,10,,0,0,
OCESN866260F1187_F:TER:FR:Line::6831fb72-94d3-417c-915f-b9656db78b1a::87582668:87584052:19:2134:20260930,21:05:00,21:06:00,StopPoint:OCETrain TER-87581595,12,,0,0,
OCESN866260F1187_F:TER:FR:Line::6831fb72-94d3-417c-915f-b9656db78b1a::87582668:87584052:19:2134:20260930,21:10:00,21:11:00,StopPoint:OCETrain TER-87581850,13,,0,0,
OCESN866260F1187_F:TER:FR:Line::6831fb72-94d3-417c-915f-b9656db78b1a::87582668:87584052:17:2137:20260514,20:46:00,20:47:00,StopPoint:OCETrain TER-87581793,8,,0,0,
OCESN866260F1187_F:TER:FR:Line::6831fb72-94d3-417c-915f-b9656db78b1a::87582668:87584052:17:2137:20260514,20:49:00,20:50:00,StopPoint:OCETrain TER-87581751,9,,0,0,
OCESN866260F1187_F:TER:FR:Line::6831fb72-94d3-417c-915f-b9656db78b1a::87582668:87584052:17:2137:20260514,20:52:00,20:53:00,StopPoint:OCETrain TER-87748350,10,,0,0,
OCESN866260F1187_F:TER:FR:Line::6831fb72-94d3-417c-915f-b9656db78b1a::87582668:87584052:17:2137:20260514,21:05:00,21:06:00,StopPoint:OCETrain TER-87581595,12,,0,0,
OCESN866260F1187_F:TER:FR:Line::6831fb72-94d3-417c-915f-b9656db78b1a::87581009:87584052:7:2134:20260524,21:05:00,21:06:00,StopPoint:OCETrain TER-87581595,1,,0,0,
OCESN866260F1187_F:TER:FR:Line::6831fb72-94d3-417c-915f-b9656db78b1a::87581009:87584052:6:2137:20260516,21:05:00,21:06:00,StopPoint:OCETrain TER-87581595,1,,0,0,
OCESN866260F1187_F:TER:FR:Line::6831fb72-94d3-417c-915f-b9656db78b1a::87582668:87584052:18:2137:20260517,20:46:00,20:47:00,StopPoint:OCETrain TER-87581793,8,,0,0,
OCESN866260F1187_F:TER:FR:Line::6831fb72-94d3-417c-915f-b9656db78b1a::87582668:87584052:18:2137:20260517,20:49:00,20:50:00,StopPoint:OCETrain TER-87581751,9,,0,0,
OCESN866260F1187_F:TER:FR:Line::6831fb72-94d3-417c-915f-b9656db78b1a::87582668:87584052:18:2137:20260517,20:52:00,20:53:00,StopPoint:OCETrain TER-87748350,10,,0,0,
OCESN866260F1187_F:TER:FR:Line::6831fb72-94d3-417c-915f-b9656db78b1a::87582668:87584052:18:2137:20260517,21:05:00,21:06:00,StopPoint:OCETrain TER-87581595,12,,0,0,
OCESN866260F1187_F:TER:FR:Line::6831fb72-94d3-417c-915f-b9656db78b1a::87582668:87584052:18:2134:20260522,20:46:00,20:47:00,StopPoint:OCETrain TER-87581793,8,,0,0,
OCESN866260F1187_F:TER:FR:Line::6831fb72-94d3-417c-915f-b9656db78b1a::87582668:87584052:18:2134:20260522,20:49:00,20:50:00,StopPoint:OCETrain TER-87581751,9,,0,0,
OCESN866260F1187_F:TER:FR:Line::6831fb72-94d3-417c-915f-b9656db78b1a::87582668:87584052:18:2134:20260522,20:52:00,20:53:00,StopPoint:OCETrain TER-87748350,10,,0,0,
OCESN866260F1187_F:TER:FR:Line::6831fb72-94d3-417c-915f-b9656db78b1a::87582668:87584052:18:2134:20260522,21:05:00,21:06:00,StopPoint:OCETrain TER-87581595,12,,0,0,
OCESN866260F1187_F:TER:FR:Line::6831fb72-94d3-417c-915f-b9656db78b1a::87582668:87584052:19:2134:20260830,20:46:00,20:47:00,StopPoint:OCETrain TER-87581793,8,,0,0,
OCESN866260F1187_F:TER:FR:Line::6831fb72-94d3-417c-915f-b9656db78b1a::87582668:87584052:19:2134:20260830,20:49:00,20:50:00,StopPoint:OCETrain TER-87581751,9,,0,0,
OCESN866260F1187_F:TER:FR:Line::6831fb72-94d3-417c-915f-b9656db78b1a::87582668:87584052:19:2134:20260830,20:52:00,20:53:00,StopPoint:OCETrain TER-87748350,10,,0,0,
OCESN866260F1187_F:TER:FR:Line::6831fb72-94d3-417c-915f-b9656db78b1a::87582668:87584052:19:2134:20260830,21:05:00,21:06:00,StopPoint:OCETrain TER-87581595,12,,0,0,
OCESN866260F1187_F:TER:FR:Line::6831fb72-94d3-417c-915f-b9656db78b1a::87582668:87584052:19:2134:20260830,21:10:00,21:11:00,StopPoint:OCETrain TER-87581850,13,,0,0,
OCESN866260F1187_F:TER:FR:Line::6831fb72-94d3-417c-915f-b9656db78b1a::87582668:87584052:18:2134:20260823,20:46:00,20:47:00,StopPoint:OCETrain TER-87581793,8,,0,0,
OCESN866260F1187_F:TER:FR:Line::6831fb72-94d3-417c-915f-b9656db78b1a::87582668:87584052:18:2134:20260823,20:49:00,20:50:00,StopPoint:OCETrain TER-87581751,9,,0,0,
OCESN866260F1187_F:TER:FR:Line::6831fb72-94d3-417c-915f-b9656db78b1a::87582668:87584052:18:2134:20260823,20:52:00,20:53:00,StopPoint:OCETrain TER-87748350,10,,0,0,
OCESN866260F1187_F:TER:FR:Line::6831fb72-94d3-417c-915f-b9656db78b1a::87582668:87584052:18:2134:20260823,21:05:00,21:06:00,StopPoint:OCETrain TER-87581595,12,,0,0,
OCESN866260F1187_F:TER:FR:Line::6831fb72-94d3-417c-915f-b9656db78b1a::87582668:87584052:18:2134:20260619,20:46:00,20:47:00,StopPoint:OCETrain TER-87581793,8,,0,0,
OCESN866260F1187_F:TER:FR:Line::6831fb72-94d3-417c-915f-b9656db78b1a::87582668:87584052:18:2134:20260619,20:49:00,20:50:00,StopPoint:OCETrain TER-87581751,9,,0,0,
OCESN866260F1187_F:TER:FR:Line::6831fb72-94d3-417c-915f-b9656db78b1a::87582668:87584052:18:2134:20260619,20:52:00,20:53:00,StopPoint:OCETrain TER-87748350,10,,0,0,
OCESN866260F1187_F:TER:FR:Line::6831fb72-94d3-417c-915f-b9656db78b1a::87582668:87584052:18:2134:20260619,21:05:00,21:06:00,StopPoint:OCETrain TER-87581595,12,,0,0,
OCESN866260F1187_F:TER:FR:Line::6831fb72-94d3-417c-915f-b9656db78b1a::87582668:87584052:19:2137:20260426,20:46:00,20:47:00,StopPoint:OCETrain TER-87581793,8,,0,0,
OCESN866260F1187_F:TER:FR:Line::6831fb72-94d3-417c-915f-b9656db78b1a::87582668:87584052:19:2137:20260426,20:49:00,20:50:00,StopPoint:OCETrain TER-87581751,9,,0,0,
OCESN866260F1187_F:TER:FR:Line::6831fb72-94d3-417c-915f-b9656db78b1a::87582668:87584052:19:2137:20260426,20:52:00,20:53:00,StopPoint:OCETrain TER-87748350,10,,0,0,
OCESN866260F1187_F:TER:FR:Line::6831fb72-94d3-417c-915f-b9656db78b1a::87582668:87584052:19:2137:20260426,21:05:00,21:06:00,StopPoint:OCETrain TER-87581595,12,,0,0,
OCESN866260F1187_F:TER:FR:Line::6831fb72-94d3-417c-915f-b9656db78b1a::87582668:87584052:19:2137:20260426,21:13:00,21:14:00,StopPoint:OCETrain TER-87581850,13,,0,0,
OCESN866261F1187_F:TER:FR:Line::6831fb72-94d3-417c-915f-b9656db78b1a::87581009:87582668:12:2055:20260531,20:06:00,20:07:00,StopPoint:OCETrain TER-87748350,1,,0,0,
OCESN866261F1187_F:TER:FR:Line::6831fb72-94d3-417c-915f-b9656db78b1a::87581009:87582668:12:2055:20260531,20:10:00,20:11:00,StopPoint:OCETrain TER-87581751,2,,0,0,
OCESN866261F1187_F:TER:FR:Line::6831fb72-94d3-417c-915f-b9656db78b1a::87581009:87582668:12:2055:20260531,20:13:00,20:14:00,StopPoint:OCETrain TER-87581793,3,,0,0,
OCESN866261F1187_F:TER:FR:Line::6831fb72-94d3-417c-915f-b9656db78b1a::87584052:87582668:18:2055:20260823,19:53:00,19:54:00,StopPoint:OCETrain TER-87581595,5,,0,0,
OCESN866261F1187_F:TER:FR:Line::6831fb72-94d3-417c-915f-b9656db78b1a::87584052:87582668:18:2055:20260823,20:06:00,20:07:00,StopPoint:OCETrain TER-87748350,7,,0,0,
OCESN866261F1187_F:TER:FR:Line::6831fb72-94d3-417c-915f-b9656db78b1a::87584052:87582668:18:2055:20260823,20:10:00,20:11:00,StopPoint:OCETrain TER-87581751,8,,0,0,
OCESN866261F1187_F:TER:FR:Line::6831fb72-94d3-417c-915f-b9656db78b1a::87584052:87582668:18:2055:20260823,20:13:00,20:14:00,StopPoint:OCETrain TER-87581793,9,,0,0,
OCESN866261F1187_F:TER:FR:Line::6831fb72-94d3-417c-915f-b9656db78b1a::87584052:87582668:19:2055:20260927,19:48:00,19:49:00,StopPoint:OCETrain TER-87581850,5,,0,0,
OCESN866261F1187_F:TER:FR:Line::6831fb72-94d3-417c-915f-b9656db78b1a::87584052:87582668:19:2055:20260927,19:53:00,19:54:00,StopPoint:OCETrain TER-87581595,6,,0,0,
OCESN866261F1187_F:TER:FR:Line::6831fb72-94d3-417c-915f-b9656db78b1a::87584052:87582668:19:2055:20260927,20:06:00,20:07:00,StopPoint:OCETrain TER-87748350,8,,0,0,
OCESN866261F1187_F:TER:FR:Line::6831fb72-94d3-417c-915f-b9656db78b1a::87584052:87582668:19:2055:20260927,20:10:00,20:11:00,StopPoint:OCETrain TER-87581751,9,,0,0,
OCESN866261F1187_F:TER:FR:Line::6831fb72-94d3-417c-915f-b9656db78b1a::87584052:87582668:19:2055:20260927,20:13:00,20:14:00,StopPoint:OCETrain TER-87581793,10,,0,0,
OCESN866261F1187_F:TER:FR:Line::6831fb72-94d3-417c-915f-b9656db78b1a::87584052:87581009:7:1959:20260524,19:54:00,19:55:00,StopPoint:OCETrain TER-87581595,5,,0,0,
OCESN866261F1187_F:TER:FR:Line::6831fb72-94d3-417c-915f-b9656db78b1a::87584052:87581009:6:1959:20260516,19:51:00,19:52:00,StopPoint:OCETrain TER-87581595,4,,0,0,
OCESN866261F1187_F:TER:FR:Line::6831fb72-94d3-417c-915f-b9656db78b1a::87584052:87582668:17:2057:20260514,19:52:00,19:53:00,StopPoint:OCETrain TER-87581595,4,,0,0,
OCESN866261F1187_F:TER:FR:Line::6831fb72-94d3-417c-915f-b9656db78b1a::87584052:87582668:17:2057:20260514,20:06:00,20:07:00,StopPoint:OCETrain TER-87748350,6,,0,0,
OCESN866261F1187_F:TER:FR:Line::6831fb72-94d3-417c-915f-b9656db78b1a::87584052:87582668:17:2057:20260514,20:10:00,20:11:00,StopPoint:OCETrain TER-87581751,7,,0,0,
OCESN866261F1187_F:TER:FR:Line::6831fb72-94d3-417c-915f-b9656db78b1a::87584052:87582668:17:2057:20260514,20:13:00,20:14:00,StopPoint:OCETrain TER-87581793,8,,0,0,
OCESN866261F1187_F:TER:FR:Line::6831fb72-94d3-417c-915f-b9656db78b1a::87584052:87582668:18:2057:20260517,19:54:00,19:55:00,StopPoint:OCETrain TER-87581595,5,,0,0,
OCESN866261F1187_F:TER:FR:Line::6831fb72-94d3-417c-915f-b9656db78b1a::87584052:87582668:18:2057:20260517,20:06:00,20:07:00,StopPoint:OCETrain TER-87748350,7,,0,0,
OCESN866261F1187_F:TER:FR:Line::6831fb72-94d3-417c-915f-b9656db78b1a::87584052:87582668:18:2057:20260517,20:10:00,20:11:00,StopPoint:OCETrain TER-87581751,8,,0,0,
OCESN866261F1187_F:TER:FR:Line::6831fb72-94d3-417c-915f-b9656db78b1a::87584052:87582668:18:2057:20260517,20:13:00,20:14:00,StopPoint:OCETrain TER-87581793,9,,0,0,
OCESN866261F1187_F:TER:FR:Line::6831fb72-94d3-417c-915f-b9656db78b1a::87584052:87582668:19:2057:20260426,19:46:00,19:47:00,StopPoint:OCETrain TER-87581850,5,,0,0,
OCESN866261F1187_F:TER:FR:Line::6831fb72-94d3-417c-915f-b9656db78b1a::87584052:87582668:19:2057:20260426,19:54:00,19:55:00,StopPoint:OCETrain TER-87581595,6,,0,0,
OCESN866261F1187_F:TER:FR:Line::6831fb72-94d3-417c-915f-b9656db78b1a::87584052:87582668:19:2057:20260426,20:06:00,20:07:00,StopPoint:OCETrain TER-87748350,8,,0,0,
OCESN866261F1187_F:TER:FR:Line::6831fb72-94d3-417c-915f-b9656db78b1a::87584052:87582668:19:2057:20260426,20:10:00,20:11:00,StopPoint:OCETrain TER-87581751,9,,0,0,
OCESN866261F1187_F:TER:FR:Line::6831fb72-94d3-417c-915f-b9656db78b1a::87584052:87582668:19:2057:20260426,20:13:00,20:14:00,StopPoint:OCETrain TER-87581793,10,,0,0,
OCESN866261F1187_F:TER:FR:Line::6831fb72-94d3-417c-915f-b9656db78b1a::87584052:87582668:18:2055:20260614,19:53:00,19:54:00,StopPoint:OCETrain TER-87581595,5,,0,0,
OCESN866261F1187_F:TER:FR:Line::6831fb72-94d3-417c-915f-b9656db78b1a::87584052:87582668:18:2055:20260614,20:06:00,20:07:00,StopPoint:OCETrain TER-87748350,7,,0,0,
OCESN866261F1187_F:TER:FR:Line::6831fb72-94d3-417c-915f-b9656db78b1a::87584052:87582668:18:2055:20260614,20:10:00,20:11:00,StopPoint:OCETrain TER-87581751,8,,0,0,
OCESN866261F1187_F:TER:FR:Line::6831fb72-94d3-417c-915f-b9656db78b1a::87584052:87582668:18:2055:20260614,20:13:00,20:14:00,StopPoint:OCETrain TER-87581793,9,,0,0,
OCESN866263F1187_F:TER:FR:Line::6831fb72-94d3-417c-915f-b9656db78b1a::87581009:87582668:12:2155:20260531,21:06:00,21:07:00,StopPoint:OCETrain TER-87748350,1,,0,0,
OCESN866263F1187_F:TER:FR:Line::6831fb72-94d3-417c-915f-b9656db78b1a::87581009:87582668:12:2155:20260531,21:10:00,21:11:00,StopPoint:OCETrain TER-87581751,2,,0,0,
OCESN866263F1187_F:TER:FR:Line::6831fb72-94d3-417c-915f-b9656db78b1a::87581009:87582668:12:2155:20260531,21:13:00,21:14:00,StopPoint:OCETrain TER-87581793,3,,0,0,
OCESN866263F1187_F:TER:FR:Line::6831fb72-94d3-417c-915f-b9656db78b1a::87584052:87582668:18:2155:20260628,20:52:00,20:53:00,StopPoint:OCETrain TER-87581595,5,,0,0,
OCESN866263F1187_F:TER:FR:Line::6831fb72-94d3-417c-915f-b9656db78b1a::87584052:87582668:18:2155:20260628,21:06:00,21:07:00,StopPoint:OCETrain TER-87748350,7,,0,0,
OCESN866263F1187_F:TER:FR:Line::6831fb72-94d3-417c-915f-b9656db78b1a::87584052:87582668:18:2155:20260628,21:10:00,21:11:00,StopPoint:OCETrain TER-87581751,8,,0,0,
OCESN866263F1187_F:TER:FR:Line::6831fb72-94d3-417c-915f-b9656db78b1a::87584052:87582668:18:2155:20260628,21:13:00,21:14:00,StopPoint:OCETrain TER-87581793,9,,0,0,
OCESN866263F1187_F:TER:FR:Line::6831fb72-94d3-417c-915f-b9656db78b1a::87584052:87582668:17:2157:20260514,20:54:00,20:55:00,StopPoint:OCETrain TER-87581595,4,,0,0,
OCESN866263F1187_F:TER:FR:Line::6831fb72-94d3-417c-915f-b9656db78b1a::87584052:87582668:17:2157:20260514,21:07:00,21:08:00,StopPoint:OCETrain TER-87748350,6,,0,0,
OCESN866263F1187_F:TER:FR:Line::6831fb72-94d3-417c-915f-b9656db78b1a::87584052:87582668:17:2157:20260514,21:10:00,21:11:00,StopPoint:OCETrain TER-87581751,7,,0,0,
OCESN866263F1187_F:TER:FR:Line::6831fb72-94d3-417c-915f-b9656db78b1a::87584052:87582668:17:2157:20260514,21:14:00,21:15:00,StopPoint:OCETrain TER-87581793,8,,0,0,
OCESN866263F1187_F:TER:FR:Line::6831fb72-94d3-417c-915f-b9656db78b1a::87584052:87582668:18:2157:20260517,20:54:00,20:55:00,StopPoint:OCETrain TER-87581595,5,,0,0,
OCESN866263F1187_F:TER:FR:Line::6831fb72-94d3-417c-915f-b9656db78b1a::87584052:87582668:18:2157:20260517,21:06:00,21:07:00,StopPoint:OCETrain TER-87748350,7,,0,0,
OCESN866263F1187_F:TER:FR:Line::6831fb72-94d3-417c-915f-b9656db78b1a::87584052:87582668:18:2157:20260517,21:10:00,21:11:00,StopPoint:OCETrain TER-87581751,8,,0,0,
OCESN866263F1187_F:TER:FR:Line::6831fb72-94d3-417c-915f-b9656db78b1a::87584052:87582668:18:2157:20260517,21:13:00,21:14:00,StopPoint:OCETrain TER-87581793,9,,0,0,
OCESN866263F1187_F:TER:FR:Line::6831fb72-94d3-417c-915f-b9656db78b1a::87584052:87582668:19:2157:20260426,20:47:00,20:48:00,StopPoint:OCETrain TER-87581850,5,,0,0,
OCESN866263F1187_F:TER:FR:Line::6831fb72-94d3-417c-915f-b9656db78b1a::87584052:87582668:19:2157:20260426,20:54:00,20:55:00,StopPoint:OCETrain TER-87581595,6,,0,0,
OCESN866263F1187_F:TER:FR:Line::6831fb72-94d3-417c-915f-b9656db78b1a::87584052:87582668:19:2157:20260426,21:06:00,21:07:00,StopPoint:OCETrain TER-87748350,8,,0,0,
OCESN866263F1187_F:TER:FR:Line::6831fb72-94d3-417c-915f-b9656db78b1a::87584052:87582668:19:2157:20260426,21:10:00,21:11:00,StopPoint:OCETrain TER-87581751,9,,0,0,
OCESN866263F1187_F:TER:FR:Line::6831fb72-94d3-417c-915f-b9656db78b1a::87584052:87582668:19:2157:20260426,21:13:00,21:14:00,StopPoint:OCETrain TER-87581793,10,,0,0,
OCESN866263F1187_F:TER:FR:Line::6831fb72-94d3-417c-915f-b9656db78b1a::87584052:87581009:6:2054:20260516,20:49:00,20:50:00,StopPoint:OCETrain TER-87581595,4,,0,0,
OCESN866263F1187_F:TER:FR:Line::6831fb72-94d3-417c-915f-b9656db78b1a::87584052:87581009:7:2058:20260524,20:52:00,20:53:00,StopPoint:OCETrain TER-87581595,5,,0,0,
OCESN866263F1187_F:TER:FR:Line::6831fb72-94d3-417c-915f-b9656db78b1a::87584052:87582668:18:2155:20260828,20:52:00,20:53:00,StopPoint:OCETrain TER-87581595,5,,0,0,
OCESN866263F1187_F:TER:FR:Line::6831fb72-94d3-417c-915f-b9656db78b1a::87584052:87582668:18:2155:20260828,21:06:00,21:07:00,StopPoint:OCETrain TER-87748350,7,,0,0,
OCESN866263F1187_F:TER:FR:Line::6831fb72-94d3-417c-915f-b9656db78b1a::87584052:87582668:18:2155:20260828,21:10:00,21:11:00,StopPoint:OCETrain TER-87581751,8,,0,0,
OCESN866263F1187_F:TER:FR:Line::6831fb72-94d3-417c-915f-b9656db78b1a::87584052:87582668:18:2155:20260828,21:13:00,21:14:00,StopPoint:OCETrain TER-87581793,9,,0,0,
OCESN866263F1187_F:TER:FR:Line::6831fb72-94d3-417c-915f-b9656db78b1a::87584052:87582668:19:2155:20260927,20:48:00,20:49:00,StopPoint:OCETrain TER-87581850,5,,0,0,
OCESN866263F1187_F:TER:FR:Line::6831fb72-94d3-417c-915f-b9656db78b1a::87584052:87582668:19:2155:20260927,20:52:00,20:53:00,StopPoint:OCETrain TER-87581595,6,,0,0,
OCESN866263F1187_F:TER:FR:Line::6831fb72-94d3-417c-915f-b9656db78b1a::87584052:87582668:19:2155:20260927,21:06:00,21:07:00,StopPoint:OCETrain TER-87748350,8,,0,0,
OCESN866263F1187_F:TER:FR:Line::6831fb72-94d3-417c-915f-b9656db78b1a::87584052:87582668:19:2155:20260927,21:10:00,21:11:00,StopPoint:OCETrain TER-87581751,9,,0,0,
OCESN866263F1187_F:TER:FR:Line::6831fb72-94d3-417c-915f-b9656db78b1a::87584052:87582668:19:2155:20260927,21:13:00,21:14:00,StopPoint:OCETrain TER-87581793,10,,0,0,
OCESN866263F1187_F:TER:FR:Line::6831fb72-94d3-417c-915f-b9656db78b1a::87581009:87582668:12:2157:20260513,21:06:00,21:07:00,StopPoint:OCETrain TER-87748350,1,,0,0,
OCESN866263F1187_F:TER:FR:Line::6831fb72-94d3-417c-915f-b9656db78b1a::87581009:87582668:12:2157:20260513,21:10:00,21:11:00,StopPoint:OCETrain TER-87581751,2,,0,0,
OCESN866263F1187_F:TER:FR:Line::6831fb72-94d3-417c-915f-b9656db78b1a::87581009:87582668:12:2157:20260513,21:13:00,21:14:00,StopPoint:OCETrain TER-87581793,3,,0,0,
OCESN866263F1187_F:TER:FR:Line::6831fb72-94d3-417c-915f-b9656db78b1a::87581009:87582668:12:2157:20260512,21:06:00,21:07:00,StopPoint:OCETrain TER-87748350,1,,0,0,
OCESN866263F1187_F:TER:FR:Line::6831fb72-94d3-417c-915f-b9656db78b1a::87581009:87582668:12:2157:20260512,21:10:00,21:11:00,StopPoint:OCETrain TER-87581751,2,,0,0,
OCESN866263F1187_F:TER:FR:Line::6831fb72-94d3-417c-915f-b9656db78b1a::87581009:87582668:12:2157:20260512,21:13:00,21:14:00,StopPoint:OCETrain TER-87581793,3,,0,0,
OCESN866266F1187_F:TER:FR:Line::6831fb72-94d3-417c-915f-b9656db78b1a::87582668:87581009:12:2158:20260531,21:46:00,21:47:00,StopPoint:OCETrain TER-87581793,8,,0,0,
OCESN866266F1187_F:TER:FR:Line::6831fb72-94d3-417c-915f-b9656db78b1a::87582668:87581009:12:2158:20260531,21:49:00,21:50:00,StopPoint:OCETrain TER-87581751,9,,0,0,
OCESN866266F1187_F:TER:FR:Line::6831fb72-94d3-417c-915f-b9656db78b1a::87582668:87581009:12:2158:20260531,21:52:00,21:53:00,StopPoint:OCETrain TER-87748350,10,,0,0,
OCESN866266F1187_F:TER:FR:Line::6831fb72-94d3-417c-915f-b9656db78b1a::87582668:87584052:18:2234:20260828,21:46:00,21:47:00,StopPoint:OCETrain TER-87581793,8,,0,0,
OCESN866266F1187_F:TER:FR:Line::6831fb72-94d3-417c-915f-b9656db78b1a::87582668:87584052:18:2234:20260828,21:49:00,21:50:00,StopPoint:OCETrain TER-87581751,9,,0,0,
OCESN866266F1187_F:TER:FR:Line::6831fb72-94d3-417c-915f-b9656db78b1a::87582668:87584052:18:2234:20260828,21:52:00,21:53:00,StopPoint:OCETrain TER-87748350,10,,0,0,
OCESN866266F1187_F:TER:FR:Line::6831fb72-94d3-417c-915f-b9656db78b1a::87582668:87584052:18:2234:20260828,22:05:00,22:06:00,StopPoint:OCETrain TER-87581595,12,,0,0,
OCESN866266F1187_F:TER:FR:Line::6831fb72-94d3-417c-915f-b9656db78b1a::87582668:87584052:19:2234:20260927,21:46:00,21:47:00,StopPoint:OCETrain TER-87581793,8,,0,0,
OCESN866266F1187_F:TER:FR:Line::6831fb72-94d3-417c-915f-b9656db78b1a::87582668:87584052:19:2234:20260927,21:49:00,21:50:00,StopPoint:OCETrain TER-87581751,9,,0,0,
OCESN866266F1187_F:TER:FR:Line::6831fb72-94d3-417c-915f-b9656db78b1a::87582668:87584052:19:2234:20260927,21:52:00,21:53:00,StopPoint:OCETrain TER-87748350,10,,0,0,
OCESN866266F1187_F:TER:FR:Line::6831fb72-94d3-417c-915f-b9656db78b1a::87582668:87584052:19:2234:20260927,22:05:00,22:06:00,StopPoint:OCETrain TER-87581595,12,,0,0,
OCESN866266F1187_F:TER:FR:Line::6831fb72-94d3-417c-915f-b9656db78b1a::87582668:87584052:19:2234:20260927,22:10:00,22:11:00,StopPoint:OCETrain TER-87581850,13,,0,0,
OCESN866266F1187_F:TER:FR:Line::6831fb72-94d3-417c-915f-b9656db78b1a::87582668:87584052:17:2234:20260514,21:42:00,21:43:00,StopPoint:OCETrain TER-87581793,8,,0,0,
OCESN866266F1187_F:TER:FR:Line::6831fb72-94d3-417c-915f-b9656db78b1a::87582668:87584052:17:2234:20260514,21:45:00,21:46:00,StopPoint:OCETrain TER-87581751,9,,0,0,
OCESN866266F1187_F:TER:FR:Line::6831fb72-94d3-417c-915f-b9656db78b1a::87582668:87584052:17:2234:20260514,21:49:00,21:50:00,StopPoint:OCETrain TER-87748350,10,,0,0,
OCESN866266F1187_F:TER:FR:Line::6831fb72-94d3-417c-915f-b9656db78b1a::87582668:87584052:17:2234:20260514,22:02:00,22:03:00,StopPoint:OCETrain TER-87581595,12,,0,0,
OCESN866266F1187_F:TER:FR:Line::6831fb72-94d3-417c-915f-b9656db78b1a::87581009:87584052:7:2234:20260524,22:05:00,22:06:00,StopPoint:OCETrain TER-87581595,1,,0,0,
OCESN866266F1187_F:TER:FR:Line::6831fb72-94d3-417c-915f-b9656db78b1a::87582668:87584052:18:2234:20260522,21:46:00,21:47:00,StopPoint:OCETrain TER-87581793,8,,0,0,
OCESN866266F1187_F:TER:FR:Line::6831fb72-94d3-417c-915f-b9656db78b1a::87582668:87584052:18:2234:20260522,21:49:00,21:50:00,StopPoint:OCETrain TER-87581751,9,,0,0,
OCESN866266F1187_F:TER:FR:Line::6831fb72-94d3-417c-915f-b9656db78b1a::87582668:87584052:18:2234:20260522,21:52:00,21:53:00,StopPoint:OCETrain TER-87748350,10,,0,0,
OCESN866266F1187_F:TER:FR:Line::6831fb72-94d3-417c-915f-b9656db78b1a::87582668:87584052:18:2234:20260522,22:05:00,22:06:00,StopPoint:OCETrain TER-87581595,12,,0,0,
OCESN866266F1187_F:TER:FR:Line::6831fb72-94d3-417c-915f-b9656db78b1a::87582668:87584052:19:2237:20260930,21:49:00,21:50:00,StopPoint:OCETrain TER-87581793,8,,0,0,
OCESN866266F1187_F:TER:FR:Line::6831fb72-94d3-417c-915f-b9656db78b1a::87582668:87584052:19:2237:20260930,21:53:00,21:54:00,StopPoint:OCETrain TER-87581751,9,,0,0,
OCESN866266F1187_F:TER:FR:Line::6831fb72-94d3-417c-915f-b9656db78b1a::87582668:87584052:19:2237:20260930,21:56:00,21:57:00,StopPoint:OCETrain TER-87748350,10,,0,0,
OCESN866266F1187_F:TER:FR:Line::6831fb72-94d3-417c-915f-b9656db78b1a::87582668:87584052:19:2237:20260930,22:08:00,22:09:00,StopPoint:OCETrain TER-87581595,12,,0,0,
OCESN866266F1187_F:TER:FR:Line::6831fb72-94d3-417c-915f-b9656db78b1a::87582668:87584052:19:2237:20260930,22:13:00,22:14:00,StopPoint:OCETrain TER-87581850,13,,0,0,
OCESN866266F1187_F:TER:FR:Line::6831fb72-94d3-417c-915f-b9656db78b1a::87582668:87584052:18:2239:20260517,21:46:00,21:47:00,StopPoint:OCETrain TER-87581793,8,,0,0,
OCESN866266F1187_F:TER:FR:Line::6831fb72-94d3-417c-915f-b9656db78b1a::87582668:87584052:18:2239:20260517,21:49:00,21:50:00,StopPoint:OCETrain TER-87581751,9,,0,0,
OCESN866266F1187_F:TER:FR:Line::6831fb72-94d3-417c-915f-b9656db78b1a::87582668:87584052:18:2239:20260517,21:52:00,21:53:00,StopPoint:OCETrain TER-87748350,10,,0,0,
OCESN866266F1187_F:TER:FR:Line::6831fb72-94d3-417c-915f-b9656db78b1a::87582668:87584052:18:2239:20260517,22:05:00,22:06:00,StopPoint:OCETrain TER-87581595,12,,0,0,
OCESN866266F1187_F:TER:FR:Line::6831fb72-94d3-417c-915f-b9656db78b1a::87582668:87584052:18:2237:20260826,21:49:00,21:50:00,StopPoint:OCETrain TER-87581793,8,,0,0,
OCESN866266F1187_F:TER:FR:Line::6831fb72-94d3-417c-915f-b9656db78b1a::87582668:87584052:18:2237:20260826,21:53:00,21:54:00,StopPoint:OCETrain TER-87581751,9,,0,0,
OCESN866266F1187_F:TER:FR:Line::6831fb72-94d3-417c-915f-b9656db78b1a::87582668:87584052:18:2237:20260826,21:56:00,21:57:00,StopPoint:OCETrain TER-87748350,10,,0,0,
OCESN866266F1187_F:TER:FR:Line::6831fb72-94d3-417c-915f-b9656db78b1a::87582668:87584052:18:2237:20260826,22:08:00,22:09:00,StopPoint:OCETrain TER-87581595,12,,0,0,
OCESN866266F1187_F:TER:FR:Line::6831fb72-94d3-417c-915f-b9656db78b1a::87582668:87584052:18:2234:20260619,21:46:00,21:47:00,StopPoint:OCETrain TER-87581793,8,,0,0,
OCESN866266F1187_F:TER:FR:Line::6831fb72-94d3-417c-915f-b9656db78b1a::87582668:87584052:18:2234:20260619,21:49:00,21:50:00,StopPoint:OCETrain TER-87581751,9,,0,0,
OCESN866266F1187_F:TER:FR:Line::6831fb72-94d3-417c-915f-b9656db78b1a::87582668:87584052:18:2234:20260619,21:52:00,21:53:00,StopPoint:OCETrain TER-87748350,10,,0,0,
OCESN866266F1187_F:TER:FR:Line::6831fb72-94d3-417c-915f-b9656db78b1a::87582668:87584052:18:2234:20260619,22:05:00,22:06:00,StopPoint:OCETrain TER-87581595,12,,0,0,
OCESN866266F1187_F:TER:FR:Line::6831fb72-94d3-417c-915f-b9656db78b1a::87581009:87584052:6:2239:20260516,22:05:00,22:06:00,StopPoint:OCETrain TER-87581595,1,,0,0,
OCESN866266F1187_F:TER:FR:Line::6831fb72-94d3-417c-915f-b9656db78b1a::87582668:87584052:19:2239:20260426,21:46:00,21:47:00,StopPoint:OCETrain TER-87581793,8,,0,0,
OCESN866266F1187_F:TER:FR:Line::6831fb72-94d3-417c-915f-b9656db78b1a::87582668:87584052:19:2239:20260426,21:49:00,21:50:00,StopPoint:OCETrain TER-87581751,9,,0,0,
OCESN866266F1187_F:TER:FR:Line::6831fb72-94d3-417c-915f-b9656db78b1a::87582668:87584052:19:2239:20260426,21:52:00,21:53:00,StopPoint:OCETrain TER-87748350,10,,0,0,
OCESN866266F1187_F:TER:FR:Line::6831fb72-94d3-417c-915f-b9656db78b1a::87582668:87584052:19:2239:20260426,22:05:00,22:06:00,StopPoint:OCETrain TER-87581595,12,,0,0,
OCESN866266F1187_F:TER:FR:Line::6831fb72-94d3-417c-915f-b9656db78b1a::87582668:87584052:19:2239:20260426,22:13:00,22:14:00,StopPoint:OCETrain TER-87581850,13,,0,0,
OCESN866267F1187_F:TER:FR:Line::6831fb72-94d3-417c-915f-b9656db78b1a::87584052:87581009:5:2157:20260516,21:51:00,21:52:00,StopPoint:OCETrain TER-87581595,3,,0,0,
OCESN866267F1187_F:TER:FR:Line::6831fb72-94d3-417c-915f-b9656db78b1a::87581009:87582668:12:2258:20260531,22:09:00,22:10:00,StopPoint:OCETrain TER-87748350,1,,0,0,
OCESN866267F1187_F:TER:FR:Line::6831fb72-94d3-417c-915f-b9656db78b1a::87581009:87582668:12:2258:20260531,22:13:00,22:14:00,StopPoint:OCETrain TER-87581751,2,,0,0,
OCESN866267F1187_F:TER:FR:Line::6831fb72-94d3-417c-915f-b9656db78b1a::87581009:87582668:12:2258:20260531,22:16:00,22:17:00,StopPoint:OCETrain TER-87581793,3,,0,0,
OCESN866267F1187_F:TER:FR:Line::6831fb72-94d3-417c-915f-b9656db78b1a::87584052:87582668:18:2258:20260828,21:52:00,21:53:00,StopPoint:OCETrain TER-87581595,5,,0,0,
OCESN866267F1187_F:TER:FR:Line::6831fb72-94d3-417c-915f-b9656db78b1a::87584052:87582668:18:2258:20260828,22:09:00,22:10:00,StopPoint:OCETrain TER-87748350,7,,0,0,
OCESN866267F1187_F:TER:FR:Line::6831fb72-94d3-417c-915f-b9656db78b1a::87584052:87582668:18:2258:20260828,22:13:00,22:14:00,StopPoint:OCETrain TER-87581751,8,,0,0,
OCESN866267F1187_F:TER:FR:Line::6831fb72-94d3-417c-915f-b9656db78b1a::87584052:87582668:18:2258:20260828,22:16:00,22:17:00,StopPoint:OCETrain TER-87581793,9,,0,0,
OCESN866267F1187_F:TER:FR:Line::6831fb72-94d3-417c-915f-b9656db78b1a::87584052:87582668:19:2258:20260930,21:47:00,21:48:00,StopPoint:OCETrain TER-87581850,5,,0,0,
OCESN866267F1187_F:TER:FR:Line::6831fb72-94d3-417c-915f-b9656db78b1a::87584052:87582668:19:2258:20260930,21:52:00,21:53:00,StopPoint:OCETrain TER-87581595,6,,0,0,
OCESN866267F1187_F:TER:FR:Line::6831fb72-94d3-417c-915f-b9656db78b1a::87584052:87582668:19:2258:20260930,22:09:00,22:10:00,StopPoint:OCETrain TER-87748350,8,,0,0,
OCESN866267F1187_F:TER:FR:Line::6831fb72-94d3-417c-915f-b9656db78b1a::87584052:87582668:19:2258:20260930,22:13:00,22:14:00,StopPoint:OCETrain TER-87581751,9,,0,0,
OCESN866267F1187_F:TER:FR:Line::6831fb72-94d3-417c-915f-b9656db78b1a::87584052:87582668:19:2258:20260930,22:16:00,22:17:00,StopPoint:OCETrain TER-87581793,10,,0,0,
OCESN866267F1187_F:TER:FR:Line::6831fb72-94d3-417c-915f-b9656db78b1a::87584052:87582668:17:2300:20260514,21:50:00,21:51:00,StopPoint:OCETrain TER-87581595,4,,0,0,
OCESN866267F1187_F:TER:FR:Line::6831fb72-94d3-417c-915f-b9656db78b1a::87584052:87582668:17:2300:20260514,22:09:00,22:10:00,StopPoint:OCETrain TER-87748350,6,,0,0,
OCESN866267F1187_F:TER:FR:Line::6831fb72-94d3-417c-915f-b9656db78b1a::87584052:87582668:17:2300:20260514,22:13:00,22:14:00,StopPoint:OCETrain TER-87581751,7,,0,0,
OCESN866267F1187_F:TER:FR:Line::6831fb72-94d3-417c-915f-b9656db78b1a::87584052:87582668:17:2300:20260514,22:16:00,22:17:00,StopPoint:OCETrain TER-87581793,8,,0,0,
OCESN866267F1187_F:TER:FR:Line::6831fb72-94d3-417c-915f-b9656db78b1a::87584052:87581009:7:2158:20260524,21:52:00,21:53:00,StopPoint:OCETrain TER-87581595,5,,0,0,
OCESN866267F1187_F:TER:FR:Line::6831fb72-94d3-417c-915f-b9656db78b1a::87584052:87582668:18:2300:20260522,21:52:00,21:53:00,StopPoint:OCETrain TER-87581595,5,,0,0,
OCESN866267F1187_F:TER:FR:Line::6831fb72-94d3-417c-915f-b9656db78b1a::87584052:87582668:18:2300:20260522,22:09:00,22:10:00,StopPoint:OCETrain TER-87748350,7,,0,0,
OCESN866267F1187_F:TER:FR:Line::6831fb72-94d3-417c-915f-b9656db78b1a::87584052:87582668:18:2300:20260522,22:13:00,22:14:00,StopPoint:OCETrain TER-87581751,8,,0,0,
OCESN866267F1187_F:TER:FR:Line::6831fb72-94d3-417c-915f-b9656db78b1a::87584052:87582668:18:2300:20260522,22:16:00,22:17:00,StopPoint:OCETrain TER-87581793,9,,0,0,
OCESN866267F1187_F:TER:FR:Line::6831fb72-94d3-417c-915f-b9656db78b1a::87584052:87582668:18:2258:20260619,21:52:00,21:53:00,StopPoint:OCETrain TER-87581595,5,,0,0,
OCESN866267F1187_F:TER:FR:Line::6831fb72-94d3-417c-915f-b9656db78b1a::87584052:87582668:18:2258:20260619,22:09:00,22:10:00,StopPoint:OCETrain TER-87748350,7,,0,0,
OCESN866267F1187_F:TER:FR:Line::6831fb72-94d3-417c-915f-b9656db78b1a::87584052:87582668:18:2258:20260619,22:13:00,22:14:00,StopPoint:OCETrain TER-87581751,8,,0,0,
OCESN866267F1187_F:TER:FR:Line::6831fb72-94d3-417c-915f-b9656db78b1a::87584052:87582668:18:2258:20260619,22:16:00,22:17:00,StopPoint:OCETrain TER-87581793,9,,0,0,
OCESN866267F1187_F:TER:FR:Line::6831fb72-94d3-417c-915f-b9656db78b1a::87584052:87582668:18:2300:20260517,21:53:00,21:54:00,StopPoint:OCETrain TER-87581595,5,,0,0,
OCESN866267F1187_F:TER:FR:Line::6831fb72-94d3-417c-915f-b9656db78b1a::87584052:87582668:18:2300:20260517,22:09:00,22:10:00,StopPoint:OCETrain TER-87748350,7,,0,0,
OCESN866267F1187_F:TER:FR:Line::6831fb72-94d3-417c-915f-b9656db78b1a::87584052:87582668:18:2300:20260517,22:13:00,22:14:00,StopPoint:OCETrain TER-87581751,8,,0,0,
OCESN866267F1187_F:TER:FR:Line::6831fb72-94d3-417c-915f-b9656db78b1a::87584052:87582668:18:2300:20260517,22:16:00,22:17:00,StopPoint:OCETrain TER-87581793,9,,0,0,
OCESN866271F1187_F:TER:FR:Line::6831fb72-94d3-417c-915f-b9656db78b1a::87581009:87582668:12:2326:20260530,22:37:00,22:38:00,StopPoint:OCETrain TER-87748350,1,,0,0,
OCESN866271F1187_F:TER:FR:Line::6831fb72-94d3-417c-915f-b9656db78b1a::87581009:87582668:12:2326:20260530,22:41:00,22:42:00,StopPoint:OCETrain TER-87581751,2,,0,0,
OCESN866271F1187_F:TER:FR:Line::6831fb72-94d3-417c-915f-b9656db78b1a::87581009:87582668:12:2326:20260530,22:44:00,22:45:00,StopPoint:OCETrain TER-87581793,3,,0,0,
OCESN866271F1187_F:TER:FR:Line::6831fb72-94d3-417c-915f-b9656db78b1a::87584052:87582668:18:2326:20260703,22:24:00,22:25:00,StopPoint:OCETrain TER-87581595,5,,0,0,
OCESN866271F1187_F:TER:FR:Line::6831fb72-94d3-417c-915f-b9656db78b1a::87584052:87582668:18:2326:20260703,22:37:00,22:38:00,StopPoint:OCETrain TER-87748350,7,,0,0,
OCESN866271F1187_F:TER:FR:Line::6831fb72-94d3-417c-915f-b9656db78b1a::87584052:87582668:18:2326:20260703,22:41:00,22:42:00,StopPoint:OCETrain TER-87581751,8,,0,0,
OCESN866271F1187_F:TER:FR:Line::6831fb72-94d3-417c-915f-b9656db78b1a::87584052:87582668:18:2326:20260703,22:44:00,22:45:00,StopPoint:OCETrain TER-87581793,9,,0,0,
OCESN866271F1187_F:TER:FR:Line::6831fb72-94d3-417c-915f-b9656db78b1a::87584052:87581009:7:2230:20260702,22:24:00,22:25:00,StopPoint:OCETrain TER-87581595,5,,0,0,
OCESN866271F1187_F:TER:FR:Line::6831fb72-94d3-417c-915f-b9656db78b1a::87584052:87582668:19:2326:20260926,22:19:00,22:20:00,StopPoint:OCETrain TER-87581850,5,,0,0,
OCESN866271F1187_F:TER:FR:Line::6831fb72-94d3-417c-915f-b9656db78b1a::87584052:87582668:19:2326:20260926,22:24:00,22:25:00,StopPoint:OCETrain TER-87581595,6,,0,0,
OCESN866271F1187_F:TER:FR:Line::6831fb72-94d3-417c-915f-b9656db78b1a::87584052:87582668:19:2326:20260926,22:37:00,22:38:00,StopPoint:OCETrain TER-87748350,8,,0,0,
OCESN866271F1187_F:TER:FR:Line::6831fb72-94d3-417c-915f-b9656db78b1a::87584052:87582668:19:2326:20260926,22:41:00,22:42:00,StopPoint:OCETrain TER-87581751,9,,0,0,
OCESN866271F1187_F:TER:FR:Line::6831fb72-94d3-417c-915f-b9656db78b1a::87584052:87582668:19:2326:20260926,22:44:00,22:45:00,StopPoint:OCETrain TER-87581793,10,,0,0,
OCESN866271F1187_F:TER:FR:Line::6831fb72-94d3-417c-915f-b9656db78b1a::87584052:87581009:8:2230:20260910,22:19:00,22:20:00,StopPoint:OCETrain TER-87581850,5,,0,0,
OCESN866271F1187_F:TER:FR:Line::6831fb72-94d3-417c-915f-b9656db78b1a::87584052:87581009:8:2230:20260910,22:24:00,22:25:00,StopPoint:OCETrain TER-87581595,6,,0,0,
OCESN866271F1187_F:TER:FR:Line::6831fb72-94d3-417c-915f-b9656db78b1a::87584052:87582668:18:2328:20260522,22:24:00,22:25:00,StopPoint:OCETrain TER-87581595,5,,0,0,
OCESN866271F1187_F:TER:FR:Line::6831fb72-94d3-417c-915f-b9656db78b1a::87584052:87582668:18:2328:20260522,22:37:00,22:38:00,StopPoint:OCETrain TER-87748350,7,,0,0,
OCESN866271F1187_F:TER:FR:Line::6831fb72-94d3-417c-915f-b9656db78b1a::87584052:87582668:18:2328:20260522,22:41:00,22:42:00,StopPoint:OCETrain TER-87581751,8,,0,0,
OCESN866271F1187_F:TER:FR:Line::6831fb72-94d3-417c-915f-b9656db78b1a::87584052:87582668:18:2328:20260522,22:44:00,22:45:00,StopPoint:OCETrain TER-87581793,9,,0,0,
OCESN866271F1187_F:TER:FR:Line::6831fb72-94d3-417c-915f-b9656db78b1a::87584052:87582668:19:2330:20260425,22:18:00,22:19:00,StopPoint:OCETrain TER-87581850,5,,0,0,
OCESN866271F1187_F:TER:FR:Line::6831fb72-94d3-417c-915f-b9656db78b1a::87584052:87582668:19:2330:20260425,22:26:00,22:27:00,StopPoint:OCETrain TER-87581595,6,,0,0,
OCESN866271F1187_F:TER:FR:Line::6831fb72-94d3-417c-915f-b9656db78b1a::87584052:87582668:19:2330:20260425,22:39:00,22:40:00,StopPoint:OCETrain TER-87748350,8,,0,0,
OCESN866271F1187_F:TER:FR:Line::6831fb72-94d3-417c-915f-b9656db78b1a::87584052:87582668:19:2330:20260425,22:43:00,22:44:00,StopPoint:OCETrain TER-87581751,9,,0,0,
OCESN866271F1187_F:TER:FR:Line::6831fb72-94d3-417c-915f-b9656db78b1a::87584052:87582668:19:2330:20260425,22:46:00,22:47:00,StopPoint:OCETrain TER-87581793,10,,0,0,
OCESN866271F1187_F:TER:FR:Line::6831fb72-94d3-417c-915f-b9656db78b1a::87584052:87581009:6:2225:20260516,22:20:00,22:21:00,StopPoint:OCETrain TER-87581595,4,,0,0,
OCESN866271F1187_F:TER:FR:Line::6831fb72-94d3-417c-915f-b9656db78b1a::87584052:87582668:18:2326:20260619,22:24:00,22:25:00,StopPoint:OCETrain TER-87581595,5,,0,0,
OCESN866271F1187_F:TER:FR:Line::6831fb72-94d3-417c-915f-b9656db78b1a::87584052:87582668:18:2326:20260619,22:37:00,22:38:00,StopPoint:OCETrain TER-87748350,7,,0,0,
OCESN866271F1187_F:TER:FR:Line::6831fb72-94d3-417c-915f-b9656db78b1a::87584052:87582668:18:2326:20260619,22:41:00,22:42:00,StopPoint:OCETrain TER-87581751,8,,0,0,
OCESN866271F1187_F:TER:FR:Line::6831fb72-94d3-417c-915f-b9656db78b1a::87584052:87582668:18:2326:20260619,22:44:00,22:45:00,StopPoint:OCETrain TER-87581793,9,,0,0,
OCESN866271F1187_F:TER:FR:Line::6831fb72-94d3-417c-915f-b9656db78b1a::87584052:87581009:8:2218:20260930,22:08:00,22:09:00,StopPoint:OCETrain TER-87581850,5,,0,0,
OCESN866271F1187_F:TER:FR:Line::6831fb72-94d3-417c-915f-b9656db78b1a::87584052:87581009:8:2218:20260930,22:13:00,22:14:00,StopPoint:OCETrain TER-87581595,6,,0,0,
OCESN866271F1187_F:TER:FR:Line::6831fb72-94d3-417c-915f-b9656db78b1a::87584052:87581009:7:2230:20260618,22:24:00,22:25:00,StopPoint:OCETrain TER-87581595,5,,0,0,
OCESN866271F1187_F:TER:FR:Line::6831fb72-94d3-417c-915f-b9656db78b1a::87584052:87582668:18:2328:20260502,22:24:00,22:25:00,StopPoint:OCETrain TER-87581595,5,,0,0,
OCESN866271F1187_F:TER:FR:Line::6831fb72-94d3-417c-915f-b9656db78b1a::87584052:87582668:18:2328:20260502,22:37:00,22:38:00,StopPoint:OCETrain TER-87748350,7,,0,0,
OCESN866271F1187_F:TER:FR:Line::6831fb72-94d3-417c-915f-b9656db78b1a::87584052:87582668:18:2328:20260502,22:41:00,22:42:00,StopPoint:OCETrain TER-87581751,8,,0,0,
OCESN866271F1187_F:TER:FR:Line::6831fb72-94d3-417c-915f-b9656db78b1a::87584052:87582668:18:2328:20260502,22:44:00,22:45:00,StopPoint:OCETrain TER-87581793,9,,0,0,
OCESN866271F1187_F:TER:FR:Line::6831fb72-94d3-417c-915f-b9656db78b1a::87584052:87581009:7:2230:20260517,22:25:00,22:26:00,StopPoint:OCETrain TER-87581595,5,,0,0,
OCESN866271F1187_F:TER:FR:Line::6831fb72-94d3-417c-915f-b9656db78b1a::87584052:87581009:8:2230:20260426,22:17:00,22:18:00,StopPoint:OCETrain TER-87581850,5,,0,0,
OCESN866271F1187_F:TER:FR:Line::6831fb72-94d3-417c-915f-b9656db78b1a::87584052:87581009:8:2230:20260426,22:25:00,22:26:00,StopPoint:OCETrain TER-87581595,6,,0,0,
OCESN866272F1187_F:TER:FR:Line::6831fb72-94d3-417c-915f-b9656db78b1a::87582668:87584516:19:1846:20260828,17:46:00,17:47:00,StopPoint:OCETrain TER-87581793,8,,0,0,
OCESN866272F1187_F:TER:FR:Line::6831fb72-94d3-417c-915f-b9656db78b1a::87582668:87584516:19:1846:20260828,17:49:00,17:50:00,StopPoint:OCETrain TER-87581751,9,,0,0,
OCESN866272F1187_F:TER:FR:Line::6831fb72-94d3-417c-915f-b9656db78b1a::87582668:87584516:19:1846:20260828,17:52:00,17:53:00,StopPoint:OCETrain TER-87748350,10,,0,0,
OCESN866272F1187_F:TER:FR:Line::6831fb72-94d3-417c-915f-b9656db78b1a::87582668:87584516:19:1846:20260828,18:05:00,18:06:00,StopPoint:OCETrain TER-87581595,12,,0,0,
OCESN866272F1187_F:TER:FR:Line::6831fb72-94d3-417c-915f-b9656db78b1a::87582668:87584516:20:1846:20260930,17:46:00,17:47:00,StopPoint:OCETrain TER-87581793,8,,0,0,
OCESN866272F1187_F:TER:FR:Line::6831fb72-94d3-417c-915f-b9656db78b1a::87582668:87584516:20:1846:20260930,17:49:00,17:50:00,StopPoint:OCETrain TER-87581751,9,,0,0,
OCESN866272F1187_F:TER:FR:Line::6831fb72-94d3-417c-915f-b9656db78b1a::87582668:87584516:20:1846:20260930,17:52:00,17:53:00,StopPoint:OCETrain TER-87748350,10,,0,0,
OCESN866272F1187_F:TER:FR:Line::6831fb72-94d3-417c-915f-b9656db78b1a::87582668:87584516:20:1846:20260930,18:05:00,18:06:00,StopPoint:OCETrain TER-87581595,12,,0,0,
OCESN866272F1187_F:TER:FR:Line::6831fb72-94d3-417c-915f-b9656db78b1a::87582668:87584516:20:1846:20260930,18:10:00,18:11:00,StopPoint:OCETrain TER-87581850,13,,0,0,
OCESN866272F1187_F:TER:FR:Line::6831fb72-94d3-417c-915f-b9656db78b1a::87581009:87584516:8:1848:20260515,18:05:00,18:06:00,StopPoint:OCETrain TER-87581595,1,,0,0,
OCESN866272F1187_F:TER:FR:Line::6831fb72-94d3-417c-915f-b9656db78b1a::87582668:87584516:20:1852:20260513,17:46:00,17:47:00,StopPoint:OCETrain TER-87581793,8,,0,0,
OCESN866272F1187_F:TER:FR:Line::6831fb72-94d3-417c-915f-b9656db78b1a::87582668:87584516:20:1852:20260513,17:49:00,17:50:00,StopPoint:OCETrain TER-87581751,9,,0,0,
OCESN866272F1187_F:TER:FR:Line::6831fb72-94d3-417c-915f-b9656db78b1a::87582668:87584516:20:1852:20260513,17:52:00,17:53:00,StopPoint:OCETrain TER-87748350,10,,0,0,
OCESN866272F1187_F:TER:FR:Line::6831fb72-94d3-417c-915f-b9656db78b1a::87582668:87584516:20:1852:20260513,18:05:00,18:06:00,StopPoint:OCETrain TER-87581595,12,,0,0,
OCESN866272F1187_F:TER:FR:Line::6831fb72-94d3-417c-915f-b9656db78b1a::87582668:87584516:20:1846:20260619,17:46:00,17:47:00,StopPoint:OCETrain TER-87581793,8,,0,0,
OCESN866272F1187_F:TER:FR:Line::6831fb72-94d3-417c-915f-b9656db78b1a::87582668:87584516:20:1846:20260619,17:49:00,17:50:00,StopPoint:OCETrain TER-87581751,9,,0,0,
OCESN866272F1187_F:TER:FR:Line::6831fb72-94d3-417c-915f-b9656db78b1a::87582668:87584516:20:1846:20260619,17:52:00,17:53:00,StopPoint:OCETrain TER-87748350,10,,0,0,
OCESN866272F1187_F:TER:FR:Line::6831fb72-94d3-417c-915f-b9656db78b1a::87582668:87584516:20:1846:20260619,18:05:00,18:06:00,StopPoint:OCETrain TER-87581595,12,,0,0,
OCESN866272F1187_F:TER:FR:Line::6831fb72-94d3-417c-915f-b9656db78b1a::87582668:87584516:20:1846:20260522,17:46:00,17:47:00,StopPoint:OCETrain TER-87581793,8,,0,0,
OCESN866272F1187_F:TER:FR:Line::6831fb72-94d3-417c-915f-b9656db78b1a::87582668:87584516:20:1846:20260522,17:49:00,17:50:00,StopPoint:OCETrain TER-87581751,9,,0,0,
OCESN866272F1187_F:TER:FR:Line::6831fb72-94d3-417c-915f-b9656db78b1a::87582668:87584516:20:1846:20260522,17:52:00,17:53:00,StopPoint:OCETrain TER-87748350,10,,0,0,
OCESN866272F1187_F:TER:FR:Line::6831fb72-94d3-417c-915f-b9656db78b1a::87582668:87584516:20:1846:20260522,18:05:00,18:06:00,StopPoint:OCETrain TER-87581595,12,,0,0,
OCESN866272F1187_F:TER:FR:Line::6831fb72-94d3-417c-915f-b9656db78b1a::87582668:87584516:20:1846:20260703,17:46:00,17:47:00,StopPoint:OCETrain TER-87581793,8,,0,0,
OCESN866272F1187_F:TER:FR:Line::6831fb72-94d3-417c-915f-b9656db78b1a::87582668:87584516:20:1846:20260703,17:49:00,17:50:00,StopPoint:OCETrain TER-87581751,9,,0,0,
OCESN866272F1187_F:TER:FR:Line::6831fb72-94d3-417c-915f-b9656db78b1a::87582668:87584516:20:1846:20260703,17:52:00,17:53:00,StopPoint:OCETrain TER-87748350,10,,0,0,
OCESN866272F1187_F:TER:FR:Line::6831fb72-94d3-417c-915f-b9656db78b1a::87582668:87584516:20:1846:20260703,18:05:00,18:06:00,StopPoint:OCETrain TER-87581595,12,,0,0,
OCESN866272F1187_F:TER:FR:Line::6831fb72-94d3-417c-915f-b9656db78b1a::87582668:87584516:21:1852:20260424,17:46:00,17:47:00,StopPoint:OCETrain TER-87581793,8,,0,0,
OCESN866272F1187_F:TER:FR:Line::6831fb72-94d3-417c-915f-b9656db78b1a::87582668:87584516:21:1852:20260424,17:49:00,17:50:00,StopPoint:OCETrain TER-87581751,9,,0,0,
OCESN866272F1187_F:TER:FR:Line::6831fb72-94d3-417c-915f-b9656db78b1a::87582668:87584516:21:1852:20260424,17:52:00,17:53:00,StopPoint:OCETrain TER-87748350,10,,0,0,
OCESN866272F1187_F:TER:FR:Line::6831fb72-94d3-417c-915f-b9656db78b1a::87582668:87584516:21:1852:20260424,18:05:00,18:06:00,StopPoint:OCETrain TER-87581595,12,,0,0,
OCESN866272F1187_F:TER:FR:Line::6831fb72-94d3-417c-915f-b9656db78b1a::87582668:87584516:21:1852:20260424,18:13:00,18:14:00,StopPoint:OCETrain TER-87581850,13,,0,0,
OCESN866300F1187_F:TER:FR:Line::40f9734e-088d-42d9-9e13-c91880169554::87582668:87581009:12:553:20260817,05:40:00,05:41:00,StopPoint:OCETrain TER-87581793,8,,0,0,
OCESN866300F1187_F:TER:FR:Line::40f9734e-088d-42d9-9e13-c91880169554::87582668:87581009:12:553:20260817,05:44:00,05:45:00,StopPoint:OCETrain TER-87581751,9,,0,0,
OCESN866300F1187_F:TER:FR:Line::40f9734e-088d-42d9-9e13-c91880169554::87582668:87581009:12:553:20260817,05:47:00,05:48:00,StopPoint:OCETrain TER-87748350,10,,0,0,
OCESN866301F1187_F:TER:FR:Line::40f9734e-088d-42d9-9e13-c91880169554::87581009:87582668:12:657:20260522,06:06:00,06:07:00,StopPoint:OCETrain TER-87748350,1,,0,0,
OCESN866301F1187_F:TER:FR:Line::40f9734e-088d-42d9-9e13-c91880169554::87581009:87582668:12:657:20260522,06:10:00,06:11:00,StopPoint:OCETrain TER-87581751,2,,0,0,
OCESN866301F1187_F:TER:FR:Line::40f9734e-088d-42d9-9e13-c91880169554::87581009:87582668:12:657:20260522,06:13:00,06:14:00,StopPoint:OCETrain TER-87581793,3,,0,0,
OCESN866301F1187_F:TER:FR:Line::40f9734e-088d-42d9-9e13-c91880169554::87581009:87582668:12:655:20260930,06:06:00,06:07:00,StopPoint:OCETrain TER-87748350,1,,0,0,
OCESN866301F1187_F:TER:FR:Line::40f9734e-088d-42d9-9e13-c91880169554::87581009:87582668:12:655:20260930,06:10:00,06:11:00,StopPoint:OCETrain TER-87581751,2,,0,0,
OCESN866301F1187_F:TER:FR:Line::40f9734e-088d-42d9-9e13-c91880169554::87581009:87582668:12:655:20260930,06:13:00,06:14:00,StopPoint:OCETrain TER-87581793,3,,0,0,
OCESN866301F1187_F:TER:FR:Line::40f9734e-088d-42d9-9e13-c91880169554::87581009:87582668:12:657:20260515,06:06:00,06:07:00,StopPoint:OCETrain TER-87748350,1,,0,0,
OCESN866301F1187_F:TER:FR:Line::40f9734e-088d-42d9-9e13-c91880169554::87581009:87582668:12:657:20260515,06:10:00,06:11:00,StopPoint:OCETrain TER-87581751,2,,0,0,
OCESN866301F1187_F:TER:FR:Line::40f9734e-088d-42d9-9e13-c91880169554::87581009:87582668:12:657:20260515,06:13:00,06:14:00,StopPoint:OCETrain TER-87581793,3,,0,0,
OCESN866305F1187_F:TER:FR:Line::40f9734e-088d-42d9-9e13-c91880169554::87581009:87582668:12:755:20260830,07:07:00,07:08:00,StopPoint:OCETrain TER-87748350,1,,0,0,
OCESN866305F1187_F:TER:FR:Line::40f9734e-088d-42d9-9e13-c91880169554::87581009:87582668:12:755:20260830,07:10:00,07:11:00,StopPoint:OCETrain TER-87581751,2,,0,0,
OCESN866305F1187_F:TER:FR:Line::40f9734e-088d-42d9-9e13-c91880169554::87581009:87582668:12:755:20260830,07:13:00,07:14:00,StopPoint:OCETrain TER-87581793,3,,0,0,
OCESN866306F1187_F:TER:FR:Line::40f9734e-088d-42d9-9e13-c91880169554::87582668:87581009:12:728:20260926,07:16:00,07:17:00,StopPoint:OCETrain TER-87581793,8,,0,0,
OCESN866306F1187_F:TER:FR:Line::40f9734e-088d-42d9-9e13-c91880169554::87582668:87581009:12:728:20260926,07:19:00,07:20:00,StopPoint:OCETrain TER-87581751,9,,0,0,
OCESN866306F1187_F:TER:FR:Line::40f9734e-088d-42d9-9e13-c91880169554::87582668:87581009:12:728:20260926,07:22:00,07:23:00,StopPoint:OCETrain TER-87748350,10,,0,0,
OCESN866306F1187_F:TER:FR:Line::40f9734e-088d-42d9-9e13-c91880169554::87582668:87581009:12:728:20260514,07:16:00,07:17:00,StopPoint:OCETrain TER-87581793,8,,0,0,
OCESN866306F1187_F:TER:FR:Line::40f9734e-088d-42d9-9e13-c91880169554::87582668:87581009:12:728:20260514,07:19:00,07:20:00,StopPoint:OCETrain TER-87581751,9,,0,0,
OCESN866306F1187_F:TER:FR:Line::40f9734e-088d-42d9-9e13-c91880169554::87582668:87581009:12:728:20260514,07:22:00,07:23:00,StopPoint:OCETrain TER-87748350,10,,0,0,
OCESN866309F1187_F:TER:FR:Line::40f9734e-088d-42d9-9e13-c91880169554::87581009:87582668:12:855:20260927,08:06:00,08:07:00,StopPoint:OCETrain TER-87748350,1,,0,0,
OCESN866309F1187_F:TER:FR:Line::40f9734e-088d-42d9-9e13-c91880169554::87581009:87582668:12:855:20260927,08:10:00,08:11:00,StopPoint:OCETrain TER-87581751,2,,0,0,
OCESN866309F1187_F:TER:FR:Line::40f9734e-088d-42d9-9e13-c91880169554::87581009:87582668:12:855:20260927,08:13:00,08:14:00,StopPoint:OCETrain TER-87581793,3,,0,0,
OCESN866309F1187_F:TER:FR:Line::40f9734e-088d-42d9-9e13-c91880169554::87581009:87582668:12:857:20260514,08:06:00,08:07:00,StopPoint:OCETrain TER-87748350,1,,0,0,
OCESN866309F1187_F:TER:FR:Line::40f9734e-088d-42d9-9e13-c91880169554::87581009:87582668:12:857:20260514,08:10:00,08:11:00,StopPoint:OCETrain TER-87581751,2,,0,0,
OCESN866309F1187_F:TER:FR:Line::40f9734e-088d-42d9-9e13-c91880169554::87581009:87582668:12:857:20260514,08:13:00,08:14:00,StopPoint:OCETrain TER-87581793,3,,0,0,
OCESN866310F1187_F:TER:FR:Line::40f9734e-088d-42d9-9e13-c91880169554::87582668:87581009:12:828:20260927,08:16:00,08:17:00,StopPoint:OCETrain TER-87581793,8,,0,0,
OCESN866310F1187_F:TER:FR:Line::40f9734e-088d-42d9-9e13-c91880169554::87582668:87581009:12:828:20260927,08:19:00,08:20:00,StopPoint:OCETrain TER-87581751,9,,0,0,
OCESN866310F1187_F:TER:FR:Line::40f9734e-088d-42d9-9e13-c91880169554::87582668:87581009:12:828:20260927,08:22:00,08:23:00,StopPoint:OCETrain TER-87748350,10,,0,0,
OCESN866310F1187_F:TER:FR:Line::40f9734e-088d-42d9-9e13-c91880169554::87582668:87581009:12:828:20260514,08:16:00,08:17:00,StopPoint:OCETrain TER-87581793,8,,0,0,
OCESN866310F1187_F:TER:FR:Line::40f9734e-088d-42d9-9e13-c91880169554::87582668:87581009:12:828:20260514,08:19:00,08:20:00,StopPoint:OCETrain TER-87581751,9,,0,0,
OCESN866310F1187_F:TER:FR:Line::40f9734e-088d-42d9-9e13-c91880169554::87582668:87581009:12:828:20260514,08:22:00,08:23:00,StopPoint:OCETrain TER-87748350,10,,0,0,
OCESN866312F1187_F:TER:FR:Line::40f9734e-088d-42d9-9e13-c91880169554::87582668:87581009:12:858:20260522,08:46:00,08:47:00,StopPoint:OCETrain TER-87581793,8,,0,0,
OCESN866312F1187_F:TER:FR:Line::40f9734e-088d-42d9-9e13-c91880169554::87582668:87581009:12:858:20260522,08:49:00,08:50:00,StopPoint:OCETrain TER-87581751,9,,0,0,
OCESN866312F1187_F:TER:FR:Line::40f9734e-088d-42d9-9e13-c91880169554::87582668:87581009:12:858:20260522,08:52:00,08:53:00,StopPoint:OCETrain TER-87748350,10,,0,0,
OCESN866312F1187_F:TER:FR:Line::40f9734e-088d-42d9-9e13-c91880169554::87582668:87581009:12:858:20260930,08:46:00,08:47:00,StopPoint:OCETrain TER-87581793,8,,0,0,
OCESN866312F1187_F:TER:FR:Line::40f9734e-088d-42d9-9e13-c91880169554::87582668:87581009:12:858:20260930,08:49:00,08:50:00,StopPoint:OCETrain TER-87581751,9,,0,0,
OCESN866312F1187_F:TER:FR:Line::40f9734e-088d-42d9-9e13-c91880169554::87582668:87581009:12:858:20260930,08:52:00,08:53:00,StopPoint:OCETrain TER-87748350,10,,0,0,
OCESN866312F1187_F:TER:FR:Line::40f9734e-088d-42d9-9e13-c91880169554::87582668:87581009:12:858:20260515,08:46:00,08:47:00,StopPoint:OCETrain TER-87581793,8,,0,0,
OCESN866312F1187_F:TER:FR:Line::40f9734e-088d-42d9-9e13-c91880169554::87582668:87581009:12:858:20260515,08:49:00,08:50:00,StopPoint:OCETrain TER-87581751,9,,0,0,
OCESN866312F1187_F:TER:FR:Line::40f9734e-088d-42d9-9e13-c91880169554::87582668:87581009:12:858:20260515,08:52:00,08:53:00,StopPoint:OCETrain TER-87748350,10,,0,0,
OCESN866313F1187_F:TER:FR:Line::40f9734e-088d-42d9-9e13-c91880169554::87581009:87582668:12:955:20260830,09:07:00,09:08:00,StopPoint:OCETrain TER-87748350,1,,0,0,
OCESN866313F1187_F:TER:FR:Line::40f9734e-088d-42d9-9e13-c91880169554::87581009:87582668:12:955:20260830,09:10:00,09:11:00,StopPoint:OCETrain TER-87581751,2,,0,0,
OCESN866313F1187_F:TER:FR:Line::40f9734e-088d-42d9-9e13-c91880169554::87581009:87582668:12:955:20260830,09:13:00,09:14:00,StopPoint:OCETrain TER-87581793,3,,0,0,
OCESN866314F1187_F:TER:FR:Line::40f9734e-088d-42d9-9e13-c91880169554::87582668:87581009:12:930:20260522,09:18:00,09:19:00,StopPoint:OCETrain TER-87581793,8,,0,0,
OCESN866314F1187_F:TER:FR:Line::40f9734e-088d-42d9-9e13-c91880169554::87582668:87581009:12:930:20260522,09:21:00,09:22:00,StopPoint:OCETrain TER-87581751,9,,0,0,
OCESN866314F1187_F:TER:FR:Line::40f9734e-088d-42d9-9e13-c91880169554::87582668:87581009:12:930:20260522,09:24:00,09:25:00,StopPoint:OCETrain TER-87748350,10,,0,0,
OCESN866314F1187_F:TER:FR:Line::40f9734e-088d-42d9-9e13-c91880169554::87582668:87581009:12:928:20260930,09:16:00,09:17:00,StopPoint:OCETrain TER-87581793,8,,0,0,
OCESN866314F1187_F:TER:FR:Line::40f9734e-088d-42d9-9e13-c91880169554::87582668:87581009:12:928:20260930,09:19:00,09:20:00,StopPoint:OCETrain TER-87581751,9,,0,0,
OCESN866314F1187_F:TER:FR:Line::40f9734e-088d-42d9-9e13-c91880169554::87582668:87581009:12:928:20260930,09:22:00,09:23:00,StopPoint:OCETrain TER-87748350,10,,0,0,
OCESN866314F1187_F:TER:FR:Line::40f9734e-088d-42d9-9e13-c91880169554::87582668:87581009:12:929:20260515,09:17:00,09:18:00,StopPoint:OCETrain TER-87581793,8,,0,0,
OCESN866314F1187_F:TER:FR:Line::40f9734e-088d-42d9-9e13-c91880169554::87582668:87581009:12:929:20260515,09:20:00,09:21:00,StopPoint:OCETrain TER-87581751,9,,0,0,
OCESN866314F1187_F:TER:FR:Line::40f9734e-088d-42d9-9e13-c91880169554::87582668:87581009:12:929:20260515,09:23:00,09:24:00,StopPoint:OCETrain TER-87748350,10,,0,0,
OCESN866316F1187_F:TER:FR:Line::40f9734e-088d-42d9-9e13-c91880169554::87582668:87581009:12:1029:20260522,10:17:00,10:18:00,StopPoint:OCETrain TER-87581793,8,,0,0,
OCESN866316F1187_F:TER:FR:Line::40f9734e-088d-42d9-9e13-c91880169554::87582668:87581009:12:1029:20260522,10:20:00,10:21:00,StopPoint:OCETrain TER-87581751,9,,0,0,
OCESN866316F1187_F:TER:FR:Line::40f9734e-088d-42d9-9e13-c91880169554::87582668:87581009:12:1029:20260522,10:23:00,10:24:00,StopPoint:OCETrain TER-87748350,10,,0,0,
OCESN866316F1187_F:TER:FR:Line::40f9734e-088d-42d9-9e13-c91880169554::87582668:87581009:12:1029:20260930,10:17:00,10:18:00,StopPoint:OCETrain TER-87581793,8,,0,0,
OCESN866316F1187_F:TER:FR:Line::40f9734e-088d-42d9-9e13-c91880169554::87582668:87581009:12:1029:20260930,10:20:00,10:21:00,StopPoint:OCETrain TER-87581751,9,,0,0,
OCESN866316F1187_F:TER:FR:Line::40f9734e-088d-42d9-9e13-c91880169554::87582668:87581009:12:1029:20260930,10:23:00,10:24:00,StopPoint:OCETrain TER-87748350,10,,0,0,
OCESN866316F1187_F:TER:FR:Line::40f9734e-088d-42d9-9e13-c91880169554::87582668:87581009:12:1029:20260515,10:17:00,10:18:00,StopPoint:OCETrain TER-87581793,8,,0,0,
OCESN866316F1187_F:TER:FR:Line::40f9734e-088d-42d9-9e13-c91880169554::87582668:87581009:12:1029:20260515,10:20:00,10:21:00,StopPoint:OCETrain TER-87581751,9,,0,0,
OCESN866316F1187_F:TER:FR:Line::40f9734e-088d-42d9-9e13-c91880169554::87582668:87581009:12:1029:20260515,10:23:00,10:24:00,StopPoint:OCETrain TER-87748350,10,,0,0,
OCESN866317F1187_F:TER:FR:Line::40f9734e-088d-42d9-9e13-c91880169554::87581009:87582668:12:1123:20260927,10:35:00,10:36:00,StopPoint:OCETrain TER-87748350,1,,0,0,
OCESN866317F1187_F:TER:FR:Line::40f9734e-088d-42d9-9e13-c91880169554::87581009:87582668:12:1123:20260927,10:38:00,10:39:00,StopPoint:OCETrain TER-87581751,2,,0,0,
OCESN866317F1187_F:TER:FR:Line::40f9734e-088d-42d9-9e13-c91880169554::87581009:87582668:12:1123:20260927,10:41:00,10:42:00,StopPoint:OCETrain TER-87581793,3,,0,0,
OCESN866317F1187_F:TER:FR:Line::40f9734e-088d-42d9-9e13-c91880169554::87581009:87582668:12:1125:20260514,10:35:00,10:36:00,StopPoint:OCETrain TER-87748350,1,,0,0,
OCESN866317F1187_F:TER:FR:Line::40f9734e-088d-42d9-9e13-c91880169554::87581009:87582668:12:1125:20260514,10:38:00,10:39:00,StopPoint:OCETrain TER-87581751,2,,0,0,
OCESN866317F1187_F:TER:FR:Line::40f9734e-088d-42d9-9e13-c91880169554::87581009:87582668:12:1125:20260514,10:41:00,10:42:00,StopPoint:OCETrain TER-87581793,3,,0,0,
OCESN866319F1187_F:TER:FR:Line::40f9734e-088d-42d9-9e13-c91880169554::87581009:87582668:12:1055:20260829,10:07:00,10:08:00,StopPoint:OCETrain TER-87748350,1,,0,0,
OCESN866319F1187_F:TER:FR:Line::40f9734e-088d-42d9-9e13-c91880169554::87581009:87582668:12:1055:20260829,10:10:00,10:11:00,StopPoint:OCETrain TER-87581751,2,,0,0,
OCESN866319F1187_F:TER:FR:Line::40f9734e-088d-42d9-9e13-c91880169554::87581009:87582668:12:1055:20260829,10:13:00,10:14:00,StopPoint:OCETrain TER-87581793,3,,0,0,
OCESN866322F1187_F:TER:FR:Line::40f9734e-088d-42d9-9e13-c91880169554::87582668:87581009:12:1058:20260830,10:46:00,10:47:00,StopPoint:OCETrain TER-87581793,8,,0,0,
OCESN866322F1187_F:TER:FR:Line::40f9734e-088d-42d9-9e13-c91880169554::87582668:87581009:12:1058:20260830,10:49:00,10:50:00,StopPoint:OCETrain TER-87581751,9,,0,0,
OCESN866322F1187_F:TER:FR:Line::40f9734e-088d-42d9-9e13-c91880169554::87582668:87581009:12:1058:20260830,10:52:00,10:53:00,StopPoint:OCETrain TER-87748350,10,,0,0,
OCESN866322F1187_F:TER:FR:Line::40f9734e-088d-42d9-9e13-c91880169554::87582668:87581009:12:1101:20260628,10:49:00,10:50:00,StopPoint:OCETrain TER-87581793,8,,0,0,
OCESN866322F1187_F:TER:FR:Line::40f9734e-088d-42d9-9e13-c91880169554::87582668:87581009:12:1101:20260628,10:52:00,10:53:00,StopPoint:OCETrain TER-87581751,9,,0,0,
OCESN866322F1187_F:TER:FR:Line::40f9734e-088d-42d9-9e13-c91880169554::87582668:87581009:12:1101:20260628,10:55:00,10:56:00,StopPoint:OCETrain TER-87748350,10,,0,0,
OCESN866322F1187_F:TER:FR:Line::40f9734e-088d-42d9-9e13-c91880169554::87582668:87581009:12:1102:20260927,10:50:00,10:51:00,StopPoint:OCETrain TER-87581793,8,,0,0,
OCESN866322F1187_F:TER:FR:Line::40f9734e-088d-42d9-9e13-c91880169554::87582668:87581009:12:1102:20260927,10:53:00,10:54:00,StopPoint:OCETrain TER-87581751,9,,0,0,
OCESN866322F1187_F:TER:FR:Line::40f9734e-088d-42d9-9e13-c91880169554::87582668:87581009:12:1102:20260927,10:56:00,10:57:00,StopPoint:OCETrain TER-87748350,10,,0,0,
OCESN866322F1187_F:TER:FR:Line::40f9734e-088d-42d9-9e13-c91880169554::87582668:87581009:12:1102:20260726,10:50:00,10:51:00,StopPoint:OCETrain TER-87581793,8,,0,0,
OCESN866322F1187_F:TER:FR:Line::40f9734e-088d-42d9-9e13-c91880169554::87582668:87581009:12:1102:20260726,10:53:00,10:54:00,StopPoint:OCETrain TER-87581751,9,,0,0,
OCESN866322F1187_F:TER:FR:Line::40f9734e-088d-42d9-9e13-c91880169554::87582668:87581009:12:1102:20260726,10:57:00,10:58:00,StopPoint:OCETrain TER-87748350,10,,0,0,
OCESN866322F1187_F:TER:FR:Line::40f9734e-088d-42d9-9e13-c91880169554::87582668:87581009:12:1101:20260906,10:49:00,10:50:00,StopPoint:OCETrain TER-87581793,8,,0,0,
OCESN866322F1187_F:TER:FR:Line::40f9734e-088d-42d9-9e13-c91880169554::87582668:87581009:12:1101:20260906,10:52:00,10:53:00,StopPoint:OCETrain TER-87581751,9,,0,0,
OCESN866322F1187_F:TER:FR:Line::40f9734e-088d-42d9-9e13-c91880169554::87582668:87581009:12:1101:20260906,10:55:00,10:56:00,StopPoint:OCETrain TER-87748350,10,,0,0,
OCESN866322F1187_F:TER:FR:Line::40f9734e-088d-42d9-9e13-c91880169554::87582668:87581009:12:1101:20260621,10:49:00,10:50:00,StopPoint:OCETrain TER-87581793,8,,0,0,
OCESN866322F1187_F:TER:FR:Line::40f9734e-088d-42d9-9e13-c91880169554::87582668:87581009:12:1101:20260621,10:52:00,10:53:00,StopPoint:OCETrain TER-87581751,9,,0,0,
OCESN866322F1187_F:TER:FR:Line::40f9734e-088d-42d9-9e13-c91880169554::87582668:87581009:12:1101:20260621,10:55:00,10:56:00,StopPoint:OCETrain TER-87748350,10,,0,0,
OCESN866323F1187_F:TER:FR:Line::40f9734e-088d-42d9-9e13-c91880169554::87581009:87582668:12:1228:20260927,11:37:00,11:38:00,StopPoint:OCETrain TER-87748350,1,,0,0,
OCESN866323F1187_F:TER:FR:Line::40f9734e-088d-42d9-9e13-c91880169554::87581009:87582668:12:1228:20260927,11:40:00,11:41:00,StopPoint:OCETrain TER-87581751,2,,0,0,
OCESN866323F1187_F:TER:FR:Line::40f9734e-088d-42d9-9e13-c91880169554::87581009:87582668:12:1228:20260927,11:43:00,11:44:00,StopPoint:OCETrain TER-87581793,3,,0,0,
OCESN866323F1187_F:TER:FR:Line::40f9734e-088d-42d9-9e13-c91880169554::87581009:87582668:12:1230:20260514,11:37:00,11:38:00,StopPoint:OCETrain TER-87748350,1,,0,0,
OCESN866323F1187_F:TER:FR:Line::40f9734e-088d-42d9-9e13-c91880169554::87581009:87582668:12:1230:20260514,11:40:00,11:41:00,StopPoint:OCETrain TER-87581751,2,,0,0,
OCESN866323F1187_F:TER:FR:Line::40f9734e-088d-42d9-9e13-c91880169554::87581009:87582668:12:1230:20260514,11:43:00,11:44:00,StopPoint:OCETrain TER-87581793,3,,0,0,
OCESN866327F1187_F:TER:FR:Line::40f9734e-088d-42d9-9e13-c91880169554::87581009:87582668:12:1325:20260830,12:36:00,12:37:00,StopPoint:OCETrain TER-87748350,1,,0,0,
OCESN866327F1187_F:TER:FR:Line::40f9734e-088d-42d9-9e13-c91880169554::87581009:87582668:12:1325:20260830,12:39:00,12:40:00,StopPoint:OCETrain TER-87581751,2,,0,0,
OCESN866327F1187_F:TER:FR:Line::40f9734e-088d-42d9-9e13-c91880169554::87581009:87582668:12:1325:20260830,12:42:00,12:43:00,StopPoint:OCETrain TER-87581793,3,,0,0,
OCESN866330F1187_F:TER:FR:Line::40f9734e-088d-42d9-9e13-c91880169554::87582668:87581009:12:1258:20260830,12:46:00,12:47:00,StopPoint:OCETrain TER-87581793,8,,0,0,
OCESN866330F1187_F:TER:FR:Line::40f9734e-088d-42d9-9e13-c91880169554::87582668:87581009:12:1258:20260830,12:49:00,12:50:00,StopPoint:OCETrain TER-87581751,9,,0,0,
OCESN866330F1187_F:TER:FR:Line::40f9734e-088d-42d9-9e13-c91880169554::87582668:87581009:12:1258:20260830,12:52:00,12:53:00,StopPoint:OCETrain TER-87748350,10,,0,0,
OCESN866331F1187_F:TER:FR:Line::40f9734e-088d-42d9-9e13-c91880169554::87581009:87582668:12:1455:20260830,14:07:00,14:08:00,StopPoint:OCETrain TER-87748350,1,,0,0,
OCESN866331F1187_F:TER:FR:Line::40f9734e-088d-42d9-9e13-c91880169554::87581009:87582668:12:1455:20260830,14:10:00,14:11:00,StopPoint:OCETrain TER-87581751,2,,0,0,
OCESN866331F1187_F:TER:FR:Line::40f9734e-088d-42d9-9e13-c91880169554::87581009:87582668:12:1455:20260830,14:13:00,14:14:00,StopPoint:OCETrain TER-87581793,3,,0,0,
OCESN866333F1187_F:TER:FR:Line::40f9734e-088d-42d9-9e13-c91880169554::87581009:87582668:12:1624:20260522,15:34:00,15:35:00,StopPoint:OCETrain TER-87748350,1,,0,0,
OCESN866333F1187_F:TER:FR:Line::40f9734e-088d-42d9-9e13-c91880169554::87581009:87582668:12:1624:20260522,15:37:00,15:38:00,StopPoint:OCETrain TER-87581751,2,,0,0,
OCESN866333F1187_F:TER:FR:Line::40f9734e-088d-42d9-9e13-c91880169554::87581009:87582668:12:1624:20260522,15:40:00,15:41:00,StopPoint:OCETrain TER-87581793,3,,0,0,
OCESN866333F1187_F:TER:FR:Line::40f9734e-088d-42d9-9e13-c91880169554::87581009:87582668:12:1622:20260930,15:34:00,15:35:00,StopPoint:OCETrain TER-87748350,1,,0,0,
OCESN866333F1187_F:TER:FR:Line::40f9734e-088d-42d9-9e13-c91880169554::87581009:87582668:12:1622:20260930,15:37:00,15:38:00,StopPoint:OCETrain TER-87581751,2,,0,0,
OCESN866333F1187_F:TER:FR:Line::40f9734e-088d-42d9-9e13-c91880169554::87581009:87582668:12:1622:20260930,15:40:00,15:41:00,StopPoint:OCETrain TER-87581793,3,,0,0,
OCESN866333F1187_F:TER:FR:Line::40f9734e-088d-42d9-9e13-c91880169554::87581009:87582668:12:1624:20260513,15:34:00,15:35:00,StopPoint:OCETrain TER-87748350,1,,0,0,
OCESN866333F1187_F:TER:FR:Line::40f9734e-088d-42d9-9e13-c91880169554::87581009:87582668:12:1624:20260513,15:37:00,15:38:00,StopPoint:OCETrain TER-87581751,2,,0,0,
OCESN866333F1187_F:TER:FR:Line::40f9734e-088d-42d9-9e13-c91880169554::87581009:87582668:12:1624:20260513,15:40:00,15:41:00,StopPoint:OCETrain TER-87581793,3,,0,0,
OCESN866341F1187_F:TER:FR:Line::40f9734e-088d-42d9-9e13-c91880169554::87581009:87582668:12:1657:20260522,16:06:00,16:07:00,StopPoint:OCETrain TER-87748350,1,,0,0,
OCESN866341F1187_F:TER:FR:Line::40f9734e-088d-42d9-9e13-c91880169554::87581009:87582668:12:1657:20260522,16:10:00,16:11:00,StopPoint:OCETrain TER-87581751,2,,0,0,
OCESN866341F1187_F:TER:FR:Line::40f9734e-088d-42d9-9e13-c91880169554::87581009:87582668:12:1657:20260522,16:13:00,16:14:00,StopPoint:OCETrain TER-87581793,3,,0,0,
OCESN866341F1187_F:TER:FR:Line::40f9734e-088d-42d9-9e13-c91880169554::87581009:87582668:12:1655:20260930,16:06:00,16:07:00,StopPoint:OCETrain TER-87748350,1,,0,0,
OCESN866341F1187_F:TER:FR:Line::40f9734e-088d-42d9-9e13-c91880169554::87581009:87582668:12:1655:20260930,16:10:00,16:11:00,StopPoint:OCETrain TER-87581751,2,,0,0,
OCESN866341F1187_F:TER:FR:Line::40f9734e-088d-42d9-9e13-c91880169554::87581009:87582668:12:1655:20260930,16:13:00,16:14:00,StopPoint:OCETrain TER-87581793,3,,0,0,
OCESN866341F1187_F:TER:FR:Line::40f9734e-088d-42d9-9e13-c91880169554::87581009:87582668:12:1657:20260513,16:06:00,16:07:00,StopPoint:OCETrain TER-87748350,1,,0,0,
OCESN866341F1187_F:TER:FR:Line::40f9734e-088d-42d9-9e13-c91880169554::87581009:87582668:12:1657:20260513,16:10:00,16:11:00,StopPoint:OCETrain TER-87581751,2,,0,0,
OCESN866341F1187_F:TER:FR:Line::40f9734e-088d-42d9-9e13-c91880169554::87581009:87582668:12:1657:20260513,16:13:00,16:14:00,StopPoint:OCETrain TER-87581793,3,,0,0,
OCESN866343F1187_F:TER:FR:Line::40f9734e-088d-42d9-9e13-c91880169554::87581009:87582668:12:1724:20260522,16:34:00,16:35:00,StopPoint:OCETrain TER-87748350,1,,0,0,
OCESN866343F1187_F:TER:FR:Line::40f9734e-088d-42d9-9e13-c91880169554::87581009:87582668:12:1724:20260522,16:37:00,16:38:00,StopPoint:OCETrain TER-87581751,2,,0,0,
OCESN866343F1187_F:TER:FR:Line::40f9734e-088d-42d9-9e13-c91880169554::87581009:87582668:12:1724:20260522,16:40:00,16:41:00,StopPoint:OCETrain TER-87581793,3,,0,0,
OCESN866343F1187_F:TER:FR:Line::40f9734e-088d-42d9-9e13-c91880169554::87581009:87582668:12:1722:20260930,16:34:00,16:35:00,StopPoint:OCETrain TER-87748350,1,,0,0,
OCESN866343F1187_F:TER:FR:Line::40f9734e-088d-42d9-9e13-c91880169554::87581009:87582668:12:1722:20260930,16:37:00,16:38:00,StopPoint:OCETrain TER-87581751,2,,0,0,
OCESN866343F1187_F:TER:FR:Line::40f9734e-088d-42d9-9e13-c91880169554::87581009:87582668:12:1722:20260930,16:40:00,16:41:00,StopPoint:OCETrain TER-87581793,3,,0,0,
OCESN866343F1187_F:TER:FR:Line::40f9734e-088d-42d9-9e13-c91880169554::87581009:87582668:12:1724:20260513,16:34:00,16:35:00,StopPoint:OCETrain TER-87748350,1,,0,0,
OCESN866343F1187_F:TER:FR:Line::40f9734e-088d-42d9-9e13-c91880169554::87581009:87582668:12:1724:20260513,16:37:00,16:38:00,StopPoint:OCETrain TER-87581751,2,,0,0,
OCESN866343F1187_F:TER:FR:Line::40f9734e-088d-42d9-9e13-c91880169554::87581009:87582668:12:1724:20260513,16:40:00,16:41:00,StopPoint:OCETrain TER-87581793,3,,0,0,
OCESN866345F1187_F:TER:FR:Line::40f9734e-088d-42d9-9e13-c91880169554::87581009:87582668:12:1755:20260830,17:07:00,17:08:00,StopPoint:OCETrain TER-87748350,1,,0,0,
OCESN866345F1187_F:TER:FR:Line::40f9734e-088d-42d9-9e13-c91880169554::87581009:87582668:12:1755:20260830,17:10:00,17:11:00,StopPoint:OCETrain TER-87581751,2,,0,0,
OCESN866345F1187_F:TER:FR:Line::40f9734e-088d-42d9-9e13-c91880169554::87581009:87582668:12:1755:20260830,17:13:00,17:14:00,StopPoint:OCETrain TER-87581793,3,,0,0,
OCESN866347F1187_F:TER:FR:Line::40f9734e-088d-42d9-9e13-c91880169554::87581009:87582668:12:1823:20260522,17:30:00,17:31:00,StopPoint:OCETrain TER-87748350,1,,0,0,
OCESN866347F1187_F:TER:FR:Line::40f9734e-088d-42d9-9e13-c91880169554::87581009:87582668:12:1823:20260522,17:33:00,17:34:00,StopPoint:OCETrain TER-87581751,2,,0,0,
OCESN866347F1187_F:TER:FR:Line::40f9734e-088d-42d9-9e13-c91880169554::87581009:87582668:12:1823:20260522,17:37:00,17:38:00,StopPoint:OCETrain TER-87581793,3,,0,0,
OCESN866347F1187_F:TER:FR:Line::40f9734e-088d-42d9-9e13-c91880169554::87581009:87582668:12:1823:20260930,17:32:00,17:33:00,StopPoint:OCETrain TER-87748350,1,,0,0,
OCESN866347F1187_F:TER:FR:Line::40f9734e-088d-42d9-9e13-c91880169554::87581009:87582668:12:1823:20260930,17:35:00,17:36:00,StopPoint:OCETrain TER-87581751,2,,0,0,
OCESN866347F1187_F:TER:FR:Line::40f9734e-088d-42d9-9e13-c91880169554::87581009:87582668:12:1823:20260930,17:39:00,17:40:00,StopPoint:OCETrain TER-87581793,3,,0,0,
OCESN866347F1187_F:TER:FR:Line::40f9734e-088d-42d9-9e13-c91880169554::87581009:87582668:12:1822:20260828,17:31:00,17:32:00,StopPoint:OCETrain TER-87748350,1,,0,0,
OCESN866347F1187_F:TER:FR:Line::40f9734e-088d-42d9-9e13-c91880169554::87581009:87582668:12:1822:20260828,17:34:00,17:35:00,StopPoint:OCETrain TER-87581751,2,,0,0,
OCESN866347F1187_F:TER:FR:Line::40f9734e-088d-42d9-9e13-c91880169554::87581009:87582668:12:1822:20260828,17:38:00,17:39:00,StopPoint:OCETrain TER-87581793,3,,0,0,
OCESN866347F1187_F:TER:FR:Line::40f9734e-088d-42d9-9e13-c91880169554::87581009:87582668:12:1823:20260513,17:29:00,17:30:00,StopPoint:OCETrain TER-87748350,1,,0,0,
OCESN866347F1187_F:TER:FR:Line::40f9734e-088d-42d9-9e13-c91880169554::87581009:87582668:12:1823:20260513,17:32:00,17:33:00,StopPoint:OCETrain TER-87581751,2,,0,0,
OCESN866347F1187_F:TER:FR:Line::40f9734e-088d-42d9-9e13-c91880169554::87581009:87582668:12:1823:20260513,17:36:00,17:37:00,StopPoint:OCETrain TER-87581793,3,,0,0,
OCESN866348F1187_F:TER:FR:Line::40f9734e-088d-42d9-9e13-c91880169554::87582668:87581009:12:1758:20260830,17:46:00,17:47:00,StopPoint:OCETrain TER-87581793,8,,0,0,
OCESN866348F1187_F:TER:FR:Line::40f9734e-088d-42d9-9e13-c91880169554::87582668:87581009:12:1758:20260830,17:49:00,17:50:00,StopPoint:OCETrain TER-87581751,9,,0,0,
OCESN866348F1187_F:TER:FR:Line::40f9734e-088d-42d9-9e13-c91880169554::87582668:87581009:12:1758:20260830,17:52:00,17:53:00,StopPoint:OCETrain TER-87748350,10,,0,0,
OCESN866352F1187_F:TER:FR:Line::40f9734e-088d-42d9-9e13-c91880169554::87582668:87581009:12:1900:20260830,18:48:00,18:49:00,StopPoint:OCETrain TER-87581793,8,,0,0,
OCESN866352F1187_F:TER:FR:Line::40f9734e-088d-42d9-9e13-c91880169554::87582668:87581009:12:1900:20260830,18:51:00,18:52:00,StopPoint:OCETrain TER-87581751,9,,0,0,
OCESN866352F1187_F:TER:FR:Line::40f9734e-088d-42d9-9e13-c91880169554::87582668:87581009:12:1900:20260830,18:54:00,18:55:00,StopPoint:OCETrain TER-87748350,10,,0,0,
OCESN866353F1187_F:TER:FR:Line::40f9734e-088d-42d9-9e13-c91880169554::87581009:87582668:12:1955:20260830,19:07:00,19:08:00,StopPoint:OCETrain TER-87748350,1,,0,0,
OCESN866353F1187_F:TER:FR:Line::40f9734e-088d-42d9-9e13-c91880169554::87581009:87582668:12:1955:20260830,19:10:00,19:11:00,StopPoint:OCETrain TER-87581751,2,,0,0,
OCESN866353F1187_F:TER:FR:Line::40f9734e-088d-42d9-9e13-c91880169554::87581009:87582668:12:1955:20260830,19:13:00,19:14:00,StopPoint:OCETrain TER-87581793,3,,0,0,
OCESN866354F1187_F:TER:FR:Line::40f9734e-088d-42d9-9e13-c91880169554::87582668:87581009:12:1920:20260828,19:08:00,19:09:00,StopPoint:OCETrain TER-87581793,8,,0,0,
OCESN866354F1187_F:TER:FR:Line::40f9734e-088d-42d9-9e13-c91880169554::87582668:87581009:12:1920:20260828,19:11:00,19:12:00,StopPoint:OCETrain TER-87581751,9,,0,0,
OCESN866354F1187_F:TER:FR:Line::40f9734e-088d-42d9-9e13-c91880169554::87582668:87581009:12:1920:20260828,19:14:00,19:15:00,StopPoint:OCETrain TER-87748350,10,,0,0,
OCESN866354F1187_F:TER:FR:Line::40f9734e-088d-42d9-9e13-c91880169554::87582668:87581009:12:1927:20260927,19:15:00,19:16:00,StopPoint:OCETrain TER-87581793,8,,0,0,
OCESN866354F1187_F:TER:FR:Line::40f9734e-088d-42d9-9e13-c91880169554::87582668:87581009:12:1927:20260927,19:18:00,19:19:00,StopPoint:OCETrain TER-87581751,9,,0,0,
OCESN866354F1187_F:TER:FR:Line::40f9734e-088d-42d9-9e13-c91880169554::87582668:87581009:12:1927:20260927,19:21:00,19:22:00,StopPoint:OCETrain TER-87748350,10,,0,0,
OCESN866354F1187_F:TER:FR:Line::40f9734e-088d-42d9-9e13-c91880169554::87582668:87581009:12:1927:20260517,19:15:00,19:16:00,StopPoint:OCETrain TER-87581793,8,,0,0,
OCESN866354F1187_F:TER:FR:Line::40f9734e-088d-42d9-9e13-c91880169554::87582668:87581009:12:1927:20260517,19:18:00,19:19:00,StopPoint:OCETrain TER-87581751,9,,0,0,
OCESN866354F1187_F:TER:FR:Line::40f9734e-088d-42d9-9e13-c91880169554::87582668:87581009:12:1927:20260517,19:21:00,19:22:00,StopPoint:OCETrain TER-87748350,10,,0,0,
OCESN866355F1187_F:TER:FR:Line::40f9734e-088d-42d9-9e13-c91880169554::87581009:87582668:12:2024:20260522,19:34:00,19:35:00,StopPoint:OCETrain TER-87748350,1,,0,0,
OCESN866355F1187_F:TER:FR:Line::40f9734e-088d-42d9-9e13-c91880169554::87581009:87582668:12:2024:20260522,19:37:00,19:38:00,StopPoint:OCETrain TER-87581751,2,,0,0,
OCESN866355F1187_F:TER:FR:Line::40f9734e-088d-42d9-9e13-c91880169554::87581009:87582668:12:2024:20260522,19:40:00,19:41:00,StopPoint:OCETrain TER-87581793,3,,0,0,
OCESN866355F1187_F:TER:FR:Line::40f9734e-088d-42d9-9e13-c91880169554::87581009:87582668:12:2022:20260930,19:34:00,19:35:00,StopPoint:OCETrain TER-87748350,1,,0,0,
OCESN866355F1187_F:TER:FR:Line::40f9734e-088d-42d9-9e13-c91880169554::87581009:87582668:12:2022:20260930,19:37:00,19:38:00,StopPoint:OCETrain TER-87581751,2,,0,0,
OCESN866355F1187_F:TER:FR:Line::40f9734e-088d-42d9-9e13-c91880169554::87581009:87582668:12:2022:20260930,19:40:00,19:41:00,StopPoint:OCETrain TER-87581793,3,,0,0,
OCESN866355F1187_F:TER:FR:Line::40f9734e-088d-42d9-9e13-c91880169554::87581009:87582668:12:2024:20260513,19:34:00,19:35:00,StopPoint:OCETrain TER-87748350,1,,0,0,
OCESN866355F1187_F:TER:FR:Line::40f9734e-088d-42d9-9e13-c91880169554::87581009:87582668:12:2024:20260513,19:37:00,19:38:00,StopPoint:OCETrain TER-87581751,2,,0,0,
OCESN866355F1187_F:TER:FR:Line::40f9734e-088d-42d9-9e13-c91880169554::87581009:87582668:12:2024:20260513,19:40:00,19:41:00,StopPoint:OCETrain TER-87581793,3,,0,0,
OCESN866355F1187_F:TER:FR:Line::40f9734e-088d-42d9-9e13-c91880169554::87581009:87582668:12:2024:20260512,19:34:00,19:35:00,StopPoint:OCETrain TER-87748350,1,,0,0,
OCESN866355F1187_F:TER:FR:Line::40f9734e-088d-42d9-9e13-c91880169554::87581009:87582668:12:2024:20260512,19:37:00,19:38:00,StopPoint:OCETrain TER-87581751,2,,0,0,
OCESN866355F1187_F:TER:FR:Line::40f9734e-088d-42d9-9e13-c91880169554::87581009:87582668:12:2024:20260512,19:40:00,19:41:00,StopPoint:OCETrain TER-87581793,3,,0,0,
OCESN866358F1187_F:TER:FR:Line::40f9734e-088d-42d9-9e13-c91880169554::87582668:87581009:12:2036:20260522,20:23:00,20:24:00,StopPoint:OCETrain TER-87581793,8,,0,0,
OCESN866358F1187_F:TER:FR:Line::40f9734e-088d-42d9-9e13-c91880169554::87582668:87581009:12:2036:20260522,20:27:00,20:28:00,StopPoint:OCETrain TER-87581751,9,,0,0,
OCESN866358F1187_F:TER:FR:Line::40f9734e-088d-42d9-9e13-c91880169554::87582668:87581009:12:2036:20260522,20:30:00,20:31:00,StopPoint:OCETrain TER-87748350,10,,0,0,
OCESN866358F1187_F:TER:FR:Line::40f9734e-088d-42d9-9e13-c91880169554::87582668:87581009:12:2036:20260930,20:23:00,20:24:00,StopPoint:OCETrain TER-87581793,8,,0,0,
OCESN866358F1187_F:TER:FR:Line::40f9734e-088d-42d9-9e13-c91880169554::87582668:87581009:12:2036:20260930,20:27:00,20:28:00,StopPoint:OCETrain TER-87581751,9,,0,0,
OCESN866358F1187_F:TER:FR:Line::40f9734e-088d-42d9-9e13-c91880169554::87582668:87581009:12:2036:20260930,20:30:00,20:31:00,StopPoint:OCETrain TER-87748350,10,,0,0,
OCESN866358F1187_F:TER:FR:Line::40f9734e-088d-42d9-9e13-c91880169554::87582668:87581009:12:2036:20260513,20:23:00,20:24:00,StopPoint:OCETrain TER-87581793,8,,0,0,
OCESN866358F1187_F:TER:FR:Line::40f9734e-088d-42d9-9e13-c91880169554::87582668:87581009:12:2036:20260513,20:27:00,20:28:00,StopPoint:OCETrain TER-87581751,9,,0,0,
OCESN866358F1187_F:TER:FR:Line::40f9734e-088d-42d9-9e13-c91880169554::87582668:87581009:12:2036:20260513,20:30:00,20:31:00,StopPoint:OCETrain TER-87748350,10,,0,0,
OCESN866359F1187_F:TER:FR:Line::40f9734e-088d-42d9-9e13-c91880169554::87581009:87582668:12:2128:20260927,20:37:00,20:38:00,StopPoint:OCETrain TER-87748350,1,,0,0,
OCESN866359F1187_F:TER:FR:Line::40f9734e-088d-42d9-9e13-c91880169554::87581009:87582668:12:2128:20260927,20:40:00,20:41:00,StopPoint:OCETrain TER-87581751,2,,0,0,
OCESN866359F1187_F:TER:FR:Line::40f9734e-088d-42d9-9e13-c91880169554::87581009:87582668:12:2128:20260927,20:43:00,20:44:00,StopPoint:OCETrain TER-87581793,3,,0,0,
OCESN866359F1187_F:TER:FR:Line::40f9734e-088d-42d9-9e13-c91880169554::87581009:87582668:12:2132:20260517,20:39:00,20:40:00,StopPoint:OCETrain TER-87748350,1,,0,0,
OCESN866359F1187_F:TER:FR:Line::40f9734e-088d-42d9-9e13-c91880169554::87581009:87582668:12:2132:20260517,20:42:00,20:43:00,StopPoint:OCETrain TER-87581751,2,,0,0,
OCESN866359F1187_F:TER:FR:Line::40f9734e-088d-42d9-9e13-c91880169554::87581009:87582668:12:2132:20260517,20:45:00,20:46:00,StopPoint:OCETrain TER-87581793,3,,0,0,
OCESN866362F1187_F:TER:FR:Line::40f9734e-088d-42d9-9e13-c91880169554::87582668:87581009:12:2129:20260522,21:16:00,21:17:00,StopPoint:OCETrain TER-87581793,8,,0,0,
OCESN866362F1187_F:TER:FR:Line::40f9734e-088d-42d9-9e13-c91880169554::87582668:87581009:12:2129:20260522,21:20:00,21:21:00,StopPoint:OCETrain TER-87581751,9,,0,0,
OCESN866362F1187_F:TER:FR:Line::40f9734e-088d-42d9-9e13-c91880169554::87582668:87581009:12:2129:20260522,21:23:00,21:24:00,StopPoint:OCETrain TER-87748350,10,,0,0,
OCESN866362F1187_F:TER:FR:Line::40f9734e-088d-42d9-9e13-c91880169554::87582668:87581009:12:2129:20260930,21:16:00,21:17:00,StopPoint:OCETrain TER-87581793,8,,0,0,
OCESN866362F1187_F:TER:FR:Line::40f9734e-088d-42d9-9e13-c91880169554::87582668:87581009:12:2129:20260930,21:20:00,21:21:00,StopPoint:OCETrain TER-87581751,9,,0,0,
OCESN866362F1187_F:TER:FR:Line::40f9734e-088d-42d9-9e13-c91880169554::87582668:87581009:12:2129:20260930,21:23:00,21:24:00,StopPoint:OCETrain TER-87748350,10,,0,0,
OCESN866363F1187_F:TER:FR:Line::40f9734e-088d-42d9-9e13-c91880169554::87581009:87582668:12:2155:20260830,21:07:00,21:08:00,StopPoint:OCETrain TER-87748350,1,,0,0,
OCESN866363F1187_F:TER:FR:Line::40f9734e-088d-42d9-9e13-c91880169554::87581009:87582668:12:2155:20260830,21:10:00,21:11:00,StopPoint:OCETrain TER-87581751,2,,0,0,
OCESN866363F1187_F:TER:FR:Line::40f9734e-088d-42d9-9e13-c91880169554::87581009:87582668:12:2155:20260830,21:13:00,21:14:00,StopPoint:OCETrain TER-87581793,3,,0,0,
OCESN866363F1187_F:TER:FR:Line::40f9734e-088d-42d9-9e13-c91880169554::87581009:87582668:12:2155:20260930,21:07:00,21:08:00,StopPoint:OCETrain TER-87748350,1,,0,0,
OCESN866363F1187_F:TER:FR:Line::40f9734e-088d-42d9-9e13-c91880169554::87581009:87582668:12:2155:20260930,21:10:00,21:11:00,StopPoint:OCETrain TER-87581751,2,,0,0,
OCESN866363F1187_F:TER:FR:Line::40f9734e-088d-42d9-9e13-c91880169554::87581009:87582668:12:2155:20260930,21:13:00,21:14:00,StopPoint:OCETrain TER-87581793,3,,0,0,
OCESN866363F1187_F:TER:FR:Line::40f9734e-088d-42d9-9e13-c91880169554::87581009:87582668:12:2158:20260522,21:07:00,21:08:00,StopPoint:OCETrain TER-87748350,1,,0,0,
OCESN866363F1187_F:TER:FR:Line::40f9734e-088d-42d9-9e13-c91880169554::87581009:87582668:12:2158:20260522,21:10:00,21:11:00,StopPoint:OCETrain TER-87581751,2,,0,0,
OCESN866363F1187_F:TER:FR:Line::40f9734e-088d-42d9-9e13-c91880169554::87581009:87582668:12:2158:20260522,21:14:00,21:15:00,StopPoint:OCETrain TER-87581793,3,,0,0,
OCESN866367F1187_F:TER:FR:Line::40f9734e-088d-42d9-9e13-c91880169554::87581009:87582668:12:2258:20260830,22:10:00,22:11:00,StopPoint:OCETrain TER-87748350,1,,0,0,
OCESN866367F1187_F:TER:FR:Line::40f9734e-088d-42d9-9e13-c91880169554::87581009:87582668:12:2258:20260830,22:13:00,22:14:00,StopPoint:OCETrain TER-87581751,2,,0,0,
OCESN866367F1187_F:TER:FR:Line::40f9734e-088d-42d9-9e13-c91880169554::87581009:87582668:12:2258:20260830,22:16:00,22:17:00,StopPoint:OCETrain TER-87581793,3,,0,0,
OCESN866369F1187_F:TER:FR:Line::40f9734e-088d-42d9-9e13-c91880169554::87581009:87582668:12:2354:20260925,23:05:00,23:06:00,StopPoint:OCETrain TER-87748350,1,,0,0,
OCESN866369F1187_F:TER:FR:Line::40f9734e-088d-42d9-9e13-c91880169554::87581009:87582668:12:2354:20260925,23:09:00,23:10:00,StopPoint:OCETrain TER-87581751,2,,0,0,
OCESN866369F1187_F:TER:FR:Line::40f9734e-088d-42d9-9e13-c91880169554::87581009:87582668:12:2354:20260925,23:12:00,23:13:00,StopPoint:OCETrain TER-87581793,3,,0,0,
OCESN866369F1187_F:TER:FR:Line::40f9734e-088d-42d9-9e13-c91880169554::87581009:87582668:12:2356:20260522,23:05:00,23:06:00,StopPoint:OCETrain TER-87748350,1,,0,0,
OCESN866369F1187_F:TER:FR:Line::40f9734e-088d-42d9-9e13-c91880169554::87581009:87582668:12:2356:20260522,23:09:00,23:10:00,StopPoint:OCETrain TER-87581751,2,,0,0,
OCESN866369F1187_F:TER:FR:Line::40f9734e-088d-42d9-9e13-c91880169554::87581009:87582668:12:2356:20260522,23:12:00,23:13:00,StopPoint:OCETrain TER-87581793,3,,0,0,
OCESN866370F1187_F:TER:FR:Line::40f9734e-088d-42d9-9e13-c91880169554::87582668:87581009:12:2307:20260820,22:55:00,22:56:00,StopPoint:OCETrain TER-87581793,8,,0,0,
OCESN866370F1187_F:TER:FR:Line::40f9734e-088d-42d9-9e13-c91880169554::87582668:87581009:12:2307:20260820,22:58:00,22:59:00,StopPoint:OCETrain TER-87581751,9,,0,0,
OCESN866370F1187_F:TER:FR:Line::40f9734e-088d-42d9-9e13-c91880169554::87582668:87581009:12:2307:20260820,23:01:00,23:02:00,StopPoint:OCETrain TER-87748350,10,,0,0,
OCESN866370F1187_F:TER:FR:Line::40f9734e-088d-42d9-9e13-c91880169554::87582668:87581009:12:2307:20260830,22:55:00,22:56:00,StopPoint:OCETrain TER-87581793,8,,0,0,
OCESN866370F1187_F:TER:FR:Line::40f9734e-088d-42d9-9e13-c91880169554::87582668:87581009:12:2307:20260830,22:58:00,22:59:00,StopPoint:OCETrain TER-87581751,9,,0,0,
OCESN866370F1187_F:TER:FR:Line::40f9734e-088d-42d9-9e13-c91880169554::87582668:87581009:12:2307:20260830,23:01:00,23:02:00,StopPoint:OCETrain TER-87748350,10,,0,0,
OCESN866370F1187_F:TER:FR:Line::40f9734e-088d-42d9-9e13-c91880169554::87582668:87581009:12:2312:20260829,22:59:00,23:00:00,StopPoint:OCETrain TER-87581793,8,,0,0,
OCESN866370F1187_F:TER:FR:Line::40f9734e-088d-42d9-9e13-c91880169554::87582668:87581009:12:2312:20260829,23:02:00,23:03:00,StopPoint:OCETrain TER-87581751,9,,0,0,
OCESN866370F1187_F:TER:FR:Line::40f9734e-088d-42d9-9e13-c91880169554::87582668:87581009:12:2312:20260829,23:06:00,23:07:00,StopPoint:OCETrain TER-87748350,10,,0,0,
OCESN866380F1187_F:TER:FR:Line::40f9734e-088d-42d9-9e13-c91880169554::87582668:87581009:12:744:20260522,07:32:00,07:33:00,StopPoint:OCETrain TER-87581793,8,,0,0,
OCESN866380F1187_F:TER:FR:Line::40f9734e-088d-42d9-9e13-c91880169554::87582668:87581009:12:744:20260522,07:35:00,07:36:00,StopPoint:OCETrain TER-87581751,9,,0,0,
OCESN866380F1187_F:TER:FR:Line::40f9734e-088d-42d9-9e13-c91880169554::87582668:87581009:12:744:20260522,07:38:00,07:39:00,StopPoint:OCETrain TER-87748350,10,,0,0,
OCESN866380F1187_F:TER:FR:Line::40f9734e-088d-42d9-9e13-c91880169554::87582668:87581009:12:744:20260619,07:32:00,07:33:00,StopPoint:OCETrain TER-87581793,8,,0,0,
OCESN866380F1187_F:TER:FR:Line::40f9734e-088d-42d9-9e13-c91880169554::87582668:87581009:12:744:20260619,07:35:00,07:36:00,StopPoint:OCETrain TER-87581751,9,,0,0,
OCESN866380F1187_F:TER:FR:Line::40f9734e-088d-42d9-9e13-c91880169554::87582668:87581009:12:744:20260619,07:39:00,07:40:00,StopPoint:OCETrain TER-87748350,10,,0,0,
OCESN866380F1187_F:TER:FR:Line::40f9734e-088d-42d9-9e13-c91880169554::87582668:87581009:12:744:20260904,07:31:00,07:32:00,StopPoint:OCETrain TER-87581793,8,,0,0,
OCESN866380F1187_F:TER:FR:Line::40f9734e-088d-42d9-9e13-c91880169554::87582668:87581009:12:744:20260904,07:34:00,07:35:00,StopPoint:OCETrain TER-87581751,9,,0,0,
OCESN866380F1187_F:TER:FR:Line::40f9734e-088d-42d9-9e13-c91880169554::87582668:87581009:12:744:20260904,07:37:00,07:38:00,StopPoint:OCETrain TER-87748350,10,,0,0,
OCESN866380F1187_F:TER:FR:Line::40f9734e-088d-42d9-9e13-c91880169554::87582668:87581009:12:744:20260930,07:32:00,07:33:00,StopPoint:OCETrain TER-87581793,8,,0,0,
OCESN866380F1187_F:TER:FR:Line::40f9734e-088d-42d9-9e13-c91880169554::87582668:87581009:12:744:20260930,07:35:00,07:36:00,StopPoint:OCETrain TER-87581751,9,,0,0,
OCESN866380F1187_F:TER:FR:Line::40f9734e-088d-42d9-9e13-c91880169554::87582668:87581009:12:744:20260930,07:39:00,07:39:00,StopPoint:OCETrain TER-87748350,10,,0,0,
OCESN866380F1187_F:TER:FR:Line::40f9734e-088d-42d9-9e13-c91880169554::87582668:87581009:12:744:20260515,07:32:00,07:33:00,StopPoint:OCETrain TER-87581793,8,,0,0,
OCESN866380F1187_F:TER:FR:Line::40f9734e-088d-42d9-9e13-c91880169554::87582668:87581009:12:744:20260515,07:35:00,07:36:00,StopPoint:OCETrain TER-87581751,9,,0,0,
OCESN866380F1187_F:TER:FR:Line::40f9734e-088d-42d9-9e13-c91880169554::87582668:87581009:12:744:20260515,07:38:00,07:39:00,StopPoint:OCETrain TER-87748350,10,,0,0,
OCESN866382F1187_F:TER:FR:Line::40f9734e-088d-42d9-9e13-c91880169554::87582668:87581009:12:812:20260522,07:59:00,08:00:00,StopPoint:OCETrain TER-87581793,8,,0,0,
OCESN866382F1187_F:TER:FR:Line::40f9734e-088d-42d9-9e13-c91880169554::87582668:87581009:12:812:20260522,08:03:00,08:04:00,StopPoint:OCETrain TER-87581751,9,,0,0,
OCESN866382F1187_F:TER:FR:Line::40f9734e-088d-42d9-9e13-c91880169554::87582668:87581009:12:812:20260522,08:06:00,08:07:00,StopPoint:OCETrain TER-87748350,10,,0,0,
OCESN866382F1187_F:TER:FR:Line::40f9734e-088d-42d9-9e13-c91880169554::87582668:87581009:12:812:20260930,07:59:00,08:00:00,StopPoint:OCETrain TER-87581793,8,,0,0,
OCESN866382F1187_F:TER:FR:Line::40f9734e-088d-42d9-9e13-c91880169554::87582668:87581009:12:812:20260930,08:03:00,08:04:00,StopPoint:OCETrain TER-87581751,9,,0,0,
OCESN866382F1187_F:TER:FR:Line::40f9734e-088d-42d9-9e13-c91880169554::87582668:87581009:12:812:20260930,08:06:00,08:07:00,StopPoint:OCETrain TER-87748350,10,,0,0,
OCESN866382F1187_F:TER:FR:Line::40f9734e-088d-42d9-9e13-c91880169554::87582668:87581009:12:812:20260515,07:59:00,08:00:00,StopPoint:OCETrain TER-87581793,8,,0,0,
OCESN866382F1187_F:TER:FR:Line::40f9734e-088d-42d9-9e13-c91880169554::87582668:87581009:12:812:20260515,08:03:00,08:04:00,StopPoint:OCETrain TER-87581751,9,,0,0,
OCESN866382F1187_F:TER:FR:Line::40f9734e-088d-42d9-9e13-c91880169554::87582668:87581009:12:812:20260515,08:06:00,08:07:00,StopPoint:OCETrain TER-87748350,10,,0,0,
OCESN866400F1187_F:TER:FR:Line::1f093b3e-6e5a-4365-9cd0-e5764b2c7767::87677005:87581009:15:732:20260717,07:25:00,07:26:00,StopPoint:OCETrain TER-87581751,13,,0,0,
OCESN866400F1187_F:TER:FR:Line::1f093b3e-6e5a-4365-9cd0-e5764b2c7767::87677005:87581009:14:732:20260930,07:25:00,07:26:00,StopPoint:OCETrain TER-87581751,12,,0,0,
OCESN866400F1187_F:TER:FR:Line::1f093b3e-6e5a-4365-9cd0-e5764b2c7767::87677005:87581009:14:732:20260522,07:25:00,07:26:00,StopPoint:OCETrain TER-87581751,12,,0,0,
OCESN866400F1187_F:TER:FR:Line::1f093b3e-6e5a-4365-9cd0-e5764b2c7767::87677005:87581009:14:732:20260619,07:25:00,07:26:00,StopPoint:OCETrain TER-87581751,12,,0,0,
OCESN866400F1187_F:TER:FR:Line::1f093b3e-6e5a-4365-9cd0-e5764b2c7767::87677005:87581009:14:732:20260904,07:25:00,07:26:00,StopPoint:OCETrain TER-87581751,12,,0,0,
OCESN866400F1187_F:TER:FR:Line::1f093b3e-6e5a-4365-9cd0-e5764b2c7767::87677005:87581009:14:732:20260515,07:25:00,07:26:00,StopPoint:OCETrain TER-87581751,12,,0,0,
OCESN866402F1187_F:TER:FR:Line::aae3d4d2-051a-46ec-9044-c2b69b635c88::87677005:87581009:13:1042:20260717,10:35:00,10:36:00,StopPoint:OCETrain TER-87581751,11,,0,0,
OCESN866402F1187_F:TER:FR:Line::aae3d4d2-051a-46ec-9044-c2b69b635c88::87677005:87581009:12:1042:20260828,10:35:00,10:36:00,StopPoint:OCETrain TER-87581751,10,,0,0,
OCESN866404F1187_F:TER:FR:Line::aae3d4d2-051a-46ec-9044-c2b69b635c88::87677005:87581009:12:1242:20260522,12:35:00,12:36:00,StopPoint:OCETrain TER-87581751,10,,0,0,
OCESN866404F1187_F:TER:FR:Line::aae3d4d2-051a-46ec-9044-c2b69b635c88::87677005:87581009:12:1242:20260619,12:33:00,12:34:00,StopPoint:OCETrain TER-87581751,10,,0,0,
OCESN866404F1187_F:TER:FR:Line::aae3d4d2-051a-46ec-9044-c2b69b635c88::87677005:87581009:12:1245:20260930,12:38:00,12:39:00,StopPoint:OCETrain TER-87581751,10,,0,0,
OCESN866404F1187_F:TER:FR:Line::aae3d4d2-051a-46ec-9044-c2b69b635c88::87677005:87581009:13:1242:20260717,12:35:00,12:36:00,StopPoint:OCETrain TER-87581751,11,,0,0,
OCESN866404F1187_F:TER:FR:Line::aae3d4d2-051a-46ec-9044-c2b69b635c88::87677005:87581009:12:1242:20260904,12:35:00,12:36:00,StopPoint:OCETrain TER-87581751,10,,0,0,
OCESN866404F1187_F:TER:FR:Line::aae3d4d2-051a-46ec-9044-c2b69b635c88::87677005:87581009:12:1245:20260515,12:35:00,12:36:00,StopPoint:OCETrain TER-87581751,10,,0,0,
OCESN866406F1187_F:TER:FR:Line::aae3d4d2-051a-46ec-9044-c2b69b635c88::87677005:87581009:12:1248:20260928,12:41:00,12:42:00,StopPoint:OCETrain TER-87581751,10,,0,0,
OCESN866406F1187_F:TER:FR:Line::aae3d4d2-051a-46ec-9044-c2b69b635c88::87677005:87581009:12:1245:20260831,12:38:00,12:39:00,StopPoint:OCETrain TER-87581751,10,,0,0,
OCESN866406F1187_F:TER:FR:Line::aae3d4d2-051a-46ec-9044-c2b69b635c88::87677005:87581009:12:1244:20260615,12:37:00,12:38:00,StopPoint:OCETrain TER-87581751,10,,0,0,
OCESN866407F1187_F:TER:FR:Line::1f093b3e-6e5a-4365-9cd0-e5764b2c7767::87581009:87677005:20:912:20260928,06:21:00,06:22:00,StopPoint:OCETrain TER-87581751,1,,0,0,
OCESN866407F1187_F:TER:FR:Line::1f093b3e-6e5a-4365-9cd0-e5764b2c7767::87581009:87677005:20:912:20260511,06:21:00,06:22:00,StopPoint:OCETrain TER-87581751,1,,0,0,
OCESN866408F1187_F:TER:FR:Line::aae3d4d2-051a-46ec-9044-c2b69b635c88::87677005:87581009:12:1507:20260619,14:57:00,14:58:00,StopPoint:OCETrain TER-87581751,10,,0,0,
OCESN866408F1187_F:TER:FR:Line::aae3d4d2-051a-46ec-9044-c2b69b635c88::87677005:87581009:12:1507:20260828,14:57:00,14:58:00,StopPoint:OCETrain TER-87581751,10,,0,0,
OCESN866408F1187_F:TER:FR:Line::aae3d4d2-051a-46ec-9044-c2b69b635c88::87677005:87581009:13:1507:20260717,14:57:00,14:58:00,StopPoint:OCETrain TER-87581751,11,,0,0,
OCESN866408F1187_F:TER:FR:Line::aae3d4d2-051a-46ec-9044-c2b69b635c88::87677005:87581009:12:1507:20260930,15:00:00,15:01:00,StopPoint:OCETrain TER-87581751,10,,0,0,
OCESN866408F1187_F:TER:FR:Line::aae3d4d2-051a-46ec-9044-c2b69b635c88::87677005:87581009:12:1507:20260904,14:57:00,14:58:00,StopPoint:OCETrain TER-87581751,10,,0,0,
OCESN866408F1187_F:TER:FR:Line::aae3d4d2-051a-46ec-9044-c2b69b635c88::87677005:87581009:12:1507:20260507,14:57:00,14:58:00,StopPoint:OCETrain TER-87581751,10,,0,0,
OCESN866409F1187_F:TER:FR:Line::1f093b3e-6e5a-4365-9cd0-e5764b2c7767::87581009:87677005:20:912:20260930,06:21:00,06:22:00,StopPoint:OCETrain TER-87581751,1,,0,0,
OCESN866409F1187_F:TER:FR:Line::1f093b3e-6e5a-4365-9cd0-e5764b2c7767::87581009:87677005:20:912:20260522,06:21:00,06:22:00,StopPoint:OCETrain TER-87581751,1,,0,0,
OCESN866410F1187_F:TER:FR:Line::aae3d4d2-051a-46ec-9044-c2b69b635c88::87677005:87581009:12:1645:20260621,16:36:00,16:37:00,StopPoint:OCETrain TER-87581751,10,,0,0,
OCESN866410F1187_F:TER:FR:Line::aae3d4d2-051a-46ec-9044-c2b69b635c88::87677005:87581009:12:1645:20260927,16:38:00,16:39:00,StopPoint:OCETrain TER-87581751,10,,0,0,
OCESN866410F1187_F:TER:FR:Line::aae3d4d2-051a-46ec-9044-c2b69b635c88::87677005:87581009:13:1645:20260719,16:36:00,16:37:00,StopPoint:OCETrain TER-87581751,11,,0,0,
OCESN866410F1187_F:TER:FR:Line::aae3d4d2-051a-46ec-9044-c2b69b635c88::87677005:87581009:12:1645:20260906,16:36:00,16:37:00,StopPoint:OCETrain TER-87581751,10,,0,0,
OCESN866410F1187_F:TER:FR:Line::aae3d4d2-051a-46ec-9044-c2b69b635c88::87677005:87581009:12:1645:20260517,16:38:00,16:39:00,StopPoint:OCETrain TER-87581751,10,,0,0,
OCESN866411F1187_F:TER:FR:Line::1f093b3e-6e5a-4365-9cd0-e5764b2c7767::87581009:87677005:14:1101:20260926,08:21:00,08:22:00,StopPoint:OCETrain TER-87581751,1,,0,0,
OCESN866411F1187_F:TER:FR:Line::1f093b3e-6e5a-4365-9cd0-e5764b2c7767::87581009:87677005:14:1101:20260514,08:21:00,08:22:00,StopPoint:OCETrain TER-87581751,1,,0,0,
OCESN866412F1187_F:TER:FR:Line::1f093b3e-6e5a-4365-9cd0-e5764b2c7767::87677005:87581009:14:1737:20260620,17:29:00,17:30:00,StopPoint:OCETrain TER-87581751,12,,0,0,
OCESN866412F1187_F:TER:FR:Line::1f093b3e-6e5a-4365-9cd0-e5764b2c7767::87677005:87581009:14:1731:20260926,17:24:00,17:25:00,StopPoint:OCETrain TER-87581751,12,,0,0,
OCESN866412F1187_F:TER:FR:Line::1f093b3e-6e5a-4365-9cd0-e5764b2c7767::87677005:87581009:14:1731:20260905,17:24:00,17:25:00,StopPoint:OCETrain TER-87581751,12,,0,0,
OCESN866412F1187_F:TER:FR:Line::1f093b3e-6e5a-4365-9cd0-e5764b2c7767::87677005:87581009:14:1737:20260627,17:30:00,17:31:00,StopPoint:OCETrain TER-87581751,12,,0,0,
OCESN866412F1187_F:TER:FR:Line::1f093b3e-6e5a-4365-9cd0-e5764b2c7767::87677005:87581009:14:1737:20260514,17:30:00,17:31:00,StopPoint:OCETrain TER-87581751,12,,0,0,
OCESN866413F1187_F:TER:FR:Line::1f093b3e-6e5a-4365-9cd0-e5764b2c7767::87581009:87677005:14:1102:20260828,08:24:00,08:25:00,StopPoint:OCETrain TER-87581751,1,,0,0,
OCESN866413F1187_F:TER:FR:Line::1f093b3e-6e5a-4365-9cd0-e5764b2c7767::87581009:87677005:14:1102:20260522,08:24:00,08:25:00,StopPoint:OCETrain TER-87581751,1,,0,0,
OCESN866413F1187_F:TER:FR:Line::1f093b3e-6e5a-4365-9cd0-e5764b2c7767::87581009:87677005:14:1102:20260930,08:24:00,08:25:00,StopPoint:OCETrain TER-87581751,1,,0,0,
OCESN866413F1187_F:TER:FR:Line::1f093b3e-6e5a-4365-9cd0-e5764b2c7767::87581009:87677005:14:1102:20260515,08:24:00,08:25:00,StopPoint:OCETrain TER-87581751,1,,0,0,
OCESN866414F1187_F:TER:FR:Line::1f093b3e-6e5a-4365-9cd0-e5764b2c7767::87677005:87581009:14:1807:20260927,18:00:00,18:01:00,StopPoint:OCETrain TER-87581751,12,,0,0,
OCESN866414F1187_F:TER:FR:Line::1f093b3e-6e5a-4365-9cd0-e5764b2c7767::87677005:87581009:15:1807:20260719,18:00:00,18:01:00,StopPoint:OCETrain TER-87581751,13,,0,0,
OCESN866414F1187_F:TER:FR:Line::1f093b3e-6e5a-4365-9cd0-e5764b2c7767::87677005:87581009:14:1809:20260621,18:02:00,18:03:00,StopPoint:OCETrain TER-87581751,12,,0,0,
OCESN866414F1187_F:TER:FR:Line::1f093b3e-6e5a-4365-9cd0-e5764b2c7767::87677005:87581009:14:1807:20260906,18:00:00,18:01:00,StopPoint:OCETrain TER-87581751,12,,0,0,
OCESN866414F1187_F:TER:FR:Line::1f093b3e-6e5a-4365-9cd0-e5764b2c7767::87677005:87581009:14:1808:20260517,18:02:00,18:03:00,StopPoint:OCETrain TER-87581751,12,,0,0,
OCESN866416F1187_F:TER:FR:Line::1f093b3e-6e5a-4365-9cd0-e5764b2c7767::87677005:87581009:18:1947:20260522,19:37:00,19:38:00,StopPoint:OCETrain TER-87581751,16,,0,0,
OCESN866416F1187_F:TER:FR:Line::1f093b3e-6e5a-4365-9cd0-e5764b2c7767::87677005:87581009:18:1947:20260619,19:39:00,19:40:00,StopPoint:OCETrain TER-87581751,16,,0,0,
OCESN866416F1187_F:TER:FR:Line::1f093b3e-6e5a-4365-9cd0-e5764b2c7767::87677005:87581009:18:1947:20260904,19:37:00,19:38:00,StopPoint:OCETrain TER-87581751,16,,0,0,
OCESN866416F1187_F:TER:FR:Line::1f093b3e-6e5a-4365-9cd0-e5764b2c7767::87677005:87581009:18:1947:20260930,19:40:00,19:41:00,StopPoint:OCETrain TER-87581751,16,,0,0,
OCESN866416F1187_F:TER:FR:Line::1f093b3e-6e5a-4365-9cd0-e5764b2c7767::87677005:87581009:18:1947:20260513,19:37:00,19:38:00,StopPoint:OCETrain TER-87581751,16,,0,0,
OCESN866417F1187_F:TER:FR:Line::aae3d4d2-051a-46ec-9044-c2b69b635c88::87581009:87677005:12:1254:20260829,10:24:00,10:25:00,StopPoint:OCETrain TER-87581751,1,,0,0,
OCESN866419F1187_F:TER:FR:Line::aae3d4d2-051a-46ec-9044-c2b69b635c88::87581009:87677005:12:1357:20260627,11:23:00,11:24:00,StopPoint:OCETrain TER-87581751,1,,0,0,
OCESN866419F1187_F:TER:FR:Line::aae3d4d2-051a-46ec-9044-c2b69b635c88::87581009:87677005:12:1401:20260926,11:29:00,11:30:00,StopPoint:OCETrain TER-87581751,1,,0,0,
OCESN866419F1187_F:TER:FR:Line::aae3d4d2-051a-46ec-9044-c2b69b635c88::87581009:87677005:12:1357:20260514,11:23:00,11:24:00,StopPoint:OCETrain TER-87581751,1,,0,0,
OCESN866420F1187_F:TER:FR:Line::1f093b3e-6e5a-4365-9cd0-e5764b2c7767::87677005:87581009:18:2139:20260530,21:32:00,21:33:00,StopPoint:OCETrain TER-87581751,16,,0,0,
OCESN866420F1187_F:TER:FR:Line::1f093b3e-6e5a-4365-9cd0-e5764b2c7767::87677005:87581009:18:2139:20260514,21:32:00,21:33:00,StopPoint:OCETrain TER-87581751,16,,0,0,
OCESN866422F1187_F:TER:FR:Line::1f093b3e-6e5a-4365-9cd0-e5764b2c7767::87677005:87581009:18:2141:20260531,21:31:00,21:32:00,StopPoint:OCETrain TER-87581751,16,,0,0,
OCESN866422F1187_F:TER:FR:Line::1f093b3e-6e5a-4365-9cd0-e5764b2c7767::87677005:87581009:18:2141:20260517,21:32:00,21:33:00,StopPoint:OCETrain TER-87581751,16,,0,0,
OCESN866424F1187_F:TER:FR:Line::aae3d4d2-051a-46ec-9044-c2b69b635c88::87677005:87581009:13:2146:20260718,21:38:00,21:39:00,StopPoint:OCETrain TER-87581751,11,,0,0,
OCESN866424F1187_F:TER:FR:Line::aae3d4d2-051a-46ec-9044-c2b69b635c88::87677005:87581009:12:2152:20260926,21:45:00,21:46:00,StopPoint:OCETrain TER-87581751,10,,0,0,
OCESN866424F1187_F:TER:FR:Line::aae3d4d2-051a-46ec-9044-c2b69b635c88::87677005:87581009:12:2139:20260620,21:30:00,21:33:00,StopPoint:OCETrain TER-87581751,10,,0,0,
OCESN866424F1187_F:TER:FR:Line::aae3d4d2-051a-46ec-9044-c2b69b635c88::87677005:87581009:12:2148:20260905,21:40:00,21:41:00,StopPoint:OCETrain TER-87581751,10,,0,0,
OCESN866425F1187_F:TER:FR:Line::aae3d4d2-051a-46ec-9044-c2b69b635c88::87581009:87677005:13:1603:20260717,13:27:00,13:28:00,StopPoint:OCETrain TER-87581751,1,,0,0,
OCESN866425F1187_F:TER:FR:Line::aae3d4d2-051a-46ec-9044-c2b69b635c88::87581009:87677005:12:1600:20260828,13:27:00,13:28:00,StopPoint:OCETrain TER-87581751,1,,0,0,
OCESN866425F1187_F:TER:FR:Line::aae3d4d2-051a-46ec-9044-c2b69b635c88::87581009:87677005:12:1600:20260930,13:30:00,13:31:00,StopPoint:OCETrain TER-87581751,1,,0,0,
OCESN866425F1187_F:TER:FR:Line::aae3d4d2-051a-46ec-9044-c2b69b635c88::87581009:87677005:12:1606:20260522,13:31:00,13:32:00,StopPoint:OCETrain TER-87581751,1,,0,0,
OCESN866426F1187_F:TER:FR:Line::aae3d4d2-051a-46ec-9044-c2b69b635c88::87677005:87581009:12:2138:20260621,21:31:00,21:32:00,StopPoint:OCETrain TER-87581751,10,,0,0,
OCESN866426F1187_F:TER:FR:Line::aae3d4d2-051a-46ec-9044-c2b69b635c88::87677005:87581009:13:2148:20260719,21:41:00,21:42:00,StopPoint:OCETrain TER-87581751,11,,0,0,
OCESN866426F1187_F:TER:FR:Line::aae3d4d2-051a-46ec-9044-c2b69b635c88::87677005:87581009:12:2148:20260927,21:41:00,21:42:00,StopPoint:OCETrain TER-87581751,10,,0,0,
OCESN866429F1187_F:TER:FR:Line::1f093b3e-6e5a-4365-9cd0-e5764b2c7767::87581009:87677005:18:1811:20260925,15:24:00,15:25:00,StopPoint:OCETrain TER-87581751,1,,0,0,
OCESN866429F1187_F:TER:FR:Line::1f093b3e-6e5a-4365-9cd0-e5764b2c7767::87581009:87677005:18:1811:20260513,15:24:00,15:25:00,StopPoint:OCETrain TER-87581751,1,,0,0,
OCESN866431F1187_F:TER:FR:Line::1f093b3e-6e5a-4365-9cd0-e5764b2c7767::87581009:87677005:18:1809:20260926,15:21:00,15:22:00,StopPoint:OCETrain TER-87581751,1,,0,0,
OCESN866431F1187_F:TER:FR:Line::1f093b3e-6e5a-4365-9cd0-e5764b2c7767::87581009:87677005:18:1809:20260514,15:21:00,15:22:00,StopPoint:OCETrain TER-87581751,1,,0,0,
OCESN866433F1187_F:TER:FR:Line::1f093b3e-6e5a-4365-9cd0-e5764b2c7767::87581009:87677005:14:2000:20260927,17:22:00,17:23:00,StopPoint:OCETrain TER-87581751,1,,0,0,
OCESN866433F1187_F:TER:FR:Line::1f093b3e-6e5a-4365-9cd0-e5764b2c7767::87581009:87677005:15:2002:20260718,17:22:00,17:23:00,StopPoint:OCETrain TER-87581751,1,,0,0,
OCESN866433F1187_F:TER:FR:Line::1f093b3e-6e5a-4365-9cd0-e5764b2c7767::87581009:87677005:14:2001:20260517,17:22:00,17:23:00,StopPoint:OCETrain TER-87581751,1,,0,0,
OCESN866435F1187_F:TER:FR:Line::1f093b3e-6e5a-4365-9cd0-e5764b2c7767::87581009:87677005:14:2000:20260930,17:24:00,17:25:00,StopPoint:OCETrain TER-87581751,1,,0,0,
OCESN866435F1187_F:TER:FR:Line::1f093b3e-6e5a-4365-9cd0-e5764b2c7767::87581009:87677005:14:2000:20260522,17:24:00,17:25:00,StopPoint:OCETrain TER-87581751,1,,0,0,
OCESN866435F1187_F:TER:FR:Line::1f093b3e-6e5a-4365-9cd0-e5764b2c7767::87581009:87677005:14:2000:20260513,17:24:00,17:25:00,StopPoint:OCETrain TER-87581751,1,,0,0,
OCESN866437F1187_F:TER:FR:Line::1f093b3e-6e5a-4365-9cd0-e5764b2c7767::87581009:87677005:14:2125:20260926,18:49:00,18:50:00,StopPoint:OCETrain TER-87581751,1,,0,0,
OCESN866437F1187_F:TER:FR:Line::1f093b3e-6e5a-4365-9cd0-e5764b2c7767::87581009:87677005:15:2131:20260718,18:49:00,18:50:00,StopPoint:OCETrain TER-87581751,1,,0,0,
OCESN866437F1187_F:TER:FR:Line::1f093b3e-6e5a-4365-9cd0-e5764b2c7767::87581009:87677005:14:2125:20260514,18:49:00,18:50:00,StopPoint:OCETrain TER-87581751,1,,0,0,
OCESN866437F1187_F:TER:FR:Line::1f093b3e-6e5a-4365-9cd0-e5764b2c7767::87581009:87677005:14:2127:20260502,18:49:00,18:50:00,StopPoint:OCETrain TER-87581751,1,,0,0,
OCESN866439F1187_F:TER:FR:Line::1f093b3e-6e5a-4365-9cd0-e5764b2c7767::87581009:87677005:14:2217:20260925,19:29:00,19:30:00,StopPoint:OCETrain TER-87581751,1,,0,0,
OCESN866449F1187_F:TER:FR:Line::1f093b3e-6e5a-4365-9cd0-e5764b2c7767::87581009:87677005:20:757:20260930,05:10:00,05:11:00,StopPoint:OCETrain TER-87581751,1,,0,0,
OCESN866449F1187_F:TER:FR:Line::1f093b3e-6e5a-4365-9cd0-e5764b2c7767::87581009:87677005:20:757:20260615,05:10:00,05:11:00,StopPoint:OCETrain TER-87581751,1,,0,0,
OCESN866449F1187_F:TER:FR:Line::1f093b3e-6e5a-4365-9cd0-e5764b2c7767::87581009:87677005:20:757:20260518,05:10:00,05:11:00,StopPoint:OCETrain TER-87581751,1,,0,0,
OCESN866449F1187_F:TER:FR:Line::1f093b3e-6e5a-4365-9cd0-e5764b2c7767::87581009:87677005:20:757:20260515,05:10:00,05:11:00,StopPoint:OCETrain TER-87581751,1,,0,0,
OCESN866451F1187_F:TER:FR:Line::1f093b3e-6e5a-4365-9cd0-e5764b2c7767::87581009:87677005:14:1058:20260927,08:24:00,08:25:00,StopPoint:OCETrain TER-87581751,1,,0,0,
OCESN866451F1187_F:TER:FR:Line::1f093b3e-6e5a-4365-9cd0-e5764b2c7767::87581009:87673004:9:1017:20260524,08:24:00,08:25:00,StopPoint:OCETrain TER-87581751,1,,0,0,
OCESN866451F1187_F:TER:FR:Line::1f093b3e-6e5a-4365-9cd0-e5764b2c7767::87581009:87677005:15:1101:20260719,08:24:00,08:25:00,StopPoint:OCETrain TER-87581751,1,,0,0,
OCESN866451F1187_F:TER:FR:Line::1f093b3e-6e5a-4365-9cd0-e5764b2c7767::87581009:87677005:14:1058:20260503,08:24:00,08:25:00,StopPoint:OCETrain TER-87581751,1,,0,0,
OCESN866453F1187_F:TER:FR:Line::aae3d4d2-051a-46ec-9044-c2b69b635c88::87581009:87677005:12:1253:20260522,10:24:00,10:25:00,StopPoint:OCETrain TER-87581751,1,,0,0,
OCESN866453F1187_F:TER:FR:Line::aae3d4d2-051a-46ec-9044-c2b69b635c88::87581009:87677005:12:1253:20260703,10:24:00,10:25:00,StopPoint:OCETrain TER-87581751,1,,0,0,
OCESN866453F1187_F:TER:FR:Line::aae3d4d2-051a-46ec-9044-c2b69b635c88::87581009:87677005:12:1250:20260930,10:24:00,10:25:00,StopPoint:OCETrain TER-87581751,1,,0,0,
OCESN866453F1187_F:TER:FR:Line::aae3d4d2-051a-46ec-9044-c2b69b635c88::87581009:87677005:12:1254:20260629,10:25:00,10:26:00,StopPoint:OCETrain TER-87581751,1,,0,0,
OCESN866453F1187_F:TER:FR:Line::aae3d4d2-051a-46ec-9044-c2b69b635c88::87581009:87677005:12:1251:20260928,10:25:00,10:26:00,StopPoint:OCETrain TER-87581751,1,,0,0,
OCESN866453F1187_F:TER:FR:Line::aae3d4d2-051a-46ec-9044-c2b69b635c88::87581009:87677005:12:1257:20260515,10:24:00,10:25:00,StopPoint:OCETrain TER-87581751,1,,0,0,
OCESN866453F1187_F:TER:FR:Line::aae3d4d2-051a-46ec-9044-c2b69b635c88::87581009:87677005:12:1258:20260511,10:25:00,10:26:00,StopPoint:OCETrain TER-87581751,1,,0,0,
OCESN866455F1187_F:TER:FR:Line::aae3d4d2-051a-46ec-9044-c2b69b635c88::87581009:87677005:12:1328:20260828,10:57:00,10:58:00,StopPoint:OCETrain TER-87581751,1,,0,0,
OCESN866457F1187_F:TER:FR:Line::aae3d4d2-051a-46ec-9044-c2b69b635c88::87581009:87677005:12:1351:20260927,11:24:00,11:25:00,StopPoint:OCETrain TER-87581751,1,,0,0,
OCESN866457F1187_F:TER:FR:Line::aae3d4d2-051a-46ec-9044-c2b69b635c88::87581009:87677005:13:1352:20260719,11:24:00,11:25:00,StopPoint:OCETrain TER-87581751,1,,0,0,
OCESN866457F1187_F:TER:FR:Line::aae3d4d2-051a-46ec-9044-c2b69b635c88::87581009:87677005:12:1352:20260503,11:24:00,11:25:00,StopPoint:OCETrain TER-87581751,1,,0,0,
OCESN866459F1187_F:TER:FR:Line::aae3d4d2-051a-46ec-9044-c2b69b635c88::87581009:87677005:12:1603:20260830,13:37:00,13:38:00,StopPoint:OCETrain TER-87581751,1,,0,0,
OCESN866461F1187_F:TER:FR:Line::1f093b3e-6e5a-4365-9cd0-e5764b2c7767::87581009:87677005:18:1811:20260521,15:24:00,15:25:00,StopPoint:OCETrain TER-87581751,1,,0,0,
OCESN866461F1187_F:TER:FR:Line::1f093b3e-6e5a-4365-9cd0-e5764b2c7767::87581009:87677005:18:1811:20260930,15:24:00,15:25:00,StopPoint:OCETrain TER-87581751,1,,0,0,
OCESN866461F1187_F:TER:FR:Line::1f093b3e-6e5a-4365-9cd0-e5764b2c7767::87581009:87677005:18:1811:20260517,15:24:00,15:25:00,StopPoint:OCETrain TER-87581751,1,,0,0,
OCESN866462F1187_F:TER:FR:Line::1f093b3e-6e5a-4365-9cd0-e5764b2c7767::87677005:87581009:20:836:20260522,08:29:00,08:30:00,StopPoint:OCETrain TER-87581751,18,,0,0,
OCESN866462F1187_F:TER:FR:Line::1f093b3e-6e5a-4365-9cd0-e5764b2c7767::87677005:87581009:20:836:20260905,08:29:00,08:30:00,StopPoint:OCETrain TER-87581751,18,,0,0,
OCESN866462F1187_F:TER:FR:Line::1f093b3e-6e5a-4365-9cd0-e5764b2c7767::87677005:87581009:20:836:20260620,08:29:00,08:30:00,StopPoint:OCETrain TER-87581751,18,,0,0,
OCESN866462F1187_F:TER:FR:Line::1f093b3e-6e5a-4365-9cd0-e5764b2c7767::87677005:87581009:20:836:20260930,08:29:00,08:30:00,StopPoint:OCETrain TER-87581751,18,,0,0,
OCESN866462F1187_F:TER:FR:Line::1f093b3e-6e5a-4365-9cd0-e5764b2c7767::87677005:87581009:20:836:20260515,08:29:00,08:30:00,StopPoint:OCETrain TER-87581751,18,,0,0,
OCESN866463F1187_F:TER:FR:Line::1f093b3e-6e5a-4365-9cd0-e5764b2c7767::87581009:87677005:14:2123:20260522,18:49:00,18:50:00,StopPoint:OCETrain TER-87581751,1,,0,0,
OCESN866463F1187_F:TER:FR:Line::1f093b3e-6e5a-4365-9cd0-e5764b2c7767::87581009:87677005:14:2123:20260930,18:49:00,18:50:00,StopPoint:OCETrain TER-87581751,1,,0,0,
OCESN866463F1187_F:TER:FR:Line::1f093b3e-6e5a-4365-9cd0-e5764b2c7767::87581009:87677005:15:2126:20260717,18:49:00,18:50:00,StopPoint:OCETrain TER-87581751,1,,0,0,
OCESN866463F1187_F:TER:FR:Line::1f093b3e-6e5a-4365-9cd0-e5764b2c7767::87581009:87677005:14:2123:20260513,18:49:00,18:50:00,StopPoint:OCETrain TER-87581751,1,,0,0,
OCESN866464F1187_F:TER:FR:Line::aae3d4d2-051a-46ec-9044-c2b69b635c88::87677005:87581009:12:1042:20260904,10:35:00,10:36:00,StopPoint:OCETrain TER-87581751,10,,0,0,
OCESN866464F1187_F:TER:FR:Line::aae3d4d2-051a-46ec-9044-c2b69b635c88::87677005:87581009:12:1042:20260522,10:35:00,10:36:00,StopPoint:OCETrain TER-87581751,10,,0,0,
OCESN866464F1187_F:TER:FR:Line::aae3d4d2-051a-46ec-9044-c2b69b635c88::87677005:87581009:12:1042:20260930,10:35:00,10:36:00,StopPoint:OCETrain TER-87581751,10,,0,0,
OCESN866464F1187_F:TER:FR:Line::aae3d4d2-051a-46ec-9044-c2b69b635c88::87677005:87581009:12:1042:20260619,10:33:00,10:34:00,StopPoint:OCETrain TER-87581751,10,,0,0,
OCESN866464F1187_F:TER:FR:Line::aae3d4d2-051a-46ec-9044-c2b69b635c88::87677005:87581009:12:1042:20260515,10:35:00,10:36:00,StopPoint:OCETrain TER-87581751,10,,0,0,
OCESN866466F1187_F:TER:FR:Line::aae3d4d2-051a-46ec-9044-c2b69b635c88::87677005:87581009:13:1320:20260718,13:13:00,13:14:00,StopPoint:OCETrain TER-87581751,11,,0,0,
OCESN866466F1187_F:TER:FR:Line::aae3d4d2-051a-46ec-9044-c2b69b635c88::87677005:87581009:12:1320:20260829,13:13:00,13:14:00,StopPoint:OCETrain TER-87581751,10,,0,0,
OCESN866468F1187_F:TER:FR:Line::aae3d4d2-051a-46ec-9044-c2b69b635c88::87677005:87581009:12:1425:20260621,14:18:00,14:19:00,StopPoint:OCETrain TER-87581751,10,,0,0,
OCESN866468F1187_F:TER:FR:Line::aae3d4d2-051a-46ec-9044-c2b69b635c88::87677005:87581009:13:1425:20260719,14:18:00,14:19:00,StopPoint:OCETrain TER-87581751,11,,0,0,
OCESN866468F1187_F:TER:FR:Line::aae3d4d2-051a-46ec-9044-c2b69b635c88::87677005:87581009:12:1425:20260927,14:18:00,14:19:00,StopPoint:OCETrain TER-87581751,10,,0,0,
OCESN866468F1187_F:TER:FR:Line::aae3d4d2-051a-46ec-9044-c2b69b635c88::87677005:87581009:12:1425:20260906,14:18:00,14:19:00,StopPoint:OCETrain TER-87581751,10,,0,0,
OCESN866468F1187_F:TER:FR:Line::aae3d4d2-051a-46ec-9044-c2b69b635c88::87677005:87581009:12:1425:20260517,14:18:00,14:19:00,StopPoint:OCETrain TER-87581751,10,,0,0,
OCESN866470F1187_F:TER:FR:Line::aae3d4d2-051a-46ec-9044-c2b69b635c88::87677005:87581009:12:1604:20260925,15:56:00,15:57:00,StopPoint:OCETrain TER-87581751,10,,0,0,
OCESN866473F1187_F:TER:FR:Line::aae3d4d2-051a-46ec-9044-c2b69b635c88::87581009:87677005:12:2157:20260719,19:24:00,19:25:00,StopPoint:OCETrain TER-87581751,1,,0,0,
OCESN866473F1187_F:TER:FR:Line::aae3d4d2-051a-46ec-9044-c2b69b635c88::87581009:87677005:12:2158:20260830,19:24:00,19:25:00,StopPoint:OCETrain TER-87581751,1,,0,0,
OCESN866473F1187_F:TER:FR:Line::aae3d4d2-051a-46ec-9044-c2b69b635c88::87581009:87677005:12:2158:20260927,19:21:00,19:22:00,StopPoint:OCETrain TER-87581751,1,,0,0,
OCESN866474F1187_F:TER:FR:Line::1f093b3e-6e5a-4365-9cd0-e5764b2c7767::87677005:87581009:14:1736:20260522,17:29:00,17:30:00,StopPoint:OCETrain TER-87581751,12,,0,0,
OCESN866474F1187_F:TER:FR:Line::1f093b3e-6e5a-4365-9cd0-e5764b2c7767::87677005:87581009:14:1736:20260703,17:29:00,17:30:00,StopPoint:OCETrain TER-87581751,12,,0,0,
OCESN866474F1187_F:TER:FR:Line::1f093b3e-6e5a-4365-9cd0-e5764b2c7767::87677005:87581009:14:1736:20260619,17:29:00,17:30:00,StopPoint:OCETrain TER-87581751,12,,0,0,
OCESN866474F1187_F:TER:FR:Line::1f093b3e-6e5a-4365-9cd0-e5764b2c7767::87677005:87581009:14:1736:20260904,17:29:00,17:30:00,StopPoint:OCETrain TER-87581751,12,,0,0,
OCESN866474F1187_F:TER:FR:Line::1f093b3e-6e5a-4365-9cd0-e5764b2c7767::87677005:87581009:14:1736:20260930,17:29:00,17:30:00,StopPoint:OCETrain TER-87581751,12,,0,0,
OCESN866474F1187_F:TER:FR:Line::1f093b3e-6e5a-4365-9cd0-e5764b2c7767::87677005:87581009:14:1736:20260513,17:29:00,17:30:00,StopPoint:OCETrain TER-87581751,12,,0,0,
OCESN866476F1187_F:TER:FR:Line::1f093b3e-6e5a-4365-9cd0-e5764b2c7767::87677005:87581009:14:1831:20260829,18:24:00,18:25:00,StopPoint:OCETrain TER-87581751,12,,0,0,
OCESN866476F1187_F:TER:FR:Line::1f093b3e-6e5a-4365-9cd0-e5764b2c7767::87677005:87581009:15:1831:20260718,18:24:00,18:25:00,StopPoint:OCETrain TER-87581751,13,,0,0,
OCESN866478F1187_F:TER:FR:Line::aae3d4d2-051a-46ec-9044-c2b69b635c88::87677005:87581009:12:1903:20260621,18:54:00,18:55:00,StopPoint:OCETrain TER-87581751,10,,0,0,
OCESN866478F1187_F:TER:FR:Line::aae3d4d2-051a-46ec-9044-c2b69b635c88::87677005:87581009:12:1903:20260906,18:54:00,18:55:00,StopPoint:OCETrain TER-87581751,10,,0,0,
OCESN866478F1187_F:TER:FR:Line::aae3d4d2-051a-46ec-9044-c2b69b635c88::87677005:87581009:12:1903:20260927,18:54:00,18:55:00,StopPoint:OCETrain TER-87581751,10,,0,0,
OCESN866478F1187_F:TER:FR:Line::aae3d4d2-051a-46ec-9044-c2b69b635c88::87677005:87581009:12:1903:20260517,18:56:00,18:57:00,StopPoint:OCETrain TER-87581751,10,,0,0,
OCESN866480F1187_F:TER:FR:Line::aae3d4d2-051a-46ec-9044-c2b69b635c88::87677005:87581009:12:2020:20260620,20:12:00,20:13:00,StopPoint:OCETrain TER-87581751,10,,0,0,
OCESN866480F1187_F:TER:FR:Line::aae3d4d2-051a-46ec-9044-c2b69b635c88::87677005:87581009:12:2020:20260905,20:12:00,20:13:00,StopPoint:OCETrain TER-87581751,10,,0,0,
OCESN866480F1187_F:TER:FR:Line::aae3d4d2-051a-46ec-9044-c2b69b635c88::87677005:87581009:12:2020:20260926,20:12:00,20:13:00,StopPoint:OCETrain TER-87581751,10,,0,0,
OCESN866480F1187_F:TER:FR:Line::aae3d4d2-051a-46ec-9044-c2b69b635c88::87677005:87581009:13:2020:20260718,20:12:00,20:13:00,StopPoint:OCETrain TER-87581751,11,,0,0,
OCESN866482F1187_F:TER:FR:Line::aae3d4d2-051a-46ec-9044-c2b69b635c88::87677005:87581009:13:1908:20260719,19:01:00,19:02:00,StopPoint:OCETrain TER-87581751,11,,0,0,
OCESN866482F1187_F:TER:FR:Line::aae3d4d2-051a-46ec-9044-c2b69b635c88::87677005:87581009:12:1908:20260830,19:01:00,19:02:00,StopPoint:OCETrain TER-87581751,10,,0,0,
OCESN866484F1187_F:TER:FR:Line::1f093b3e-6e5a-4365-9cd0-e5764b2c7767::87677005:87581009:18:2139:20260619,21:32:00,21:33:00,StopPoint:OCETrain TER-87581751,16,,0,0,
OCESN866484F1187_F:TER:FR:Line::1f093b3e-6e5a-4365-9cd0-e5764b2c7767::87677005:87581009:18:2139:20260513,21:32:00,21:33:00,StopPoint:OCETrain TER-87581751,16,,0,0,
OCESN866484F1187_F:TER:FR:Line::1f093b3e-6e5a-4365-9cd0-e5764b2c7767::87677005:87581009:18:2139:20260522,21:32:00,21:33:00,StopPoint:OCETrain TER-87581751,16,,0,0,
OCESN866484F1187_F:TER:FR:Line::1f093b3e-6e5a-4365-9cd0-e5764b2c7767::87677005:87581009:18:2148:20260904,21:41:00,21:42:00,StopPoint:OCETrain TER-87581751,16,,0,0,
OCESN866484F1187_F:TER:FR:Line::1f093b3e-6e5a-4365-9cd0-e5764b2c7767::87677005:87581009:18:2139:20260902,21:31:00,21:32:00,StopPoint:OCETrain TER-87581751,16,,0,0,
OCESN866484F1187_F:TER:FR:Line::1f093b3e-6e5a-4365-9cd0-e5764b2c7767::87677005:87581009:18:2139:20260703,21:32:00,21:33:00,StopPoint:OCETrain TER-87581751,16,,0,0,
OCESN866484F1187_F:TER:FR:Line::1f093b3e-6e5a-4365-9cd0-e5764b2c7767::87677005:87581009:18:2152:20260930,21:45:00,21:46:00,StopPoint:OCETrain TER-87581751,16,,0,0,
OCESN866484F1187_F:TER:FR:Line::1f093b3e-6e5a-4365-9cd0-e5764b2c7767::87677005:87581009:18:2139:20260424,21:32:00,21:33:00,StopPoint:OCETrain TER-87581751,16,,0,0,
OCESN866486F1187_F:TER:FR:Line::aae3d4d2-051a-46ec-9044-c2b69b635c88::87677005:87581009:12:2139:20260709,21:32:00,21:33:00,StopPoint:OCETrain TER-87581751,10,,0,0,
OCESN866486F1187_F:TER:FR:Line::aae3d4d2-051a-46ec-9044-c2b69b635c88::87677005:87581009:13:2148:20260716,21:41:00,21:42:00,StopPoint:OCETrain TER-87581751,11,,0,0,
OCESN866486F1187_F:TER:FR:Line::aae3d4d2-051a-46ec-9044-c2b69b635c88::87677005:87581009:12:2139:20260811,21:32:00,21:33:00,StopPoint:OCETrain TER-87581751,10,,0,0,
OCESN866486F1187_F:TER:FR:Line::aae3d4d2-051a-46ec-9044-c2b69b635c88::87677005:87581009:12:2148:20260827,21:41:00,21:42:00,StopPoint:OCETrain TER-87581751,10,,0,0,
OCESN866486F1187_F:TER:FR:Line::aae3d4d2-051a-46ec-9044-c2b69b635c88::87677005:87581009:12:2139:20260729,21:32:00,21:33:00,StopPoint:OCETrain TER-87581751,10,,0,0,
OCESN866486F1187_F:TER:FR:Line::aae3d4d2-051a-46ec-9044-c2b69b635c88::87677005:87581009:12:2139:20260826,21:31:00,21:32:00,StopPoint:OCETrain TER-87581751,10,,0,0,
OCESN866600F1187_F:TER:FR:Line::60a02f18-2eca-4314-bb8f-6933a6768543::87671016:87581009:6:645:20260615,06:39:00,06:40:00,StopPoint:OCETrain TER-87581751,4,,0,0,
OCESN866600F1187_F:TER:FR:Line::60a02f18-2eca-4314-bb8f-6933a6768543::87671016:87581009:6:645:20260904,06:39:00,06:40:00,StopPoint:OCETrain TER-87581751,4,,0,0,
OCESN866600F1187_F:TER:FR:Line::60a02f18-2eca-4314-bb8f-6933a6768543::87671016:87581009:6:645:20260930,06:39:00,06:40:00,StopPoint:OCETrain TER-87581751,4,,0,0,
OCESN866600F1187_F:TER:FR:Line::60a02f18-2eca-4314-bb8f-6933a6768543::87671016:87581009:6:645:20260515,06:39:00,06:40:00,StopPoint:OCETrain TER-87581751,4,,0,0,
OCESN866601F1187_F:TER:FR:Line::6660e3b5-b253-43c4-9e58-ece4d79481bf::87581009:87671016:10:723:20260930,05:48:00,05:49:00,StopPoint:OCETrain TER-87581751,1,,0,0,
OCESN866601F1187_F:TER:FR:Line::6660e3b5-b253-43c4-9e58-ece4d79481bf::87581009:87671016:10:722:20260522,05:48:00,05:49:00,StopPoint:OCETrain TER-87581751,1,,0,0,
OCESN866602F1187_F:TER:FR:Line::6660e3b5-b253-43c4-9e58-ece4d79481bf::87671016:87581009:10:916:20260904,09:09:00,09:10:00,StopPoint:OCETrain TER-87581751,8,,0,0,
OCESN866602F1187_F:TER:FR:Line::6660e3b5-b253-43c4-9e58-ece4d79481bf::87671016:87581009:10:916:20260930,09:08:00,09:09:00,StopPoint:OCETrain TER-87581751,8,,0,0,
OCESN866602F1187_F:TER:FR:Line::6660e3b5-b253-43c4-9e58-ece4d79481bf::87671016:87581009:10:916:20260619,09:09:00,09:10:00,StopPoint:OCETrain TER-87581751,8,,0,0,
OCESN866603F1187_F:TER:FR:Line::6660e3b5-b253-43c4-9e58-ece4d79481bf::87581009:87671016:8:926:20260930,08:00:00,08:01:00,StopPoint:OCETrain TER-87581751,1,,0,0,
OCESN866603F1187_F:TER:FR:Line::6660e3b5-b253-43c4-9e58-ece4d79481bf::87581009:87671016:8:926:20260526,08:00:00,08:01:00,StopPoint:OCETrain TER-87581751,1,,0,0,
OCESN866603F1187_F:TER:FR:Line::6660e3b5-b253-43c4-9e58-ece4d79481bf::87581009:87671016:8:926:20260515,07:58:00,07:59:00,StopPoint:OCETrain TER-87581751,1,,0,0,
OCESN866604F1187_F:TER:FR:Line::6660e3b5-b253-43c4-9e58-ece4d79481bf::87671016:87581009:10:1036:20260906,10:26:00,10:27:00,StopPoint:OCETrain TER-87581751,8,,0,0,
OCESN866604F1187_F:TER:FR:Line::6660e3b5-b253-43c4-9e58-ece4d79481bf::87671016:87581009:8:1035:20260904,10:27:00,10:28:00,StopPoint:OCETrain TER-87581751,6,,0,0,
OCESN866604F1187_F:TER:FR:Line::6660e3b5-b253-43c4-9e58-ece4d79481bf::87671016:87581009:8:1033:20260930,10:27:00,10:28:00,StopPoint:OCETrain TER-87581751,6,,0,0,
OCESN866604F1187_F:TER:FR:Line::6660e3b5-b253-43c4-9e58-ece4d79481bf::87671016:87581009:10:1036:20260927,10:26:00,10:27:00,StopPoint:OCETrain TER-87581751,8,,0,0,
OCESN866604F1187_F:TER:FR:Line::6660e3b5-b253-43c4-9e58-ece4d79481bf::87671016:87581009:10:1036:20260503,10:27:00,10:28:00,StopPoint:OCETrain TER-87581751,8,,0,0,
OCESN866604F1187_F:TER:FR:Line::6660e3b5-b253-43c4-9e58-ece4d79481bf::87671016:87581009:8:1033:20260619,10:27:00,10:28:00,StopPoint:OCETrain TER-87581751,6,,0,0,
OCESN866605F1187_F:TER:FR:Line::6660e3b5-b253-43c4-9e58-ece4d79481bf::87581009:87671016:8:1007:20260927,08:38:00,08:39:00,StopPoint:OCETrain TER-87581751,1,,0,0,
OCESN866605F1187_F:TER:FR:Line::6660e3b5-b253-43c4-9e58-ece4d79481bf::87581009:87671016:8:1007:20260514,08:38:00,08:39:00,StopPoint:OCETrain TER-87581751,1,,0,0,
OCESN866606F1187_F:TER:FR:Line::6660e3b5-b253-43c4-9e58-ece4d79481bf::87671016:87581009:8:1224:20260930,12:17:00,12:18:00,StopPoint:OCETrain TER-87581751,6,,0,0,
OCESN866606F1187_F:TER:FR:Line::6660e3b5-b253-43c4-9e58-ece4d79481bf::87671016:87581009:8:1224:20260927,12:17:00,12:18:00,StopPoint:OCETrain TER-87581751,6,,0,0,
OCESN866606F1187_F:TER:FR:Line::6660e3b5-b253-43c4-9e58-ece4d79481bf::87671016:87581009:8:1224:20260619,12:17:00,12:18:00,StopPoint:OCETrain TER-87581751,6,,0,0,
OCESN866606F1187_F:TER:FR:Line::6660e3b5-b253-43c4-9e58-ece4d79481bf::87671016:87581009:8:1224:20260904,12:17:00,12:18:00,StopPoint:OCETrain TER-87581751,6,,0,0,
OCESN866606F1187_F:TER:FR:Line::6660e3b5-b253-43c4-9e58-ece4d79481bf::87671016:87581009:8:1224:20260522,12:17:00,12:18:00,StopPoint:OCETrain TER-87581751,6,,0,0,
OCESN866606F1187_F:TER:FR:Line::6660e3b5-b253-43c4-9e58-ece4d79481bf::87671016:87581009:8:1224:20260906,12:17:00,12:18:00,StopPoint:OCETrain TER-87581751,6,,0,0,
OCESN866606F1187_F:TER:FR:Line::6660e3b5-b253-43c4-9e58-ece4d79481bf::87671016:87581009:8:1225:20260824,12:18:00,12:19:00,StopPoint:OCETrain TER-87581751,6,,0,0,
OCESN866607F1187_F:TER:FR:Line::6660e3b5-b253-43c4-9e58-ece4d79481bf::87581009:87671016:8:1116:20260930,09:51:00,09:52:00,StopPoint:OCETrain TER-87581751,1,,0,0,
OCESN866608F1187_F:TER:FR:Line::6660e3b5-b253-43c4-9e58-ece4d79481bf::87671016:87581009:10:1416:20260927,14:09:00,14:10:00,StopPoint:OCETrain TER-87581751,8,,0,0,
OCESN866608F1187_F:TER:FR:Line::6660e3b5-b253-43c4-9e58-ece4d79481bf::87671016:87581009:10:1417:20260930,14:09:00,14:10:00,StopPoint:OCETrain TER-87581751,8,,0,0,
OCESN866608F1187_F:TER:FR:Line::6660e3b5-b253-43c4-9e58-ece4d79481bf::87671016:87581009:10:1417:20260904,14:09:00,14:10:00,StopPoint:OCETrain TER-87581751,8,,0,0,
OCESN866608F1187_F:TER:FR:Line::6660e3b5-b253-43c4-9e58-ece4d79481bf::87671016:87581009:10:1416:20260906,14:09:00,14:10:00,StopPoint:OCETrain TER-87581751,8,,0,0,
OCESN866609F1187_F:TER:FR:Line::6660e3b5-b253-43c4-9e58-ece4d79481bf::87581009:87671016:8:1220:20260926,10:56:00,10:57:00,StopPoint:OCETrain TER-87581751,1,,0,0,
OCESN866609F1187_F:TER:FR:Line::6660e3b5-b253-43c4-9e58-ece4d79481bf::87581009:87671016:8:1214:20260930,10:51:00,10:52:00,StopPoint:OCETrain TER-87581751,1,,0,0,
OCESN866609F1187_F:TER:FR:Line::6660e3b5-b253-43c4-9e58-ece4d79481bf::87581009:87671016:10:1224:20260927,10:56:00,10:57:00,StopPoint:OCETrain TER-87581751,1,,0,0,
OCESN866609F1187_F:TER:FR:Line::6660e3b5-b253-43c4-9e58-ece4d79481bf::87581009:87671016:8:1220:20260508,10:56:00,10:57:00,StopPoint:OCETrain TER-87581751,1,,0,0,
OCESN866609F1187_F:TER:FR:Line::6660e3b5-b253-43c4-9e58-ece4d79481bf::87581009:87671016:8:1220:20260514,10:56:00,10:57:00,StopPoint:OCETrain TER-87581751,1,,0,0,
OCESN866609F1187_F:TER:FR:Line::6660e3b5-b253-43c4-9e58-ece4d79481bf::87581009:87671016:10:1226:20260503,10:56:00,10:57:00,StopPoint:OCETrain TER-87581751,1,,0,0,
OCESN866609F1187_F:TER:FR:Line::6660e3b5-b253-43c4-9e58-ece4d79481bf::87581009:87671016:8:1221:20260522,10:51:00,10:52:00,StopPoint:OCETrain TER-87581751,1,,0,0,
OCESN866610F1187_F:TER:FR:Line::6660e3b5-b253-43c4-9e58-ece4d79481bf::87671016:87581009:8:1617:20260930,16:10:00,16:11:00,StopPoint:OCETrain TER-87581751,6,,0,0,
OCESN866610F1187_F:TER:FR:Line::6660e3b5-b253-43c4-9e58-ece4d79481bf::87671016:87581009:8:1617:20260904,16:10:00,16:11:00,StopPoint:OCETrain TER-87581751,6,,0,0,
OCESN866611F1187_F:TER:FR:Line::6660e3b5-b253-43c4-9e58-ece4d79481bf::87581009:87671016:10:1421:20260907,12:47:00,12:48:00,StopPoint:OCETrain TER-87581751,1,,0,0,
OCESN866611F1187_F:TER:FR:Line::6660e3b5-b253-43c4-9e58-ece4d79481bf::87581009:87671016:10:1423:20260928,12:47:00,12:48:00,StopPoint:OCETrain TER-87581751,1,,0,0,
OCESN866611F1187_F:TER:FR:Line::6660e3b5-b253-43c4-9e58-ece4d79481bf::87581009:87671016:10:1423:20260930,12:51:00,12:52:00,StopPoint:OCETrain TER-87581751,1,,0,0,
OCESN866611F1187_F:TER:FR:Line::6660e3b5-b253-43c4-9e58-ece4d79481bf::87581009:87671016:10:1420:20260927,12:51:00,12:52:00,StopPoint:OCETrain TER-87581751,1,,0,0,
OCESN866611F1187_F:TER:FR:Line::6660e3b5-b253-43c4-9e58-ece4d79481bf::87581009:87671016:10:1421:20260911,12:51:00,12:52:00,StopPoint:OCETrain TER-87581751,1,,0,0,
OCESN866612F1187_F:TER:FR:Line::6660e3b5-b253-43c4-9e58-ece4d79481bf::87671016:87581009:8:1716:20260904,17:09:00,17:10:00,StopPoint:OCETrain TER-87581751,6,,0,0,
OCESN866612F1187_F:TER:FR:Line::6660e3b5-b253-43c4-9e58-ece4d79481bf::87671016:87581009:8:1716:20260930,17:09:00,17:10:00,StopPoint:OCETrain TER-87581751,6,,0,0,
OCESN866612F1187_F:TER:FR:Line::6660e3b5-b253-43c4-9e58-ece4d79481bf::87671016:87581009:8:1716:20260927,17:09:00,17:10:00,StopPoint:OCETrain TER-87581751,6,,0,0,
OCESN866612F1187_F:TER:FR:Line::6660e3b5-b253-43c4-9e58-ece4d79481bf::87671016:87581009:8:1716:20260619,17:09:00,17:10:00,StopPoint:OCETrain TER-87581751,6,,0,0,
OCESN866612F1187_F:TER:FR:Line::6660e3b5-b253-43c4-9e58-ece4d79481bf::87671016:87581009:8:1716:20260906,17:09:00,17:10:00,StopPoint:OCETrain TER-87581751,6,,0,0,
OCESN866612F1187_F:TER:FR:Line::6660e3b5-b253-43c4-9e58-ece4d79481bf::87671016:87581009:8:1712:20260513,17:05:00,17:06:00,StopPoint:OCETrain TER-87581751,6,,0,0,
OCESN866613F1187_F:TER:FR:Line::6660e3b5-b253-43c4-9e58-ece4d79481bf::87581009:87671016:8:1610:20260930,14:45:00,14:46:00,StopPoint:OCETrain TER-87581751,1,,0,0,
OCESN866613F1187_F:TER:FR:Line::6660e3b5-b253-43c4-9e58-ece4d79481bf::87581009:87671016:8:1610:20260522,14:45:00,14:46:00,StopPoint:OCETrain TER-87581751,1,,0,0,
OCESN866613F1187_F:TER:FR:Line::6660e3b5-b253-43c4-9e58-ece4d79481bf::87581009:87671016:8:1606:20260513,14:41:00,14:42:00,StopPoint:OCETrain TER-87581751,1,,0,0,
OCESN866614F1187_F:TER:FR:Line::6660e3b5-b253-43c4-9e58-ece4d79481bf::87671016:87581009:10:1932:20260905,19:25:00,19:26:00,StopPoint:OCETrain TER-87581751,8,,0,0,
OCESN866614F1187_F:TER:FR:Line::6660e3b5-b253-43c4-9e58-ece4d79481bf::87671016:87581009:10:1932:20260904,19:25:00,19:26:00,StopPoint:OCETrain TER-87581751,8,,0,0,
OCESN866614F1187_F:TER:FR:Line::6660e3b5-b253-43c4-9e58-ece4d79481bf::87671016:87581009:10:1932:20260930,19:25:00,19:26:00,StopPoint:OCETrain TER-87581751,8,,0,0,
OCESN866614F1187_F:TER:FR:Line::6660e3b5-b253-43c4-9e58-ece4d79481bf::87671016:87581009:10:1932:20260926,19:25:00,19:26:00,StopPoint:OCETrain TER-87581751,8,,0,0,
OCESN866614F1187_F:TER:FR:Line::6660e3b5-b253-43c4-9e58-ece4d79481bf::87671016:87581009:10:1932:20260620,19:25:00,19:26:00,StopPoint:OCETrain TER-87581751,8,,0,0,
OCESN866615F1187_F:TER:FR:Line::6660e3b5-b253-43c4-9e58-ece4d79481bf::87581009:87671016:8:1716:20260927,15:50:00,15:51:00,StopPoint:OCETrain TER-87581751,1,,0,0,
OCESN866616F1187_F:TER:FR:Line::6660e3b5-b253-43c4-9e58-ece4d79481bf::87671016:87581009:10:2022:20260619,20:15:00,20:16:00,StopPoint:OCETrain TER-87581751,8,,0,0,
OCESN866616F1187_F:TER:FR:Line::6660e3b5-b253-43c4-9e58-ece4d79481bf::87671016:87581009:10:2022:20260904,20:15:00,20:16:00,StopPoint:OCETrain TER-87581751,8,,0,0,
OCESN866616F1187_F:TER:FR:Line::6660e3b5-b253-43c4-9e58-ece4d79481bf::87671016:87581009:10:2023:20260930,20:16:00,20:17:00,StopPoint:OCETrain TER-87581751,8,,0,0,
OCESN866616F1187_F:TER:FR:Line::6660e3b5-b253-43c4-9e58-ece4d79481bf::87671016:87581009:10:2023:20260522,20:16:00,20:17:00,StopPoint:OCETrain TER-87581751,8,,0,0,
OCESN866617F1187_F:TER:FR:Line::6660e3b5-b253-43c4-9e58-ece4d79481bf::87581009:87671016:10:1824:20260930,16:51:00,16:52:00,StopPoint:OCETrain TER-87581751,1,,0,0,
OCESN866617F1187_F:TER:FR:Line::6660e3b5-b253-43c4-9e58-ece4d79481bf::87581009:87671016:10:1826:20260904,16:51:00,16:52:00,StopPoint:OCETrain TER-87581751,1,,0,0,
OCESN866618F1187_F:TER:FR:Line::6660e3b5-b253-43c4-9e58-ece4d79481bf::87671016:87581009:8:2122:20260621,21:15:00,21:16:00,StopPoint:OCETrain TER-87581751,6,,0,0,
OCESN866618F1187_F:TER:FR:Line::6660e3b5-b253-43c4-9e58-ece4d79481bf::87671016:87581009:8:2122:20260906,21:15:00,21:16:00,StopPoint:OCETrain TER-87581751,6,,0,0,
OCESN866618F1187_F:TER:FR:Line::6660e3b5-b253-43c4-9e58-ece4d79481bf::87671016:87581009:8:2122:20260927,21:15:00,21:16:00,StopPoint:OCETrain TER-87581751,6,,0,0,
OCESN866618F1187_F:TER:FR:Line::6660e3b5-b253-43c4-9e58-ece4d79481bf::87671016:87581009:8:2122:20260517,21:15:00,21:16:00,StopPoint:OCETrain TER-87581751,6,,0,0,
OCESN866619F1187_F:TER:FR:Line::6660e3b5-b253-43c4-9e58-ece4d79481bf::87581009:87671016:8:1914:20260930,17:45:00,17:46:00,StopPoint:OCETrain TER-87581751,1,,0,0,
OCESN866619F1187_F:TER:FR:Line::6660e3b5-b253-43c4-9e58-ece4d79481bf::87581009:87671016:8:1914:20260522,17:45:00,17:46:00,StopPoint:OCETrain TER-87581751,1,,0,0,
OCESN866620F1187_F:TER:FR:Line::6660e3b5-b253-43c4-9e58-ece4d79481bf::87671016:87581009:8:2230:20260619,22:22:00,22:23:00,StopPoint:OCETrain TER-87581751,6,,0,0,
OCESN866620F1187_F:TER:FR:Line::6660e3b5-b253-43c4-9e58-ece4d79481bf::87671016:87581009:8:2230:20260904,22:22:00,22:23:00,StopPoint:OCETrain TER-87581751,6,,0,0,
OCESN866620F1187_F:TER:FR:Line::6660e3b5-b253-43c4-9e58-ece4d79481bf::87671016:87581009:8:2230:20260930,22:22:00,22:23:00,StopPoint:OCETrain TER-87581751,6,,0,0,
OCESN866620F1187_F:TER:FR:Line::6660e3b5-b253-43c4-9e58-ece4d79481bf::87671016:87581009:8:2230:20260522,22:22:00,22:23:00,StopPoint:OCETrain TER-87581751,6,,0,0,
OCESN866621F1187_F:TER:FR:Line::6660e3b5-b253-43c4-9e58-ece4d79481bf::87581009:87671016:8:2115:20260926,19:47:00,19:48:00,StopPoint:OCETrain TER-87581751,1,,0,0,
OCESN866621F1187_F:TER:FR:Line::6660e3b5-b253-43c4-9e58-ece4d79481bf::87581009:87671016:8:2115:20260930,19:47:00,19:48:00,StopPoint:OCETrain TER-87581751,1,,0,0,
OCESN866622F1187_F:TER:FR:Line::6660e3b5-b253-43c4-9e58-ece4d79481bf::87671016:87581009:8:1036:20260926,10:29:00,10:30:00,StopPoint:OCETrain TER-87581751,6,,0,0,
OCESN866622F1187_F:TER:FR:Line::6660e3b5-b253-43c4-9e58-ece4d79481bf::87671016:87581009:8:1036:20260905,10:29:00,10:30:00,StopPoint:OCETrain TER-87581751,6,,0,0,
OCESN866623F1187_F:TER:FR:Line::6660e3b5-b253-43c4-9e58-ece4d79481bf::87581009:87671016:8:2158:20260927,20:34:00,20:35:00,StopPoint:OCETrain TER-87581751,1,,0,0,
OCESN866623F1187_F:TER:FR:Line::6660e3b5-b253-43c4-9e58-ece4d79481bf::87581009:87671016:8:2200:20260517,20:36:00,20:37:00,StopPoint:OCETrain TER-87581751,1,,0,0,
OCESN866624F1187_F:TER:FR:Line::6660e3b5-b253-43c4-9e58-ece4d79481bf::87671016:87581009:8:1916:20260906,19:09:00,19:10:00,StopPoint:OCETrain TER-87581751,6,,0,0,
OCESN866624F1187_F:TER:FR:Line::6660e3b5-b253-43c4-9e58-ece4d79481bf::87671016:87581009:8:1916:20260927,19:09:00,19:10:00,StopPoint:OCETrain TER-87581751,6,,0,0,
OCESN866624F1187_F:TER:FR:Line::6660e3b5-b253-43c4-9e58-ece4d79481bf::87671016:87581009:8:1916:20260517,19:09:00,19:10:00,StopPoint:OCETrain TER-87581751,6,,0,0,
OCESN866629F1187_F:TER:FR:Line::6660e3b5-b253-43c4-9e58-ece4d79481bf::87581009:87671016:10:1918:20260927,17:45:00,17:46:00,StopPoint:OCETrain TER-87581751,1,,0,0,
OCESN866629F1187_F:TER:FR:Line::6660e3b5-b253-43c4-9e58-ece4d79481bf::87581009:87671016:10:1918:20260517,17:45:00,17:46:00,StopPoint:OCETrain TER-87581751,1,,0,0,
OCESN866700F1187_F:TER:FR:Line::e0a06da9-7515-46e3-a790-975f9883185c::87582775:87581009:11:620:20260930,06:09:00,06:10:00,StopPoint:OCETrain TER-87581835,8,,0,0,
OCESN866700F1187_F:TER:FR:Line::e0a06da9-7515-46e3-a790-975f9883185c::87582775:87581009:11:620:20260930,06:15:00,06:16:00,StopPoint:OCETrain TER-87581801,9,,0,0,
OCESN866701F1187_F:TER:FR:Line::e0a06da9-7515-46e3-a790-975f9883185c::87581009:87582775:11:723:20260930,06:35:00,06:36:00,StopPoint:OCETrain TER-87581801,1,,0,0,
OCESN866701F1187_F:TER:FR:Line::e0a06da9-7515-46e3-a790-975f9883185c::87581009:87582775:11:723:20260930,06:43:00,06:44:00,StopPoint:OCETrain TER-87581835,2,,0,0,
OCESN866702F1187_F:TER:FR:Line::e0a06da9-7515-46e3-a790-975f9883185c::87582775:87581009:11:657:20260926,06:45:00,06:46:00,StopPoint:OCETrain TER-87581835,8,,0,0,
OCESN866702F1187_F:TER:FR:Line::e0a06da9-7515-46e3-a790-975f9883185c::87582775:87581009:11:657:20260926,06:51:00,06:52:00,StopPoint:OCETrain TER-87581801,9,,0,0,
OCESN866703F1187_F:TER:FR:Line::e0a06da9-7515-46e3-a790-975f9883185c::87581009:87582775:11:833:20260930,07:43:00,07:44:00,StopPoint:OCETrain TER-87581801,1,,0,0,
OCESN866703F1187_F:TER:FR:Line::e0a06da9-7515-46e3-a790-975f9883185c::87581009:87582775:11:833:20260930,07:47:00,07:48:00,StopPoint:OCETrain TER-87581835,2,,0,0,
OCESN866704F1187_F:TER:FR:Line::e0a06da9-7515-46e3-a790-975f9883185c::87582775:87581009:11:728:20260930,07:23:00,07:24:00,StopPoint:OCETrain TER-87581801,9,,0,0,
OCESN866705F1187_F:TER:FR:Line::e0a06da9-7515-46e3-a790-975f9883185c::87581009:87582775:11:803:20260926,07:12:00,07:13:00,StopPoint:OCETrain TER-87581801,1,,0,0,
OCESN866705F1187_F:TER:FR:Line::e0a06da9-7515-46e3-a790-975f9883185c::87581009:87582775:11:803:20260926,07:16:00,07:17:00,StopPoint:OCETrain TER-87581835,2,,0,0,
OCESN866706F1187_F:TER:FR:Line::e0a06da9-7515-46e3-a790-975f9883185c::87582775:87581009:11:754:20260930,07:43:00,07:44:00,StopPoint:OCETrain TER-87581835,8,,0,0,
OCESN866706F1187_F:TER:FR:Line::e0a06da9-7515-46e3-a790-975f9883185c::87582775:87581009:11:754:20260930,07:49:00,07:50:00,StopPoint:OCETrain TER-87581801,9,,0,0,
OCESN866707F1187_F:TER:FR:Line::e0a06da9-7515-46e3-a790-975f9883185c::87581009:87582775:11:926:20260828,08:38:00,08:39:00,StopPoint:OCETrain TER-87581801,1,,0,0,
OCESN866707F1187_F:TER:FR:Line::e0a06da9-7515-46e3-a790-975f9883185c::87581009:87582775:11:935:20260930,08:45:00,08:46:00,StopPoint:OCETrain TER-87581801,1,,0,0,
OCESN866708F1187_F:TER:FR:Line::e0a06da9-7515-46e3-a790-975f9883185c::87582775:87581009:11:825:20260828,08:20:00,08:20:00,StopPoint:OCETrain TER-87581801,9,,0,0,
OCESN866708F1187_F:TER:FR:Line::e0a06da9-7515-46e3-a790-975f9883185c::87582775:87581009:11:827:20260930,08:20:00,08:21:00,StopPoint:OCETrain TER-87581801,9,,0,0,
OCESN866709F1187_F:TER:FR:Line::e0a06da9-7515-46e3-a790-975f9883185c::87581009:87582775:11:1038:20260930,09:48:00,09:49:00,StopPoint:OCETrain TER-87581801,1,,0,0,
OCESN866709F1187_F:TER:FR:Line::e0a06da9-7515-46e3-a790-975f9883185c::87581009:87582775:11:1038:20260930,09:52:00,09:53:00,StopPoint:OCETrain TER-87581835,2,,0,0,
OCESN866710F1187_F:TER:FR:Line::e0a06da9-7515-46e3-a790-975f9883185c::87582775:87581009:9:904:20260930,08:53:00,08:54:00,StopPoint:OCETrain TER-87581835,6,,0,0,
OCESN866710F1187_F:TER:FR:Line::e0a06da9-7515-46e3-a790-975f9883185c::87582775:87581009:9:904:20260930,08:59:00,09:00:00,StopPoint:OCETrain TER-87581801,7,,0,0,
OCESN866711F1187_F:TER:FR:Line::e0a06da9-7515-46e3-a790-975f9883185c::87581009:87582775:11:1021:20260714,09:31:00,09:32:00,StopPoint:OCETrain TER-87581801,1,,0,0,
OCESN866711F1187_F:TER:FR:Line::e0a06da9-7515-46e3-a790-975f9883185c::87581009:87582775:11:1026:20260927,09:36:00,09:37:00,StopPoint:OCETrain TER-87581801,1,,0,0,
OCESN866712F1187_F:TER:FR:Line::e0a06da9-7515-46e3-a790-975f9883185c::87582775:87581009:11:910:20260927,08:58:00,08:59:00,StopPoint:OCETrain TER-87581835,8,,0,0,
OCESN866712F1187_F:TER:FR:Line::e0a06da9-7515-46e3-a790-975f9883185c::87582775:87581009:11:910:20260927,09:04:00,09:05:00,StopPoint:OCETrain TER-87581801,9,,0,0,
OCESN866712F1187_F:TER:FR:Line::e0a06da9-7515-46e3-a790-975f9883185c::87582775:87581009:11:907:20260926,08:55:00,08:56:00,StopPoint:OCETrain TER-87581835,8,,0,0,
OCESN866712F1187_F:TER:FR:Line::e0a06da9-7515-46e3-a790-975f9883185c::87582775:87581009:11:907:20260926,09:01:00,09:02:00,StopPoint:OCETrain TER-87581801,9,,0,0,
OCESN866713F1187_F:TER:FR:Line::e0a06da9-7515-46e3-a790-975f9883185c::87581009:87582775:11:1147:20260930,10:57:00,10:58:00,StopPoint:OCETrain TER-87581801,1,,0,0,
OCESN866714F1187_F:TER:FR:Line::e0a06da9-7515-46e3-a790-975f9883185c::87582775:87581009:11:1007:20260930,09:56:00,09:57:00,StopPoint:OCETrain TER-87581835,8,,0,0,
OCESN866714F1187_F:TER:FR:Line::e0a06da9-7515-46e3-a790-975f9883185c::87582775:87581009:11:1007:20260930,10:02:00,10:03:00,StopPoint:OCETrain TER-87581801,9,,0,0,
OCESN866715F1187_F:TER:FR:Line::e0a06da9-7515-46e3-a790-975f9883185c::87581009:87582775:11:1349:20260930,12:59:00,13:00:00,StopPoint:OCETrain TER-87581801,1,,0,0,
OCESN866715F1187_F:TER:FR:Line::e0a06da9-7515-46e3-a790-975f9883185c::87581009:87582775:11:1349:20260930,13:03:00,13:04:00,StopPoint:OCETrain TER-87581835,2,,0,0,
OCESN866716F1187_F:TER:FR:Line::e0a06da9-7515-46e3-a790-975f9883185c::87582775:87581009:11:1115:20260930,11:04:00,11:05:00,StopPoint:OCETrain TER-87581835,8,,0,0,
OCESN866716F1187_F:TER:FR:Line::e0a06da9-7515-46e3-a790-975f9883185c::87582775:87581009:11:1115:20260930,11:10:00,11:11:00,StopPoint:OCETrain TER-87581801,9,,0,0,
OCESN866717F1187_F:TER:FR:Line::e0a06da9-7515-46e3-a790-975f9883185c::87581009:87582775:11:1352:20260927,13:02:00,13:03:00,StopPoint:OCETrain TER-87581801,1,,0,0,
OCESN866718F1187_F:TER:FR:Line::e0a06da9-7515-46e3-a790-975f9883185c::87582775:87581009:11:1130:20260927,11:24:00,11:25:00,StopPoint:OCETrain TER-87581801,9,,0,0,
OCESN866719F1187_F:TER:FR:Line::e0a06da9-7515-46e3-a790-975f9883185c::87581009:87582775:11:1521:20260930,14:32:00,14:33:00,StopPoint:OCETrain TER-87581801,1,,0,0,
OCESN866719F1187_F:TER:FR:Line::e0a06da9-7515-46e3-a790-975f9883185c::87581009:87582775:11:1521:20260930,14:36:00,14:37:00,StopPoint:OCETrain TER-87581835,2,,0,0,
OCESN866720F1187_F:TER:FR:Line::e0a06da9-7515-46e3-a790-975f9883185c::87582775:87581009:11:1317:20260930,13:12:00,13:13:00,StopPoint:OCETrain TER-87581801,9,,0,0,
OCESN866721F1187_F:TER:FR:Line::e0a06da9-7515-46e3-a790-975f9883185c::87581009:87582775:11:1553:20260927,15:03:00,15:04:00,StopPoint:OCETrain TER-87581801,1,,0,0,
OCESN866723F1187_F:TER:FR:Line::e0a06da9-7515-46e3-a790-975f9883185c::87581009:87582775:11:1637:20260930,15:47:00,15:48:00,StopPoint:OCETrain TER-87581801,1,,0,0,
OCESN866724F1187_F:TER:FR:Line::e0a06da9-7515-46e3-a790-975f9883185c::87582775:87581009:11:1414:20260930,14:02:00,14:03:00,StopPoint:OCETrain TER-87581835,8,,0,0,
OCESN866724F1187_F:TER:FR:Line::e0a06da9-7515-46e3-a790-975f9883185c::87582775:87581009:11:1414:20260930,14:09:00,14:10:00,StopPoint:OCETrain TER-87581801,9,,0,0,
OCESN866725F1187_F:TER:FR:Line::e0a06da9-7515-46e3-a790-975f9883185c::87581009:87582775:11:1749:20260930,16:59:00,17:00:00,StopPoint:OCETrain TER-87581801,1,,0,0,
OCESN866725F1187_F:TER:FR:Line::e0a06da9-7515-46e3-a790-975f9883185c::87581009:87582775:11:1749:20260930,17:03:00,17:04:00,StopPoint:OCETrain TER-87581835,2,,0,0,
OCESN866726F1187_F:TER:FR:Line::e0a06da9-7515-46e3-a790-975f9883185c::87582775:87581009:11:1536:20260927,15:30:00,15:31:00,StopPoint:OCETrain TER-87581801,9,,0,0,
OCESN866728F1187_F:TER:FR:Line::e0a06da9-7515-46e3-a790-975f9883185c::87582775:87581009:11:1711:20260930,17:00:00,17:01:00,StopPoint:OCETrain TER-87581835,8,,0,0,
OCESN866728F1187_F:TER:FR:Line::e0a06da9-7515-46e3-a790-975f9883185c::87582775:87581009:11:1711:20260930,17:06:00,17:07:00,StopPoint:OCETrain TER-87581801,9,,0,0,
OCESN866729F1187_F:TER:FR:Line::e0a06da9-7515-46e3-a790-975f9883185c::87581009:87582775:11:1833:20260930,17:43:00,17:44:00,StopPoint:OCETrain TER-87581801,1,,0,0,
OCESN866730F1187_F:TER:FR:Line::e0a06da9-7515-46e3-a790-975f9883185c::87582775:87581009:10:1813:20260930,18:07:00,18:08:00,StopPoint:OCETrain TER-87581801,8,,0,0,
OCESN866731F1187_F:TER:FR:Line::e0a06da9-7515-46e3-a790-975f9883185c::87581009:87582775:11:1931:20260930,18:42:00,18:43:00,StopPoint:OCETrain TER-87581801,1,,0,0,
OCESN866731F1187_F:TER:FR:Line::e0a06da9-7515-46e3-a790-975f9883185c::87581009:87582775:11:1931:20260930,18:46:00,18:47:00,StopPoint:OCETrain TER-87581835,2,,0,0,
OCESN866733F1187_F:TER:FR:Line::e0a06da9-7515-46e3-a790-975f9883185c::87581009:87582775:11:2029:20260927,19:42:00,19:43:00,StopPoint:OCETrain TER-87581801,1,,0,0,
OCESN866733F1187_F:TER:FR:Line::e0a06da9-7515-46e3-a790-975f9883185c::87581009:87582775:11:2030:20260930,19:43:00,19:44:00,StopPoint:OCETrain TER-87581801,1,,0,0,
OCESN866734F1187_F:TER:FR:Line::e0a06da9-7515-46e3-a790-975f9883185c::87582775:87581009:11:2018:20260930,20:06:00,20:07:00,StopPoint:OCETrain TER-87581835,8,,0,0,
OCESN866734F1187_F:TER:FR:Line::e0a06da9-7515-46e3-a790-975f9883185c::87582775:87581009:11:2018:20260930,20:13:00,20:14:00,StopPoint:OCETrain TER-87581801,9,,0,0,
OCESN866735F1187_F:TER:FR:Line::e0a06da9-7515-46e3-a790-975f9883185c::87581009:87582775:11:2127:20260930,20:37:00,20:38:00,StopPoint:OCETrain TER-87581801,1,,0,0,
OCESN866735F1187_F:TER:FR:Line::e0a06da9-7515-46e3-a790-975f9883185c::87581009:87582775:11:2127:20260930,20:41:00,20:42:00,StopPoint:OCETrain TER-87581835,2,,0,0,
OCESN866736F1187_F:TER:FR:Line::e0a06da9-7515-46e3-a790-975f9883185c::87582775:87581009:11:2129:20260930,21:18:00,21:19:00,StopPoint:OCETrain TER-87581835,8,,0,0,
OCESN866736F1187_F:TER:FR:Line::e0a06da9-7515-46e3-a790-975f9883185c::87582775:87581009:11:2129:20260930,21:24:00,21:25:00,StopPoint:OCETrain TER-87581801,9,,0,0,
OCESN866737F1187_F:TER:FR:Line::e0a06da9-7515-46e3-a790-975f9883185c::87581009:87582775:11:2245:20260926,21:55:00,21:56:00,StopPoint:OCETrain TER-87581801,1,,0,0,
OCESN866737F1187_F:TER:FR:Line::e0a06da9-7515-46e3-a790-975f9883185c::87581009:87582775:11:2245:20260926,21:59:00,22:00:00,StopPoint:OCETrain TER-87581835,2,,0,0,
OCESN866737F1187_F:TER:FR:Line::e0a06da9-7515-46e3-a790-975f9883185c::87581009:87582775:11:2211:20260927,21:21:00,21:22:00,StopPoint:OCETrain TER-87581801,1,,0,0,
OCESN866737F1187_F:TER:FR:Line::e0a06da9-7515-46e3-a790-975f9883185c::87581009:87582775:11:2211:20260927,21:25:00,21:26:00,StopPoint:OCETrain TER-87581835,2,,0,0,
OCESN866739F1187_F:TER:FR:Line::e0a06da9-7515-46e3-a790-975f9883185c::87581009:87582775:11:1434:20260930,13:43:00,13:44:00,StopPoint:OCETrain TER-87581801,1,,0,0,
OCESN866740F1187_F:TER:FR:Line::e0a06da9-7515-46e3-a790-975f9883185c::87582775:87581009:11:1227:20260930,12:17:00,12:18:00,StopPoint:OCETrain TER-87581835,8,,0,0,
OCESN866740F1187_F:TER:FR:Line::e0a06da9-7515-46e3-a790-975f9883185c::87582775:87581009:11:1227:20260930,12:23:00,12:24:00,StopPoint:OCETrain TER-87581801,9,,0,0,
OCESN866741F1187_F:TER:FR:Line::e0a06da9-7515-46e3-a790-975f9883185c::87581009:87582775:11:1233:20260927,11:43:00,11:44:00,StopPoint:OCETrain TER-87581801,1,,0,0,
OCESN866741F1187_F:TER:FR:Line::e0a06da9-7515-46e3-a790-975f9883185c::87581009:87582775:11:1233:20260927,11:47:00,11:48:00,StopPoint:OCETrain TER-87581835,2,,0,0,
OCESN866742F1187_F:TER:FR:Line::e0a06da9-7515-46e3-a790-975f9883185c::87582775:87581009:11:1336:20260926,13:30:00,13:31:00,StopPoint:OCETrain TER-87581801,9,,0,0,
OCESN866743F1187_F:TER:FR:Line::e0a06da9-7515-46e3-a790-975f9883185c::87581009:87582775:11:1238:20260930,11:48:00,11:49:00,StopPoint:OCETrain TER-87581801,1,,0,0,
OCESN866743F1187_F:TER:FR:Line::e0a06da9-7515-46e3-a790-975f9883185c::87581009:87582775:11:1238:20260930,11:52:00,11:53:00,StopPoint:OCETrain TER-87581835,2,,0,0,
OCESN866744F1187_F:TER:FR:Line::e0a06da9-7515-46e3-a790-975f9883185c::87582775:87581009:11:1517:20260930,15:05:00,15:06:00,StopPoint:OCETrain TER-87581835,8,,0,0,
OCESN866744F1187_F:TER:FR:Line::e0a06da9-7515-46e3-a790-975f9883185c::87582775:87581009:11:1517:20260930,15:12:00,15:13:00,StopPoint:OCETrain TER-87581801,9,,0,0,
OCESN866745F1187_F:TER:FR:Line::e0a06da9-7515-46e3-a790-975f9883185c::87581009:87582775:11:1520:20260828,14:30:00,14:31:00,StopPoint:OCETrain TER-87581801,1,,0,0,
OCESN866745F1187_F:TER:FR:Line::e0a06da9-7515-46e3-a790-975f9883185c::87581009:87582775:11:1520:20260828,14:34:00,14:35:00,StopPoint:OCETrain TER-87581835,2,,0,0,
OCESN866746F1187_F:TER:FR:Line::e0a06da9-7515-46e3-a790-975f9883185c::87582775:87581009:11:1923:20260926,19:18:00,19:19:00,StopPoint:OCETrain TER-87581801,9,,0,0,
OCESN866747F1187_F:TER:FR:Line::e0a06da9-7515-46e3-a790-975f9883185c::87581009:87582775:11:1820:20260926,17:30:00,17:31:00,StopPoint:OCETrain TER-87581801,1,,0,0,
OCESN866860F1187_F:TER:FR:Line::e0a06da9-7515-46e3-a790-975f9883185c::87586545:87581009:14:641:20260930,06:36:00,06:37:00,StopPoint:OCETrain TER-87581801,12,,0,0,
OCESN866864F1187_F:TER:FR:Line::e0a06da9-7515-46e3-a790-975f9883185c::87586545:87581009:17:834:20260926,08:29:00,08:30:00,StopPoint:OCETrain TER-87581801,15,,0,0,
OCESN866865F1187_F:TER:FR:Line::e0a06da9-7515-46e3-a790-975f9883185c::87581009:87586545:19:1253:20260930,11:29:00,11:30:00,StopPoint:OCETrain TER-87581801,1,,0,0,
OCESN866867F1187_F:TER:FR:Line::e0a06da9-7515-46e3-a790-975f9883185c::87581009:87586545:19:1358:20260926,12:25:00,12:26:00,StopPoint:OCETrain TER-87581801,1,,0,0,
OCESN866870F1187_F:TER:FR:Line::e0a06da9-7515-46e3-a790-975f9883185c::87586545:87581009:19:1337:20260927,13:25:00,13:26:00,StopPoint:OCETrain TER-87581835,16,,0,0,
OCESN866870F1187_F:TER:FR:Line::e0a06da9-7515-46e3-a790-975f9883185c::87586545:87581009:19:1337:20260927,13:31:00,13:32:00,StopPoint:OCETrain TER-87581801,17,,0,0,
OCESN866871F1187_F:TER:FR:Line::e0a06da9-7515-46e3-a790-975f9883185c::87581009:87586545:19:1756:20260927,16:33:00,16:34:00,StopPoint:OCETrain TER-87581801,1,,0,0,
OCESN866871F1187_F:TER:FR:Line::e0a06da9-7515-46e3-a790-975f9883185c::87581009:87586545:19:1756:20260927,16:37:00,16:38:00,StopPoint:OCETrain TER-87581835,2,,0,0,
OCESN866872F1187_F:TER:FR:Line::e0a06da9-7515-46e3-a790-975f9883185c::87586545:87581009:18:1433:20260930,14:27:00,14:28:00,StopPoint:OCETrain TER-87581801,16,,0,0,
OCESN866874F1187_F:TER:FR:Line::e0a06da9-7515-46e3-a790-975f9883185c::87586545:87581009:19:1536:20260926,15:30:00,15:31:00,StopPoint:OCETrain TER-87581801,17,,0,0,
OCESN866876F1187_F:TER:FR:Line::e0a06da9-7515-46e3-a790-975f9883185c::87586545:87581009:16:1915:20260930,19:01:00,19:02:00,StopPoint:OCETrain TER-87581835,13,,0,0,
OCESN866876F1187_F:TER:FR:Line::e0a06da9-7515-46e3-a790-975f9883185c::87586545:87581009:16:1915:20260930,19:10:00,19:11:00,StopPoint:OCETrain TER-87581801,14,,0,0,
OCESN866877F1187_F:TER:FR:Line::e0a06da9-7515-46e3-a790-975f9883185c::87581009:87586545:19:2100:20260926,19:36:00,19:37:00,StopPoint:OCETrain TER-87581801,1,,0,0,
OCESN866878F1187_F:TER:FR:Line::e0a06da9-7515-46e3-a790-975f9883185c::87586545:87581009:19:1931:20260517,19:20:00,19:21:00,StopPoint:OCETrain TER-87581835,16,,0,0,
OCESN866878F1187_F:TER:FR:Line::e0a06da9-7515-46e3-a790-975f9883185c::87586545:87581009:19:1931:20260517,19:26:00,19:27:00,StopPoint:OCETrain TER-87581801,17,,0,0,
OCESN866878F1187_F:TER:FR:Line::e0a06da9-7515-46e3-a790-975f9883185c::87586545:87581009:19:1933:20260927,19:22:00,19:23:00,StopPoint:OCETrain TER-87581835,16,,0,0,
OCESN866878F1187_F:TER:FR:Line::e0a06da9-7515-46e3-a790-975f9883185c::87586545:87581009:19:1933:20260927,19:28:00,19:29:00,StopPoint:OCETrain TER-87581801,17,,0,0,
OCESN866879F1187_F:TER:FR:Line::e0a06da9-7515-46e3-a790-975f9883185c::87581009:87586545:19:2205:20260927,20:42:00,20:43:00,StopPoint:OCETrain TER-87581801,1,,0,0,
OCESN866879F1187_F:TER:FR:Line::e0a06da9-7515-46e3-a790-975f9883185c::87581009:87586545:19:2205:20260927,20:46:00,20:47:00,StopPoint:OCETrain TER-87581835,2,,0,0,
OCESN866880F1187_F:TER:FR:Line::e0a06da9-7515-46e3-a790-975f9883185c::87586545:87581009:18:728:20260828,07:22:00,07:23:00,StopPoint:OCETrain TER-87581801,16,,0,0,
OCESN866883F1187_F:TER:FR:Line::e0a06da9-7515-46e3-a790-975f9883185c::87581009:87586545:19:1914:20260828,17:47:00,17:48:00,StopPoint:OCETrain TER-87581801,1,,0,0,
OCESN866885F1187_F:TER:FR:Line::e0a06da9-7515-46e3-a790-975f9883185c::87581009:87586545:14:1954:20260828,18:43:00,18:44:00,StopPoint:OCETrain TER-87581801,1,,0,0,
OCESN866885F1187_F:TER:FR:Line::e0a06da9-7515-46e3-a790-975f9883185c::87581009:87586545:14:1954:20260828,18:47:00,18:48:00,StopPoint:OCETrain TER-87581835,2,,0,0,
OCESN867100F1187_F:TER:FR:Line::9227d255-a1c8-4de7-b810-923df421bfc7::87581009:87671008:15:1222:20260927,09:25:00,09:26:00,StopPoint:OCETrain TER-87581751,1,,0,0,
OCESN867100F1187_F:TER:FR:Line::9227d255-a1c8-4de7-b810-923df421bfc7::87581009:87671008:15:1223:20260719,09:25:00,09:26:00,StopPoint:OCETrain TER-87581751,1,,0,0,
OCESN867100F1187_F:TER:FR:Line::9227d255-a1c8-4de7-b810-923df421bfc7::87581009:87671008:15:1222:20260503,09:25:00,09:26:00,StopPoint:OCETrain TER-87581751,1,,0,0,
OCESN867102F1187_F:TER:FR:Line::b8b05af7-0857-4c78-982b-5adcdd0aa039::87581009:87672006:11:1935:20260530,17:24:00,17:25:00,StopPoint:OCETrain TER-87581751,1,,0,0,
OCESN867102F1187_F:TER:FR:Line::b8b05af7-0857-4c78-982b-5adcdd0aa039::87581009:87672006:11:1938:20260514,17:24:00,17:25:00,StopPoint:OCETrain TER-87581751,1,,0,0,
OCESN867104F1187_F:TER:FR:Line::b8b05af7-0857-4c78-982b-5adcdd0aa039::87581009:87672006:11:2142:20260930,19:29:00,19:30:00,StopPoint:OCETrain TER-87581751,1,,0,0,
OCESN867104F1187_F:TER:FR:Line::b8b05af7-0857-4c78-982b-5adcdd0aa039::87581009:87672006:11:2142:20260512,19:29:00,19:30:00,StopPoint:OCETrain TER-87581751,1,,0,0,
OCESN867106F1187_F:TER:FR:Line::b8b05af7-0857-4c78-982b-5adcdd0aa039::87581009:87671008:15:2226:20260828,19:29:00,19:30:00,StopPoint:OCETrain TER-87581751,1,,0,0,
OCESN867106F1187_F:TER:FR:Line::b8b05af7-0857-4c78-982b-5adcdd0aa039::87581009:87671008:15:2227:20260724,19:29:00,19:30:00,StopPoint:OCETrain TER-87581751,1,,0,0,
OCESN867108F1187_F:TER:FR:Line::b8b05af7-0857-4c78-982b-5adcdd0aa039::87671008:87581009:15:816:20260928,08:09:00,08:10:00,StopPoint:OCETrain TER-87581751,13,,0,0,
OCESN867108F1187_F:TER:FR:Line::b8b05af7-0857-4c78-982b-5adcdd0aa039::87671008:87581009:15:816:20260831,08:09:00,08:10:00,StopPoint:OCETrain TER-87581751,13,,0,0,
OCESN867108F1187_F:TER:FR:Line::b8b05af7-0857-4c78-982b-5adcdd0aa039::87671008:87581009:15:816:20260504,08:09:00,08:10:00,StopPoint:OCETrain TER-87581751,13,,0,0,
OCESN867108F1187_F:TER:FR:Line::b8b05af7-0857-4c78-982b-5adcdd0aa039::87671008:87581009:15:816:20260715,08:09:00,08:10:00,StopPoint:OCETrain TER-87581751,13,,0,0,
OCESN867108F1187_F:TER:FR:Line::b8b05af7-0857-4c78-982b-5adcdd0aa039::87671008:87581009:15:816:20260615,08:09:00,08:10:00,StopPoint:OCETrain TER-87581751,13,,0,0,
OCESN867110F1187_F:TER:FR:Line::b8b05af7-0857-4c78-982b-5adcdd0aa039::87672006:87581009:11:816:20260619,08:09:00,08:10:00,StopPoint:OCETrain TER-87581751,9,,0,0,
OCESN867110F1187_F:TER:FR:Line::b8b05af7-0857-4c78-982b-5adcdd0aa039::87672006:87581009:11:816:20260904,08:09:00,08:10:00,StopPoint:OCETrain TER-87581751,9,,0,0,
OCESN867110F1187_F:TER:FR:Line::b8b05af7-0857-4c78-982b-5adcdd0aa039::87672006:87581009:11:816:20260930,08:09:00,08:10:00,StopPoint:OCETrain TER-87581751,9,,0,0,
OCESN867110F1187_F:TER:FR:Line::b8b05af7-0857-4c78-982b-5adcdd0aa039::87672006:87581009:11:816:20260515,08:09:00,08:10:00,StopPoint:OCETrain TER-87581751,9,,0,0,
OCESN867112F1187_F:TER:FR:Line::9227d255-a1c8-4de7-b810-923df421bfc7::87671008:87581009:13:1049:20260906,10:42:00,10:43:00,StopPoint:OCETrain TER-87581751,11,,0,0,
OCESN867112F1187_F:TER:FR:Line::9227d255-a1c8-4de7-b810-923df421bfc7::87671008:87581009:13:1049:20260830,10:40:00,10:41:00,StopPoint:OCETrain TER-87581751,11,,0,0,
OCESN867112F1187_F:TER:FR:Line::9227d255-a1c8-4de7-b810-923df421bfc7::87671008:87581009:13:1049:20260711,10:39:00,10:40:00,StopPoint:OCETrain TER-87581751,11,,0,0,
OCESN867112F1187_F:TER:FR:Line::9227d255-a1c8-4de7-b810-923df421bfc7::87671008:87581009:13:1049:20260726,10:42:00,10:43:00,StopPoint:OCETrain TER-87581751,11,,0,0,
OCESN867112F1187_F:TER:FR:Line::9227d255-a1c8-4de7-b810-923df421bfc7::87671008:87581009:13:1049:20260927,10:41:00,10:42:00,StopPoint:OCETrain TER-87581751,11,,0,0,
OCESN867112F1187_F:TER:FR:Line::9227d255-a1c8-4de7-b810-923df421bfc7::87671008:87581009:13:1049:20260628,10:40:00,10:41:00,StopPoint:OCETrain TER-87581751,11,,0,0,
OCESN867112F1187_F:TER:FR:Line::9227d255-a1c8-4de7-b810-923df421bfc7::87671008:87581009:13:1049:20260621,10:39:00,10:40:00,StopPoint:OCETrain TER-87581751,11,,0,0,
OCESN867112F1187_F:TER:FR:Line::9227d255-a1c8-4de7-b810-923df421bfc7::87671008:87581009:13:1049:20260525,10:39:00,10:40:00,StopPoint:OCETrain TER-87581751,11,,0,0,
OCESN867112F1187_F:TER:FR:Line::9227d255-a1c8-4de7-b810-923df421bfc7::87671008:87581009:13:1049:20260514,10:39:00,10:40:00,StopPoint:OCETrain TER-87581751,11,,0,0,
OCESN867114F1187_F:TER:FR:Line::b8b05af7-0857-4c78-982b-5adcdd0aa039::87672006:87581009:9:2025:20260712,20:14:00,20:15:00,StopPoint:OCETrain TER-87581751,7,,0,0,
OCESN867114F1187_F:TER:FR:Line::b8b05af7-0857-4c78-982b-5adcdd0aa039::87672006:87581009:9:2037:20260906,20:26:00,20:27:00,StopPoint:OCETrain TER-87581751,7,,0,0,
OCESN867114F1187_F:TER:FR:Line::b8b05af7-0857-4c78-982b-5adcdd0aa039::87672006:87581009:9:2037:20260927,20:27:00,20:28:00,StopPoint:OCETrain TER-87581751,7,,0,0,
OCESN867114F1187_F:TER:FR:Line::b8b05af7-0857-4c78-982b-5adcdd0aa039::87672006:87581009:9:2037:20260621,20:26:00,20:27:00,StopPoint:OCETrain TER-87581751,7,,0,0,
OCESN867117F1187_F:TER:FR:Line::9227d255-a1c8-4de7-b810-923df421bfc7::87581009:87671008:15:2149:20260719,18:48:00,18:49:00,StopPoint:OCETrain TER-87581751,1,,0,0,
OCESN867117F1187_F:TER:FR:Line::9227d255-a1c8-4de7-b810-923df421bfc7::87581009:87671008:15:2148:20260927,18:48:00,18:49:00,StopPoint:OCETrain TER-87581751,1,,0,0,
OCESN867117F1187_F:TER:FR:Line::9227d255-a1c8-4de7-b810-923df421bfc7::87581009:87671008:15:2152:20260525,18:48:00,18:49:00,StopPoint:OCETrain TER-87581751,1,,0,0,
OCESN867201F1187_F:TER:FR:Line::b8b05af7-0857-4c78-982b-5adcdd0aa039::87672006:87581009:11:732:20260522,07:25:00,07:26:00,StopPoint:OCETrain TER-87581751,9,,0,0,
OCESN867201F1187_F:TER:FR:Line::b8b05af7-0857-4c78-982b-5adcdd0aa039::87672006:87581009:11:732:20260930,07:25:00,07:26:00,StopPoint:OCETrain TER-87581751,9,,0,0,
OCESN867201F1187_F:TER:FR:Line::b8b05af7-0857-4c78-982b-5adcdd0aa039::87672006:87581009:11:732:20260904,07:25:00,07:26:00,StopPoint:OCETrain TER-87581751,9,,0,0,
OCESN867201F1187_F:TER:FR:Line::b8b05af7-0857-4c78-982b-5adcdd0aa039::87672006:87581009:11:732:20260619,07:25:00,07:26:00,StopPoint:OCETrain TER-87581751,9,,0,0,
OCESN867201F1187_F:TER:FR:Line::b8b05af7-0857-4c78-982b-5adcdd0aa039::87672006:87581009:11:732:20260515,07:25:00,07:26:00,StopPoint:OCETrain TER-87581751,9,,0,0,
OCESN867203F1187_F:TER:FR:Line::9227d255-a1c8-4de7-b810-923df421bfc7::87672006:87581009:9:1042:20260828,10:35:00,10:36:00,StopPoint:OCETrain TER-87581751,7,,0,0,
OCESN867205F1187_F:TER:FR:Line::9227d255-a1c8-4de7-b810-923df421bfc7::87672006:87581009:9:1242:20260522,12:35:00,12:36:00,StopPoint:OCETrain TER-87581751,7,,0,0,
OCESN867205F1187_F:TER:FR:Line::9227d255-a1c8-4de7-b810-923df421bfc7::87672006:87581009:9:1245:20260930,12:38:00,12:39:00,StopPoint:OCETrain TER-87581751,7,,0,0,
OCESN867205F1187_F:TER:FR:Line::9227d255-a1c8-4de7-b810-923df421bfc7::87672006:87581009:9:1242:20260619,12:33:00,12:34:00,StopPoint:OCETrain TER-87581751,7,,0,0,
OCESN867205F1187_F:TER:FR:Line::9227d255-a1c8-4de7-b810-923df421bfc7::87672006:87581009:9:1242:20260904,12:35:00,12:36:00,StopPoint:OCETrain TER-87581751,7,,0,0,
OCESN867205F1187_F:TER:FR:Line::9227d255-a1c8-4de7-b810-923df421bfc7::87672006:87581009:9:1245:20260515,12:35:00,12:36:00,StopPoint:OCETrain TER-87581751,7,,0,0,
OCESN867206F1187_F:TER:FR:Line::b8b05af7-0857-4c78-982b-5adcdd0aa039::87581009:87671339:14:912:20260928,06:21:00,06:22:00,StopPoint:OCETrain TER-87581751,1,,0,0,
OCESN867206F1187_F:TER:FR:Line::b8b05af7-0857-4c78-982b-5adcdd0aa039::87581009:87671339:14:912:20260511,06:21:00,06:22:00,StopPoint:OCETrain TER-87581751,1,,0,0,
OCESN867207F1187_F:TER:FR:Line::9227d255-a1c8-4de7-b810-923df421bfc7::87671339:87581009:12:1245:20260831,12:38:00,12:39:00,StopPoint:OCETrain TER-87581751,10,,0,0,
OCESN867207F1187_F:TER:FR:Line::9227d255-a1c8-4de7-b810-923df421bfc7::87671339:87581009:12:1245:20260629,12:38:00,12:39:00,StopPoint:OCETrain TER-87581751,10,,0,0,
OCESN867207F1187_F:TER:FR:Line::9227d255-a1c8-4de7-b810-923df421bfc7::87671339:87581009:12:1248:20260928,12:41:00,12:42:00,StopPoint:OCETrain TER-87581751,10,,0,0,
OCESN867207F1187_F:TER:FR:Line::9227d255-a1c8-4de7-b810-923df421bfc7::87671339:87581009:12:1244:20260615,12:37:00,12:38:00,StopPoint:OCETrain TER-87581751,10,,0,0,
OCESN867208F1187_F:TER:FR:Line::b8b05af7-0857-4c78-982b-5adcdd0aa039::87581009:87672006:11:843:20260930,06:21:00,06:22:00,StopPoint:OCETrain TER-87581751,1,,0,0,
OCESN867208F1187_F:TER:FR:Line::b8b05af7-0857-4c78-982b-5adcdd0aa039::87581009:87672006:11:843:20260522,06:21:00,06:22:00,StopPoint:OCETrain TER-87581751,1,,0,0,
OCESN867209F1187_F:TER:FR:Line::9227d255-a1c8-4de7-b810-923df421bfc7::87671008:87581009:13:1507:20260904,14:57:00,14:58:00,StopPoint:OCETrain TER-87581751,11,,0,0,
OCESN867209F1187_F:TER:FR:Line::9227d255-a1c8-4de7-b810-923df421bfc7::87671008:87581009:13:1507:20260619,14:57:00,14:58:00,StopPoint:OCETrain TER-87581751,11,,0,0,
OCESN867209F1187_F:TER:FR:Line::9227d255-a1c8-4de7-b810-923df421bfc7::87671008:87581009:13:1507:20260731,14:57:00,14:58:00,StopPoint:OCETrain TER-87581751,11,,0,0,
OCESN867209F1187_F:TER:FR:Line::9227d255-a1c8-4de7-b810-923df421bfc7::87671008:87581009:13:1507:20260605,14:57:00,14:58:00,StopPoint:OCETrain TER-87581751,11,,0,0,
OCESN867209F1187_F:TER:FR:Line::9227d255-a1c8-4de7-b810-923df421bfc7::87671008:87581009:13:1507:20260911,15:00:00,15:01:00,StopPoint:OCETrain TER-87581751,11,,0,0,
OCESN867209F1187_F:TER:FR:Line::9227d255-a1c8-4de7-b810-923df421bfc7::87671008:87581009:13:1507:20260507,14:57:00,14:58:00,StopPoint:OCETrain TER-87581751,11,,0,0,
OCESN867210F1187_F:TER:FR:Line::b8b05af7-0857-4c78-982b-5adcdd0aa039::87581009:87672006:11:1044:20260926,08:21:00,08:22:00,StopPoint:OCETrain TER-87581751,1,,0,0,
OCESN867210F1187_F:TER:FR:Line::b8b05af7-0857-4c78-982b-5adcdd0aa039::87581009:87672006:11:1044:20260514,08:21:00,08:22:00,StopPoint:OCETrain TER-87581751,1,,0,0,
OCESN867211F1187_F:TER:FR:Line::9227d255-a1c8-4de7-b810-923df421bfc7::87671008:87581009:13:1645:20260621,16:36:00,16:37:00,StopPoint:OCETrain TER-87581751,11,,0,0,
OCESN867211F1187_F:TER:FR:Line::9227d255-a1c8-4de7-b810-923df421bfc7::87671008:87581009:13:1645:20260719,16:36:00,16:37:00,StopPoint:OCETrain TER-87581751,11,,0,0,
OCESN867211F1187_F:TER:FR:Line::9227d255-a1c8-4de7-b810-923df421bfc7::87671008:87581009:13:1645:20260726,16:36:00,16:37:00,StopPoint:OCETrain TER-87581751,11,,0,0,
OCESN867211F1187_F:TER:FR:Line::9227d255-a1c8-4de7-b810-923df421bfc7::87671008:87581009:13:1645:20260906,16:36:00,16:37:00,StopPoint:OCETrain TER-87581751,11,,0,0,
OCESN867211F1187_F:TER:FR:Line::9227d255-a1c8-4de7-b810-923df421bfc7::87671008:87581009:13:1645:20260927,16:38:00,16:39:00,StopPoint:OCETrain TER-87581751,11,,0,0,
OCESN867211F1187_F:TER:FR:Line::9227d255-a1c8-4de7-b810-923df421bfc7::87671008:87581009:13:1645:20260517,16:38:00,16:39:00,StopPoint:OCETrain TER-87581751,11,,0,0,
OCESN867212F1187_F:TER:FR:Line::b8b05af7-0857-4c78-982b-5adcdd0aa039::87581009:87672006:11:1046:20260522,08:24:00,08:25:00,StopPoint:OCETrain TER-87581751,1,,0,0,
OCESN867212F1187_F:TER:FR:Line::b8b05af7-0857-4c78-982b-5adcdd0aa039::87581009:87672006:11:1046:20260828,08:24:00,08:25:00,StopPoint:OCETrain TER-87581751,1,,0,0,
OCESN867212F1187_F:TER:FR:Line::b8b05af7-0857-4c78-982b-5adcdd0aa039::87581009:87672006:11:1047:20260930,08:24:00,08:25:00,StopPoint:OCETrain TER-87581751,1,,0,0,
OCESN867212F1187_F:TER:FR:Line::b8b05af7-0857-4c78-982b-5adcdd0aa039::87581009:87672006:11:1046:20260515,08:24:00,08:25:00,StopPoint:OCETrain TER-87581751,1,,0,0,
OCESN867213F1187_F:TER:FR:Line::b8b05af7-0857-4c78-982b-5adcdd0aa039::87672006:87581009:11:1737:20260620,17:29:00,17:30:00,StopPoint:OCETrain TER-87581751,9,,0,0,
OCESN867213F1187_F:TER:FR:Line::b8b05af7-0857-4c78-982b-5adcdd0aa039::87672006:87581009:11:1731:20260905,17:24:00,17:25:00,StopPoint:OCETrain TER-87581751,9,,0,0,
OCESN867213F1187_F:TER:FR:Line::b8b05af7-0857-4c78-982b-5adcdd0aa039::87672006:87581009:11:1731:20260926,17:24:00,17:25:00,StopPoint:OCETrain TER-87581751,9,,0,0,
OCESN867213F1187_F:TER:FR:Line::b8b05af7-0857-4c78-982b-5adcdd0aa039::87672006:87581009:11:1737:20260627,17:30:00,17:31:00,StopPoint:OCETrain TER-87581751,9,,0,0,
OCESN867213F1187_F:TER:FR:Line::b8b05af7-0857-4c78-982b-5adcdd0aa039::87672006:87581009:11:1737:20260514,17:30:00,17:31:00,StopPoint:OCETrain TER-87581751,9,,0,0,
OCESN867215F1187_F:TER:FR:Line::b8b05af7-0857-4c78-982b-5adcdd0aa039::87672006:87581009:11:1809:20260621,18:02:00,18:03:00,StopPoint:OCETrain TER-87581751,9,,0,0,
OCESN867215F1187_F:TER:FR:Line::b8b05af7-0857-4c78-982b-5adcdd0aa039::87672006:87581009:11:1807:20260927,18:00:00,18:01:00,StopPoint:OCETrain TER-87581751,9,,0,0,
OCESN867215F1187_F:TER:FR:Line::b8b05af7-0857-4c78-982b-5adcdd0aa039::87672006:87581009:11:1807:20260906,18:00:00,18:01:00,StopPoint:OCETrain TER-87581751,9,,0,0,
OCESN867215F1187_F:TER:FR:Line::b8b05af7-0857-4c78-982b-5adcdd0aa039::87672006:87581009:11:1808:20260517,18:02:00,18:03:00,StopPoint:OCETrain TER-87581751,9,,0,0,
OCESN867216F1187_F:TER:FR:Line::9227d255-a1c8-4de7-b810-923df421bfc7::87581009:87672006:9:1239:20260829,10:24:00,10:25:00,StopPoint:OCETrain TER-87581751,1,,0,0,
OCESN867217F1187_F:TER:FR:Line::9227d255-a1c8-4de7-b810-923df421bfc7::87671008:87581009:13:1947:20260522,19:37:00,19:38:00,StopPoint:OCETrain TER-87581751,11,,0,0,
OCESN867217F1187_F:TER:FR:Line::9227d255-a1c8-4de7-b810-923df421bfc7::87671008:87581009:13:1947:20260904,19:37:00,19:38:00,StopPoint:OCETrain TER-87581751,11,,0,0,
OCESN867217F1187_F:TER:FR:Line::9227d255-a1c8-4de7-b810-923df421bfc7::87671008:87581009:13:1947:20260619,19:39:00,19:40:00,StopPoint:OCETrain TER-87581751,11,,0,0,
OCESN867217F1187_F:TER:FR:Line::9227d255-a1c8-4de7-b810-923df421bfc7::87671008:87581009:13:1947:20260731,19:37:00,19:38:00,StopPoint:OCETrain TER-87581751,11,,0,0,
OCESN867217F1187_F:TER:FR:Line::9227d255-a1c8-4de7-b810-923df421bfc7::87671008:87581009:13:1947:20260930,19:40:00,19:41:00,StopPoint:OCETrain TER-87581751,11,,0,0,
OCESN867217F1187_F:TER:FR:Line::9227d255-a1c8-4de7-b810-923df421bfc7::87671008:87581009:13:1947:20260513,19:37:00,19:38:00,StopPoint:OCETrain TER-87581751,11,,0,0,
OCESN867218F1187_F:TER:FR:Line::9227d255-a1c8-4de7-b810-923df421bfc7::87581009:87672006:9:1341:20260627,11:23:00,11:24:00,StopPoint:OCETrain TER-87581751,1,,0,0,
OCESN867218F1187_F:TER:FR:Line::9227d255-a1c8-4de7-b810-923df421bfc7::87581009:87672006:9:1344:20260926,11:29:00,11:30:00,StopPoint:OCETrain TER-87581751,1,,0,0,
OCESN867218F1187_F:TER:FR:Line::9227d255-a1c8-4de7-b810-923df421bfc7::87581009:87672006:9:1341:20260514,11:23:00,11:24:00,StopPoint:OCETrain TER-87581751,1,,0,0,
OCESN867221F1187_F:TER:FR:Line::9227d255-a1c8-4de7-b810-923df421bfc7::87671008:87581009:13:2139:20260530,21:32:00,21:33:00,StopPoint:OCETrain TER-87581751,11,,0,0,
OCESN867221F1187_F:TER:FR:Line::9227d255-a1c8-4de7-b810-923df421bfc7::87671008:87581009:13:2139:20260514,21:32:00,21:33:00,StopPoint:OCETrain TER-87581751,11,,0,0,
OCESN867223F1187_F:TER:FR:Line::9227d255-a1c8-4de7-b810-923df421bfc7::87672006:87581009:9:2141:20260531,21:31:00,21:32:00,StopPoint:OCETrain TER-87581751,7,,0,0,
OCESN867223F1187_F:TER:FR:Line::9227d255-a1c8-4de7-b810-923df421bfc7::87672006:87581009:9:2141:20260517,21:32:00,21:33:00,StopPoint:OCETrain TER-87581751,7,,0,0,
OCESN867224F1187_F:TER:FR:Line::9227d255-a1c8-4de7-b810-923df421bfc7::87581009:87672006:9:1545:20260717,13:27:00,13:28:00,StopPoint:OCETrain TER-87581751,1,,0,0,
OCESN867224F1187_F:TER:FR:Line::9227d255-a1c8-4de7-b810-923df421bfc7::87581009:87672006:9:1545:20260828,13:27:00,13:28:00,StopPoint:OCETrain TER-87581751,1,,0,0,
OCESN867224F1187_F:TER:FR:Line::9227d255-a1c8-4de7-b810-923df421bfc7::87581009:87672006:9:1545:20260911,13:30:00,13:31:00,StopPoint:OCETrain TER-87581751,1,,0,0,
OCESN867224F1187_F:TER:FR:Line::9227d255-a1c8-4de7-b810-923df421bfc7::87581009:87672006:9:1552:20260507,13:31:00,13:32:00,StopPoint:OCETrain TER-87581751,1,,0,0,
OCESN867225F1187_F:TER:FR:Line::9227d255-a1c8-4de7-b810-923df421bfc7::87671008:87581009:13:2139:20260620,21:30:00,21:33:00,StopPoint:OCETrain TER-87581751,11,,0,0,
OCESN867225F1187_F:TER:FR:Line::9227d255-a1c8-4de7-b810-923df421bfc7::87671008:87581009:13:2146:20260718,21:38:00,21:39:00,StopPoint:OCETrain TER-87581751,11,,0,0,
OCESN867225F1187_F:TER:FR:Line::9227d255-a1c8-4de7-b810-923df421bfc7::87671008:87581009:13:2148:20260905,21:40:00,21:41:00,StopPoint:OCETrain TER-87581751,11,,0,0,
OCESN867225F1187_F:TER:FR:Line::9227d255-a1c8-4de7-b810-923df421bfc7::87671008:87581009:13:2148:20260725,21:40:00,21:41:00,StopPoint:OCETrain TER-87581751,11,,0,0,
OCESN867225F1187_F:TER:FR:Line::9227d255-a1c8-4de7-b810-923df421bfc7::87671008:87581009:13:2152:20260926,21:45:00,21:46:00,StopPoint:OCETrain TER-87581751,11,,0,0,
OCESN867227F1187_F:TER:FR:Line::9227d255-a1c8-4de7-b810-923df421bfc7::87672006:87581009:9:2138:20260621,21:31:00,21:32:00,StopPoint:OCETrain TER-87581751,7,,0,0,
OCESN867227F1187_F:TER:FR:Line::9227d255-a1c8-4de7-b810-923df421bfc7::87672006:87581009:9:2148:20260927,21:41:00,21:42:00,StopPoint:OCETrain TER-87581751,7,,0,0,
OCESN867227F1187_F:TER:FR:Line::9227d255-a1c8-4de7-b810-923df421bfc7::87672006:87581009:9:2148:20260719,21:41:00,21:42:00,StopPoint:OCETrain TER-87581751,7,,0,0,
OCESN867228F1187_F:TER:FR:Line::9227d255-a1c8-4de7-b810-923df421bfc7::87581009:87672006:9:1743:20260925,15:24:00,15:25:00,StopPoint:OCETrain TER-87581751,1,,0,0,
OCESN867228F1187_F:TER:FR:Line::9227d255-a1c8-4de7-b810-923df421bfc7::87581009:87672006:9:1743:20260513,15:24:00,15:25:00,StopPoint:OCETrain TER-87581751,1,,0,0,
OCESN867230F1187_F:TER:FR:Line::9227d255-a1c8-4de7-b810-923df421bfc7::87581009:87671008:12:1821:20260926,15:21:00,15:22:00,StopPoint:OCETrain TER-87581751,1,,0,0,
OCESN867230F1187_F:TER:FR:Line::9227d255-a1c8-4de7-b810-923df421bfc7::87581009:87671008:12:1822:20260718,15:21:00,15:22:00,StopPoint:OCETrain TER-87581751,1,,0,0,
OCESN867230F1187_F:TER:FR:Line::9227d255-a1c8-4de7-b810-923df421bfc7::87581009:87671008:12:1821:20260514,15:21:00,15:22:00,StopPoint:OCETrain TER-87581751,1,,0,0,
OCESN867232F1187_F:TER:FR:Line::b8b05af7-0857-4c78-982b-5adcdd0aa039::87581009:87672006:11:1943:20260927,17:22:00,17:23:00,StopPoint:OCETrain TER-87581751,1,,0,0,
OCESN867232F1187_F:TER:FR:Line::b8b05af7-0857-4c78-982b-5adcdd0aa039::87581009:87672006:11:1942:20260718,17:22:00,17:23:00,StopPoint:OCETrain TER-87581751,1,,0,0,
OCESN867232F1187_F:TER:FR:Line::b8b05af7-0857-4c78-982b-5adcdd0aa039::87581009:87672006:11:1944:20260517,17:22:00,17:23:00,StopPoint:OCETrain TER-87581751,1,,0,0,
OCESN867234F1187_F:TER:FR:Line::b8b05af7-0857-4c78-982b-5adcdd0aa039::87581009:87671008:17:2033:20260930,17:24:00,17:25:00,StopPoint:OCETrain TER-87581751,1,,0,0,
OCESN867234F1187_F:TER:FR:Line::b8b05af7-0857-4c78-982b-5adcdd0aa039::87581009:87671008:17:2033:20260522,17:24:00,17:25:00,StopPoint:OCETrain TER-87581751,1,,0,0,
OCESN867234F1187_F:TER:FR:Line::b8b05af7-0857-4c78-982b-5adcdd0aa039::87581009:87671008:17:2034:20260724,17:24:00,17:25:00,StopPoint:OCETrain TER-87581751,1,,0,0,
OCESN867234F1187_F:TER:FR:Line::b8b05af7-0857-4c78-982b-5adcdd0aa039::87581009:87671008:17:2033:20260513,17:24:00,17:25:00,StopPoint:OCETrain TER-87581751,1,,0,0,
OCESN867236F1187_F:TER:FR:Line::b8b05af7-0857-4c78-982b-5adcdd0aa039::87581009:87671008:15:2153:20260926,18:49:00,18:50:00,StopPoint:OCETrain TER-87581751,1,,0,0,
OCESN867236F1187_F:TER:FR:Line::b8b05af7-0857-4c78-982b-5adcdd0aa039::87581009:87671008:15:2153:20260514,18:49:00,18:50:00,StopPoint:OCETrain TER-87581751,1,,0,0,
OCESN867236F1187_F:TER:FR:Line::b8b05af7-0857-4c78-982b-5adcdd0aa039::87581009:87671008:15:2155:20260718,18:49:00,18:50:00,StopPoint:OCETrain TER-87581751,1,,0,0,
OCESN867236F1187_F:TER:FR:Line::b8b05af7-0857-4c78-982b-5adcdd0aa039::87581009:87671008:15:2154:20260711,18:49:00,18:50:00,StopPoint:OCETrain TER-87581751,1,,0,0,
OCESN867236F1187_F:TER:FR:Line::b8b05af7-0857-4c78-982b-5adcdd0aa039::87581009:87671008:15:2153:20260502,18:49:00,18:50:00,StopPoint:OCETrain TER-87581751,1,,0,0,
OCESN867238F1187_F:TER:FR:Line::b8b05af7-0857-4c78-982b-5adcdd0aa039::87581009:87671008:15:2244:20260925,19:29:00,19:30:00,StopPoint:OCETrain TER-87581751,1,,0,0,
OCESN891000F1187_F:TER:FR:Line::1cbe7553-0aab-43ed-8040-7a13c565520a::87683268:87686006:12:646:20260424,05:24:00,05:26:00,StopPoint:OCETrain TER-87683003,5,,0,0,
OCESN891000F1187_F:TER:FR:Line::1cbe7553-0aab-43ed-8040-7a13c565520a::87683268:87686006:12:647:20260522,05:24:00,05:26:00,StopPoint:OCETrain TER-87683003,5,,0,0,
OCESN891000F1187_F:TER:FR:Line::1cbe7553-0aab-43ed-8040-7a13c565520a::87683268:87686006:12:647:20260831,05:19:00,05:21:00,StopPoint:OCETrain TER-87683003,5,,0,0,
OCESN891000F1187_F:TER:FR:Line::1cbe7553-0aab-43ed-8040-7a13c565520a::87683268:87686006:12:654:20260622,05:19:00,05:21:00,StopPoint:OCETrain TER-87683003,5,,0,0,
OCESN891000F1187_F:TER:FR:Line::1cbe7553-0aab-43ed-8040-7a13c565520a::87683268:87686006:13:646:20260930,05:24:00,05:25:00,StopPoint:OCETrain TER-87683003,5,,0,0,
OCESN891000F1187_F:TER:FR:Line::1cbe7553-0aab-43ed-8040-7a13c565520a::87683268:87686006:13:654:20260904,05:18:00,05:20:00,StopPoint:OCETrain TER-87683003,5,,0,0,
OCESN891000F1187_F:TER:FR:Line::1cbe7553-0aab-43ed-8040-7a13c565520a::87683268:87686006:12:647:20260430,05:24:00,05:26:00,StopPoint:OCETrain TER-87683003,5,,0,0,
OCESN891001F1187_F:TER:FR:Line::1cbe7553-0aab-43ed-8040-7a13c565520a::87686006:87683268:13:1910:20260925,18:35:00,18:37:00,StopPoint:OCETrain TER-87683003,7,,0,0,
OCESN891001F1187_F:TER:FR:Line::1cbe7553-0aab-43ed-8040-7a13c565520a::87686006:87683268:13:1916:20260904,18:42:00,18:44:00,StopPoint:OCETrain TER-87683003,7,,0,0,
OCESN891001F1187_F:TER:FR:Line::1cbe7553-0aab-43ed-8040-7a13c565520a::87686006:87683268:12:1915:20260828,18:40:00,18:42:00,StopPoint:OCETrain TER-87683003,6,,0,0,
OCESN891001F1187_F:TER:FR:Line::1cbe7553-0aab-43ed-8040-7a13c565520a::87686006:87683268:13:1913:20260903,18:41:00,18:43:00,StopPoint:OCETrain TER-87683003,7,,0,0,
OCESN891001F1187_F:TER:FR:Line::1cbe7553-0aab-43ed-8040-7a13c565520a::87686006:87683268:12:1913:20260831,18:40:00,18:42:00,StopPoint:OCETrain TER-87683003,6,,0,0,
OCESN891001F1187_F:TER:FR:Line::1cbe7553-0aab-43ed-8040-7a13c565520a::87686006:87683268:12:1915:20260724,18:40:00,18:42:00,StopPoint:OCETrain TER-87683003,6,,0,0,
OCESN891001F1187_F:TER:FR:Line::1cbe7553-0aab-43ed-8040-7a13c565520a::87686667:87683268:12:1913:20260813,18:40:00,18:42:00,StopPoint:OCETrain TER-87683003,6,,0,0,
OCESN891001F1187_F:TER:FR:Line::1cbe7553-0aab-43ed-8040-7a13c565520a::87686006:87683268:13:1907:20260930,18:35:00,18:37:00,StopPoint:OCETrain TER-87683003,7,,0,0,
OCESN891001F1187_F:TER:FR:Line::1cbe7553-0aab-43ed-8040-7a13c565520a::87686667:87683268:12:1915:20260814,18:40:00,18:42:00,StopPoint:OCETrain TER-87683003,6,,0,0,
OCESN891001F1187_F:TER:FR:Line::1cbe7553-0aab-43ed-8040-7a13c565520a::87686006:87683268:12:1913:20260723,18:40:00,18:42:00,StopPoint:OCETrain TER-87683003,6,,0,0,
OCESN891001F1187_F:TER:FR:Line::1cbe7553-0aab-43ed-8040-7a13c565520a::87686006:87683268:12:1910:20260522,18:34:00,18:36:00,StopPoint:OCETrain TER-87683003,6,,0,0,
OCESN891001F1187_F:TER:FR:Line::1cbe7553-0aab-43ed-8040-7a13c565520a::87686006:87683268:12:1908:20260521,18:34:00,18:36:00,StopPoint:OCETrain TER-87683003,6,,0,0,
OCESN891002F1187_F:TER:FR:Line::1cbe7553-0aab-43ed-8040-7a13c565520a::87683268:87686006:12:748:20260522,06:24:00,06:26:00,StopPoint:OCETrain TER-87683003,5,,0,0,
OCESN891002F1187_F:TER:FR:Line::1cbe7553-0aab-43ed-8040-7a13c565520a::87683268:87686006:13:748:20260930,06:24:00,06:26:00,StopPoint:OCETrain TER-87683003,5,,0,0,
OCESN891002F1187_F:TER:FR:Line::1cbe7553-0aab-43ed-8040-7a13c565520a::87683268:87686006:13:748:20260904,06:16:00,06:18:00,StopPoint:OCETrain TER-87683003,5,,0,0,
OCESN891002F1187_F:TER:FR:Line::1cbe7553-0aab-43ed-8040-7a13c565520a::87683268:87686006:12:748:20260831,06:18:00,06:20:00,StopPoint:OCETrain TER-87683003,5,,0,0,
OCESN891002F1187_F:TER:FR:Line::1cbe7553-0aab-43ed-8040-7a13c565520a::87683268:87686006:12:752:20260821,06:18:00,06:20:00,StopPoint:OCETrain TER-87683003,5,,0,0,
OCESN891002F1187_F:TER:FR:Line::1cbe7553-0aab-43ed-8040-7a13c565520a::87683268:87686006:12:748:20260430,06:24:00,06:26:00,StopPoint:OCETrain TER-87683003,5,,0,0,
OCESN891003F1187_F:TER:FR:Line::1cbe7553-0aab-43ed-8040-7a13c565520a::87686006:87683268:12:2011:20260731,19:38:00,19:40:00,StopPoint:OCETrain TER-87683003,6,,0,0,
OCESN891003F1187_F:TER:FR:Line::1cbe7553-0aab-43ed-8040-7a13c565520a::87686006:87683268:13:2013:20260904,19:41:00,19:43:00,StopPoint:OCETrain TER-87683003,7,,0,0,
OCESN891003F1187_F:TER:FR:Line::1cbe7553-0aab-43ed-8040-7a13c565520a::87686006:87683268:13:2007:20260930,19:35:00,19:37:00,StopPoint:OCETrain TER-87683003,7,,0,0,
OCESN891003F1187_F:TER:FR:Line::1cbe7553-0aab-43ed-8040-7a13c565520a::87686006:87683268:12:2011:20260831,19:39:00,19:41:00,StopPoint:OCETrain TER-87683003,6,,0,0,
OCESN891003F1187_F:TER:FR:Line::1cbe7553-0aab-43ed-8040-7a13c565520a::87686006:87683268:12:2008:20260522,19:34:00,19:36:00,StopPoint:OCETrain TER-87683003,6,,0,0,
OCESN891004F1187_F:TER:FR:Line::1cbe7553-0aab-43ed-8040-7a13c565520a::87683268:87686006:12:849:20260522,07:22:00,07:24:00,StopPoint:OCETrain TER-87683003,5,,0,0,
OCESN891004F1187_F:TER:FR:Line::1cbe7553-0aab-43ed-8040-7a13c565520a::87683268:87686006:12:849:20260826,07:15:00,07:17:00,StopPoint:OCETrain TER-87683003,5,,0,0,
OCESN891004F1187_F:TER:FR:Line::1cbe7553-0aab-43ed-8040-7a13c565520a::87683268:87686006:12:849:20260831,07:15:00,07:17:00,StopPoint:OCETrain TER-87683003,5,,0,0,
OCESN891004F1187_F:TER:FR:Line::1cbe7553-0aab-43ed-8040-7a13c565520a::87683268:87686006:13:847:20260904,07:16:00,07:18:00,StopPoint:OCETrain TER-87683003,5,,0,0,
OCESN891004F1187_F:TER:FR:Line::1cbe7553-0aab-43ed-8040-7a13c565520a::87683268:87686006:13:849:20260930,07:23:00,07:25:00,StopPoint:OCETrain TER-87683003,5,,0,0,
OCESN891004F1187_F:TER:FR:Line::1cbe7553-0aab-43ed-8040-7a13c565520a::87683268:87686006:12:849:20260430,07:22:00,07:24:00,StopPoint:OCETrain TER-87683003,5,,0,0,
OCESN891005F1187_F:TER:FR:Line::1cbe7553-0aab-43ed-8040-7a13c565520a::87686006:87683268:12:2109:20260731,20:37:00,20:39:00,StopPoint:OCETrain TER-87683003,6,,0,0,
OCESN891005F1187_F:TER:FR:Line::1cbe7553-0aab-43ed-8040-7a13c565520a::87686006:87683268:13:2107:20260930,20:35:00,20:37:00,StopPoint:OCETrain TER-87683003,7,,0,0,
OCESN891005F1187_F:TER:FR:Line::1cbe7553-0aab-43ed-8040-7a13c565520a::87686006:87683268:13:2113:20260904,20:41:00,20:43:00,StopPoint:OCETrain TER-87683003,7,,0,0,
OCESN891005F1187_F:TER:FR:Line::1cbe7553-0aab-43ed-8040-7a13c565520a::87686006:87683268:12:2109:20260831,20:37:00,20:39:00,StopPoint:OCETrain TER-87683003,6,,0,0,
OCESN891005F1187_F:TER:FR:Line::1cbe7553-0aab-43ed-8040-7a13c565520a::87686006:87683268:12:2108:20260522,20:34:00,20:36:00,StopPoint:OCETrain TER-87683003,6,,0,0,
OCESN891052F1187_F:TER:FR:Line::B10C45A0-C32C-4232-85F2-4BB81B810084::87683268:87686667:4:1031:20260425,09:26:00,09:27:00,StopPoint:OCETrain TER-87683003,2,,0,0,
OCESN891054F1187_F:TER:FR:Line::B10C45A0-C32C-4232-85F2-4BB81B810084::87683268:87686667:4:1227:20260423,11:27:00,11:28:00,StopPoint:OCETrain TER-87683003,2,,0,0,
OCESN891054F1187_F:TER:FR:Line::B10C45A0-C32C-4232-85F2-4BB81B810084::87683268:87686667:4:1228:20260426,11:27:00,11:28:00,StopPoint:OCETrain TER-87683003,2,,0,0,
OCESN891054F1187_F:TER:FR:Line::B10C45A0-C32C-4232-85F2-4BB81B810084::87683268:87686667:4:1233:20260903,11:20:00,11:21:00,StopPoint:OCETrain TER-87683003,2,,0,0,
OCESN891054F1187_F:TER:FR:Line::B10C45A0-C32C-4232-85F2-4BB81B810084::87683268:87686667:4:1230:20260511,11:25:00,11:26:00,StopPoint:OCETrain TER-87683003,2,,0,0,
OCESN891054F1187_F:TER:FR:Line::B10C45A0-C32C-4232-85F2-4BB81B810084::87683268:87686667:4:1231:20260522,11:25:00,11:26:00,StopPoint:OCETrain TER-87683003,2,,0,0,
OCESN891054F1187_F:TER:FR:Line::B10C45A0-C32C-4232-85F2-4BB81B810084::87683268:87686667:4:1231:20260810,11:20:00,11:21:00,StopPoint:OCETrain TER-87683003,2,,0,0,
OCESN891054F1187_F:TER:FR:Line::B10C45A0-C32C-4232-85F2-4BB81B810084::87683268:87686667:4:1231:20260820,11:21:00,11:22:00,StopPoint:OCETrain TER-87683003,2,,0,0,
OCESN891054F1187_F:TER:FR:Line::B10C45A0-C32C-4232-85F2-4BB81B810084::87683268:87686667:4:1231:20260924,11:28:00,11:29:00,StopPoint:OCETrain TER-87683003,2,,0,0,
OCESN891054F1187_F:TER:FR:Line::B10C45A0-C32C-4232-85F2-4BB81B810084::87683268:87686667:4:1227:20260625,11:20:00,11:21:00,StopPoint:OCETrain TER-87683003,2,,0,0,
OCESN891054F1187_F:TER:FR:Line::B10C45A0-C32C-4232-85F2-4BB81B810084::87683268:87686667:4:1232:20260817,11:18:00,11:19:00,StopPoint:OCETrain TER-87683003,2,,0,0,
OCESN891054F1187_F:TER:FR:Line::B10C45A0-C32C-4232-85F2-4BB81B810084::87683268:87686667:4:1226:20260427,11:27:00,11:28:00,StopPoint:OCETrain TER-87683003,2,,0,0,
OCESN891054F1187_F:TER:FR:Line::B10C45A0-C32C-4232-85F2-4BB81B810084::87683268:87686667:4:1226:20260706,11:19:00,11:20:00,StopPoint:OCETrain TER-87683003,2,,0,0,
OCESN891054F1187_F:TER:FR:Line::B10C45A0-C32C-4232-85F2-4BB81B810084::87683268:87686667:4:1234:20260622,11:18:00,11:19:00,StopPoint:OCETrain TER-87683003,2,,0,0,
OCESN891054F1187_F:TER:FR:Line::B10C45A0-C32C-4232-85F2-4BB81B810084::87683268:87686667:4:1230:20260831,11:19:00,11:20:00,StopPoint:OCETrain TER-87683003,2,,0,0,
OCESN891054F1187_F:TER:FR:Line::B10C45A0-C32C-4232-85F2-4BB81B810084::87683268:87686667:4:1231:20260925,11:27:00,11:28:00,StopPoint:OCETrain TER-87683003,2,,0,0,
OCESN891056F1187_F:TER:FR:Line::B10C45A0-C32C-4232-85F2-4BB81B810084::87683268:87686667:4:1437:20260422,13:25:00,13:27:00,StopPoint:OCETrain TER-87683003,2,,0,0,
OCESN891056F1187_F:TER:FR:Line::B10C45A0-C32C-4232-85F2-4BB81B810084::87683268:87686667:4:1430:20260717,13:20:00,13:21:00,StopPoint:OCETrain TER-87683003,2,,0,0,
OCESN891056F1187_F:TER:FR:Line::B10C45A0-C32C-4232-85F2-4BB81B810084::87683268:87686667:4:1433:20260716,13:19:00,13:20:00,StopPoint:OCETrain TER-87683003,2,,0,0,
OCESN891056F1187_F:TER:FR:Line::B10C45A0-C32C-4232-85F2-4BB81B810084::87683268:87686667:4:1433:20260904,13:20:00,13:21:00,StopPoint:OCETrain TER-87683003,2,,0,0,
OCESN891056F1187_F:TER:FR:Line::B10C45A0-C32C-4232-85F2-4BB81B810084::87683268:87686667:4:1430:20260426,13:27:00,13:28:00,StopPoint:OCETrain TER-87683003,2,,0,0,
OCESN891056F1187_F:TER:FR:Line::B10C45A0-C32C-4232-85F2-4BB81B810084::87683268:87686667:4:1430:20260910,13:27:00,13:28:00,StopPoint:OCETrain TER-87683003,2,,0,0,
OCESN891056F1187_F:TER:FR:Line::B10C45A0-C32C-4232-85F2-4BB81B810084::87683268:87686006:4:1438:20260902,13:17:00,13:18:00,StopPoint:OCETrain TER-87683003,2,,0,0,
OCESN891056F1187_F:TER:FR:Line::B10C45A0-C32C-4232-85F2-4BB81B810084::87683268:87686006:4:1438:20260901,13:20:00,13:21:00,StopPoint:OCETrain TER-87683003,2,,0,0,
OCESN891056F1187_F:TER:FR:Line::B10C45A0-C32C-4232-85F2-4BB81B810084::87683268:87686667:4:1433:20260824,13:19:00,13:20:00,StopPoint:OCETrain TER-87683003,2,,0,0,
OCESN891056F1187_F:TER:FR:Line::B10C45A0-C32C-4232-85F2-4BB81B810084::87683268:87686667:4:1434:20260812,13:21:00,13:23:00,StopPoint:OCETrain TER-87683003,2,,0,0,
OCESN891056F1187_F:TER:FR:Line::B10C45A0-C32C-4232-85F2-4BB81B810084::87683268:87686667:4:1434:20260617,13:18:00,13:20:00,StopPoint:OCETrain TER-87683003,2,,0,0,
OCESN891056F1187_F:TER:FR:Line::B10C45A0-C32C-4232-85F2-4BB81B810084::87683268:87686667:4:1433:20260821,13:20:00,13:21:00,StopPoint:OCETrain TER-87683003,2,,0,0,
OCESN891056F1187_F:TER:FR:Line::B10C45A0-C32C-4232-85F2-4BB81B810084::87683268:87686667:4:1433:20260930,13:27:00,13:28:00,StopPoint:OCETrain TER-87683003,2,,0,0,
OCESN891058F1187_F:TER:FR:Line::B10C45A0-C32C-4232-85F2-4BB81B810084::87683268:87686667:4:1628:20260426,15:28:00,15:30:00,StopPoint:OCETrain TER-87683003,2,,0,0,
OCESN891060F1187_F:TER:FR:Line::B10C45A0-C32C-4232-85F2-4BB81B810084::87683268:87686667:4:1827:20260426,17:26:00,17:28:00,StopPoint:OCETrain TER-87683003,2,,0,0,
OCESN891062F1187_F:TER:FR:Line::B10C45A0-C32C-4232-85F2-4BB81B810084::87683268:87686667:4:2027:20260425,19:26:00,19:27:00,StopPoint:OCETrain TER-87683003,2,,0,0,
OCESN891064F1187_F:TER:FR:Line::B10C45A0-C32C-4232-85F2-4BB81B810084::87683268:87686667:4:2227:20260425,21:26:00,21:27:00,StopPoint:OCETrain TER-87683003,2,,0,0,
OCESN891069F1187_F:TER:FR:Line::B10C45A0-C32C-4232-85F2-4BB81B810084::87686667:87683268:4:858:20260426,08:30:00,08:32:00,StopPoint:OCETrain TER-87683003,1,,0,0,
OCESN891071F1187_F:TER:FR:Line::B10C45A0-C32C-4232-85F2-4BB81B810084::87686667:87683268:4:1056:20260925,10:32:00,10:33:00,StopPoint:OCETrain TER-87683003,1,,0,0,
OCESN891071F1187_F:TER:FR:Line::B10C45A0-C32C-4232-85F2-4BB81B810084::87686667:87683268:4:1103:20260904,10:39:00,10:40:00,StopPoint:OCETrain TER-87683003,1,,0,0,
OCESN891071F1187_F:TER:FR:Line::B10C45A0-C32C-4232-85F2-4BB81B810084::87686667:87683268:4:1101:20260821,10:38:00,10:39:00,StopPoint:OCETrain TER-87683003,1,,0,0,
OCESN891071F1187_F:TER:FR:Line::B10C45A0-C32C-4232-85F2-4BB81B810084::87686667:87683268:4:1101:20260731,10:37:00,10:38:00,StopPoint:OCETrain TER-87683003,1,,0,0,
OCESN891071F1187_F:TER:FR:Line::B10C45A0-C32C-4232-85F2-4BB81B810084::87686667:87683268:4:1057:20260918,10:32:00,10:33:00,StopPoint:OCETrain TER-87683003,1,,0,0,
OCESN891071F1187_F:TER:FR:Line::B10C45A0-C32C-4232-85F2-4BB81B810084::87686667:87683268:4:1103:20260814,10:39:00,10:40:00,StopPoint:OCETrain TER-87683003,1,,0,0,
OCESN891071F1187_F:TER:FR:Line::B10C45A0-C32C-4232-85F2-4BB81B810084::87686667:87683268:4:1055:20260522,10:31:00,10:32:00,StopPoint:OCETrain TER-87683003,1,,0,0,
OCESN891073F1187_F:TER:FR:Line::B10C45A0-C32C-4232-85F2-4BB81B810084::87686006:87683268:4:1300:20260721,12:37:00,12:38:00,StopPoint:OCETrain TER-87683003,1,,0,0,
OCESN891073F1187_F:TER:FR:Line::B10C45A0-C32C-4232-85F2-4BB81B810084::87686006:87683268:4:1254:20260521,12:30:00,12:31:00,StopPoint:OCETrain TER-87683003,1,,0,0,
OCESN891073F1187_F:TER:FR:Line::B10C45A0-C32C-4232-85F2-4BB81B810084::87686006:87683268:4:1255:20260430,12:30:00,12:31:00,StopPoint:OCETrain TER-87683003,1,,0,0,
OCESN891073F1187_F:TER:FR:Line::B10C45A0-C32C-4232-85F2-4BB81B810084::87686667:87683268:4:1301:20260731,12:38:00,12:39:00,StopPoint:OCETrain TER-87683003,1,,0,0,
OCESN891073F1187_F:TER:FR:Line::B10C45A0-C32C-4232-85F2-4BB81B810084::87686667:87683268:4:1300:20260717,12:37:00,12:38:00,StopPoint:OCETrain TER-87683003,1,,0,0,
OCESN891073F1187_F:TER:FR:Line::B10C45A0-C32C-4232-85F2-4BB81B810084::87686667:87683268:4:1256:20260426,12:31:00,12:32:00,StopPoint:OCETrain TER-87683003,1,,0,0,
OCESN891073F1187_F:TER:FR:Line::B10C45A0-C32C-4232-85F2-4BB81B810084::87686667:87683268:4:1254:20260522,12:30:00,12:31:00,StopPoint:OCETrain TER-87683003,1,,0,0,
OCESN891073F1187_F:TER:FR:Line::B10C45A0-C32C-4232-85F2-4BB81B810084::87686667:87683268:4:1300:20260707,12:37:00,12:38:00,StopPoint:OCETrain TER-87683003,1,,0,0,
OCESN891073F1187_F:TER:FR:Line::B10C45A0-C32C-4232-85F2-4BB81B810084::87686006:87683268:4:1255:20260917,12:31:00,12:32:00,StopPoint:OCETrain TER-87683003,1,,0,0,
OCESN891073F1187_F:TER:FR:Line::B10C45A0-C32C-4232-85F2-4BB81B810084::87686667:87683268:4:1300:20260612,12:37:00,12:38:00,StopPoint:OCETrain TER-87683003,1,,0,0,
OCESN891073F1187_F:TER:FR:Line::B10C45A0-C32C-4232-85F2-4BB81B810084::87686006:87683268:4:1300:20260904,12:36:00,12:37:00,StopPoint:OCETrain TER-87683003,1,,0,0,
OCESN891073F1187_F:TER:FR:Line::B10C45A0-C32C-4232-85F2-4BB81B810084::87686667:87683268:4:1255:20260421,12:32:00,12:33:00,StopPoint:OCETrain TER-87683003,1,,0,0,
OCESN891073F1187_F:TER:FR:Line::B10C45A0-C32C-4232-85F2-4BB81B810084::87686006:87683268:4:1254:20260915,12:30:00,12:31:00,StopPoint:OCETrain TER-87683003,1,,0,0,
OCESN891073F1187_F:TER:FR:Line::B10C45A0-C32C-4232-85F2-4BB81B810084::87686667:87683268:4:1257:20260423,12:33:00,12:34:00,StopPoint:OCETrain TER-87683003,1,,0,0,
OCESN891073F1187_F:TER:FR:Line::B10C45A0-C32C-4232-85F2-4BB81B810084::87686667:87683268:4:1259:20260807,12:36:00,12:37:00,StopPoint:OCETrain TER-87683003,1,,0,0,
OCESN891073F1187_F:TER:FR:Line::B10C45A0-C32C-4232-85F2-4BB81B810084::87686667:87683268:4:1255:20260925,12:31:00,12:32:00,StopPoint:OCETrain TER-87683003,1,,0,0,
OCESN891073F1187_F:TER:FR:Line::B10C45A0-C32C-4232-85F2-4BB81B810084::87686006:87683268:4:1302:20260625,12:39:00,12:40:00,StopPoint:OCETrain TER-87683003,1,,0,0,
OCESN891073F1187_F:TER:FR:Line::B10C45A0-C32C-4232-85F2-4BB81B810084::87686667:87683268:4:1305:20260924,12:35:00,12:36:00,StopPoint:OCETrain TER-87683003,1,,0,0,
OCESN891073F1187_F:TER:FR:Line::B10C45A0-C32C-4232-85F2-4BB81B810084::87686667:87683268:4:1300:20260821,12:37:00,12:38:00,StopPoint:OCETrain TER-87683003,1,,0,0,
OCESN891073F1187_F:TER:FR:Line::B10C45A0-C32C-4232-85F2-4BB81B810084::87686006:87683268:4:1254:20260511,12:30:00,12:31:00,StopPoint:OCETrain TER-87683003,1,,0,0,
OCESN891073F1187_F:TER:FR:Line::B10C45A0-C32C-4232-85F2-4BB81B810084::87686006:87683268:4:1301:20260723,12:38:00,12:39:00,StopPoint:OCETrain TER-87683003,1,,0,0,
OCESN891073F1187_F:TER:FR:Line::B10C45A0-C32C-4232-85F2-4BB81B810084::87686006:87683268:4:1300:20260903,12:37:00,12:38:00,StopPoint:OCETrain TER-87683003,1,,0,0,
OCESN891073F1187_F:TER:FR:Line::B10C45A0-C32C-4232-85F2-4BB81B810084::87686667:87683268:4:1301:20260902,12:38:00,12:39:00,StopPoint:OCETrain TER-87683003,1,,0,0,
OCESN891073F1187_F:TER:FR:Line::B10C45A0-C32C-4232-85F2-4BB81B810084::87686006:87683268:4:1300:20260610,12:36:00,12:37:00,StopPoint:OCETrain TER-87683003,1,,0,0,
OCESN891073F1187_F:TER:FR:Line::B10C45A0-C32C-4232-85F2-4BB81B810084::87686667:87683268:4:1255:20260507,12:31:00,12:32:00,StopPoint:OCETrain TER-87683003,1,,0,0,
OCESN891075F1187_F:TER:FR:Line::B10C45A0-C32C-4232-85F2-4BB81B810084::87686667:87683268:4:1456:20260426,14:31:00,14:33:00,StopPoint:OCETrain TER-87683003,1,,0,0,
OCESN891077F1187_F:TER:FR:Line::B10C45A0-C32C-4232-85F2-4BB81B810084::87686667:87683268:4:1654:20260425,16:29:00,16:30:00,StopPoint:OCETrain TER-87683003,1,,0,0,
OCESN891083F1187_F:TER:FR:Line::B10C45A0-C32C-4232-85F2-4BB81B810084::87686667:87683268:4:2453:20260425,24:28:00,24:29:00,StopPoint:OCETrain TER-87683003,1,,0,0,
OCESN891083F1187_F:TER:FR:Line::B10C45A0-C32C-4232-85F2-4BB81B810084::87686667:87683268:4:2507:20260725,24:43:00,24:44:00,StopPoint:OCETrain TER-87683003,1,,0,0,
OCESN891083F1187_F:TER:FR:Line::B10C45A0-C32C-4232-85F2-4BB81B810084::87686667:87683268:4:2456:20260912,24:32:00,24:33:00,StopPoint:OCETrain TER-87683003,1,,0,0,
OCESN891083F1187_F:TER:FR:Line::B10C45A0-C32C-4232-85F2-4BB81B810084::87686667:87683268:4:2501:20260613,24:35:00,24:37:00,StopPoint:OCETrain TER-87683003,1,,0,0,
OCESN891083F1187_F:TER:FR:Line::B10C45A0-C32C-4232-85F2-4BB81B810084::87686006:87683268:4:2453:20260516,24:28:00,24:29:00,StopPoint:OCETrain TER-87683003,1,,0,0,
OCESN891083F1187_F:TER:FR:Line::B10C45A0-C32C-4232-85F2-4BB81B810084::87686667:87683268:4:2504:20260905,24:39:00,24:41:00,StopPoint:OCETrain TER-87683003,1,,0,0,
OCESN891083F1187_F:TER:FR:Line::B10C45A0-C32C-4232-85F2-4BB81B810084::87686667:87683268:4:2456:20260718,24:32:00,24:33:00,StopPoint:OCETrain TER-87683003,1,,0,0,
OCESN891083F1187_F:TER:FR:Line::B10C45A0-C32C-4232-85F2-4BB81B810084::87686667:87683268:4:2501:20260606,24:35:00,24:37:00,StopPoint:OCETrain TER-87683003,1,,0,0,
OCESN891083F1187_F:TER:FR:Line::B10C45A0-C32C-4232-85F2-4BB81B810084::87686667:87683268:4:2508:20260808,24:43:00,24:44:00,StopPoint:OCETrain TER-87683003,1,,0,0,
OCESN891083F1187_F:TER:FR:Line::B10C45A0-C32C-4232-85F2-4BB81B810084::87686006:87683268:4:2456:20260523,24:32:00,24:33:00,StopPoint:OCETrain TER-87683003,1,,0,0,
OCESN891083F1187_F:TER:FR:Line::B10C45A0-C32C-4232-85F2-4BB81B810084::87686667:87683268:4:2500:20260711,24:35:00,24:36:00,StopPoint:OCETrain TER-87683003,1,,0,0,
OCESN891083F1187_F:TER:FR:Line::B10C45A0-C32C-4232-85F2-4BB81B810084::87686667:87683268:4:2505:20260801,24:40:00,24:41:00,StopPoint:OCETrain TER-87683003,1,,0,0,
OCESN891150F1187_F:TER:FR:Line::98933BFE-501C-47DD-9424-2313BB0EECFC::87683573:87686667:5:635:20260522,05:26:00,05:28:00,StopPoint:OCETrain TER-87683003,3,,0,0,
OCESN891150F1187_F:TER:FR:Line::98933BFE-501C-47DD-9424-2313BB0EECFC::87683573:87686667:5:635:20260904,05:22:00,05:24:00,StopPoint:OCETrain TER-87683003,3,,0,0,
OCESN891150F1187_F:TER:FR:Line::98933BFE-501C-47DD-9424-2313BB0EECFC::87683573:87686667:5:635:20260930,05:27:00,05:29:00,StopPoint:OCETrain TER-87683003,3,,0,0,
OCESN891151F1187_F:TER:FR:Line::98933BFE-501C-47DD-9424-2313BB0EECFC::87686006:87683573:5:2011:20260425,19:30:00,19:32:00,StopPoint:OCETrain TER-87683003,1,,0,0,
OCESN891151F1187_F:TER:FR:Line::98933BFE-501C-47DD-9424-2313BB0EECFC::87686006:87683573:5:2019:20260514,19:30:00,19:32:00,StopPoint:OCETrain TER-87683003,1,,0,0,
OCESN891151F1187_F:TER:FR:Line::98933BFE-501C-47DD-9424-2313BB0EECFC::87686006:87683573:5:2011:20260808,19:33:00,19:34:00,StopPoint:OCETrain TER-87683003,1,,0,0,
OCESN891151F1187_F:TER:FR:Line::98933BFE-501C-47DD-9424-2313BB0EECFC::87686006:87683573:5:2011:20260613,19:31:00,19:33:00,StopPoint:OCETrain TER-87683003,1,,0,0,
OCESN891151F1187_F:TER:FR:Line::98933BFE-501C-47DD-9424-2313BB0EECFC::87686006:87683573:5:2019:20260906,19:31:00,19:33:00,StopPoint:OCETrain TER-87683003,1,,0,0,
OCESN891151F1187_F:TER:FR:Line::98933BFE-501C-47DD-9424-2313BB0EECFC::87686006:87683573:5:2019:20260913,19:30:00,19:32:00,StopPoint:OCETrain TER-87683003,1,,0,0,
OCESN891151F1187_F:TER:FR:Line::98933BFE-501C-47DD-9424-2313BB0EECFC::87686006:87683573:5:2021:20260525,19:36:00,19:38:00,StopPoint:OCETrain TER-87683003,1,,0,0,
OCESN891151F1187_F:TER:FR:Line::98933BFE-501C-47DD-9424-2313BB0EECFC::87686006:87683573:5:2011:20260509,19:30:00,19:32:00,StopPoint:OCETrain TER-87683003,1,,0,0,
OCESN891151F1187_F:TER:FR:Line::98933BFE-501C-47DD-9424-2313BB0EECFC::87686006:87683573:5:2019:20260927,19:30:00,19:32:00,StopPoint:OCETrain TER-87683003,1,,0,0,
OCESN891151F1187_F:TER:FR:Line::98933BFE-501C-47DD-9424-2313BB0EECFC::87686006:87683573:5:2019:20260614,19:31:00,19:33:00,StopPoint:OCETrain TER-87683003,1,,0,0,
OCESN891151F1187_F:TER:FR:Line::98933BFE-501C-47DD-9424-2313BB0EECFC::87686006:87683573:5:2025:20260802,19:37:00,19:39:00,StopPoint:OCETrain TER-87683003,1,,0,0,
OCESN891151F1187_F:TER:FR:Line::98933BFE-501C-47DD-9424-2313BB0EECFC::87686006:87683573:5:2019:20260510,19:30:00,19:32:00,StopPoint:OCETrain TER-87683003,1,,0,0,
OCESN891151F1187_F:TER:FR:Line::98933BFE-501C-47DD-9424-2313BB0EECFC::87686006:87683573:5:2025:20260719,19:36:00,19:38:00,StopPoint:OCETrain TER-87683003,1,,0,0,
OCESN891151F1187_F:TER:FR:Line::98933BFE-501C-47DD-9424-2313BB0EECFC::87686006:87683573:5:2011:20260523,19:30:00,19:32:00,StopPoint:OCETrain TER-87683003,1,,0,0,
OCESN891151F1187_F:TER:FR:Line::98933BFE-501C-47DD-9424-2313BB0EECFC::87686006:87683573:5:2011:20260801,19:31:00,19:33:00,StopPoint:OCETrain TER-87683003,1,,0,0,
OCESN891151F1187_F:TER:FR:Line::98933BFE-501C-47DD-9424-2313BB0EECFC::87686006:87683573:5:2025:20260830,19:36:00,19:38:00,StopPoint:OCETrain TER-87683003,1,,0,0,
OCESN891151F1187_F:TER:FR:Line::98933BFE-501C-47DD-9424-2313BB0EECFC::87686006:87683573:5:2011:20260912,19:30:00,19:32:00,StopPoint:OCETrain TER-87683003,1,,0,0,
OCESN891151F1187_F:TER:FR:Line::98933BFE-501C-47DD-9424-2313BB0EECFC::87686006:87683573:5:2016:20260829,19:36:00,19:38:00,StopPoint:OCETrain TER-87683003,1,,0,0,
OCESN891151F1187_F:TER:FR:Line::98933BFE-501C-47DD-9424-2313BB0EECFC::87686006:87683573:5:2011:20260905,19:31:00,19:33:00,StopPoint:OCETrain TER-87683003,1,,0,0,
OCESN891151F1187_F:TER:FR:Line::98933BFE-501C-47DD-9424-2313BB0EECFC::87686006:87683573:5:2025:20260809,19:37:00,19:39:00,StopPoint:OCETrain TER-87683003,1,,0,0,
OCESN891151F1187_F:TER:FR:Line::98933BFE-501C-47DD-9424-2313BB0EECFC::87686667:87683268:4:2004:20260731,19:37:00,19:39:00,StopPoint:OCETrain TER-87683003,1,,0,0,
OCESN891151F1187_F:TER:FR:Line::98933BFE-501C-47DD-9424-2313BB0EECFC::87686667:87683268:4:2004:20260904,19:37:00,19:39:00,StopPoint:OCETrain TER-87683003,1,,0,0,
OCESN891151F1187_F:TER:FR:Line::98933BFE-501C-47DD-9424-2313BB0EECFC::87686667:87683268:4:1957:20260930,19:30:00,19:32:00,StopPoint:OCETrain TER-87683003,1,,0,0,
OCESN891151F1187_F:TER:FR:Line::98933BFE-501C-47DD-9424-2313BB0EECFC::87686006:87683573:5:2011:20260516,19:30:00,19:32:00,StopPoint:OCETrain TER-87683003,1,,0,0,
OCESN891151F1187_F:TER:FR:Line::98933BFE-501C-47DD-9424-2313BB0EECFC::87686006:87683573:5:2019:20260524,19:30:00,19:32:00,StopPoint:OCETrain TER-87683003,1,,0,0,
OCESN891151F1187_F:TER:FR:Line::98933BFE-501C-47DD-9424-2313BB0EECFC::87686667:87683268:4:1957:20260522,19:30:00,19:32:00,StopPoint:OCETrain TER-87683003,1,,0,0,
OCESN891152F1187_F:TER:FR:Line::98933BFE-501C-47DD-9424-2313BB0EECFC::87683573:87686667:5:729:20260425,06:27:00,06:29:00,StopPoint:OCETrain TER-87683003,3,,0,0,
OCESN891152F1187_F:TER:FR:Line::98933BFE-501C-47DD-9424-2313BB0EECFC::87683573:87686667:5:740:20260613,06:27:00,06:29:00,StopPoint:OCETrain TER-87683003,3,,0,0,
OCESN891152F1187_F:TER:FR:Line::98933BFE-501C-47DD-9424-2313BB0EECFC::87683268:87686667:4:734:20260522,06:26:00,06:27:00,StopPoint:OCETrain TER-87683003,2,,0,0,
OCESN891152F1187_F:TER:FR:Line::98933BFE-501C-47DD-9424-2313BB0EECFC::87683268:87686667:4:734:20260831,06:21:00,06:23:00,StopPoint:OCETrain TER-87683003,2,,0,0,
OCESN891152F1187_F:TER:FR:Line::98933BFE-501C-47DD-9424-2313BB0EECFC::87683573:87686667:5:741:20260912,06:27:00,06:29:00,StopPoint:OCETrain TER-87683003,3,,0,0,
OCESN891152F1187_F:TER:FR:Line::98933BFE-501C-47DD-9424-2313BB0EECFC::87683573:87686667:5:736:20260530,06:22:00,06:23:00,StopPoint:OCETrain TER-87683003,3,,0,0,
OCESN891152F1187_F:TER:FR:Line::98933BFE-501C-47DD-9424-2313BB0EECFC::87683573:87686667:5:732:20260606,06:22:00,06:23:00,StopPoint:OCETrain TER-87683003,3,,0,0,
OCESN891152F1187_F:TER:FR:Line::98933BFE-501C-47DD-9424-2313BB0EECFC::87683573:87686667:5:733:20260711,06:22:00,06:23:00,StopPoint:OCETrain TER-87683003,3,,0,0,
OCESN891152F1187_F:TER:FR:Line::98933BFE-501C-47DD-9424-2313BB0EECFC::87683573:87686667:5:731:20260718,06:21:00,06:22:00,StopPoint:OCETrain TER-87683003,3,,0,0,
OCESN891152F1187_F:TER:FR:Line::98933BFE-501C-47DD-9424-2313BB0EECFC::87683573:87686006:5:730:20260523,06:26:00,06:28:00,StopPoint:OCETrain TER-87683003,3,,0,0,
OCESN891152F1187_F:TER:FR:Line::98933BFE-501C-47DD-9424-2313BB0EECFC::87683573:87686667:5:749:20260509,06:26:00,06:28:00,StopPoint:OCETrain TER-87683003,3,,0,0,
OCESN891152F1187_F:TER:FR:Line::98933BFE-501C-47DD-9424-2313BB0EECFC::87683573:87686667:5:730:20260829,06:21:00,06:23:00,StopPoint:OCETrain TER-87683003,3,,0,0,
OCESN891152F1187_F:TER:FR:Line::98933BFE-501C-47DD-9424-2313BB0EECFC::87683573:87686667:5:750:20260919,06:42:00,06:44:00,StopPoint:OCETrain TER-87683003,3,,0,0,
OCESN891152F1187_F:TER:FR:Line::98933BFE-501C-47DD-9424-2313BB0EECFC::87683573:87686006:5:733:20260516,06:27:00,06:29:00,StopPoint:OCETrain TER-87683003,3,,0,0,
OCESN891152F1187_F:TER:FR:Line::98933BFE-501C-47DD-9424-2313BB0EECFC::87683573:87686667:5:729:20260514,06:26:00,06:28:00,StopPoint:OCETrain TER-87683003,3,,0,0,
OCESN891152F1187_F:TER:FR:Line::98933BFE-501C-47DD-9424-2313BB0EECFC::87683268:87686667:4:734:20260930,06:27:00,06:29:00,StopPoint:OCETrain TER-87683003,2,,0,0,
OCESN891152F1187_F:TER:FR:Line::98933BFE-501C-47DD-9424-2313BB0EECFC::87683573:87686667:5:727:20260822,06:21:00,06:23:00,StopPoint:OCETrain TER-87683003,3,,0,0,
OCESN891152F1187_F:TER:FR:Line::98933BFE-501C-47DD-9424-2313BB0EECFC::87683268:87686667:4:736:20260904,06:21:00,06:23:00,StopPoint:OCETrain TER-87683003,2,,0,0,
OCESN891152F1187_F:TER:FR:Line::98933BFE-501C-47DD-9424-2313BB0EECFC::87683573:87686667:5:752:20260926,06:41:00,06:43:00,StopPoint:OCETrain TER-87683003,3,,0,0,
OCESN891152F1187_F:TER:FR:Line::98933BFE-501C-47DD-9424-2313BB0EECFC::87683573:87686667:5:746:20260905,06:27:00,06:29:00,StopPoint:OCETrain TER-87683003,3,,0,0,
OCESN891152F1187_F:TER:FR:Line::98933BFE-501C-47DD-9424-2313BB0EECFC::87683268:87686667:4:734:20260430,06:28:00,06:30:00,StopPoint:OCETrain TER-87683003,2,,0,0,
OCESN891153F1187_F:TER:FR:Line::98933BFE-501C-47DD-9424-2313BB0EECFC::87686667:87683573:5:2215:20260717,21:37:00,21:38:00,StopPoint:OCETrain TER-87683003,1,,0,0,
OCESN891153F1187_F:TER:FR:Line::98933BFE-501C-47DD-9424-2313BB0EECFC::87686667:87683573:5:2217:20260830,21:37:00,21:39:00,StopPoint:OCETrain TER-87683003,1,,0,0,
OCESN891153F1187_F:TER:FR:Line::98933BFE-501C-47DD-9424-2313BB0EECFC::87686667:87683573:5:2217:20260801,21:38:00,21:39:00,StopPoint:OCETrain TER-87683003,1,,0,0,
OCESN891153F1187_F:TER:FR:Line::98933BFE-501C-47DD-9424-2313BB0EECFC::87686006:87683573:5:2211:20260523,21:30:00,21:32:00,StopPoint:OCETrain TER-87683003,1,,0,0,
OCESN891153F1187_F:TER:FR:Line::98933BFE-501C-47DD-9424-2313BB0EECFC::87686667:87683573:5:2212:20260906,21:32:00,21:34:00,StopPoint:OCETrain TER-87683003,1,,0,0,
OCESN891153F1187_F:TER:FR:Line::98933BFE-501C-47DD-9424-2313BB0EECFC::87686667:87683573:5:2215:20260606,21:37:00,21:38:00,StopPoint:OCETrain TER-87683003,1,,0,0,
OCESN891153F1187_F:TER:FR:Line::98933BFE-501C-47DD-9424-2313BB0EECFC::87686667:87683573:5:2211:20260913,21:30:00,21:32:00,StopPoint:OCETrain TER-87683003,1,,0,0,
OCESN891153F1187_F:TER:FR:Line::98933BFE-501C-47DD-9424-2313BB0EECFC::87686667:87683573:5:2211:20260510,21:30:00,21:32:00,StopPoint:OCETrain TER-87683003,1,,0,0,
OCESN891153F1187_F:TER:FR:Line::98933BFE-501C-47DD-9424-2313BB0EECFC::87686667:87683573:5:2215:20260530,21:37:00,21:38:00,StopPoint:OCETrain TER-87683003,1,,0,0,
OCESN891153F1187_F:TER:FR:Line::98933BFE-501C-47DD-9424-2313BB0EECFC::87686667:87683573:5:2217:20260718,21:37:00,21:39:00,StopPoint:OCETrain TER-87683003,1,,0,0,
OCESN891153F1187_F:TER:FR:Line::98933BFE-501C-47DD-9424-2313BB0EECFC::87686667:87683573:5:2217:20260904,21:40:00,21:41:00,StopPoint:OCETrain TER-87683003,1,,0,0,
OCESN891153F1187_F:TER:FR:Line::98933BFE-501C-47DD-9424-2313BB0EECFC::87686667:87683573:5:2212:20260930,21:33:00,21:35:00,StopPoint:OCETrain TER-87683003,1,,0,0,
OCESN891153F1187_F:TER:FR:Line::98933BFE-501C-47DD-9424-2313BB0EECFC::87686667:87683573:5:2216:20260808,21:40:00,21:41:00,StopPoint:OCETrain TER-87683003,1,,0,0,
OCESN891153F1187_F:TER:FR:Line::98933BFE-501C-47DD-9424-2313BB0EECFC::87686667:87683573:5:2211:20260927,21:31:00,21:33:00,StopPoint:OCETrain TER-87683003,1,,0,0,
OCESN891153F1187_F:TER:FR:Line::98933BFE-501C-47DD-9424-2313BB0EECFC::87686667:87683573:5:2211:20260905,21:22:00,21:24:00,StopPoint:OCETrain TER-87683003,1,,0,0,
OCESN891153F1187_F:TER:FR:Line::98933BFE-501C-47DD-9424-2313BB0EECFC::87686667:87683573:5:2211:20260912,21:30:00,21:32:00,StopPoint:OCETrain TER-87683003,1,,0,0,
OCESN891153F1187_F:TER:FR:Line::98933BFE-501C-47DD-9424-2313BB0EECFC::87686667:87683573:5:2211:20260524,21:30:00,21:32:00,StopPoint:OCETrain TER-87683003,1,,0,0,
OCESN891153F1187_F:TER:FR:Line::98933BFE-501C-47DD-9424-2313BB0EECFC::87686667:87683573:5:2211:20260522,21:30:00,21:32:00,StopPoint:OCETrain TER-87683003,1,,0,0,
OCESN891154F1187_F:TER:FR:Line::BE3E2DD5-0143-472B-9CE8-1601556F7950::87683573:87682302:13:806:20260523,07:23:00,07:40:00,StopPoint:OCETrain TER-87683003,8,,0,0,
OCESN891154F1187_F:TER:FR:Line::BE3E2DD5-0143-472B-9CE8-1601556F7950::87683573:87682302:13:810:20260905,07:24:00,07:39:00,StopPoint:OCETrain TER-87683003,8,,0,0,
OCESN891154F1187_F:TER:FR:Line::BE3E2DD5-0143-472B-9CE8-1601556F7950::87683573:87682302:13:805:20260912,07:25:00,07:42:00,StopPoint:OCETrain TER-87683003,8,,0,0,
OCESN891155F1187_F:TER:FR:Line::BE3E2DD5-0143-472B-9CE8-1601556F7950::87686667:87683268:10:2412:20260508,23:39:00,23:41:00,StopPoint:OCETrain TER-87683003,4,,0,0,
OCESN891155F1187_F:TER:FR:Line::BE3E2DD5-0143-472B-9CE8-1601556F7950::87686667:87683268:10:2422:20260830,23:49:00,23:51:00,StopPoint:OCETrain TER-87683003,4,,0,0,
OCESN891155F1187_F:TER:FR:Line::BE3E2DD5-0143-472B-9CE8-1601556F7950::87686667:87683268:9:2415:20260515,23:42:00,23:44:00,StopPoint:OCETrain TER-87683003,4,,0,0,
OCESN891155F1187_F:TER:FR:Line::BE3E2DD5-0143-472B-9CE8-1601556F7950::87686667:87683268:10:2412:20260509,23:39:00,23:41:00,StopPoint:OCETrain TER-87683003,4,,0,0,
OCESN891155F1187_F:TER:FR:Line::BE3E2DD5-0143-472B-9CE8-1601556F7950::87686667:87683268:10:2415:20260510,23:42:00,23:44:00,StopPoint:OCETrain TER-87683003,4,,0,0,
OCESN891155F1187_F:TER:FR:Line::BE3E2DD5-0143-472B-9CE8-1601556F7950::87686667:87683268:10:2510:20260703,24:38:00,24:40:00,StopPoint:OCETrain TER-87683003,4,,0,0,
OCESN891155F1187_F:TER:FR:Line::BE3E2DD5-0143-472B-9CE8-1601556F7950::87686667:87683268:9:2508:20260717,24:36:00,24:38:00,StopPoint:OCETrain TER-87683003,4,,0,0,
OCESN891155F1187_F:TER:FR:Line::BE3E2DD5-0143-472B-9CE8-1601556F7950::87686006:87683268:10:2415:20260524,23:42:00,23:44:00,StopPoint:OCETrain TER-87683003,4,,0,0,
OCESN891155F1187_F:TER:FR:Line::BE3E2DD5-0143-472B-9CE8-1601556F7950::87686667:87683268:10:2433:20260906,24:00:00,24:02:00,StopPoint:OCETrain TER-87683003,4,,0,0,
OCESN891155F1187_F:TER:FR:Line::BE3E2DD5-0143-472B-9CE8-1601556F7950::87686667:87683268:10:2420:20260731,23:47:00,23:49:00,StopPoint:OCETrain TER-87683003,4,,0,0,
OCESN891155F1187_F:TER:FR:Line::BE3E2DD5-0143-472B-9CE8-1601556F7950::87686667:87683268:10:2426:20260612,23:53:00,23:55:00,StopPoint:OCETrain TER-87683003,4,,0,0,
OCESN891155F1187_F:TER:FR:Line::BE3E2DD5-0143-472B-9CE8-1601556F7950::87686667:87683268:9:2330:20260930,23:00:00,23:01:00,StopPoint:OCETrain TER-87683003,4,,0,0,
OCESN891155F1187_F:TER:FR:Line::BE3E2DD5-0143-472B-9CE8-1601556F7950::87686667:87683268:9:2340:20260904,23:09:00,23:10:00,StopPoint:OCETrain TER-87683003,4,,0,0,
OCESN891155F1187_F:TER:FR:Line::BE3E2DD5-0143-472B-9CE8-1601556F7950::87686667:87683268:10:2340:20260821,23:08:00,23:09:00,StopPoint:OCETrain TER-87683003,4,,0,0,
OCESN891155F1187_F:TER:FR:Line::BE3E2DD5-0143-472B-9CE8-1601556F7950::87686667:87683268:9:2420:20260807,23:49:00,23:51:00,StopPoint:OCETrain TER-87683003,4,,0,0,
OCESN891155F1187_F:TER:FR:Line::BE3E2DD5-0143-472B-9CE8-1601556F7950::87686667:87683268:10:2419:20260620,23:46:00,23:48:00,StopPoint:OCETrain TER-87683003,4,,0,0,
OCESN891155F1187_F:TER:FR:Line::BE3E2DD5-0143-472B-9CE8-1601556F7950::87686667:87683268:10:2510:20260706,24:38:00,24:40:00,StopPoint:OCETrain TER-87683003,4,,0,0,
OCESN891155F1187_F:TER:FR:Line::BE3E2DD5-0143-472B-9CE8-1601556F7950::87686667:87683268:9:2424:20260605,23:54:00,23:56:00,StopPoint:OCETrain TER-87683003,4,,0,0,
OCESN891155F1187_F:TER:FR:Line::BE3E2DD5-0143-472B-9CE8-1601556F7950::87686667:87683268:10:2419:20260619,23:47:00,23:49:00,StopPoint:OCETrain TER-87683003,4,,0,0,
OCESN891155F1187_F:TER:FR:Line::BE3E2DD5-0143-472B-9CE8-1601556F7950::87686667:87683268:10:2420:20260724,23:47:00,23:49:00,StopPoint:OCETrain TER-87683003,4,,0,0,
OCESN891155F1187_F:TER:FR:Line::BE3E2DD5-0143-472B-9CE8-1601556F7950::87686667:87683268:10:2430:20260913,23:57:00,23:59:00,StopPoint:OCETrain TER-87683003,4,,0,0,
OCESN891155F1187_F:TER:FR:Line::BE3E2DD5-0143-472B-9CE8-1601556F7950::87686667:87683268:9:2417:20260626,23:47:00,23:49:00,StopPoint:OCETrain TER-87683003,4,,0,0,
OCESN891155F1187_F:TER:FR:Line::BE3E2DD5-0143-472B-9CE8-1601556F7950::87686667:87683268:9:2340:20260828,23:09:00,23:11:00,StopPoint:OCETrain TER-87683003,4,,0,0,
OCESN891155F1187_F:TER:FR:Line::BE3E2DD5-0143-472B-9CE8-1601556F7950::87686667:87683268:10:2510:20260710,24:38:00,24:40:00,StopPoint:OCETrain TER-87683003,4,,0,0,
OCESN891155F1187_F:TER:FR:Line::BE3E2DD5-0143-472B-9CE8-1601556F7950::87686667:87683268:10:2415:20260503,23:42:00,23:44:00,StopPoint:OCETrain TER-87683003,4,,0,0,
OCESN891155F1187_F:TER:FR:Line::BE3E2DD5-0143-472B-9CE8-1601556F7950::87686667:87683268:10:2412:20260522,23:39:00,23:41:00,StopPoint:OCETrain TER-87683003,4,,0,0,
OCESN891156F1187_F:TER:FR:Line::BE3E2DD5-0143-472B-9CE8-1601556F7950::87683268:87682302:10:806:20260524,07:38:00,07:40:00,StopPoint:OCETrain TER-87683003,5,,0,0,
OCESN891156F1187_F:TER:FR:Line::BE3E2DD5-0143-472B-9CE8-1601556F7950::87683268:87682302:10:810:20260906,07:37:00,07:39:00,StopPoint:OCETrain TER-87683003,5,,0,0,
OCESN891156F1187_F:TER:FR:Line::BE3E2DD5-0143-472B-9CE8-1601556F7950::87683268:87682302:10:805:20260913,07:40:00,07:42:00,StopPoint:OCETrain TER-87683003,5,,0,0,
OCESN891158F1187_F:TER:FR:Line::98933BFE-501C-47DD-9424-2313BB0EECFC::87683573:87686006:5:1135:20260523,10:27:00,10:29:00,StopPoint:OCETrain TER-87683003,3,,0,0,
OCESN891158F1187_F:TER:FR:Line::98933BFE-501C-47DD-9424-2313BB0EECFC::87683573:87686667:5:1134:20260509,10:22:00,10:24:00,StopPoint:OCETrain TER-87683003,3,,0,0,
OCESN891158F1187_F:TER:FR:Line::98933BFE-501C-47DD-9424-2313BB0EECFC::87683573:87686006:5:1129:20260516,10:26:00,10:28:00,StopPoint:OCETrain TER-87683003,3,,0,0,
OCESN891158F1187_F:TER:FR:Line::98933BFE-501C-47DD-9424-2313BB0EECFC::87683573:87686667:5:1133:20260514,10:26:00,10:28:00,StopPoint:OCETrain TER-87683003,3,,0,0,
OCESN891158F1187_F:TER:FR:Line::98933BFE-501C-47DD-9424-2313BB0EECFC::87683573:87686667:5:1136:20260925,10:27:00,10:29:00,StopPoint:OCETrain TER-87683003,3,,0,0,
OCESN891158F1187_F:TER:FR:Line::98933BFE-501C-47DD-9424-2313BB0EECFC::87683573:87686667:5:1133:20260507,10:26:00,10:28:00,StopPoint:OCETrain TER-87683003,3,,0,0,
OCESN891158F1187_F:TER:FR:Line::98933BFE-501C-47DD-9424-2313BB0EECFC::87683573:87686667:5:1148:20260904,10:28:00,10:30:00,StopPoint:OCETrain TER-87683003,3,,0,0,
OCESN891158F1187_F:TER:FR:Line::98933BFE-501C-47DD-9424-2313BB0EECFC::87683573:87686667:5:1147:20260625,10:28:00,10:30:00,StopPoint:OCETrain TER-87683003,3,,0,0,
OCESN891158F1187_F:TER:FR:Line::98933BFE-501C-47DD-9424-2313BB0EECFC::87683573:87686667:5:1133:20260522,10:26:00,10:28:00,StopPoint:OCETrain TER-87683003,3,,0,0,
OCESN891158F1187_F:TER:FR:Line::98933BFE-501C-47DD-9424-2313BB0EECFC::87683573:87686667:5:1136:20260930,10:28:00,10:30:00,StopPoint:OCETrain TER-87683003,3,,0,0,
OCESN891158F1187_F:TER:FR:Line::98933BFE-501C-47DD-9424-2313BB0EECFC::87683573:87686667:5:1148:20260905,10:28:00,10:30:00,StopPoint:OCETrain TER-87683003,3,,0,0,
OCESN891158F1187_F:TER:FR:Line::98933BFE-501C-47DD-9424-2313BB0EECFC::87683573:87686667:5:1134:20260425,10:28:00,10:30:00,StopPoint:OCETrain TER-87683003,3,,0,0,
OCESN891158F1187_F:TER:FR:Line::98933BFE-501C-47DD-9424-2313BB0EECFC::87683573:87686667:5:1133:20260430,10:28:00,10:30:00,StopPoint:OCETrain TER-87683003,3,,0,0,
OCESN891160F1187_F:TER:FR:Line::98933BFE-501C-47DD-9424-2313BB0EECFC::87683573:87686667:14:1451:20260517,13:25:00,13:39:00,StopPoint:OCETrain TER-87683003,8,,0,0,
OCESN891160F1187_F:TER:FR:Line::98933BFE-501C-47DD-9424-2313BB0EECFC::87683268:87682302:9:1405:20260507,13:37:00,13:39:00,StopPoint:OCETrain TER-87683003,4,,0,0,
OCESN891160F1187_F:TER:FR:Line::98933BFE-501C-47DD-9424-2313BB0EECFC::87683573:87682302:13:1408:20260524,13:25:00,13:42:00,StopPoint:OCETrain TER-87683003,8,,0,0,
OCESN891160F1187_F:TER:FR:Line::98933BFE-501C-47DD-9424-2313BB0EECFC::87683573:87682302:13:1405:20260829,13:25:00,13:34:00,StopPoint:OCETrain TER-87683003,8,,0,0,
OCESN891160F1187_F:TER:FR:Line::98933BFE-501C-47DD-9424-2313BB0EECFC::87683573:87686667:14:1455:20260830,13:25:00,13:34:00,StopPoint:OCETrain TER-87683003,8,,0,0,
OCESN891160F1187_F:TER:FR:Line::98933BFE-501C-47DD-9424-2313BB0EECFC::87683268:87682302:9:1409:20260821,13:36:00,13:38:00,StopPoint:OCETrain TER-87683003,4,,0,0,
OCESN891160F1187_F:TER:FR:Line::98933BFE-501C-47DD-9424-2313BB0EECFC::87683268:87682302:9:1409:20260904,13:36:00,13:38:00,StopPoint:OCETrain TER-87683003,4,,0,0,
OCESN891160F1187_F:TER:FR:Line::98933BFE-501C-47DD-9424-2313BB0EECFC::87683573:87682302:13:1405:20260912,13:25:00,13:42:00,StopPoint:OCETrain TER-87683003,8,,0,0,
OCESN891160F1187_F:TER:FR:Line::98933BFE-501C-47DD-9424-2313BB0EECFC::87683573:87686667:14:1451:20260426,13:25:00,13:42:00,StopPoint:OCETrain TER-87683003,8,,0,0,
OCESN891160F1187_F:TER:FR:Line::98933BFE-501C-47DD-9424-2313BB0EECFC::87683573:87686667:14:1456:20260913,13:25:00,13:42:00,StopPoint:OCETrain TER-87683003,8,,0,0,
OCESN891160F1187_F:TER:FR:Line::98933BFE-501C-47DD-9424-2313BB0EECFC::87683573:87682302:13:1405:20260714,13:32:00,13:34:00,StopPoint:OCETrain TER-87683003,8,,0,0,
OCESN891160F1187_F:TER:FR:Line::98933BFE-501C-47DD-9424-2313BB0EECFC::87683573:87686667:14:1451:20260525,13:32:00,13:34:00,StopPoint:OCETrain TER-87683003,8,,0,0,
OCESN891160F1187_F:TER:FR:Line::98933BFE-501C-47DD-9424-2313BB0EECFC::87683573:87686667:14:1501:20260906,13:25:00,13:35:00,StopPoint:OCETrain TER-87683003,8,,0,0,
OCESN891160F1187_F:TER:FR:Line::98933BFE-501C-47DD-9424-2313BB0EECFC::87683573:87682302:13:1408:20260508,13:40:00,13:42:00,StopPoint:OCETrain TER-87683003,8,,0,0,
OCESN891160F1187_F:TER:FR:Line::98933BFE-501C-47DD-9424-2313BB0EECFC::87683573:87682302:13:1405:20260905,13:25:00,13:34:00,StopPoint:OCETrain TER-87683003,8,,0,0,
OCESN891160F1187_F:TER:FR:Line::98933BFE-501C-47DD-9424-2313BB0EECFC::87683573:87686667:14:1451:20260628,13:25:00,13:34:00,StopPoint:OCETrain TER-87683003,8,,0,0,
OCESN891160F1187_F:TER:FR:Line::98933BFE-501C-47DD-9424-2313BB0EECFC::87683268:87682302:9:1405:20260930,13:39:00,13:41:00,StopPoint:OCETrain TER-87683003,4,,0,0,
OCESN891160F1187_F:TER:FR:Line::98933BFE-501C-47DD-9424-2313BB0EECFC::87683573:87686667:14:1455:20260503,13:25:00,13:42:00,StopPoint:OCETrain TER-87683003,8,,0,0,
OCESN891160F1187_F:TER:FR:Line::98933BFE-501C-47DD-9424-2313BB0EECFC::87683573:87682302:13:1405:20260502,13:25:00,13:42:00,StopPoint:OCETrain TER-87683003,8,,0,0,
OCESN891160F1187_F:TER:FR:Line::98933BFE-501C-47DD-9424-2313BB0EECFC::87683268:87682302:9:1405:20260911,13:39:00,13:41:00,StopPoint:OCETrain TER-87683003,4,,0,0,
OCESN891162F1187_F:TER:FR:Line::98933BFE-501C-47DD-9424-2313BB0EECFC::87683268:87682302:10:1608:20260524,15:24:00,15:42:00,StopPoint:OCETrain TER-87683003,5,,0,0,
OCESN891162F1187_F:TER:FR:Line::98933BFE-501C-47DD-9424-2313BB0EECFC::87683573:87682302:13:1609:20260905,15:26:00,15:38:00,StopPoint:OCETrain TER-87683003,8,,0,0,
OCESN891162F1187_F:TER:FR:Line::98933BFE-501C-47DD-9424-2313BB0EECFC::87683268:87682302:10:1609:20260906,15:24:00,15:38:00,StopPoint:OCETrain TER-87683003,5,,0,0,
OCESN891162F1187_F:TER:FR:Line::98933BFE-501C-47DD-9424-2313BB0EECFC::87683573:87682302:13:1608:20260523,15:24:00,15:42:00,StopPoint:OCETrain TER-87683003,8,,0,0,
OCESN891162F1187_F:TER:FR:Line::98933BFE-501C-47DD-9424-2313BB0EECFC::87683573:87682302:13:1609:20260821,15:24:00,15:38:00,StopPoint:OCETrain TER-87683003,8,,0,0,
OCESN891162F1187_F:TER:FR:Line::98933BFE-501C-47DD-9424-2313BB0EECFC::87683268:87682302:9:1605:20260927,15:26:00,15:40:00,StopPoint:OCETrain TER-87683003,4,,0,0,
OCESN891162F1187_F:TER:FR:Line::98933BFE-501C-47DD-9424-2313BB0EECFC::87683268:87682302:10:1609:20260714,15:36:00,15:38:00,StopPoint:OCETrain TER-87683003,5,,0,0,
OCESN891162F1187_F:TER:FR:Line::98933BFE-501C-47DD-9424-2313BB0EECFC::87683268:87682302:10:1606:20260913,15:24:00,15:42:00,StopPoint:OCETrain TER-87683003,5,,0,0,
OCESN891162F1187_F:TER:FR:Line::98933BFE-501C-47DD-9424-2313BB0EECFC::87683573:87682302:13:1605:20260930,15:24:00,15:42:00,StopPoint:OCETrain TER-87683003,8,,0,0,
OCESN891164F1187_F:TER:FR:Line::98933BFE-501C-47DD-9424-2313BB0EECFC::87683573:87686006:7:1729:20260426,16:27:00,16:29:00,StopPoint:OCETrain TER-87683003,5,,0,0,
OCESN891164F1187_F:TER:FR:Line::98933BFE-501C-47DD-9424-2313BB0EECFC::87683268:87686667:4:1727:20260522,16:25:00,16:27:00,StopPoint:OCETrain TER-87683003,2,,0,0,
OCESN891164F1187_F:TER:FR:Line::98933BFE-501C-47DD-9424-2313BB0EECFC::87683573:87686006:7:1729:20260607,16:21:00,16:23:00,StopPoint:OCETrain TER-87683003,5,,0,0,
OCESN891164F1187_F:TER:FR:Line::98933BFE-501C-47DD-9424-2313BB0EECFC::87683573:87686006:7:1727:20260823,16:21:00,16:23:00,StopPoint:OCETrain TER-87683003,5,,0,0,
OCESN891164F1187_F:TER:FR:Line::98933BFE-501C-47DD-9424-2313BB0EECFC::87683268:87686667:4:1727:20260703,16:20:00,16:21:00,StopPoint:OCETrain TER-87683003,2,,0,0,
OCESN891164F1187_F:TER:FR:Line::98933BFE-501C-47DD-9424-2313BB0EECFC::87683573:87686006:7:1727:20260927,16:26:00,16:28:00,StopPoint:OCETrain TER-87683003,5,,0,0,
OCESN891164F1187_F:TER:FR:Line::98933BFE-501C-47DD-9424-2313BB0EECFC::87683573:87686006:7:1727:20260714,16:20:00,16:22:00,StopPoint:OCETrain TER-87683003,5,,0,0,
OCESN891164F1187_F:TER:FR:Line::98933BFE-501C-47DD-9424-2313BB0EECFC::87683573:87686006:7:1734:20260510,16:23:00,16:24:00,StopPoint:OCETrain TER-87683003,5,,0,0,
OCESN891164F1187_F:TER:FR:Line::98933BFE-501C-47DD-9424-2313BB0EECFC::87683573:87686006:7:1729:20260719,16:20:00,16:22:00,StopPoint:OCETrain TER-87683003,5,,0,0,
OCESN891164F1187_F:TER:FR:Line::98933BFE-501C-47DD-9424-2313BB0EECFC::87683573:87686006:7:1728:20260524,16:24:00,16:26:00,StopPoint:OCETrain TER-87683003,5,,0,0,
OCESN891164F1187_F:TER:FR:Line::98933BFE-501C-47DD-9424-2313BB0EECFC::87683268:87686667:4:1726:20260828,16:19:00,16:21:00,StopPoint:OCETrain TER-87683003,2,,0,0,
OCESN891164F1187_F:TER:FR:Line::98933BFE-501C-47DD-9424-2313BB0EECFC::87683573:87686006:7:1736:20260906,16:23:00,16:25:00,StopPoint:OCETrain TER-87683003,5,,0,0,
OCESN891164F1187_F:TER:FR:Line::98933BFE-501C-47DD-9424-2313BB0EECFC::87683268:87686667:4:1727:20260904,16:19:00,16:21:00,StopPoint:OCETrain TER-87683003,2,,0,0,
OCESN891164F1187_F:TER:FR:Line::98933BFE-501C-47DD-9424-2313BB0EECFC::87683573:87686006:7:1727:20260517,16:24:00,16:26:00,StopPoint:OCETrain TER-87683003,5,,0,0,
OCESN891164F1187_F:TER:FR:Line::98933BFE-501C-47DD-9424-2313BB0EECFC::87683573:87686006:7:1727:20260830,16:20:00,16:21:00,StopPoint:OCETrain TER-87683003,5,,0,0,
OCESN891164F1187_F:TER:FR:Line::98933BFE-501C-47DD-9424-2313BB0EECFC::87683573:87686006:7:1736:20260913,16:27:00,16:29:00,StopPoint:OCETrain TER-87683003,5,,0,0,
OCESN891164F1187_F:TER:FR:Line::98933BFE-501C-47DD-9424-2313BB0EECFC::87683268:87686667:4:1727:20260930,16:26:00,16:28:00,StopPoint:OCETrain TER-87683003,2,,0,0,
OCESN891164F1187_F:TER:FR:Line::98933BFE-501C-47DD-9424-2313BB0EECFC::87683268:87686667:4:1726:20260821,16:20:00,16:21:00,StopPoint:OCETrain TER-87683003,2,,0,0,
OCESN891164F1187_F:TER:FR:Line::98933BFE-501C-47DD-9424-2313BB0EECFC::87683573:87686006:7:1727:20260503,16:27:00,16:29:00,StopPoint:OCETrain TER-87683003,5,,0,0,
OCESN891164F1187_F:TER:FR:Line::98933BFE-501C-47DD-9424-2313BB0EECFC::87683268:87686667:4:1727:20260430,16:28:00,16:30:00,StopPoint:OCETrain TER-87683003,2,,0,0,
OCESN891166F1187_F:TER:FR:Line::98933BFE-501C-47DD-9424-2313BB0EECFC::87683573:87682302:13:1805:20260523,17:24:00,17:39:00,StopPoint:OCETrain TER-87683003,8,,0,0,
OCESN891166F1187_F:TER:FR:Line::98933BFE-501C-47DD-9424-2313BB0EECFC::87683573:87682302:13:1809:20260905,17:24:00,17:38:00,StopPoint:OCETrain TER-87683003,8,,0,0,
OCESN891166F1187_F:TER:FR:Line::98933BFE-501C-47DD-9424-2313BB0EECFC::87683573:87682302:13:1805:20260829,17:24:00,17:35:00,StopPoint:OCETrain TER-87683003,8,,0,0,
OCESN891166F1187_F:TER:FR:Line::98933BFE-501C-47DD-9424-2313BB0EECFC::87683573:87682302:13:1805:20260522,17:24:00,17:39:00,StopPoint:OCETrain TER-87683003,8,,0,0,
OCESN891166F1187_F:TER:FR:Line::98933BFE-501C-47DD-9424-2313BB0EECFC::87683573:87682302:13:1805:20260930,17:24:00,17:42:00,StopPoint:OCETrain TER-87683003,8,,0,0,
OCESN891200F1187_F:TER:FR:Line::BE3E2DD5-0143-472B-9CE8-1601556F7950::87683268:87682302:9:508:20260516,04:39:00,04:41:00,StopPoint:OCETrain TER-87683003,4,,0,0,
OCESN891200F1187_F:TER:FR:Line::BE3E2DD5-0143-472B-9CE8-1601556F7950::87683268:87682302:10:505:20260523,04:38:00,04:40:00,StopPoint:OCETrain TER-87683003,5,,0,0,
OCESN891200F1187_F:TER:FR:Line::BE3E2DD5-0143-472B-9CE8-1601556F7950::87683268:87682302:9:508:20260829,04:36:00,04:38:00,StopPoint:OCETrain TER-87683003,4,,0,0,
OCESN891200F1187_F:TER:FR:Line::BE3E2DD5-0143-472B-9CE8-1601556F7950::87683268:87682302:10:505:20260522,04:37:00,04:39:00,StopPoint:OCETrain TER-87683003,5,,0,0,
OCESN891200F1187_F:TER:FR:Line::BE3E2DD5-0143-472B-9CE8-1601556F7950::87683268:87682302:10:507:20260821,04:35:00,04:37:00,StopPoint:OCETrain TER-87683003,5,,0,0,
OCESN891200F1187_F:TER:FR:Line::BE3E2DD5-0143-472B-9CE8-1601556F7950::87683268:87682302:9:507:20260828,04:36:00,04:38:00,StopPoint:OCETrain TER-87683003,4,,0,0,
OCESN891200F1187_F:TER:FR:Line::BE3E2DD5-0143-472B-9CE8-1601556F7950::87683268:87682302:9:505:20260904,04:34:00,04:35:00,StopPoint:OCETrain TER-87683003,4,,0,0,
OCESN891200F1187_F:TER:FR:Line::BE3E2DD5-0143-472B-9CE8-1601556F7950::87683268:87682302:9:508:20260905,04:37:00,04:39:00,StopPoint:OCETrain TER-87683003,4,,0,0,
OCESN891200F1187_F:TER:FR:Line::BE3E2DD5-0143-472B-9CE8-1601556F7950::87683268:87682302:9:506:20260808,04:35:00,04:37:00,StopPoint:OCETrain TER-87683003,4,,0,0,
OCESN891200F1187_F:TER:FR:Line::BE3E2DD5-0143-472B-9CE8-1601556F7950::87683268:87682302:10:505:20260514,04:38:00,04:40:00,StopPoint:OCETrain TER-87683003,5,,0,0,
OCESN891200F1187_F:TER:FR:Line::BE3E2DD5-0143-472B-9CE8-1601556F7950::87683268:87682302:9:506:20260515,04:37:00,04:39:00,StopPoint:OCETrain TER-87683003,4,,0,0,
OCESN891200F1187_F:TER:FR:Line::BE3E2DD5-0143-472B-9CE8-1601556F7950::87683268:87682302:10:505:20260822,04:34:00,04:36:00,StopPoint:OCETrain TER-87683003,5,,0,0,
OCESN891200F1187_F:TER:FR:Line::BE3E2DD5-0143-472B-9CE8-1601556F7950::87683268:87682302:9:508:20260807,04:37:00,04:39:00,StopPoint:OCETrain TER-87683003,4,,0,0,
OCESN891200F1187_F:TER:FR:Line::BE3E2DD5-0143-472B-9CE8-1601556F7950::87683268:87682302:9:505:20260926,04:40:00,04:42:00,StopPoint:OCETrain TER-87683003,4,,0,0,
OCESN891200F1187_F:TER:FR:Line::BE3E2DD5-0143-472B-9CE8-1601556F7950::87683268:87682302:9:506:20260930,04:40:00,04:42:00,StopPoint:OCETrain TER-87683003,4,,0,0,
OCESN891200F1187_F:TER:FR:Line::BE3E2DD5-0143-472B-9CE8-1601556F7950::87683268:87682302:10:505:20260502,04:40:00,04:42:00,StopPoint:OCETrain TER-87683003,5,,0,0,
OCESN891204F1187_F:TER:FR:Line::BE3E2DD5-0143-472B-9CE8-1601556F7950::87683268:87682302:10:609:20260906,05:37:00,05:39:00,StopPoint:OCETrain TER-87683003,5,,0,0,
OCESN891204F1187_F:TER:FR:Line::BE3E2DD5-0143-472B-9CE8-1601556F7950::87683268:87682302:10:608:20260904,05:36:00,05:37:00,StopPoint:OCETrain TER-87683003,5,,0,0,
OCESN891204F1187_F:TER:FR:Line::BE3E2DD5-0143-472B-9CE8-1601556F7950::87683268:87682302:10:610:20260714,05:37:00,05:39:00,StopPoint:OCETrain TER-87683003,5,,0,0,
OCESN891204F1187_F:TER:FR:Line::BE3E2DD5-0143-472B-9CE8-1601556F7950::87683268:87682302:10:605:20260524,05:37:00,05:39:00,StopPoint:OCETrain TER-87683003,5,,0,0,
OCESN891204F1187_F:TER:FR:Line::BE3E2DD5-0143-472B-9CE8-1601556F7950::87683268:87682302:10:602:20260523,05:34:00,05:36:00,StopPoint:OCETrain TER-87683003,5,,0,0,
OCESN891204F1187_F:TER:FR:Line::BE3E2DD5-0143-472B-9CE8-1601556F7950::87683268:87682302:10:605:20260930,05:38:00,05:40:00,StopPoint:OCETrain TER-87683003,5,,0,0,
OCESN891205F1187_F:TER:FR:Line::BE3E2DD5-0143-472B-9CE8-1601556F7950::87682302:87683268:10:2207:20260904,21:26:00,21:36:00,StopPoint:OCETrain TER-87683003,4,,0,0,
OCESN891205F1187_F:TER:FR:Line::BE3E2DD5-0143-472B-9CE8-1601556F7950::87682302:87683268:10:2208:20260528,21:26:00,21:36:00,StopPoint:OCETrain TER-87683003,4,,0,0,
OCESN891205F1187_F:TER:FR:Line::BE3E2DD5-0143-472B-9CE8-1601556F7950::87682302:87683268:10:2207:20260930,21:18:00,21:36:00,StopPoint:OCETrain TER-87683003,4,,0,0,
OCESN891207F1187_F:TER:FR:Line::BE3E2DD5-0143-472B-9CE8-1601556F7950::87682302:87683268:10:1951:20260904,19:21:00,19:22:00,StopPoint:OCETrain TER-87683003,4,,0,0,
OCESN891207F1187_F:TER:FR:Line::BE3E2DD5-0143-472B-9CE8-1601556F7950::87682302:87683268:10:1950:20260930,19:18:00,19:20:00,StopPoint:OCETrain TER-87683003,4,,0,0,
OCESN891208F1187_F:TER:FR:Line::BE3E2DD5-0143-472B-9CE8-1601556F7950::87683268:87682302:10:705:20260522,06:37:00,06:39:00,StopPoint:OCETrain TER-87683003,5,,0,0,
OCESN891208F1187_F:TER:FR:Line::BE3E2DD5-0143-472B-9CE8-1601556F7950::87683268:87682302:10:710:20260904,06:37:00,06:39:00,StopPoint:OCETrain TER-87683003,5,,0,0,
OCESN891208F1187_F:TER:FR:Line::BE3E2DD5-0143-472B-9CE8-1601556F7950::87683268:87682302:10:705:20260930,06:38:00,06:40:00,StopPoint:OCETrain TER-87683003,5,,0,0,
OCESN891358F1187_F:TER:FR:Line::65138810-3045-45FD-930D-FA56FDE62809::87713040:87686006:16:2153:20260517,20:36:00,20:39:00,StopPoint:OCETrain TER-87683003,11,,0,0,
OCESN891358F1187_F:TER:FR:Line::65138810-3045-45FD-930D-FA56FDE62809::87713040:87686667:16:2150:20260426,20:37:00,20:40:00,StopPoint:OCETrain TER-87683003,11,,0,0,
OCESN891358F1187_F:TER:FR:Line::65138810-3045-45FD-930D-FA56FDE62809::87713040:87686667:16:2151:20260927,20:37:00,20:40:00,StopPoint:OCETrain TER-87683003,11,,0,0,
OCESN891358F1187_F:TER:FR:Line::65138810-3045-45FD-930D-FA56FDE62809::87713040:87686667:16:2206:20260510,20:37:00,20:40:00,StopPoint:OCETrain TER-87683003,11,,0,0,
OCESN891358F1187_F:TER:FR:Line::65138810-3045-45FD-930D-FA56FDE62809::87713040:87686667:16:2151:20260830,20:32:00,20:34:00,StopPoint:OCETrain TER-87683003,11,,0,0,
OCESN891358F1187_F:TER:FR:Line::65138810-3045-45FD-930D-FA56FDE62809::87713040:87686667:16:2206:20260607,20:35:00,20:38:00,StopPoint:OCETrain TER-87683003,11,,0,0,
OCESN891358F1187_F:TER:FR:Line::65138810-3045-45FD-930D-FA56FDE62809::87713040:87686667:16:2156:20260913,20:37:00,20:40:00,StopPoint:OCETrain TER-87683003,11,,0,0,
OCESN891358F1187_F:TER:FR:Line::65138810-3045-45FD-930D-FA56FDE62809::87713040:87686667:16:2150:20260524,20:36:00,20:39:00,StopPoint:OCETrain TER-87683003,11,,0,0,
OCESN891358F1187_F:TER:FR:Line::65138810-3045-45FD-930D-FA56FDE62809::87713040:87686667:16:2151:20260823,20:32:00,20:35:00,StopPoint:OCETrain TER-87683003,11,,0,0,
OCESN891358F1187_F:TER:FR:Line::65138810-3045-45FD-930D-FA56FDE62809::87713040:87686667:16:2156:20260614,20:33:00,20:36:00,StopPoint:OCETrain TER-87683003,11,,0,0,
OCESN891358F1187_F:TER:FR:Line::65138810-3045-45FD-930D-FA56FDE62809::87713040:87686667:16:2201:20260906,20:33:00,20:36:00,StopPoint:OCETrain TER-87683003,11,,0,0,
OCESN891358F1187_F:TER:FR:Line::65138810-3045-45FD-930D-FA56FDE62809::87713040:87686667:16:2151:20260503,20:37:00,20:40:00,StopPoint:OCETrain TER-87683003,11,,0,0,
OCESN892001F1187_F:TER:FR:Line::98933BFE-501C-47DD-9424-2313BB0EECFC::87682302:87683573:13:726:20260904,06:18:00,06:20:00,StopPoint:OCETrain TER-87683003,4,,0,0,
OCESN892001F1187_F:TER:FR:Line::98933BFE-501C-47DD-9424-2313BB0EECFC::87682302:87683573:13:726:20260912,06:16:00,06:20:00,StopPoint:OCETrain TER-87683003,4,,0,0,
OCESN892001F1187_F:TER:FR:Line::98933BFE-501C-47DD-9424-2313BB0EECFC::87682302:87683573:13:726:20260522,06:18:00,06:20:00,StopPoint:OCETrain TER-87683003,4,,0,0,
OCESN892001F1187_F:TER:FR:Line::98933BFE-501C-47DD-9424-2313BB0EECFC::87682302:87683573:13:726:20260905,06:16:00,06:20:00,StopPoint:OCETrain TER-87683003,4,,0,0,
OCESN892001F1187_F:TER:FR:Line::98933BFE-501C-47DD-9424-2313BB0EECFC::87682302:87683573:12:708:20260926,06:16:00,06:20:00,StopPoint:OCETrain TER-87683003,4,,0,0,
OCESN892001F1187_F:TER:FR:Line::98933BFE-501C-47DD-9424-2313BB0EECFC::87682302:87683573:13:726:20260918,06:17:00,06:19:00,StopPoint:OCETrain TER-87683003,4,,0,0,
OCESN892001F1187_F:TER:FR:Line::98933BFE-501C-47DD-9424-2313BB0EECFC::87682302:87683573:13:726:20260930,06:18:00,06:20:00,StopPoint:OCETrain TER-87683003,4,,0,0,
OCESN892001F1187_F:TER:FR:Line::98933BFE-501C-47DD-9424-2313BB0EECFC::87682302:87683573:13:726:20260523,06:18:00,06:20:00,StopPoint:OCETrain TER-87683003,4,,0,0,
OCESN892001F1187_F:TER:FR:Line::98933BFE-501C-47DD-9424-2313BB0EECFC::87682302:87683573:13:726:20260430,06:18:00,06:20:00,StopPoint:OCETrain TER-87683003,4,,0,0,
OCESN892003F1187_F:TER:FR:Line::98933BFE-501C-47DD-9424-2313BB0EECFC::87682302:87683573:13:1126:20260508,10:33:00,10:36:00,StopPoint:OCETrain TER-87683003,4,,0,0,
OCESN892003F1187_F:TER:FR:Line::98933BFE-501C-47DD-9424-2313BB0EECFC::87682302:87683573:13:1126:20260714,10:33:00,10:36:00,StopPoint:OCETrain TER-87683003,4,,0,0,
OCESN892003F1187_F:TER:FR:Line::98933BFE-501C-47DD-9424-2313BB0EECFC::87682302:87683573:12:1126:20260925,10:18:00,10:20:00,StopPoint:OCETrain TER-87683003,4,,0,0,
OCESN892003F1187_F:TER:FR:Line::98933BFE-501C-47DD-9424-2313BB0EECFC::87682302:87683573:12:1126:20260904,10:20:00,10:22:00,StopPoint:OCETrain TER-87683003,4,,0,0,
OCESN892003F1187_F:TER:FR:Line::98933BFE-501C-47DD-9424-2313BB0EECFC::87682302:87683573:13:1126:20260821,10:19:00,10:21:00,StopPoint:OCETrain TER-87683003,4,,0,0,
OCESN892003F1187_F:TER:FR:Line::98933BFE-501C-47DD-9424-2313BB0EECFC::87682302:87683573:13:1126:20260905,10:20:00,10:35:00,StopPoint:OCETrain TER-87683003,4,,0,0,
OCESN892003F1187_F:TER:FR:Line::98933BFE-501C-47DD-9424-2313BB0EECFC::87682302:87683573:13:1126:20260906,10:20:00,10:33:00,StopPoint:OCETrain TER-87683003,4,,0,0,
OCESN892003F1187_F:TER:FR:Line::98933BFE-501C-47DD-9424-2313BB0EECFC::87682302:87683573:13:1126:20260913,10:18:00,10:36:00,StopPoint:OCETrain TER-87683003,4,,0,0,
OCESN892003F1187_F:TER:FR:Line::98933BFE-501C-47DD-9424-2313BB0EECFC::87682302:87683573:13:1126:20260514,10:18:00,10:20:00,StopPoint:OCETrain TER-87683003,4,,0,0,
OCESN892005F1187_F:TER:FR:Line::98933BFE-501C-47DD-9424-2313BB0EECFC::87682302:87683268:9:1249:20260925,12:18:00,12:20:00,StopPoint:OCETrain TER-87683003,4,,0,0,
OCESN892005F1187_F:TER:FR:Line::98933BFE-501C-47DD-9424-2313BB0EECFC::87682302:87683573:13:1326:20260514,12:18:00,12:20:00,StopPoint:OCETrain TER-87683003,4,,0,0,
OCESN892005F1187_F:TER:FR:Line::98933BFE-501C-47DD-9424-2313BB0EECFC::87682302:87683573:13:1326:20260714,12:18:00,12:20:00,StopPoint:OCETrain TER-87683003,4,,0,0,
OCESN892005F1187_F:TER:FR:Line::98933BFE-501C-47DD-9424-2313BB0EECFC::87682302:87683268:9:1251:20260821,12:20:00,12:22:00,StopPoint:OCETrain TER-87683003,4,,0,0,
OCESN892005F1187_F:TER:FR:Line::98933BFE-501C-47DD-9424-2313BB0EECFC::87682302:87683268:9:1249:20260814,12:19:00,12:21:00,StopPoint:OCETrain TER-87683003,4,,0,0,
OCESN892005F1187_F:TER:FR:Line::98933BFE-501C-47DD-9424-2313BB0EECFC::87682302:87683573:13:1326:20260905,12:20:00,12:36:00,StopPoint:OCETrain TER-87683003,4,,0,0,
OCESN892005F1187_F:TER:FR:Line::98933BFE-501C-47DD-9424-2313BB0EECFC::87682302:87683573:13:1326:20260906,12:19:00,12:36:00,StopPoint:OCETrain TER-87683003,4,,0,0,
OCESN892005F1187_F:TER:FR:Line::98933BFE-501C-47DD-9424-2313BB0EECFC::87682302:87683268:9:1249:20260904,12:19:00,12:21:00,StopPoint:OCETrain TER-87683003,4,,0,0,
OCESN892005F1187_F:TER:FR:Line::98933BFE-501C-47DD-9424-2313BB0EECFC::87682302:87683268:9:1251:20260507,12:18:00,12:20:00,StopPoint:OCETrain TER-87683003,4,,0,0,
OCESN892005F1187_F:TER:FR:Line::98933BFE-501C-47DD-9424-2313BB0EECFC::87682302:87683573:13:1326:20260913,12:18:00,12:36:00,StopPoint:OCETrain TER-87683003,4,,0,0,
OCESN892007F1187_F:TER:FR:Line::98933BFE-501C-47DD-9424-2313BB0EECFC::87682302:87683573:12:1526:20260821,14:20:00,14:22:00,StopPoint:OCETrain TER-87683003,4,,0,0,
OCESN892007F1187_F:TER:FR:Line::98933BFE-501C-47DD-9424-2313BB0EECFC::87682302:87683573:12:1526:20260904,14:20:00,14:22:00,StopPoint:OCETrain TER-87683003,4,,0,0,
OCESN892007F1187_F:TER:FR:Line::98933BFE-501C-47DD-9424-2313BB0EECFC::87682302:87683573:13:1526:20260906,14:20:00,14:36:00,StopPoint:OCETrain TER-87683003,4,,0,0,
OCESN892007F1187_F:TER:FR:Line::98933BFE-501C-47DD-9424-2313BB0EECFC::87682302:87683573:12:1526:20260626,14:20:00,14:22:00,StopPoint:OCETrain TER-87683003,4,,0,0,
OCESN892007F1187_F:TER:FR:Line::BE3E2DD5-0143-472B-9CE8-1601556F7950::87682302:87683573:13:1526:20260501,14:23:00,14:25:00,StopPoint:OCETrain TER-87683003,4,,0,0,
OCESN892007F1187_F:TER:FR:Line::98933BFE-501C-47DD-9424-2313BB0EECFC::87682302:87683573:13:1526:20260913,14:18:00,14:36:00,StopPoint:OCETrain TER-87683003,4,,0,0,
OCESN892009F1187_F:TER:FR:Line::98933BFE-501C-47DD-9424-2313BB0EECFC::87686667:87683573:14:1726:20260802,16:25:00,16:36:00,StopPoint:OCETrain TER-87683003,5,,0,0,
OCESN892009F1187_F:TER:FR:Line::98933BFE-501C-47DD-9424-2313BB0EECFC::87686667:87683573:14:1726:20260906,16:30:00,16:36:00,StopPoint:OCETrain TER-87683003,5,,0,0,
OCESN892009F1187_F:TER:FR:Line::98933BFE-501C-47DD-9424-2313BB0EECFC::87682302:87683573:13:1726:20260905,16:20:00,16:36:00,StopPoint:OCETrain TER-87683003,4,,0,0,
OCESN892009F1187_F:TER:FR:Line::98933BFE-501C-47DD-9424-2313BB0EECFC::87686667:87683573:14:1726:20260830,16:26:00,16:36:00,StopPoint:OCETrain TER-87683003,5,,0,0,
OCESN892009F1187_F:TER:FR:Line::98933BFE-501C-47DD-9424-2313BB0EECFC::87686667:87683573:14:1726:20260913,16:24:00,16:36:00,StopPoint:OCETrain TER-87683003,5,,0,0,
OCESN892009F1187_F:TER:FR:Line::98933BFE-501C-47DD-9424-2313BB0EECFC::87686667:87683573:14:1726:20260517,16:18:00,16:36:00,StopPoint:OCETrain TER-87683003,5,,0,0,
OCESN892009F1187_F:TER:FR:Line::98933BFE-501C-47DD-9424-2313BB0EECFC::87682302:87683573:13:1726:20260930,16:18:00,16:36:00,StopPoint:OCETrain TER-87683003,4,,0,0,
OCESN892015F1187_F:TER:FR:Line::BE3E2DD5-0143-472B-9CE8-1601556F7950::87682302:87683268:10:2245:20260508,22:13:00,22:15:00,StopPoint:OCETrain TER-87683003,4,,0,0,
OCESN892015F1187_F:TER:FR:Line::BE3E2DD5-0143-472B-9CE8-1601556F7950::87682302:87683268:10:2251:20260906,22:20:00,22:22:00,StopPoint:OCETrain TER-87683003,4,,0,0,
OCESN892015F1187_F:TER:FR:Line::BE3E2DD5-0143-472B-9CE8-1601556F7950::87682302:87683268:10:2251:20260830,22:19:00,22:21:00,StopPoint:OCETrain TER-87683003,4,,0,0,
OCESN892015F1187_F:TER:FR:Line::BE3E2DD5-0143-472B-9CE8-1601556F7950::87682302:87683268:9:2245:20260927,22:14:00,22:16:00,StopPoint:OCETrain TER-87683003,4,,0,0,
OCESN892015F1187_F:TER:FR:Line::BE3E2DD5-0143-472B-9CE8-1601556F7950::87682302:87683268:10:2254:20260614,22:23:00,22:25:00,StopPoint:OCETrain TER-87683003,4,,0,0,
OCESN892015F1187_F:TER:FR:Line::BE3E2DD5-0143-472B-9CE8-1601556F7950::87682302:87683268:10:2246:20260913,22:13:00,22:15:00,StopPoint:OCETrain TER-87683003,4,,0,0,
OCESN892300F1187_F:TER:FR:Line::98933BFE-501C-47DD-9424-2313BB0EECFC::87696807:87686667:11:933:20260522,08:24:00,08:26:00,StopPoint:OCETrain TER-87683003,9,,0,0,
OCESN892300F1187_F:TER:FR:Line::98933BFE-501C-47DD-9424-2313BB0EECFC::87683573:87686667:5:934:20260628,08:27:00,08:28:00,StopPoint:OCETrain TER-87683003,3,,0,0,
OCESN892300F1187_F:TER:FR:Line::98933BFE-501C-47DD-9424-2313BB0EECFC::87696807:87686667:11:933:20260904,08:21:00,08:23:00,StopPoint:OCETrain TER-87683003,9,,0,0,
OCESN892300F1187_F:TER:FR:Line::98933BFE-501C-47DD-9424-2313BB0EECFC::87696807:87686667:11:928:20260530,08:20:00,08:21:00,StopPoint:OCETrain TER-87683003,9,,0,0,
OCESN892300F1187_F:TER:FR:Line::98933BFE-501C-47DD-9424-2313BB0EECFC::87696807:87686667:11:933:20260529,08:22:00,08:23:00,StopPoint:OCETrain TER-87683003,9,,0,0,
OCESN892300F1187_F:TER:FR:Line::98933BFE-501C-47DD-9424-2313BB0EECFC::87696807:87686667:11:935:20260718,08:22:00,08:24:00,StopPoint:OCETrain TER-87683003,9,,0,0,
OCESN892300F1187_F:TER:FR:Line::98933BFE-501C-47DD-9424-2313BB0EECFC::87683573:87686667:5:936:20260906,08:24:00,08:26:00,StopPoint:OCETrain TER-87683003,3,,0,0,
OCESN892300F1187_F:TER:FR:Line::98933BFE-501C-47DD-9424-2313BB0EECFC::87683573:87686667:5:940:20260614,08:27:00,08:29:00,StopPoint:OCETrain TER-87683003,3,,0,0,
OCESN892300F1187_F:TER:FR:Line::98933BFE-501C-47DD-9424-2313BB0EECFC::87683573:87686667:5:935:20260913,08:28:00,08:30:00,StopPoint:OCETrain TER-87683003,3,,0,0,
OCESN892300F1187_F:TER:FR:Line::98933BFE-501C-47DD-9424-2313BB0EECFC::87696807:87686006:11:934:20260523,08:24:00,08:26:00,StopPoint:OCETrain TER-87683003,9,,0,0,
OCESN892300F1187_F:TER:FR:Line::98933BFE-501C-47DD-9424-2313BB0EECFC::87683573:87686006:5:933:20260517,08:27:00,08:29:00,StopPoint:OCETrain TER-87683003,3,,0,0,
OCESN892300F1187_F:TER:FR:Line::98933BFE-501C-47DD-9424-2313BB0EECFC::87696807:87686006:11:927:20260516,08:20:00,08:22:00,StopPoint:OCETrain TER-87683003,9,,0,0,
OCESN892300F1187_F:TER:FR:Line::98933BFE-501C-47DD-9424-2313BB0EECFC::87683573:87686006:5:933:20260524,08:27:00,08:29:00,StopPoint:OCETrain TER-87683003,3,,0,0,
OCESN892300F1187_F:TER:FR:Line::98933BFE-501C-47DD-9424-2313BB0EECFC::87683573:87686667:5:928:20260426,08:27:00,08:29:00,StopPoint:OCETrain TER-87683003,3,,0,0,
OCESN892300F1187_F:TER:FR:Line::98933BFE-501C-47DD-9424-2313BB0EECFC::87683573:87686667:5:934:20260510,08:23:00,08:25:00,StopPoint:OCETrain TER-87683003,3,,0,0,
OCESN892300F1187_F:TER:FR:Line::98933BFE-501C-47DD-9424-2313BB0EECFC::87683573:87686667:5:935:20260719,08:27:00,08:29:00,StopPoint:OCETrain TER-87683003,3,,0,0,
OCESN892300F1187_F:TER:FR:Line::98933BFE-501C-47DD-9424-2313BB0EECFC::87696807:87686667:11:935:20260930,08:27:00,08:29:00,StopPoint:OCETrain TER-87683003,9,,0,0,
OCESN892300F1187_F:TER:FR:Line::98933BFE-501C-47DD-9424-2313BB0EECFC::87696807:87686667:11:927:20260627,08:20:00,08:21:00,StopPoint:OCETrain TER-87683003,9,,0,0,
OCESN892300F1187_F:TER:FR:Line::98933BFE-501C-47DD-9424-2313BB0EECFC::87696807:87686667:11:934:20260509,08:20:00,08:22:00,StopPoint:OCETrain TER-87683003,9,,0,0,
OCESN892300F1187_F:TER:FR:Line::98933BFE-501C-47DD-9424-2313BB0EECFC::87683573:87686667:5:935:20260830,08:27:00,08:28:00,StopPoint:OCETrain TER-87683003,3,,0,0,
OCESN892300F1187_F:TER:FR:Line::98933BFE-501C-47DD-9424-2313BB0EECFC::87696807:87686667:11:927:20260711,08:20:00,08:21:00,StopPoint:OCETrain TER-87683003,9,,0,0,
OCESN892300F1187_F:TER:FR:Line::98933BFE-501C-47DD-9424-2313BB0EECFC::87683573:87686667:5:934:20260823,08:27:00,08:28:00,StopPoint:OCETrain TER-87683003,3,,0,0,
OCESN892300F1187_F:TER:FR:Line::98933BFE-501C-47DD-9424-2313BB0EECFC::87696807:87686667:11:933:20260831,08:21:00,08:23:00,StopPoint:OCETrain TER-87683003,9,,0,0,
OCESN892300F1187_F:TER:FR:Line::98933BFE-501C-47DD-9424-2313BB0EECFC::87696807:87686667:11:936:20260905,08:21:00,08:23:00,StopPoint:OCETrain TER-87683003,9,,0,0,
OCESN892300F1187_F:TER:FR:Line::98933BFE-501C-47DD-9424-2313BB0EECFC::87696807:87686667:11:933:20260430,08:27:00,08:29:00,StopPoint:OCETrain TER-87683003,9,,0,0,
OCESN892301F1187_F:TER:FR:Line::30F37992-42EC-43CC-8A26-59280550C603::87682302:87696807:19:1019:20260514,08:18:00,08:20:00,StopPoint:OCETrain TER-87683003,4,,0,0,
OCESN892301F1187_F:TER:FR:Line::30F37992-42EC-43CC-8A26-59280550C603::87682302:87696807:19:1017:20260906,08:18:00,08:36:00,StopPoint:OCETrain TER-87683003,4,,0,0,
OCESN892301F1187_F:TER:FR:Line::30F37992-42EC-43CC-8A26-59280550C603::87682302:87696807:18:1019:20260821,08:18:00,08:20:00,StopPoint:OCETrain TER-87683003,4,,0,0,
OCESN892301F1187_F:TER:FR:Line::30F37992-42EC-43CC-8A26-59280550C603::87682302:87696807:18:1019:20260904,08:18:00,08:20:00,StopPoint:OCETrain TER-87683003,4,,0,0,
OCESN892301F1187_F:TER:FR:Line::30F37992-42EC-43CC-8A26-59280550C603::87682302:87696807:19:1017:20260714,08:18:00,08:20:00,StopPoint:OCETrain TER-87683003,4,,0,0,
OCESN892301F1187_F:TER:FR:Line::30F37992-42EC-43CC-8A26-59280550C603::87682302:87696807:19:1019:20260905,08:26:00,08:36:00,StopPoint:OCETrain TER-87683003,4,,0,0,
OCESN892301F1187_F:TER:FR:Line::30F37992-42EC-43CC-8A26-59280550C603::87682302:87696807:19:1019:20260912,08:18:00,08:36:00,StopPoint:OCETrain TER-87683003,4,,0,0,
OCESN892301F1187_F:TER:FR:Line::30F37992-42EC-43CC-8A26-59280550C603::87682302:87696807:19:1017:20260913,08:18:00,08:36:00,StopPoint:OCETrain TER-87683003,4,,0,0,
OCESN892301F1187_F:TER:FR:Line::30F37992-42EC-43CC-8A26-59280550C603::87682302:87696807:18:1019:20260930,08:18:00,08:20:00,StopPoint:OCETrain TER-87683003,4,,0,0,
OCESN892302F1187_F:TER:FR:Line::30F37992-42EC-43CC-8A26-59280550C603::87696807:87686667:11:1327:20260423,12:27:00,12:29:00,StopPoint:OCETrain TER-87683003,9,,0,0,
OCESN892302F1187_F:TER:FR:Line::30F37992-42EC-43CC-8A26-59280550C603::87696807:87686667:11:1350:20260509,12:28:00,12:30:00,StopPoint:OCETrain TER-87683003,9,,0,0,
OCESN892302F1187_F:TER:FR:Line::30F37992-42EC-43CC-8A26-59280550C603::87696807:87686667:11:1352:20260718,12:28:00,12:36:00,StopPoint:OCETrain TER-87683003,9,,0,0,
OCESN892302F1187_F:TER:FR:Line::30F37992-42EC-43CC-8A26-59280550C603::87696807:87686667:11:1329:20260425,12:28:00,12:30:00,StopPoint:OCETrain TER-87683003,9,,0,0,
OCESN892302F1187_F:TER:FR:Line::30F37992-42EC-43CC-8A26-59280550C603::87696807:87686667:11:1346:20260826,12:27:00,12:29:00,StopPoint:OCETrain TER-87683003,9,,0,0,
OCESN892302F1187_F:TER:FR:Line::30F37992-42EC-43CC-8A26-59280550C603::87696807:87686667:11:1347:20260906,12:28:00,12:30:00,StopPoint:OCETrain TER-87683003,9,,0,0,
OCESN892302F1187_F:TER:FR:Line::30F37992-42EC-43CC-8A26-59280550C603::87696807:87686667:11:1329:20260426,12:28:00,12:30:00,StopPoint:OCETrain TER-87683003,9,,0,0,
OCESN892302F1187_F:TER:FR:Line::30F37992-42EC-43CC-8A26-59280550C603::87696807:87686667:11:1352:20260830,12:28:00,12:35:00,StopPoint:OCETrain TER-87683003,9,,0,0,
OCESN892302F1187_F:TER:FR:Line::30F37992-42EC-43CC-8A26-59280550C603::87696807:87686667:11:1346:20260814,12:27:00,12:39:00,StopPoint:OCETrain TER-87683003,9,,0,0,
OCESN892302F1187_F:TER:FR:Line::30F37992-42EC-43CC-8A26-59280550C603::87696807:87686667:11:1347:20260821,12:28:00,12:36:00,StopPoint:OCETrain TER-87683003,9,,0,0,
OCESN892302F1187_F:TER:FR:Line::30F37992-42EC-43CC-8A26-59280550C603::87696807:87686667:11:1350:20260510,12:27:00,12:28:00,StopPoint:OCETrain TER-87683003,9,,0,0,
OCESN892302F1187_F:TER:FR:Line::30F37992-42EC-43CC-8A26-59280550C603::87696807:87686667:11:1330:20260524,12:26:00,12:28:00,StopPoint:OCETrain TER-87683003,9,,0,0,
OCESN892302F1187_F:TER:FR:Line::30F37992-42EC-43CC-8A26-59280550C603::87696807:87686006:11:1330:20260523,12:26:00,12:28:00,StopPoint:OCETrain TER-87683003,9,,0,0,
OCESN892302F1187_F:TER:FR:Line::30F37992-42EC-43CC-8A26-59280550C603::87696807:87686667:11:1342:20260614,12:28:00,12:30:00,StopPoint:OCETrain TER-87683003,9,,0,0,
OCESN892302F1187_F:TER:FR:Line::30F37992-42EC-43CC-8A26-59280550C603::87696807:87686667:11:1346:20260625,12:27:00,12:29:00,StopPoint:OCETrain TER-87683003,9,,0,0,
OCESN892302F1187_F:TER:FR:Line::30F37992-42EC-43CC-8A26-59280550C603::87696807:87686667:11:1329:20260924,12:27:00,12:29:00,StopPoint:OCETrain TER-87683003,9,,0,0,
OCESN892302F1187_F:TER:FR:Line::30F37992-42EC-43CC-8A26-59280550C603::87696807:87686667:11:1334:20260912,12:27:00,12:29:00,StopPoint:OCETrain TER-87683003,9,,0,0,
OCESN892302F1187_F:TER:FR:Line::30F37992-42EC-43CC-8A26-59280550C603::87696807:87686667:11:1352:20260719,12:28:00,12:30:00,StopPoint:OCETrain TER-87683003,9,,0,0,
OCESN892302F1187_F:TER:FR:Line::30F37992-42EC-43CC-8A26-59280550C603::87696807:87686667:11:1342:20260613,12:28:00,12:30:00,StopPoint:OCETrain TER-87683003,9,,0,0,
OCESN892302F1187_F:TER:FR:Line::30F37992-42EC-43CC-8A26-59280550C603::87696807:87686667:11:1352:20260606,12:28:00,12:30:00,StopPoint:OCETrain TER-87683003,9,,0,0,
OCESN892302F1187_F:TER:FR:Line::30F37992-42EC-43CC-8A26-59280550C603::87696807:87686667:11:1346:20260904,12:27:00,12:37:00,StopPoint:OCETrain TER-87683003,9,,0,0,
OCESN892302F1187_F:TER:FR:Line::30F37992-42EC-43CC-8A26-59280550C603::87696807:87686667:11:1334:20260913,12:27:00,12:29:00,StopPoint:OCETrain TER-87683003,9,,0,0,
OCESN892302F1187_F:TER:FR:Line::30F37992-42EC-43CC-8A26-59280550C603::87696807:87686667:11:1338:20260902,12:27:00,12:29:00,StopPoint:OCETrain TER-87683003,9,,0,0,
OCESN892302F1187_F:TER:FR:Line::30F37992-42EC-43CC-8A26-59280550C603::87696807:87686006:11:1330:20260516,12:28:00,12:30:00,StopPoint:OCETrain TER-87683003,9,,0,0,
OCESN892302F1187_F:TER:FR:Line::30F37992-42EC-43CC-8A26-59280550C603::87696807:87686667:11:1346:20260825,12:28:00,12:36:00,StopPoint:OCETrain TER-87683003,9,,0,0,
OCESN892302F1187_F:TER:FR:Line::30F37992-42EC-43CC-8A26-59280550C603::87696807:87686667:11:1352:20260829,12:28:00,12:40:00,StopPoint:OCETrain TER-87683003,9,,0,0,
OCESN892302F1187_F:TER:FR:Line::30F37992-42EC-43CC-8A26-59280550C603::87696807:87686667:11:1329:20260930,12:27:00,12:29:00,StopPoint:OCETrain TER-87683003,9,,0,0,
OCESN892302F1187_F:TER:FR:Line::30F37992-42EC-43CC-8A26-59280550C603::87696807:87686667:11:1330:20260507,12:27:00,12:29:00,StopPoint:OCETrain TER-87683003,9,,0,0,
OCESN892302F1187_F:TER:FR:Line::30F37992-42EC-43CC-8A26-59280550C603::87696807:87686667:11:1347:20260905,12:28:00,12:30:00,StopPoint:OCETrain TER-87683003,9,,0,0,
OCESN892302F1187_F:TER:FR:Line::30F37992-42EC-43CC-8A26-59280550C603::87696807:87686667:11:1330:20260517,12:28:00,12:30:00,StopPoint:OCETrain TER-87683003,9,,0,0,
OCESN892302F1187_F:TER:FR:Line::30F37992-42EC-43CC-8A26-59280550C603::87696807:87686667:11:1346:20260714,12:27:00,12:39:00,StopPoint:OCETrain TER-87683003,9,,0,0,
OCESN892302F1187_F:TER:FR:Line::30F37992-42EC-43CC-8A26-59280550C603::87696807:87686667:11:1352:20260815,12:28:00,12:40:00,StopPoint:OCETrain TER-87683003,9,,0,0,
OCESN892302F1187_F:TER:FR:Line::30F37992-42EC-43CC-8A26-59280550C603::87696807:87686667:11:1330:20260514,12:27:00,12:29:00,StopPoint:OCETrain TER-87683003,9,,0,0,
OCESN892302F1187_F:TER:FR:Line::30F37992-42EC-43CC-8A26-59280550C603::87696807:87686667:11:1327:20260503,12:28:00,12:30:00,StopPoint:OCETrain TER-87683003,9,,0,0,
OCESN892302F1187_F:TER:FR:Line::30F37992-42EC-43CC-8A26-59280550C603::87696807:87686667:11:1327:20260430,12:27:00,12:29:00,StopPoint:OCETrain TER-87683003,9,,0,0,
OCESN892303F1187_F:TER:FR:Line::30F37992-42EC-43CC-8A26-59280550C603::87686667:87683573:5:1213:20260423,11:32:00,11:34:00,StopPoint:OCETrain TER-87683003,1,,0,0,
OCESN892303F1187_F:TER:FR:Line::30F37992-42EC-43CC-8A26-59280550C603::87686667:87696807:11:1304:20260510,11:30:00,11:32:00,StopPoint:OCETrain TER-87683003,1,,0,0,
OCESN892303F1187_F:TER:FR:Line::30F37992-42EC-43CC-8A26-59280550C603::87686667:87696807:11:1315:20260801,11:38:00,11:40:00,StopPoint:OCETrain TER-87683003,1,,0,0,
OCESN892303F1187_F:TER:FR:Line::30F37992-42EC-43CC-8A26-59280550C603::87686667:87696807:11:1308:20260514,11:31:00,11:33:00,StopPoint:OCETrain TER-87683003,1,,0,0,
OCESN892303F1187_F:TER:FR:Line::30F37992-42EC-43CC-8A26-59280550C603::87686667:87683573:5:1220:20260731,11:39:00,11:41:00,StopPoint:OCETrain TER-87683003,1,,0,0,
OCESN892303F1187_F:TER:FR:Line::30F37992-42EC-43CC-8A26-59280550C603::87686667:87683573:5:1219:20260717,11:38:00,11:40:00,StopPoint:OCETrain TER-87683003,1,,0,0,
OCESN892303F1187_F:TER:FR:Line::30F37992-42EC-43CC-8A26-59280550C603::87686667:87696807:11:1314:20260711,11:37:00,11:39:00,StopPoint:OCETrain TER-87683003,1,,0,0,
OCESN892303F1187_F:TER:FR:Line::30F37992-42EC-43CC-8A26-59280550C603::87686667:87696807:11:1304:20260426,11:30:00,11:32:00,StopPoint:OCETrain TER-87683003,1,,0,0,
OCESN892303F1187_F:TER:FR:Line::30F37992-42EC-43CC-8A26-59280550C603::87686667:87696807:11:1321:20260905,11:33:00,11:35:00,StopPoint:OCETrain TER-87683003,1,,0,0,
OCESN892303F1187_F:TER:FR:Line::30F37992-42EC-43CC-8A26-59280550C603::87686667:87696807:11:1321:20260912,11:44:00,11:46:00,StopPoint:OCETrain TER-87683003,1,,0,0,
OCESN892303F1187_F:TER:FR:Line::30F37992-42EC-43CC-8A26-59280550C603::87686667:87696807:11:1317:20260913,11:44:00,11:46:00,StopPoint:OCETrain TER-87683003,1,,0,0,
OCESN892303F1187_F:TER:FR:Line::30F37992-42EC-43CC-8A26-59280550C603::87686006:87696807:11:1304:20260524,11:30:00,11:32:00,StopPoint:OCETrain TER-87683003,1,,0,0,
OCESN892303F1187_F:TER:FR:Line::30F37992-42EC-43CC-8A26-59280550C603::87686667:87696807:11:1310:20260607,11:37:00,11:39:00,StopPoint:OCETrain TER-87683003,1,,0,0,
OCESN892303F1187_F:TER:FR:Line::30F37992-42EC-43CC-8A26-59280550C603::87686667:87696807:11:1317:20260906,11:33:00,11:35:00,StopPoint:OCETrain TER-87683003,1,,0,0,
OCESN892303F1187_F:TER:FR:Line::30F37992-42EC-43CC-8A26-59280550C603::87686667:87696807:11:1321:20260613,11:33:00,11:35:00,StopPoint:OCETrain TER-87683003,1,,0,0,
OCESN892303F1187_F:TER:FR:Line::30F37992-42EC-43CC-8A26-59280550C603::87686667:87696807:11:1312:20260808,11:36:00,11:38:00,StopPoint:OCETrain TER-87683003,1,,0,0,
OCESN892303F1187_F:TER:FR:Line::30F37992-42EC-43CC-8A26-59280550C603::87686667:87696807:11:1310:20260719,11:38:00,11:40:00,StopPoint:OCETrain TER-87683003,1,,0,0,
OCESN892303F1187_F:TER:FR:Line::30F37992-42EC-43CC-8A26-59280550C603::87686667:87683573:5:1213:20260916,11:32:00,11:34:00,StopPoint:OCETrain TER-87683003,1,,0,0,
OCESN892303F1187_F:TER:FR:Line::30F37992-42EC-43CC-8A26-59280550C603::87686667:87696807:11:1310:20260712,11:37:00,11:39:00,StopPoint:OCETrain TER-87683003,1,,0,0,
OCESN892303F1187_F:TER:FR:Line::30F37992-42EC-43CC-8A26-59280550C603::87686667:87696807:11:1314:20260718,11:38:00,11:40:00,StopPoint:OCETrain TER-87683003,1,,0,0,
OCESN892303F1187_F:TER:FR:Line::30F37992-42EC-43CC-8A26-59280550C603::87686667:87696807:11:1310:20260830,11:37:00,11:39:00,StopPoint:OCETrain TER-87683003,1,,0,0,
OCESN892303F1187_F:TER:FR:Line::30F37992-42EC-43CC-8A26-59280550C603::87686667:87683573:5:1213:20260925,11:32:00,11:34:00,StopPoint:OCETrain TER-87683003,1,,0,0,
OCESN892303F1187_F:TER:FR:Line::30F37992-42EC-43CC-8A26-59280550C603::87686667:87683573:5:1220:20260814,11:39:00,11:41:00,StopPoint:OCETrain TER-87683003,1,,0,0,
OCESN892303F1187_F:TER:FR:Line::30F37992-42EC-43CC-8A26-59280550C603::87686667:87683573:5:1219:20260821,11:38:00,11:40:00,StopPoint:OCETrain TER-87683003,1,,0,0,
OCESN892303F1187_F:TER:FR:Line::30F37992-42EC-43CC-8A26-59280550C603::87686667:87683573:5:1220:20260904,11:40:00,11:42:00,StopPoint:OCETrain TER-87683003,1,,0,0,
OCESN892303F1187_F:TER:FR:Line::30F37992-42EC-43CC-8A26-59280550C603::87686667:87696807:11:1314:20260829,11:37:00,11:39:00,StopPoint:OCETrain TER-87683003,1,,0,0,
OCESN892303F1187_F:TER:FR:Line::30F37992-42EC-43CC-8A26-59280550C603::87686006:87696807:11:1308:20260523,11:30:00,11:32:00,StopPoint:OCETrain TER-87683003,1,,0,0,
OCESN892303F1187_F:TER:FR:Line::30F37992-42EC-43CC-8A26-59280550C603::87686667:87683573:5:1219:20260807,11:38:00,11:40:00,StopPoint:OCETrain TER-87683003,1,,0,0,
OCESN892303F1187_F:TER:FR:Line::30F37992-42EC-43CC-8A26-59280550C603::87686667:87696807:11:1308:20260809,11:36:00,11:38:00,StopPoint:OCETrain TER-87683003,1,,0,0,
OCESN892303F1187_F:TER:FR:Line::30F37992-42EC-43CC-8A26-59280550C603::87686667:87696807:11:1311:20260802,11:38:00,11:40:00,StopPoint:OCETrain TER-87683003,1,,0,0,
OCESN892303F1187_F:TER:FR:Line::30F37992-42EC-43CC-8A26-59280550C603::87686667:87696807:11:1317:20260614,11:33:00,11:35:00,StopPoint:OCETrain TER-87683003,1,,0,0,
OCESN892303F1187_F:TER:FR:Line::30F37992-42EC-43CC-8A26-59280550C603::87686667:87696807:11:1314:20260606,11:37:00,11:39:00,StopPoint:OCETrain TER-87683003,1,,0,0,
OCESN892303F1187_F:TER:FR:Line::30F37992-42EC-43CC-8A26-59280550C603::87686667:87696807:11:1308:20260509,11:30:00,11:32:00,StopPoint:OCETrain TER-87683003,1,,0,0,
OCESN892303F1187_F:TER:FR:Line::30F37992-42EC-43CC-8A26-59280550C603::87686667:87696807:11:1308:20260425,11:30:00,11:32:00,StopPoint:OCETrain TER-87683003,1,,0,0,
OCESN892303F1187_F:TER:FR:Line::30F37992-42EC-43CC-8A26-59280550C603::87686667:87683573:5:1212:20260522,11:31:00,11:33:00,StopPoint:OCETrain TER-87683003,1,,0,0,
OCESN892304F1187_F:TER:FR:Line::30F37992-42EC-43CC-8A26-59280550C603::87696807:87682302:19:2008:20260524,19:24:00,19:42:00,StopPoint:OCETrain TER-87683003,14,,0,0,
OCESN892304F1187_F:TER:FR:Line::30F37992-42EC-43CC-8A26-59280550C603::87696807:87682302:19:2008:20260523,19:24:00,19:42:00,StopPoint:OCETrain TER-87683003,14,,0,0,
OCESN892304F1187_F:TER:FR:Line::30F37992-42EC-43CC-8A26-59280550C603::87696807:87682302:19:2006:20260906,19:24:00,19:35:00,StopPoint:OCETrain TER-87683003,14,,0,0,
OCESN892304F1187_F:TER:FR:Line::30F37992-42EC-43CC-8A26-59280550C603::87696807:87682302:19:2005:20260503,19:24:00,19:42:00,StopPoint:OCETrain TER-87683003,14,,0,0,
OCESN892304F1187_F:TER:FR:Line::30F37992-42EC-43CC-8A26-59280550C603::87696807:87682302:19:2005:20260927,19:33:00,19:42:00,StopPoint:OCETrain TER-87683003,14,,0,0,
OCESN892304F1187_F:TER:FR:Line::30F37992-42EC-43CC-8A26-59280550C603::87696807:87682302:19:2008:20260517,19:24:00,19:42:00,StopPoint:OCETrain TER-87683003,14,,0,0,
OCESN892304F1187_F:TER:FR:Line::30F37992-42EC-43CC-8A26-59280550C603::87696807:87682302:19:2005:20260718,19:24:00,19:34:00,StopPoint:OCETrain TER-87683003,14,,0,0,
OCESN892304F1187_F:TER:FR:Line::30F37992-42EC-43CC-8A26-59280550C603::87696807:87682302:19:2005:20260830,19:24:00,19:34:00,StopPoint:OCETrain TER-87683003,14,,0,0,
OCESN892304F1187_F:TER:FR:Line::30F37992-42EC-43CC-8A26-59280550C603::87696807:87682302:19:2005:20260905,19:24:00,19:34:00,StopPoint:OCETrain TER-87683003,14,,0,0,
OCESN892304F1187_F:TER:FR:Line::30F37992-42EC-43CC-8A26-59280550C603::87696807:87682302:19:2005:20260912,19:24:00,19:42:00,StopPoint:OCETrain TER-87683003,14,,0,0,
OCESN892304F1187_F:TER:FR:Line::30F37992-42EC-43CC-8A26-59280550C603::87696807:87682302:19:2005:20260913,19:24:00,19:42:00,StopPoint:OCETrain TER-87683003,14,,0,0,
OCESN892305F1187_F:TER:FR:Line::30F37992-42EC-43CC-8A26-59280550C603::87686667:87696807:11:1714:20260717,15:38:00,15:39:00,StopPoint:OCETrain TER-87683003,1,,0,0,
OCESN892305F1187_F:TER:FR:Line::30F37992-42EC-43CC-8A26-59280550C603::87686667:87696807:11:1714:20260731,15:38:00,15:39:00,StopPoint:OCETrain TER-87683003,1,,0,0,
OCESN892305F1187_F:TER:FR:Line::30F37992-42EC-43CC-8A26-59280550C603::87686667:87696807:11:1708:20260730,15:38:00,15:39:00,StopPoint:OCETrain TER-87683003,1,,0,0,
OCESN892305F1187_F:TER:FR:Line::30F37992-42EC-43CC-8A26-59280550C603::87686667:87696807:11:1708:20260716,15:38:00,15:39:00,StopPoint:OCETrain TER-87683003,1,,0,0,
OCESN892305F1187_F:TER:FR:Line::30F37992-42EC-43CC-8A26-59280550C603::87686667:87696807:11:1709:20260424,15:30:00,15:32:00,StopPoint:OCETrain TER-87683003,1,,0,0,
OCESN892305F1187_F:TER:FR:Line::30F37992-42EC-43CC-8A26-59280550C603::87686667:87696807:11:1714:20260821,15:38:00,15:39:00,StopPoint:OCETrain TER-87683003,1,,0,0,
OCESN892305F1187_F:TER:FR:Line::30F37992-42EC-43CC-8A26-59280550C603::87686667:87696807:11:1707:20260806,15:36:00,15:37:00,StopPoint:OCETrain TER-87683003,1,,0,0,
OCESN892305F1187_F:TER:FR:Line::30F37992-42EC-43CC-8A26-59280550C603::87686667:87696807:11:1709:20260925,15:30:00,15:32:00,StopPoint:OCETrain TER-87683003,1,,0,0,
OCESN892305F1187_F:TER:FR:Line::30F37992-42EC-43CC-8A26-59280550C603::87686667:87696807:11:1708:20260820,15:38:00,15:39:00,StopPoint:OCETrain TER-87683003,1,,0,0,
OCESN892305F1187_F:TER:FR:Line::30F37992-42EC-43CC-8A26-59280550C603::87686667:87696807:11:1713:20260807,15:36:00,15:37:00,StopPoint:OCETrain TER-87683003,1,,0,0,
OCESN892305F1187_F:TER:FR:Line::30F37992-42EC-43CC-8A26-59280550C603::87686667:87696807:11:1703:20260930,15:30:00,15:32:00,StopPoint:OCETrain TER-87683003,1,,0,0,
OCESN892305F1187_F:TER:FR:Line::30F37992-42EC-43CC-8A26-59280550C603::87686667:87696807:11:1703:20260507,15:30:00,15:32:00,StopPoint:OCETrain TER-87683003,1,,0,0,
OCESN892306F1187_F:TER:FR:Line::30F37992-42EC-43CC-8A26-59280550C603::87696807:87682302:19:2000:20260522,19:24:00,19:33:00,StopPoint:OCETrain TER-87683003,14,,0,0,
OCESN892306F1187_F:TER:FR:Line::30F37992-42EC-43CC-8A26-59280550C603::87696807:87682302:19:2001:20260904,19:24:00,19:29:00,StopPoint:OCETrain TER-87683003,14,,0,0,
OCESN892306F1187_F:TER:FR:Line::30F37992-42EC-43CC-8A26-59280550C603::87696807:87682302:19:2000:20260831,19:24:00,19:28:00,StopPoint:OCETrain TER-87683003,14,,0,0,
OCESN892306F1187_F:TER:FR:Line::30F37992-42EC-43CC-8A26-59280550C603::87696807:87682302:19:1958:20260930,19:24:00,19:33:00,StopPoint:OCETrain TER-87683003,14,,0,0,
OCESN892307F1187_F:TER:FR:Line::30F37992-42EC-43CC-8A26-59280550C603::87682302:87696807:19:2031:20260906,18:19:00,18:37:00,StopPoint:OCETrain TER-87683003,4,,0,0,
OCESN892307F1187_F:TER:FR:Line::30F37992-42EC-43CC-8A26-59280550C603::87682302:87683789:19:2022:20260904,18:19:00,18:20:00,StopPoint:OCETrain TER-87683003,4,,0,0,
OCESN892307F1187_F:TER:FR:Line::30F37992-42EC-43CC-8A26-59280550C603::87682302:87696807:19:2017:20260905,18:19:00,18:21:00,StopPoint:OCETrain TER-87683003,4,,0,0,
OCESN892307F1187_F:TER:FR:Line::30F37992-42EC-43CC-8A26-59280550C603::87682302:87683573:13:1926:20260828,18:19:00,18:21:00,StopPoint:OCETrain TER-87683003,4,,0,0,
OCESN892307F1187_F:TER:FR:Line::30F37992-42EC-43CC-8A26-59280550C603::87682302:87696807:18:2031:20260927,18:19:00,18:36:00,StopPoint:OCETrain TER-87683003,4,,0,0,
OCESN892307F1187_F:TER:FR:Line::30F37992-42EC-43CC-8A26-59280550C603::87682302:87683789:19:2022:20260831,18:19:00,18:21:00,StopPoint:OCETrain TER-87683003,4,,0,0,
OCESN892307F1187_F:TER:FR:Line::30F37992-42EC-43CC-8A26-59280550C603::87682302:87696807:19:2017:20260912,18:18:00,18:20:00,StopPoint:OCETrain TER-87683003,4,,0,0,
OCESN892307F1187_F:TER:FR:Line::30F37992-42EC-43CC-8A26-59280550C603::87682302:87696807:19:2031:20260913,18:18:00,18:36:00,StopPoint:OCETrain TER-87683003,4,,0,0,
OCESN892307F1187_F:TER:FR:Line::30F37992-42EC-43CC-8A26-59280550C603::87682302:87683789:19:2022:20260930,18:17:00,18:19:00,StopPoint:OCETrain TER-87683003,4,,0,0,
OCESN892308F1187_F:TER:FR:Line::30F37992-42EC-43CC-8A26-59280550C603::87683573:87686667:11:2150:20260522,20:37:00,20:39:00,StopPoint:OCETrain TER-87683003,6,,0,0,
OCESN892308F1187_F:TER:FR:Line::30F37992-42EC-43CC-8A26-59280550C603::87683573:87686667:11:2150:20260904,20:33:00,20:35:00,StopPoint:OCETrain TER-87683003,6,,0,0,
OCESN892308F1187_F:TER:FR:Line::30F37992-42EC-43CC-8A26-59280550C603::87683573:87686667:11:2150:20260930,20:37:00,20:40:00,StopPoint:OCETrain TER-87683003,6,,0,0,
OCESN892600F1187_F:TER:FR:Line::0A658222-AADD-44FF-B769-75FEE61C107E::87683789:87682302:19:806:20260522,07:38:00,07:40:00,StopPoint:OCETrain TER-87683003,14,,0,0,
OCESN892600F1187_F:TER:FR:Line::0A658222-AADD-44FF-B769-75FEE61C107E::87683789:87682302:19:810:20260904,07:38:00,07:40:00,StopPoint:OCETrain TER-87683003,14,,0,0,
OCESN892600F1187_F:TER:FR:Line::0A658222-AADD-44FF-B769-75FEE61C107E::87683789:87682302:19:811:20260827,07:39:00,07:40:00,StopPoint:OCETrain TER-87683003,14,,0,0,
OCESN892600F1187_F:TER:FR:Line::0A658222-AADD-44FF-B769-75FEE61C107E::87683789:87682302:19:805:20260930,07:40:00,07:42:00,StopPoint:OCETrain TER-87683003,14,,0,0,
OCESN892601F1187_F:TER:FR:Line::0A658222-AADD-44FF-B769-75FEE61C107E::87686667:87683789:11:908:20260731,07:35:00,07:36:00,StopPoint:OCETrain TER-87683003,1,,0,0,
OCESN892601F1187_F:TER:FR:Line::0A658222-AADD-44FF-B769-75FEE61C107E::87686667:87683789:11:908:20260717,07:35:00,07:36:00,StopPoint:OCETrain TER-87683003,1,,0,0,
OCESN892601F1187_F:TER:FR:Line::0A658222-AADD-44FF-B769-75FEE61C107E::87686667:87683789:11:908:20260807,07:35:00,07:36:00,StopPoint:OCETrain TER-87683003,1,,0,0,
OCESN892601F1187_F:TER:FR:Line::0A658222-AADD-44FF-B769-75FEE61C107E::87686667:87683789:11:908:20260930,07:32:00,07:34:00,StopPoint:OCETrain TER-87683003,1,,0,0,
OCESN892601F1187_F:TER:FR:Line::0A658222-AADD-44FF-B769-75FEE61C107E::87686667:87683789:11:908:20260904,07:35:00,07:36:00,StopPoint:OCETrain TER-87683003,1,,0,0,
OCESN892601F1187_F:TER:FR:Line::0A658222-AADD-44FF-B769-75FEE61C107E::87686667:87683789:11:908:20260522,07:30:00,07:32:00,StopPoint:OCETrain TER-87683003,1,,0,0,
OCESN892602F1187_F:TER:FR:Line::0A658222-AADD-44FF-B769-75FEE61C107E::87683573:87682302:12:1005:20260507,09:37:00,09:39:00,StopPoint:OCETrain TER-87683003,7,,0,0,
OCESN892602F1187_F:TER:FR:Line::0A658222-AADD-44FF-B769-75FEE61C107E::87683573:87682302:12:1005:20260522,09:37:00,09:39:00,StopPoint:OCETrain TER-87683003,7,,0,0,
OCESN892602F1187_F:TER:FR:Line::0A658222-AADD-44FF-B769-75FEE61C107E::87683789:87682302:19:1011:20260905,09:22:00,09:40:00,StopPoint:OCETrain TER-87683003,14,,0,0,
OCESN892602F1187_F:TER:FR:Line::0A658222-AADD-44FF-B769-75FEE61C107E::87683573:87682302:13:1005:20260524,09:37:00,09:39:00,StopPoint:OCETrain TER-87683003,8,,0,0,
OCESN892602F1187_F:TER:FR:Line::0A658222-AADD-44FF-B769-75FEE61C107E::87683573:87682302:13:1010:20260906,09:38:00,09:40:00,StopPoint:OCETrain TER-87683003,8,,0,0,
OCESN892602F1187_F:TER:FR:Line::0A658222-AADD-44FF-B769-75FEE61C107E::87683573:87682302:12:1011:20260904,09:38:00,09:40:00,StopPoint:OCETrain TER-87683003,7,,0,0,
OCESN892602F1187_F:TER:FR:Line::0A658222-AADD-44FF-B769-75FEE61C107E::87683573:87682302:12:1010:20260821,09:37:00,09:39:00,StopPoint:OCETrain TER-87683003,7,,0,0,
OCESN892602F1187_F:TER:FR:Line::0A658222-AADD-44FF-B769-75FEE61C107E::87683573:87682302:12:1005:20260911,09:40:00,09:42:00,StopPoint:OCETrain TER-87683003,7,,0,0,
OCESN892602F1187_F:TER:FR:Line::0A658222-AADD-44FF-B769-75FEE61C107E::87683789:87682302:19:1008:20260523,09:24:00,09:42:00,StopPoint:OCETrain TER-87683003,14,,0,0,
OCESN892602F1187_F:TER:FR:Line::0A658222-AADD-44FF-B769-75FEE61C107E::87683789:87682302:19:1005:20260501,09:40:00,09:42:00,StopPoint:OCETrain TER-87683003,14,,0,0,
OCESN892602F1187_F:TER:FR:Line::0A658222-AADD-44FF-B769-75FEE61C107E::87683789:87682302:19:1011:20260815,09:38:00,09:40:00,StopPoint:OCETrain TER-87683003,14,,0,0,
OCESN892602F1187_F:TER:FR:Line::0A658222-AADD-44FF-B769-75FEE61C107E::87683789:87682302:19:1005:20260514,09:37:00,09:39:00,StopPoint:OCETrain TER-87683003,14,,0,0,
OCESN892602F1187_F:TER:FR:Line::0A658222-AADD-44FF-B769-75FEE61C107E::87683573:87682302:12:1011:20260626,09:38:00,09:40:00,StopPoint:OCETrain TER-87683003,7,,0,0,
OCESN892602F1187_F:TER:FR:Line::0A658222-AADD-44FF-B769-75FEE61C107E::87683789:87682302:19:1005:20260912,09:24:00,09:42:00,StopPoint:OCETrain TER-87683003,14,,0,0,
OCESN892602F1187_F:TER:FR:Line::0A658222-AADD-44FF-B769-75FEE61C107E::87683573:87682302:13:1005:20260913,09:40:00,09:42:00,StopPoint:OCETrain TER-87683003,8,,0,0,
OCESN892602F1187_F:TER:FR:Line::0A658222-AADD-44FF-B769-75FEE61C107E::87683573:87682302:12:1005:20260930,09:40:00,09:42:00,StopPoint:OCETrain TER-87683003,7,,0,0,
OCESN892603F1187_F:TER:FR:Line::0A658222-AADD-44FF-B769-75FEE61C107E::87686667:87683573:5:1022:20260904,09:44:00,09:46:00,StopPoint:OCETrain TER-87683003,1,,0,0,
OCESN892603F1187_F:TER:FR:Line::0A658222-AADD-44FF-B769-75FEE61C107E::87686667:87683789:11:1108:20260912,09:30:00,09:32:00,StopPoint:OCETrain TER-87683003,1,,0,0,
OCESN892603F1187_F:TER:FR:Line::0A658222-AADD-44FF-B769-75FEE61C107E::87686667:87683789:11:1108:20260613,09:30:00,09:32:00,StopPoint:OCETrain TER-87683003,1,,0,0,
OCESN892603F1187_F:TER:FR:Line::0A658222-AADD-44FF-B769-75FEE61C107E::87686006:87683789:11:1108:20260523,09:30:00,09:32:00,StopPoint:OCETrain TER-87683003,1,,0,0,
OCESN892603F1187_F:TER:FR:Line::0A658222-AADD-44FF-B769-75FEE61C107E::87686667:87683789:11:1108:20260829,09:32:00,09:34:00,StopPoint:OCETrain TER-87683003,1,,0,0,
OCESN892603F1187_F:TER:FR:Line::0A658222-AADD-44FF-B769-75FEE61C107E::87686667:87683789:11:1108:20260509,09:30:00,09:32:00,StopPoint:OCETrain TER-87683003,1,,0,0,
OCESN892603F1187_F:TER:FR:Line::0A658222-AADD-44FF-B769-75FEE61C107E::87686667:87683573:5:1024:20260625,09:47:00,09:48:00,StopPoint:OCETrain TER-87683003,1,,0,0,
OCESN892603F1187_F:TER:FR:Line::0A658222-AADD-44FF-B769-75FEE61C107E::87686667:87683573:5:1022:20260821,09:44:00,09:45:00,StopPoint:OCETrain TER-87683003,1,,0,0,
OCESN892603F1187_F:TER:FR:Line::0A658222-AADD-44FF-B769-75FEE61C107E::87686667:87683789:11:1108:20260801,09:32:00,09:34:00,StopPoint:OCETrain TER-87683003,1,,0,0,
OCESN892603F1187_F:TER:FR:Line::0A658222-AADD-44FF-B769-75FEE61C107E::87686667:87683789:11:1108:20260711,09:32:00,09:34:00,StopPoint:OCETrain TER-87683003,1,,0,0,
OCESN892603F1187_F:TER:FR:Line::0A658222-AADD-44FF-B769-75FEE61C107E::87686667:87683789:11:1108:20260425,09:30:00,09:32:00,StopPoint:OCETrain TER-87683003,1,,0,0,
OCESN892603F1187_F:TER:FR:Line::0A658222-AADD-44FF-B769-75FEE61C107E::87686667:87683573:5:1022:20260925,09:42:00,09:44:00,StopPoint:OCETrain TER-87683003,1,,0,0,
OCESN892604F1187_F:TER:FR:Line::0A658222-AADD-44FF-B769-75FEE61C107E::87683789:87682302:19:1205:20260510,11:37:00,11:39:00,StopPoint:OCETrain TER-87683003,14,,0,0,
OCESN892604F1187_F:TER:FR:Line::0A658222-AADD-44FF-B769-75FEE61C107E::87683789:87682302:19:1209:20260714,11:38:00,11:39:00,StopPoint:OCETrain TER-87683003,14,,0,0,
OCESN892604F1187_F:TER:FR:Line::0A658222-AADD-44FF-B769-75FEE61C107E::87683573:87682302:13:1206:20260514,11:38:00,11:40:00,StopPoint:OCETrain TER-87683003,8,,0,0,
OCESN892604F1187_F:TER:FR:Line::0A658222-AADD-44FF-B769-75FEE61C107E::87683789:87682302:18:1210:20260904,11:37:00,11:39:00,StopPoint:OCETrain TER-87683003,13,,0,0,
OCESN892604F1187_F:TER:FR:Line::0A658222-AADD-44FF-B769-75FEE61C107E::87683789:87682302:19:1205:20260830,11:24:00,11:34:00,StopPoint:OCETrain TER-87683003,14,,0,0,
OCESN892604F1187_F:TER:FR:Line::0A658222-AADD-44FF-B769-75FEE61C107E::87683789:87682302:18:1205:20260821,11:32:00,11:34:00,StopPoint:OCETrain TER-87683003,13,,0,0,
OCESN892604F1187_F:TER:FR:Line::0A658222-AADD-44FF-B769-75FEE61C107E::87683573:87682302:13:1207:20260829,11:25:00,11:36:00,StopPoint:OCETrain TER-87683003,8,,0,0,
OCESN892604F1187_F:TER:FR:Line::0A658222-AADD-44FF-B769-75FEE61C107E::87683789:87682302:18:1205:20260930,11:40:00,11:42:00,StopPoint:OCETrain TER-87683003,13,,0,0,
OCESN892604F1187_F:TER:FR:Line::0A658222-AADD-44FF-B769-75FEE61C107E::87683789:87682302:19:1209:20260906,11:37:00,11:38:00,StopPoint:OCETrain TER-87683003,14,,0,0,
OCESN892604F1187_F:TER:FR:Line::0A658222-AADD-44FF-B769-75FEE61C107E::87683573:87682302:13:1205:20260523,11:25:00,11:39:00,StopPoint:OCETrain TER-87683003,8,,0,0,
OCESN892604F1187_F:TER:FR:Line::0A658222-AADD-44FF-B769-75FEE61C107E::87683789:87682302:18:1205:20260626,11:32:00,11:34:00,StopPoint:OCETrain TER-87683003,13,,0,0,
OCESN892604F1187_F:TER:FR:Line::0A658222-AADD-44FF-B769-75FEE61C107E::87683789:87682302:18:1205:20260507,11:37:00,11:39:00,StopPoint:OCETrain TER-87683003,13,,0,0,
OCESN892604F1187_F:TER:FR:Line::0A658222-AADD-44FF-B769-75FEE61C107E::87683573:87682302:13:1209:20260905,11:38:00,11:39:00,StopPoint:OCETrain TER-87683003,8,,0,0,
OCESN892604F1187_F:TER:FR:Line::0A658222-AADD-44FF-B769-75FEE61C107E::87683789:87682302:19:1205:20260524,11:24:00,11:39:00,StopPoint:OCETrain TER-87683003,14,,0,0,
OCESN892604F1187_F:TER:FR:Line::0A658222-AADD-44FF-B769-75FEE61C107E::87683789:87682302:18:1205:20260522,11:37:00,11:39:00,StopPoint:OCETrain TER-87683003,13,,0,0,
OCESN892604F1187_F:TER:FR:Line::0A658222-AADD-44FF-B769-75FEE61C107E::87683573:87682302:13:1205:20260912,11:40:00,11:42:00,StopPoint:OCETrain TER-87683003,8,,0,0,
OCESN892604F1187_F:TER:FR:Line::0A658222-AADD-44FF-B769-75FEE61C107E::87683789:87682302:19:1205:20260913,11:40:00,11:42:00,StopPoint:OCETrain TER-87683003,14,,0,0,
OCESN892604F1187_F:TER:FR:Line::0A658222-AADD-44FF-B769-75FEE61C107E::87683573:87682302:13:1205:20260502,11:25:00,11:42:00,StopPoint:OCETrain TER-87683003,8,,0,0,
OCESN892604F1187_F:TER:FR:Line::0A658222-AADD-44FF-B769-75FEE61C107E::87683789:87682302:19:1205:20260503,11:24:00,11:42:00,StopPoint:OCETrain TER-87683003,14,,0,0,
OCESN892604F1187_F:TER:FR:Line::0A658222-AADD-44FF-B769-75FEE61C107E::87683789:87682302:18:1205:20260911,11:40:00,11:42:00,StopPoint:OCETrain TER-87683003,13,,0,0,
OCESN892605F1187_F:TER:FR:Line::0A658222-AADD-44FF-B769-75FEE61C107E::87686667:87683789:11:1514:20260802,13:38:00,13:40:00,StopPoint:OCETrain TER-87683003,1,,0,0,
OCESN892605F1187_F:TER:FR:Line::0A658222-AADD-44FF-B769-75FEE61C107E::87686667:87683789:11:1514:20260712,13:38:00,13:40:00,StopPoint:OCETrain TER-87683003,1,,0,0,
OCESN892605F1187_F:TER:FR:Line::0A658222-AADD-44FF-B769-75FEE61C107E::87686667:87683789:11:1508:20260801,13:32:00,13:33:00,StopPoint:OCETrain TER-87683003,1,,0,0,
OCESN892605F1187_F:TER:FR:Line::0A658222-AADD-44FF-B769-75FEE61C107E::87686667:87683789:11:1508:20260711,13:31:00,13:33:00,StopPoint:OCETrain TER-87683003,1,,0,0,
OCESN892605F1187_F:TER:FR:Line::0A658222-AADD-44FF-B769-75FEE61C107E::87686667:87683789:11:1514:20260731,13:31:00,13:33:00,StopPoint:OCETrain TER-87683003,1,,0,0,
OCESN892605F1187_F:TER:FR:Line::0A658222-AADD-44FF-B769-75FEE61C107E::87686667:87683789:11:1517:20260714,13:38:00,13:39:00,StopPoint:OCETrain TER-87683003,1,,0,0,
OCESN892605F1187_F:TER:FR:Line::0A658222-AADD-44FF-B769-75FEE61C107E::87686667:87683789:11:1518:20260717,13:38:00,13:39:00,StopPoint:OCETrain TER-87683003,1,,0,0,
OCESN892605F1187_F:TER:FR:Line::0A658222-AADD-44FF-B769-75FEE61C107E::87686667:87683789:11:1508:20260912,13:31:00,13:33:00,StopPoint:OCETrain TER-87683003,1,,0,0,
OCESN892605F1187_F:TER:FR:Line::0A658222-AADD-44FF-B769-75FEE61C107E::87686667:87683789:11:1508:20260913,13:31:00,13:33:00,StopPoint:OCETrain TER-87683003,1,,0,0,
OCESN892605F1187_F:TER:FR:Line::0A658222-AADD-44FF-B769-75FEE61C107E::87686667:87683789:11:1511:20260809,13:35:00,13:36:00,StopPoint:OCETrain TER-87683003,1,,0,0,
OCESN892605F1187_F:TER:FR:Line::0A658222-AADD-44FF-B769-75FEE61C107E::87686667:87683789:11:1514:20260506,13:31:00,13:33:00,StopPoint:OCETrain TER-87683003,1,,0,0,
OCESN892605F1187_F:TER:FR:Line::0A658222-AADD-44FF-B769-75FEE61C107E::87686667:87683789:11:1508:20260906,13:32:00,13:34:00,StopPoint:OCETrain TER-87683003,1,,0,0,
OCESN892605F1187_F:TER:FR:Line::0A658222-AADD-44FF-B769-75FEE61C107E::87686667:87683789:11:1508:20260509,13:31:00,13:33:00,StopPoint:OCETrain TER-87683003,1,,0,0,
OCESN892605F1187_F:TER:FR:Line::0A658222-AADD-44FF-B769-75FEE61C107E::87686667:87683789:11:1514:20260719,13:38:00,13:40:00,StopPoint:OCETrain TER-87683003,1,,0,0,
OCESN892605F1187_F:TER:FR:Line::0A658222-AADD-44FF-B769-75FEE61C107E::87686667:87683789:11:1517:20260814,13:38:00,13:39:00,StopPoint:OCETrain TER-87683003,1,,0,0,
OCESN892605F1187_F:TER:FR:Line::0A658222-AADD-44FF-B769-75FEE61C107E::87686667:87683789:11:1514:20260830,13:38:00,13:40:00,StopPoint:OCETrain TER-87683003,1,,0,0,
OCESN892605F1187_F:TER:FR:Line::0A658222-AADD-44FF-B769-75FEE61C107E::87686667:87683789:11:1508:20260510,13:31:00,13:33:00,StopPoint:OCETrain TER-87683003,1,,0,0,
OCESN892605F1187_F:TER:FR:Line::0A658222-AADD-44FF-B769-75FEE61C107E::87686667:87683789:11:1508:20260905,13:32:00,13:33:00,StopPoint:OCETrain TER-87683003,1,,0,0,
OCESN892605F1187_F:TER:FR:Line::0A658222-AADD-44FF-B769-75FEE61C107E::87686667:87683789:11:1508:20260808,13:32:00,13:33:00,StopPoint:OCETrain TER-87683003,1,,0,0,
OCESN892605F1187_F:TER:FR:Line::0A658222-AADD-44FF-B769-75FEE61C107E::87686667:87683789:11:1508:20260829,13:31:00,13:33:00,StopPoint:OCETrain TER-87683003,1,,0,0,
OCESN892605F1187_F:TER:FR:Line::0A658222-AADD-44FF-B769-75FEE61C107E::87686006:87683789:11:1508:20260523,13:31:00,13:33:00,StopPoint:OCETrain TER-87683003,1,,0,0,
OCESN892605F1187_F:TER:FR:Line::0A658222-AADD-44FF-B769-75FEE61C107E::87686667:87683789:11:1508:20260718,13:32:00,13:33:00,StopPoint:OCETrain TER-87683003,1,,0,0,
OCESN892605F1187_F:TER:FR:Line::0A658222-AADD-44FF-B769-75FEE61C107E::87686667:87683789:11:1514:20260826,13:33:00,13:34:00,StopPoint:OCETrain TER-87683003,1,,0,0,
OCESN892605F1187_F:TER:FR:Line::0A658222-AADD-44FF-B769-75FEE61C107E::87686667:87683789:11:1514:20260607,13:38:00,13:40:00,StopPoint:OCETrain TER-87683003,1,,0,0,
OCESN892605F1187_F:TER:FR:Line::0A658222-AADD-44FF-B769-75FEE61C107E::87686667:87683789:11:1520:20260904,13:40:00,13:41:00,StopPoint:OCETrain TER-87683003,1,,0,0,
OCESN892605F1187_F:TER:FR:Line::0A658222-AADD-44FF-B769-75FEE61C107E::87686667:87683789:11:1514:20260525,13:38:00,13:40:00,StopPoint:OCETrain TER-87683003,1,,0,0,
OCESN892605F1187_F:TER:FR:Line::0A658222-AADD-44FF-B769-75FEE61C107E::87686667:87683789:11:1514:20260807,13:32:00,13:33:00,StopPoint:OCETrain TER-87683003,1,,0,0,
OCESN892605F1187_F:TER:FR:Line::0A658222-AADD-44FF-B769-75FEE61C107E::87686006:87683789:11:1508:20260524,13:31:00,13:33:00,StopPoint:OCETrain TER-87683003,1,,0,0,
OCESN892605F1187_F:TER:FR:Line::0A658222-AADD-44FF-B769-75FEE61C107E::87686667:87683789:11:1508:20260606,13:31:00,13:33:00,StopPoint:OCETrain TER-87683003,1,,0,0,
OCESN892605F1187_F:TER:FR:Line::0A658222-AADD-44FF-B769-75FEE61C107E::87686667:87683789:11:1518:20260821,13:38:00,13:39:00,StopPoint:OCETrain TER-87683003,1,,0,0,
OCESN892605F1187_F:TER:FR:Line::0A658222-AADD-44FF-B769-75FEE61C107E::87686667:87683789:11:1508:20260503,13:31:00,13:33:00,StopPoint:OCETrain TER-87683003,1,,0,0,
OCESN892605F1187_F:TER:FR:Line::0A658222-AADD-44FF-B769-75FEE61C107E::87686667:87683789:11:1514:20260925,13:31:00,13:33:00,StopPoint:OCETrain TER-87683003,1,,0,0,
OCESN892605F1187_F:TER:FR:Line::0A658222-AADD-44FF-B769-75FEE61C107E::87686667:87683789:11:1508:20260514,13:31:00,13:33:00,StopPoint:OCETrain TER-87683003,1,,0,0,
OCESN892605F1187_F:TER:FR:Line::0A658222-AADD-44FF-B769-75FEE61C107E::87686667:87683789:11:1514:20260522,13:31:00,13:33:00,StopPoint:OCETrain TER-87683003,1,,0,0,
OCESN892606F1187_F:TER:FR:Line::0A658222-AADD-44FF-B769-75FEE61C107E::87683573:87686667:5:1528:20260426,14:27:00,14:29:00,StopPoint:OCETrain TER-87683003,3,,0,0,
OCESN892606F1187_F:TER:FR:Line::0A658222-AADD-44FF-B769-75FEE61C107E::87683573:87686667:5:1527:20260823,14:21:00,14:23:00,StopPoint:OCETrain TER-87683003,3,,0,0,
OCESN892606F1187_F:TER:FR:Line::0A658222-AADD-44FF-B769-75FEE61C107E::87683789:87686667:11:1553:20260829,14:27:00,14:29:00,StopPoint:OCETrain TER-87683003,9,,0,0,
OCESN892606F1187_F:TER:FR:Line::0A658222-AADD-44FF-B769-75FEE61C107E::87683573:87686667:5:1529:20260522,14:26:00,14:28:00,StopPoint:OCETrain TER-87683003,3,,0,0,
OCESN892606F1187_F:TER:FR:Line::0A658222-AADD-44FF-B769-75FEE61C107E::87683789:87686667:11:1539:20260912,14:28:00,14:30:00,StopPoint:OCETrain TER-87683003,9,,0,0,
OCESN892606F1187_F:TER:FR:Line::0A658222-AADD-44FF-B769-75FEE61C107E::87683573:87686667:5:1539:20260913,14:27:00,14:29:00,StopPoint:OCETrain TER-87683003,3,,0,0,
OCESN892606F1187_F:TER:FR:Line::0A658222-AADD-44FF-B769-75FEE61C107E::87683573:87686667:5:1528:20260517,14:26:00,14:28:00,StopPoint:OCETrain TER-87683003,3,,0,0,
OCESN892606F1187_F:TER:FR:Line::0A658222-AADD-44FF-B769-75FEE61C107E::87683789:87686667:11:1534:20260718,14:26:00,14:28:00,StopPoint:OCETrain TER-87683003,9,,0,0,
OCESN892606F1187_F:TER:FR:Line::0A658222-AADD-44FF-B769-75FEE61C107E::87683573:87686667:5:1539:20260614,14:26:00,14:28:00,StopPoint:OCETrain TER-87683003,3,,0,0,
OCESN892606F1187_F:TER:FR:Line::0A658222-AADD-44FF-B769-75FEE61C107E::87683573:87686667:5:1530:20260524,14:26:00,14:28:00,StopPoint:OCETrain TER-87683003,3,,0,0,
OCESN892606F1187_F:TER:FR:Line::0A658222-AADD-44FF-B769-75FEE61C107E::87683789:87686006:11:1528:20260516,14:26:00,14:28:00,StopPoint:OCETrain TER-87683003,9,,0,0,
OCESN892606F1187_F:TER:FR:Line::0A658222-AADD-44FF-B769-75FEE61C107E::87683573:87686667:5:1527:20260911,14:25:00,14:27:00,StopPoint:OCETrain TER-87683003,3,,0,0,
OCESN892606F1187_F:TER:FR:Line::0A658222-AADD-44FF-B769-75FEE61C107E::87683789:87686667:11:1604:20260509,14:27:00,14:37:00,StopPoint:OCETrain TER-87683003,9,,0,0,
OCESN892606F1187_F:TER:FR:Line::0A658222-AADD-44FF-B769-75FEE61C107E::87683573:87686667:5:1533:20260719,14:26:00,14:27:00,StopPoint:OCETrain TER-87683003,3,,0,0,
OCESN892606F1187_F:TER:FR:Line::0A658222-AADD-44FF-B769-75FEE61C107E::87683573:87686006:5:1558:20260902,14:22:00,14:24:00,StopPoint:OCETrain TER-87683003,3,,0,0,
OCESN892606F1187_F:TER:FR:Line::0A658222-AADD-44FF-B769-75FEE61C107E::87683573:87686667:5:1529:20260904,14:20:00,14:21:00,StopPoint:OCETrain TER-87683003,3,,0,0,
OCESN892606F1187_F:TER:FR:Line::0A658222-AADD-44FF-B769-75FEE61C107E::87683789:87686667:11:1528:20260425,14:27:00,14:29:00,StopPoint:OCETrain TER-87683003,9,,0,0,
OCESN892606F1187_F:TER:FR:Line::0A658222-AADD-44FF-B769-75FEE61C107E::87683789:87686006:11:1530:20260523,14:26:00,14:28:00,StopPoint:OCETrain TER-87683003,9,,0,0,
OCESN892606F1187_F:TER:FR:Line::0A658222-AADD-44FF-B769-75FEE61C107E::87683573:87686667:5:1527:20260714,14:20:00,14:22:00,StopPoint:OCETrain TER-87683003,3,,0,0,
OCESN892606F1187_F:TER:FR:Line::0A658222-AADD-44FF-B769-75FEE61C107E::87683573:87686667:5:1534:20260510,14:22:00,14:24:00,StopPoint:OCETrain TER-87683003,3,,0,0,
OCESN892606F1187_F:TER:FR:Line::0A658222-AADD-44FF-B769-75FEE61C107E::87683573:87686667:5:1528:20260826,14:20:00,14:21:00,StopPoint:OCETrain TER-87683003,3,,0,0,
OCESN892606F1187_F:TER:FR:Line::0A658222-AADD-44FF-B769-75FEE61C107E::87683789:87686667:11:1530:20260514,14:27:00,14:29:00,StopPoint:OCETrain TER-87683003,9,,0,0,
OCESN892606F1187_F:TER:FR:Line::0A658222-AADD-44FF-B769-75FEE61C107E::87683789:87686667:11:1540:20260905,14:28:00,14:30:00,StopPoint:OCETrain TER-87683003,9,,0,0,
OCESN892606F1187_F:TER:FR:Line::0A658222-AADD-44FF-B769-75FEE61C107E::87683573:87686667:5:1529:20260830,14:21:00,14:23:00,StopPoint:OCETrain TER-87683003,3,,0,0,
OCESN892606F1187_F:TER:FR:Line::0A658222-AADD-44FF-B769-75FEE61C107E::87683573:87686667:5:1527:20260503,14:27:00,14:29:00,StopPoint:OCETrain TER-87683003,3,,0,0,
OCESN892607F1187_F:TER:FR:Line::0A658222-AADD-44FF-B769-75FEE61C107E::87686006:87683573:5:1811:20260523,17:30:00,17:32:00,StopPoint:OCETrain TER-87683003,1,,0,0,
OCESN892607F1187_F:TER:FR:Line::0A658222-AADD-44FF-B769-75FEE61C107E::87686667:87683789:11:1922:20260510,17:30:00,17:32:00,StopPoint:OCETrain TER-87683003,1,,0,0,
OCESN892607F1187_F:TER:FR:Line::0A658222-AADD-44FF-B769-75FEE61C107E::87686667:87683573:5:1813:20260530,17:34:00,17:35:00,StopPoint:OCETrain TER-87683003,1,,0,0,
OCESN892607F1187_F:TER:FR:Line::0A658222-AADD-44FF-B769-75FEE61C107E::87686667:87683789:11:1922:20260614,17:30:00,17:32:00,StopPoint:OCETrain TER-87683003,1,,0,0,
OCESN892607F1187_F:TER:FR:Line::0A658222-AADD-44FF-B769-75FEE61C107E::87686667:87683573:5:1811:20260613,17:30:00,17:32:00,StopPoint:OCETrain TER-87683003,1,,0,0,
OCESN892607F1187_F:TER:FR:Line::0A658222-AADD-44FF-B769-75FEE61C107E::87686667:87683573:5:1811:20260808,17:31:00,17:33:00,StopPoint:OCETrain TER-87683003,1,,0,0,
OCESN892607F1187_F:TER:FR:Line::0A658222-AADD-44FF-B769-75FEE61C107E::87686667:87683789:11:1922:20260719,17:36:00,17:37:00,StopPoint:OCETrain TER-87683003,1,,0,0,
OCESN892607F1187_F:TER:FR:Line::0A658222-AADD-44FF-B769-75FEE61C107E::87686667:87683573:5:1811:20260912,17:30:00,17:32:00,StopPoint:OCETrain TER-87683003,1,,0,0,
OCESN892607F1187_F:TER:FR:Line::0A658222-AADD-44FF-B769-75FEE61C107E::87686667:87683573:5:1811:20260829,17:32:00,17:34:00,StopPoint:OCETrain TER-87683003,1,,0,0,
OCESN892607F1187_F:TER:FR:Line::0A658222-AADD-44FF-B769-75FEE61C107E::87686667:87683573:5:1811:20260509,17:31:00,17:33:00,StopPoint:OCETrain TER-87683003,1,,0,0,
OCESN892607F1187_F:TER:FR:Line::0A658222-AADD-44FF-B769-75FEE61C107E::87686667:87683573:5:1820:20260904,17:37:00,17:39:00,StopPoint:OCETrain TER-87683003,1,,0,0,
OCESN892607F1187_F:TER:FR:Line::0A658222-AADD-44FF-B769-75FEE61C107E::87686667:87683573:5:1811:20260801,17:31:00,17:33:00,StopPoint:OCETrain TER-87683003,1,,0,0,
OCESN892607F1187_F:TER:FR:Line::0A658222-AADD-44FF-B769-75FEE61C107E::87686667:87683789:11:1923:20260828,17:37:00,17:39:00,StopPoint:OCETrain TER-87683003,1,,0,0,
OCESN892607F1187_F:TER:FR:Line::0A658222-AADD-44FF-B769-75FEE61C107E::87686667:87683789:11:1922:20260830,17:36:00,17:38:00,StopPoint:OCETrain TER-87683003,1,,0,0,
OCESN892607F1187_F:TER:FR:Line::0A658222-AADD-44FF-B769-75FEE61C107E::87686667:87683789:11:1922:20260913,17:30:00,17:32:00,StopPoint:OCETrain TER-87683003,1,,0,0,
OCESN892607F1187_F:TER:FR:Line::0A658222-AADD-44FF-B769-75FEE61C107E::87686667:87683789:11:1922:20260906,17:30:00,17:32:00,StopPoint:OCETrain TER-87683003,1,,0,0,
OCESN892607F1187_F:TER:FR:Line::0A658222-AADD-44FF-B769-75FEE61C107E::87686667:87683573:5:1820:20260925,17:30:00,17:32:00,StopPoint:OCETrain TER-87683003,1,,0,0,
OCESN892607F1187_F:TER:FR:Line::0A658222-AADD-44FF-B769-75FEE61C107E::87686667:87683573:5:1820:20260930,17:31:00,17:33:00,StopPoint:OCETrain TER-87683003,1,,0,0,
OCESN892607F1187_F:TER:FR:Line::0A658222-AADD-44FF-B769-75FEE61C107E::87686667:87683573:5:1811:20260514,17:30:00,17:32:00,StopPoint:OCETrain TER-87683003,1,,0,0,
OCESN892607F1187_F:TER:FR:Line::0A658222-AADD-44FF-B769-75FEE61C107E::87686667:87683573:5:1811:20260815,17:32:00,17:34:00,StopPoint:OCETrain TER-87683003,1,,0,0,
OCESN892607F1187_F:TER:FR:Line::0A658222-AADD-44FF-B769-75FEE61C107E::87686667:87683573:5:1811:20260425,17:30:00,17:32:00,StopPoint:OCETrain TER-87683003,1,,0,0,
OCESN892607F1187_F:TER:FR:Line::0A658222-AADD-44FF-B769-75FEE61C107E::87686667:87683789:11:1922:20260927,17:30:00,17:32:00,StopPoint:OCETrain TER-87683003,1,,0,0,
OCESN892607F1187_F:TER:FR:Line::0A658222-AADD-44FF-B769-75FEE61C107E::87686667:87683573:5:1820:20260522,17:30:00,17:32:00,StopPoint:OCETrain TER-87683003,1,,0,0,
OCESN892608F1187_F:TER:FR:Line::0A658222-AADD-44FF-B769-75FEE61C107E::87683789:87686667:17:1954:20260814,18:38:00,18:39:00,StopPoint:OCETrain TER-87683003,12,,0,0,
OCESN892608F1187_F:TER:FR:Line::0A658222-AADD-44FF-B769-75FEE61C107E::87683789:87686667:17:1953:20260821,18:38:00,18:39:00,StopPoint:OCETrain TER-87683003,12,,0,0,
OCESN892608F1187_F:TER:FR:Line::0A658222-AADD-44FF-B769-75FEE61C107E::87683789:87686667:17:1954:20260813,18:38:00,18:39:00,StopPoint:OCETrain TER-87683003,12,,0,0,
OCESN892608F1187_F:TER:FR:Line::0A658222-AADD-44FF-B769-75FEE61C107E::87683789:87686667:17:1955:20260904,18:38:00,18:39:00,StopPoint:OCETrain TER-87683003,12,,0,0,
OCESN892608F1187_F:TER:FR:Line::0A658222-AADD-44FF-B769-75FEE61C107E::87683789:87686667:17:1952:20260820,18:38:00,18:39:00,StopPoint:OCETrain TER-87683003,12,,0,0,
OCESN892608F1187_F:TER:FR:Line::0A658222-AADD-44FF-B769-75FEE61C107E::87683789:87686667:17:1954:20260903,18:38:00,18:39:00,StopPoint:OCETrain TER-87683003,12,,0,0,
OCESN892608F1187_F:TER:FR:Line::0A658222-AADD-44FF-B769-75FEE61C107E::87683789:87686667:17:1949:20260521,18:37:00,18:38:00,StopPoint:OCETrain TER-87683003,12,,0,0,
OCESN892608F1187_F:TER:FR:Line::0A658222-AADD-44FF-B769-75FEE61C107E::87683789:87686667:17:1953:20260717,18:36:00,18:37:00,StopPoint:OCETrain TER-87683003,12,,0,0,
OCESN892608F1187_F:TER:FR:Line::0A658222-AADD-44FF-B769-75FEE61C107E::87683789:87686667:17:1952:20260716,18:35:00,18:36:00,StopPoint:OCETrain TER-87683003,12,,0,0,
OCESN892608F1187_F:TER:FR:Line::0A658222-AADD-44FF-B769-75FEE61C107E::87683789:87686667:17:1949:20260522,18:37:00,18:38:00,StopPoint:OCETrain TER-87683003,12,,0,0,
OCESN892608F1187_F:TER:FR:Line::0A658222-AADD-44FF-B769-75FEE61C107E::87683789:87686667:17:1949:20260925,18:38:00,18:41:00,StopPoint:OCETrain TER-87683003,12,,0,0,
OCESN892608F1187_F:TER:FR:Line::0A658222-AADD-44FF-B769-75FEE61C107E::87683789:87686667:17:1949:20260930,18:38:00,18:41:00,StopPoint:OCETrain TER-87683003,12,,0,0,
OCESN892610F1187_F:TER:FR:Line::0A658222-AADD-44FF-B769-75FEE61C107E::87683789:87686667:11:1930:20260517,18:28:00,18:29:00,StopPoint:OCETrain TER-87683003,9,,0,0,
OCESN892610F1187_F:TER:FR:Line::0A658222-AADD-44FF-B769-75FEE61C107E::87683789:87686667:11:1934:20260822,18:28:00,18:30:00,StopPoint:OCETrain TER-87683003,9,,0,0,
OCESN892610F1187_F:TER:FR:Line::0A658222-AADD-44FF-B769-75FEE61C107E::87683789:87686667:11:1940:20260830,18:27:00,18:28:00,StopPoint:OCETrain TER-87683003,9,,0,0,
OCESN892610F1187_F:TER:FR:Line::0A658222-AADD-44FF-B769-75FEE61C107E::87683789:87686667:11:1935:20260912,18:28:00,18:30:00,StopPoint:OCETrain TER-87683003,9,,0,0,
OCESN892610F1187_F:TER:FR:Line::0A658222-AADD-44FF-B769-75FEE61C107E::87683789:87686667:11:1942:20260531,18:27:00,18:28:00,StopPoint:OCETrain TER-87683003,9,,0,0,
OCESN892610F1187_F:TER:FR:Line::0A658222-AADD-44FF-B769-75FEE61C107E::87683789:87686667:11:1929:20260425,18:28:00,18:30:00,StopPoint:OCETrain TER-87683003,9,,0,0,
OCESN892610F1187_F:TER:FR:Line::0A658222-AADD-44FF-B769-75FEE61C107E::87683789:87686667:11:1929:20260426,18:28:00,18:30:00,StopPoint:OCETrain TER-87683003,9,,0,0,
OCESN892610F1187_F:TER:FR:Line::0A658222-AADD-44FF-B769-75FEE61C107E::87683789:87686667:11:1936:20260718,18:28:00,18:30:00,StopPoint:OCETrain TER-87683003,9,,0,0,
OCESN892610F1187_F:TER:FR:Line::0A658222-AADD-44FF-B769-75FEE61C107E::87683789:87686667:11:1934:20260509,18:22:00,18:23:00,StopPoint:OCETrain TER-87683003,9,,0,0,
OCESN892610F1187_F:TER:FR:Line::0A658222-AADD-44FF-B769-75FEE61C107E::87683789:87686667:11:1936:20260719,18:28:00,18:30:00,StopPoint:OCETrain TER-87683003,9,,0,0,
OCESN892610F1187_F:TER:FR:Line::0A658222-AADD-44FF-B769-75FEE61C107E::87683789:87686667:11:1931:20260524,18:28:00,18:29:00,StopPoint:OCETrain TER-87683003,9,,0,0,
OCESN892610F1187_F:TER:FR:Line::0A658222-AADD-44FF-B769-75FEE61C107E::87683789:87686667:11:1931:20260927,18:29:00,18:31:00,StopPoint:OCETrain TER-87683003,9,,0,0,
OCESN892610F1187_F:TER:FR:Line::0A658222-AADD-44FF-B769-75FEE61C107E::87683789:87686667:11:1935:20260913,18:28:00,18:30:00,StopPoint:OCETrain TER-87683003,9,,0,0,
OCESN892610F1187_F:TER:FR:Line::0A658222-AADD-44FF-B769-75FEE61C107E::87683789:87686006:11:1930:20260523,18:26:00,18:27:00,StopPoint:OCETrain TER-87683003,9,,0,0,
OCESN892610F1187_F:TER:FR:Line::0A658222-AADD-44FF-B769-75FEE61C107E::87683789:87686667:11:1949:20260510,18:24:00,18:25:00,StopPoint:OCETrain TER-87683003,9,,0,0,
OCESN892610F1187_F:TER:FR:Line::0A658222-AADD-44FF-B769-75FEE61C107E::87683789:87686667:11:1945:20260905,18:28:00,18:30:00,StopPoint:OCETrain TER-87683003,9,,0,0,
OCESN892610F1187_F:TER:FR:Line::0A658222-AADD-44FF-B769-75FEE61C107E::87683789:87686667:11:1935:20260829,18:28:00,18:29:00,StopPoint:OCETrain TER-87683003,9,,0,0,
OCESN892610F1187_F:TER:FR:Line::0A658222-AADD-44FF-B769-75FEE61C107E::87683789:87686667:11:1944:20260614,18:28:00,18:30:00,StopPoint:OCETrain TER-87683003,9,,0,0,
OCESN892610F1187_F:TER:FR:Line::0A658222-AADD-44FF-B769-75FEE61C107E::87683789:87686667:11:1927:20260503,18:28:00,18:30:00,StopPoint:OCETrain TER-87683003,9,,0,0,
OCESN892610F1187_F:TER:FR:Line::0A658222-AADD-44FF-B769-75FEE61C107E::87683789:87686667:11:1945:20260906,18:28:00,18:30:00,StopPoint:OCETrain TER-87683003,9,,0,0,
OCESN892611F1187_F:TER:FR:Line::0A658222-AADD-44FF-B769-75FEE61C107E::87682302:87683789:19:2219:20260905,20:22:00,20:36:00,StopPoint:OCETrain TER-87683003,4,,0,0,
OCESN892611F1187_F:TER:FR:Line::0A658222-AADD-44FF-B769-75FEE61C107E::87682302:87683789:19:2219:20260904,20:24:00,20:26:00,StopPoint:OCETrain TER-87683003,4,,0,0,
OCESN892611F1187_F:TER:FR:Line::0A658222-AADD-44FF-B769-75FEE61C107E::87682302:87683573:13:2126:20260903,20:24:00,20:26:00,StopPoint:OCETrain TER-87683003,4,,0,0,
OCESN892611F1187_F:TER:FR:Line::0A658222-AADD-44FF-B769-75FEE61C107E::87682302:87683789:19:2219:20260925,20:18:00,20:20:00,StopPoint:OCETrain TER-87683003,4,,0,0,
OCESN892611F1187_F:TER:FR:Line::0A658222-AADD-44FF-B769-75FEE61C107E::87682302:87683789:19:2219:20260912,20:18:00,20:36:00,StopPoint:OCETrain TER-87683003,4,,0,0,
OCESN892611F1187_F:TER:FR:Line::0A658222-AADD-44FF-B769-75FEE61C107E::87682302:87683573:13:2126:20260930,20:18:00,20:20:00,StopPoint:OCETrain TER-87683003,4,,0,0,
