route_id,service_id,trip_id,trip_headsign,direction_id,block_id,shape_id
FR:Line::6D267C2D-7D54-4578-9380-B2C7C75C7010:,57,OCESN12190F1187_F:OUI:FR:Line::6D267C2D-7D54-4578-9380-B2C7C75C7010::87581009:87212027:10:1429:20260705,12190,0.0,406,
FR:Line::6D267C2D-7D54-4578-9380-B2C7C75C7010:,140,OCESN12192F1187_F:OUI:FR:Line::6D267C2D-7D54-4578-9380-B2C7C75C7010::87212027:87581009:11:2103:20260704,12192,1.0,407,
FR:Line::6D267C2D-7D54-4578-9380-B2C7C75C7010:,283,OCESN12194F1187_F:OUI:FR:Line::6D267C2D-7D54-4578-9380-B2C7C75C7010::87212027:87581009:10:1439:20260829,12194,1.0,408,
FR:Line::6D267C2D-7D54-4578-9380-B2C7C75C7010:,284,OCESN12194F1187_F:OUI:FR:Line::6D267C2D-7D54-4578-9380-B2C7C75C7010::87212027:87581009:10:1439:20260822,12194,1.0,409,
FR:Line::6D267C2D-7D54-4578-9380-B2C7C75C7010:,284,OCESN12199F1187_F:OUI:FR:Line::6D267C2D-7D54-4578-9380-B2C7C75C7010::87581009:87212027:10:2129:20260822,12199,0.0,410,
FR:Line::6D267C2D-7D54-4578-9380-B2C7C75C7010:,285,OCESN12199F1187_F:OUI:FR:Line::6D267C2D-7D54-4578-9380-B2C7C75C7010::87581009:87212027:10:2129:20260829,12199,0.0,411,
OCESN-87581009-87391003,340,OCESN12250F1187_F:OUI:OCESN-87581009-87391003:87581009:87391003:3:1103:20260724,12250,1.0,485,
OCESN-87581009-87391003,341,OCESN12250F1187_F:OUI:OCESN-87581009-87391003:87581009:87391003:3:1104:20260513,12250,1.0,486,
OCESN-87581009-87391003,342,OCESN12250F1187_F:OUI:OCESN-87581009-87391003:87581009:87391003:3:1103:20260831,12250,1.0,487,
OCESN-87581009-87391003,325,OCESN12250F1187_F:OUI:OCESN-87581009-87391003:87581009:87391003:3:1103:20260703,12250,1.0,488,
OCESN-87581009-87391003,343,OCESN12250F1187_F:OUI:OCESN-87581009-87391003:87581009:87391003:2:1103:20260713,12250,1.0,489,
OCESN-87581009-87391003,344,OCESN12250F1187_F:OUI:OCESN-87581009-87391003:87581009:87391003:2:1056:20260620,12250,1.0,490,
OCESN-87581009-87391003,71,OCESN12250F1187_F:OUI:OCESN-87581009-87391003:87581009:87391003:2:1055:20260523,12250,1.0,491,
OCESN-87581009-87391003,345,OCESN12250F1187_F:OUI:OCESN-87581009-87391003:87581009:87391003:2:1105:20260502,12250,1.0,492,
OCESN-87581009-87391003,346,OCESN12250F1187_F:OUI:OCESN-87581009-87391003:87581009:87391003:2:1105:20260508,12250,1.0,493,
OCESN-87581009-87391003,50,OCESN12250F1187_F:OUI:OCESN-87581009-87391003:87581009:87391003:2:1047:20260509,12250,1.0,494,
OCESN-87581009-87391003,98,OCESN12250F1187_F:OUI:OCESN-87581009-87391003:87581009:87391003:2:1136:20260514,12250,1.0,495,
OCESN-87581009-87391003,347,OCESN12250F1187_F:OUI:OCESN-87581009-87391003:87581009:87391003:3:1105:20260619,12250,1.0,496,
OCESN-87581009-87391003,348,OCESN12250F1187_F:OUI:OCESN-87581009-87391003:87581009:87391003:2:1103:20260822,12250,1.0,497,
OCESN-87581009-87391003,349,OCESN12250F1187_F:OUI:OCESN-87581009-87391003:87581009:87391003:2:1103:20260725,12250,1.0,498,
OCESN-87581009-87391003,350,OCESN12250F1187_F:OUI:OCESN-87581009-87391003:87581009:87391003:2:1103:20260829,12250,1.0,499,
OCESN-87581009-87391003,351,OCESN12250F1187_F:OUI:OCESN-87581009-87391003:87581009:87391003:3:1103:20260828,12250,1.0,500,
OCESN-87391003-87581009,352,OCESN12251F1187_F:OUI:OCESN-87391003-87581009:87391003:87581009:2:917:20260512,12251,0.0,501,
OCESN-87391003-87581009,353,OCESN12251F1187_F:OUI:OCESN-87391003-87581009:87391003:87581009:2:917:20260513,12251,0.0,502,
OCESN-87391003-87581009,354,OCESN12251F1187_F:OUI:OCESN-87391003-87581009:87391003:87581009:2:914:20260824,12251,0.0,503,
OCESN-87391003-87581009,310,OCESN12251F1187_F:OUI:OCESN-87391003-87581009:87391003:87581009:2:914:20260703,12251,0.0,504,
OCESN-87391003-87581009,128,OCESN12251F1187_F:OUI:OCESN-87391003-87581009:87391003:87581009:2:914:20260831,12251,0.0,505,
OCESN-87391003-87581009,355,OCESN12253F1187_F:OUI:OCESN-87391003-87581009:87391003:87581009:2:2047:20260628,12253,0.0,506,
OCESN-87391003-87677005,142,OCESN12253F1187_F:OUI:OCESN-87391003-87677005:87391003:87677005:7:2323:20260405,12253,0.0,507,
OCESN-87391003-87581009,293,OCESN12253F1187_F:OUI:OCESN-87391003-87581009:87391003:87581009:2:2050:20260517,12253,0.0,508,
OCESN-87581009-87391003,356,OCESN12254F1187_F:OUI:OCESN-87581009-87391003:87581009:87391003:2:1258:20260513,12254,1.0,509,
OCESN-87581009-87391003,357,OCESN12254F1187_F:OUI:OCESN-87581009-87391003:87581009:87391003:2:1258:20260506,12254,1.0,510,
OCESN-87581009-87391003,58,OCESN12254F1187_F:OUI:OCESN-87581009-87391003:87581009:87391003:2:1258:20260510,12254,1.0,511,
OCESN-87581009-87391003,115,OCESN12254F1187_F:OUI:OCESN-87581009-87391003:87581009:87391003:2:1259:20260525,12254,1.0,512,
OCESN-87581009-87391003,358,OCESN12254F1187_F:OUI:OCESN-87581009-87391003:87581009:87391003:2:1255:20260831,12254,1.0,513,
OCESN-87581009-87391003,48,OCESN12254F1187_F:OUI:OCESN-87581009-87391003:87581009:87391003:2:1409:20260515,12254,1.0,514,
OCESN-87581009-87391003,98,OCESN12254F1187_F:OUI:OCESN-87581009-87391003:87581009:87391003:2:1256:20260514,12254,1.0,515,
OCESN-87581009-87391003,141,OCESN12254F1187_F:OUI:OCESN-87581009-87391003:87581009:87391003:2:1258:20260425,12254,1.0,516,
OCESN-87581009-87391003,359,OCESN12254F1187_F:OUI:OCESN-87581009-87391003:87581009:87391003:2:1255:20260828,12254,1.0,517,
OCESN-87391003-87581009,352,OCESN12255F1187_F:OUI:OCESN-87391003-87581009:87391003:87581009:2:1314:20260512,12255,0.0,518,
OCESN-87391003-87581009,128,OCESN12255F1187_F:OUI:OCESN-87391003-87581009:87391003:87581009:2:1314:20260831,12255,0.0,519,
OCESN-87391003-87581009,360,OCESN12255F1187_F:OUI:OCESN-87391003-87581009:87391003:87581009:2:1314:20260702,12255,0.0,520,
OCESN-87581009-87391003,361,OCESN12258F1187_F:OUI:OCESN-87581009-87391003:87581009:87391003:2:1603:20260702,12258,1.0,521,
OCESN-87581009-87391003,317,OCESN12258F1187_F:OUI:OCESN-87581009-87391003:87581009:87391003:2:1603:20260831,12258,1.0,522,
OCESN-87581009-87391003,362,OCESN12258F1187_F:OUI:OCESN-87581009-87391003:87581009:87391003:2:1555:20260619,12258,1.0,523,
OCESN-87581009-87391003,341,OCESN12258F1187_F:OUI:OCESN-87581009-87391003:87581009:87391003:2:1604:20260513,12258,1.0,524,
OCESN-87581009-87391003,214,OCESN12258F1187_F:OUI:OCESN-87581009-87391003:87581009:87391003:2:1556:20260327,12258,1.0,525,
OCESN-87581009-87391003,11,OCESN12260F1187_F:OUI:OCESN-87581009-87391003:87581009:87391003:2:1655:20260306,12260,1.0,526,
OCESN-87581009-87391003,363,OCESN12260F1187_F:OUI:OCESN-87581009-87391003:87581009:87391003:3:1726:20260327,12260,1.0,527,
OCESN-87581009-87391003,4,OCESN12260F1187_F:OUI:OCESN-87581009-87391003:87581009:87391003:3:1716:20260827,12260,1.0,528,
OCESN-87581009-87391003,36,OCESN12260F1187_F:OUI:OCESN-87581009-87391003:87581009:87391003:3:1715:20260830,12260,1.0,529,
OCESN-87581009-87391003,364,OCESN12260F1187_F:OUI:OCESN-87581009-87391003:87581009:87391003:3:1718:20260329,12260,1.0,530,
OCESN-87581009-87391003,365,OCESN12260F1187_F:OUI:OCESN-87581009-87391003:87581009:87391003:3:1716:20260702,12260,1.0,531,
OCESN-87581009-87391003,366,OCESN12260F1187_F:OUI:OCESN-87581009-87391003:87581009:87391003:3:1716:20260831,12260,1.0,532,
OCESN-87581009-87391003,75,OCESN12260F1187_F:OUI:OCESN-87581009-87391003:87581009:87391003:3:1716:20260714,12260,1.0,533,
OCESN-87581009-87391003,106,OCESN12260F1187_F:OUI:OCESN-87581009-87391003:87581009:87391003:3:1716:20260406,12260,1.0,534,
OCESN-87581009-87391003,367,OCESN12260F1187_F:OUI:OCESN-87581009-87391003:87581009:87391003:3:1716:20260517,12260,1.0,535,
OCESN-87581009-87391003,114,OCESN12260F1187_F:OUI:OCESN-87581009-87391003:87581009:87391003:3:1719:20260503,12260,1.0,536,
OCESN-87581009-87391003,134,OCESN12260F1187_F:OUI:OCESN-87581009-87391003:87581009:87391003:3:1719:20260426,12260,1.0,537,
OCESN-87581009-87391003,368,OCESN12260F1187_F:OUI:OCESN-87581009-87391003:87581009:87391003:3:1719:20260424,12260,1.0,538,
OCESN-87581009-87391003,117,OCESN12260F1187_F:OUI:OCESN-87581009-87391003:87581009:87391003:3:1718:20260308,12260,1.0,539,
OCESN-87581009-87391003,369,OCESN12260F1187_F:OUI:OCESN-87581009-87391003:87581009:87391003:3:1714:20260703,12260,1.0,540,
OCESN-87581009-87391003,370,OCESN12260F1187_F:OUI:OCESN-87581009-87391003:87581009:87391003:3:1714:20260626,12260,1.0,541,
OCESN-87581009-87391003,142,OCESN12260F1187_F:OUI:OCESN-87581009-87391003:87581009:87391003:3:1715:20260405,12260,1.0,542,
OCESN-87581009-87391003,371,OCESN12260F1187_F:OUI:OCESN-87581009-87391003:87581009:87391003:3:1717:20260417,12260,1.0,543,
OCESN-87581009-87391003,133,OCESN12260F1187_F:OUI:OCESN-87581009-87391003:87581009:87391003:3:1717:20260419,12260,1.0,544,
OCESN-87581009-87391003,372,OCESN12260F1187_F:OUI:OCESN-87581009-87391003:87581009:87391003:3:1718:20260513,12260,1.0,545,
OCESN-87581009-87391003,373,OCESN12260F1187_F:OUI:OCESN-87581009-87391003:87581009:87391003:3:1718:20260430,12260,1.0,546,
OCESN-87581009-87391003,374,OCESN12260F1187_F:OUI:OCESN-87581009-87391003:87581009:87391003:2:1655:20260320,12260,1.0,547,
OCESN-87391003-87581009,375,OCESN12261F1187_F:OUI:OCESN-87391003-87581009:87391003:87581009:2:1714:20260512,12261,0.0,548,
OCESN-87391003-87581009,16,OCESN12261F1187_F:OUI:OCESN-87391003-87581009:87391003:87581009:2:1717:20260508,12261,0.0,549,
OCESN-87391003-87581009,309,OCESN12261F1187_F:OUI:OCESN-87391003-87581009:87391003:87581009:2:1714:20260513,12261,0.0,550,
OCESN-87391003-87581009,376,OCESN12261F1187_F:OUI:OCESN-87391003-87581009:87391003:87581009:2:1714:20260829,12261,0.0,551,
OCESN-87391003-87581009,48,OCESN12261F1187_F:OUI:OCESN-87391003-87581009:87391003:87581009:2:1816:20260515,12261,0.0,552,
OCESN-87391003-87581009,98,OCESN12261F1187_F:OUI:OCESN-87391003-87581009:87391003:87581009:2:1806:20260514,12261,0.0,553,
OCESN-87391003-87581009,128,OCESN12261F1187_F:OUI:OCESN-87391003-87581009:87391003:87581009:2:1714:20260831,12261,0.0,554,
OCESN-87391003-87581009,377,OCESN12261F1187_F:OUI:OCESN-87391003-87581009:87391003:87581009:2:1714:20260827,12261,0.0,555,
OCESN-87391003-87581009,378,OCESN12263F1187_F:OUI:OCESN-87391003-87581009:87391003:87581009:3:1812:20260627,12263,0.0,556,
OCESN-87391003-87581009,379,OCESN12263F1187_F:OUI:OCESN-87391003-87581009:87391003:87581009:3:1812:20260628,12263,0.0,557,
OCESN-87391003-87581009,380,OCESN12263F1187_F:OUI:OCESN-87391003-87581009:87391003:87581009:3:1812:20260329,12263,0.0,558,
OCESN-87391003-87581009,381,OCESN12263F1187_F:OUI:OCESN-87391003-87581009:87391003:87581009:3:1812:20260517,12263,0.0,559,
OCESN-87391003-87677005,142,OCESN12263F1187_F:OUI:OCESN-87391003-87677005:87391003:87677005:8:2048:20260405,12263,0.0,560,
OCESN-87391003-87581009,48,OCESN12263F1187_F:OUI:OCESN-87391003-87581009:87391003:87581009:3:1842:20260515,12263,0.0,561,
OCESN-87391003-87581009,98,OCESN12263F1187_F:OUI:OCESN-87391003-87581009:87391003:87581009:3:1842:20260514,12263,0.0,562,
OCESN-87391003-87581009,382,OCESN12263F1187_F:OUI:OCESN-87391003-87581009:87391003:87581009:3:1812:20260419,12263,0.0,563,
OCESN-87391003-87581009,383,OCESN12263F1187_F:OUI:OCESN-87391003-87581009:87391003:87581009:3:1812:20260606,12263,0.0,564,
OCESN-87391003-87677005,384,OCESN12263F1187_F:OUI:OCESN-87391003-87677005:87391003:87677005:7:2048:20260429,12263,0.0,565,
OCESN-87391003-87581009,16,OCESN12263F1187_F:OUI:OCESN-87391003-87581009:87391003:87581009:3:1818:20260508,12263,0.0,566,
OCESN-87391003-87581009,385,OCESN12263F1187_F:OUI:OCESN-87391003-87581009:87391003:87581009:2:1812:20260701,12263,0.0,567,
OCESN-87391003-87581009,128,OCESN12263F1187_F:OUI:OCESN-87391003-87581009:87391003:87581009:2:1812:20260831,12263,0.0,568,
OCESN-87581009-87391003,50,OCESN12264F1187_F:OUI:OCESN-87581009-87391003:87581009:87391003:2:1421:20260509,12264,1.0,569,
OCESN-87581009-87391003,386,OCESN12264F1187_F:OUI:OCESN-87581009-87391003:87581009:87391003:2:1422:20260725,12264,1.0,570,
OCESN-87581009-87391003,387,OCESN12264F1187_F:OUI:OCESN-87581009-87391003:87581009:87391003:2:1422:20260831,12264,1.0,571,
OCESN-87581009-87391003,388,OCESN12264F1187_F:OUI:OCESN-87581009-87391003:87581009:87391003:2:1431:20260502,12264,1.0,572,
OCESN-87581009-87391003,389,OCESN12264F1187_F:OUI:OCESN-87581009-87391003:87581009:87391003:2:1426:20260512,12264,1.0,573,
OCESN-87581009-87391003,204,OCESN12264F1187_F:OUI:OCESN-87581009-87391003:87581009:87391003:2:1421:20260516,12264,1.0,574,
OCESN-87391003-87581009,352,OCESN12265F1187_F:OUI:OCESN-87391003-87581009:87391003:87581009:3:1614:20260512,12265,0.0,575,
OCESN-87391003-87581009,128,OCESN12265F1187_F:OUI:OCESN-87391003-87581009:87391003:87581009:3:1614:20260831,12265,0.0,576,
OCESN-87391003-87581009,360,OCESN12265F1187_F:OUI:OCESN-87391003-87581009:87391003:87581009:3:1614:20260702,12265,0.0,577,
OCESN-87581009-87391003,390,OCESN12266F1187_F:OUI:OCESN-87581009-87391003:87581009:87391003:2:1956:20260829,12266,1.0,578,
OCESN-87581009-87391003,391,OCESN12266F1187_F:OUI:OCESN-87581009-87391003:87581009:87391003:2:1955:20260503,12266,1.0,579,
OCESN-87581009-87391003,367,OCESN12266F1187_F:OUI:OCESN-87581009-87391003:87581009:87391003:2:1955:20260517,12266,1.0,580,
OCESN-87581009-87391003,392,OCESN12266F1187_F:OUI:OCESN-87581009-87391003:87581009:87391003:2:1956:20260827,12266,1.0,581,
OCESN-87581009-87391003,364,OCESN12266F1187_F:OUI:OCESN-87581009-87391003:87581009:87391003:2:1956:20260329,12266,1.0,582,
OCESN-87581009-87391003,393,OCESN12266F1187_F:OUI:OCESN-87581009-87391003:87581009:87391003:2:1955:20260628,12266,1.0,583,
OCESN-87581009-87391003,394,OCESN12266F1187_F:OUI:OCESN-87581009-87391003:87581009:87391003:2:1955:20260419,12266,1.0,584,
OCESN-87391003-87581009,8,OCESN12267F1187_F:OUI:OCESN-87391003-87581009:87391003:87581009:2:1916:20260513,12267,0.0,585,
OCESN-87391003-87581009,395,OCESN12267F1187_F:OUI:OCESN-87391003-87581009:87391003:87581009:2:1914:20260828,12267,0.0,586,
OCESN-87391003-87581009,323,OCESN12267F1187_F:OUI:OCESN-87391003-87581009:87391003:87581009:2:1914:20260507,12267,0.0,587,
OCESN-87391003-87581009,352,OCESN12267F1187_F:OUI:OCESN-87391003-87581009:87391003:87581009:2:1914:20260512,12267,0.0,588,
OCESN-87391003-87581009,290,OCESN12267F1187_F:OUI:OCESN-87391003-87581009:87391003:87581009:2:1914:20260829,12267,0.0,589,
OCESN-87391003-87581009,128,OCESN12267F1187_F:OUI:OCESN-87391003-87581009:87391003:87581009:2:1914:20260831,12267,0.0,590,
OCESN-87391003-87581009,396,OCESN12267F1187_F:OUI:OCESN-87391003-87581009:87391003:87581009:2:1914:20260826,12267,0.0,591,
OCESN-87581009-87391003,309,OCESN12268F1187_F:OUI:OCESN-87581009-87391003:87581009:87391003:2:1508:20260513,12268,1.0,592,
OCESN-87581009-87391003,397,OCESN12268F1187_F:OUI:OCESN-87581009-87391003:87581009:87391003:2:1455:20260525,12268,1.0,593,
OCESN-87581009-87391003,134,OCESN12268F1187_F:OUI:OCESN-87581009-87391003:87581009:87391003:2:1508:20260426,12268,1.0,594,
OCESN-87581009-87391003,142,OCESN12268F1187_F:OUI:OCESN-87581009-87391003:87581009:87391003:2:1455:20260405,12268,1.0,595,
OCESN-87581009-87391003,114,OCESN12268F1187_F:OUI:OCESN-87581009-87391003:87581009:87391003:2:1508:20260503,12268,1.0,596,
OCESN-87581009-87391003,398,OCESN12268F1187_F:OUI:OCESN-87581009-87391003:87581009:87391003:2:1455:20260827,12268,1.0,597,
OCESN-87581009-87391003,399,OCESN12268F1187_F:OUI:OCESN-87581009-87391003:87581009:87391003:2:1455:20260830,12268,1.0,598,
OCESN-87581009-87391003,117,OCESN12268F1187_F:OUI:OCESN-87581009-87391003:87581009:87391003:2:1455:20260308,12268,1.0,599,
FR:Line::75E9980B-E8DF-4696-8E87-123692055B00:,400,OCESN12269F1187_F:OUI:FR:Line::75E9980B-E8DF-4696-8E87-123692055B00::87391003:87581009:3:1015:20260826,12269,1.0,600,
FR:Line::75E9980B-E8DF-4696-8E87-123692055B00:,401,OCESN12269F1187_F:OUI:FR:Line::75E9980B-E8DF-4696-8E87-123692055B00::87391003:87581009:3:1018:20260827,12269,1.0,601,
OCESN-87391003-87581009,402,OCESN12271F1187_F:OUI:OCESN-87391003-87581009:87391003:87581009:2:2014:20260828,12271,0.0,602,
OCESN-87391003-87581009,309,OCESN12271F1187_F:OUI:OCESN-87391003-87581009:87391003:87581009:2:2017:20260513,12271,0.0,603,
OCESN-87581009-87391003,48,OCESN12272F1187_F:OUI:OCESN-87581009-87391003:87581009:87391003:2:2202:20260515,12272,1.0,604,
OCESN-87581009-87391003,403,OCESN12272F1187_F:OUI:OCESN-87581009-87391003:87581009:87391003:2:2158:20260508,12272,1.0,605,
OCESN-87581009-87391003,98,OCESN12272F1187_F:OUI:OCESN-87581009-87391003:87581009:87391003:2:2158:20260514,12272,1.0,606,
OCESN-87581009-87391003,404,OCESN12272F1187_F:OUI:OCESN-87581009-87391003:87581009:87391003:2:2156:20260627,12272,1.0,607,
OCESN-87391003-87581009,405,OCESN12273F1187_F:OUI:OCESN-87391003-87581009:87391003:87581009:2:2114:20260703,12273,0.0,608,
OCESN-87391003-87581009,323,OCESN12273F1187_F:OUI:OCESN-87391003-87581009:87391003:87581009:2:2116:20260507,12273,0.0,609,
OCESN-87581009-87391003,406,OCESN12274F1187_F:OUI:OCESN-87581009-87391003:87581009:87391003:3:1926:20260725,12274,1.0,610,
OCESN-87581009-87391003,407,OCESN12274F1187_F:OUI:OCESN-87581009-87391003:87581009:87391003:3:1930:20260620,12274,1.0,611,
OCESN-87581009-87391003,408,OCESN12274F1187_F:OUI:OCESN-87581009-87391003:87581009:87391003:3:1926:20260830,12274,1.0,612,
OCESN-87581009-87391003,98,OCESN12274F1187_F:OUI:OCESN-87581009-87391003:87581009:87391003:3:2016:20260514,12274,1.0,613,
OCESN-87581009-87391003,204,OCESN12274F1187_F:OUI:OCESN-87581009-87391003:87581009:87391003:3:1907:20260516,12274,1.0,614,
OCESN-87581009-87391003,409,OCESN12274F1187_F:OUI:OCESN-87581009-87391003:87581009:87391003:3:1927:20260418,12274,1.0,615,
OCESN-87581009-87391003,410,OCESN12274F1187_F:OUI:OCESN-87581009-87391003:87581009:87391003:3:1930:20260509,12274,1.0,616,
OCESN-87581009-87391003,48,OCESN12274F1187_F:OUI:OCESN-87581009-87391003:87581009:87391003:3:1857:20260515,12274,1.0,617,
OCESN-87581009-87391003,411,OCESN12274F1187_F:OUI:OCESN-87581009-87391003:87581009:87391003:3:1930:20260502,12274,1.0,618,
OCESN-87581009-87391003,412,OCESN12274F1187_F:OUI:OCESN-87581009-87391003:87581009:87391003:3:1908:20260827,12274,1.0,619,
OCESN-87581009-87391003,316,OCESN12274F1187_F:OUI:OCESN-87581009-87391003:87581009:87391003:3:1900:20260828,12274,1.0,620,
OCESN-87581009-87391003,318,OCESN12274F1187_F:OUI:OCESN-87581009-87391003:87581009:87391003:3:1900:20260731,12274,1.0,621,
OCESN-87581009-87391003,413,OCESN12274F1187_F:OUI:OCESN-87581009-87391003:87581009:87391003:3:1908:20260824,12274,1.0,622,
OCESN-87391003-87581009,293,OCESN12275F1187_F:OUI:OCESN-87391003-87581009:87391003:87581009:2:1717:20260517,12275,0.0,623,
OCESN-87391003-87581009,414,OCESN12275F1187_F:OUI:OCESN-87391003-87581009:87391003:87581009:2:1714:20260628,12275,0.0,624,
OCESN-87581009-87391003,415,OCESN12276F1187_F:OUI:OCESN-87581009-87391003:87581009:87391003:2:855:20260702,12276,1.0,625,
OCESN-87581009-87391003,50,OCESN12276F1187_F:OUI:OCESN-87581009-87391003:87581009:87391003:2:855:20260509,12276,1.0,626,
OCESN-87581009-87391003,98,OCESN12276F1187_F:OUI:OCESN-87581009-87391003:87581009:87391003:2:1014:20260514,12276,1.0,627,
OCESN-87581009-87391003,416,OCESN12276F1187_F:OUI:OCESN-87581009-87391003:87581009:87391003:2:855:20260512,12276,1.0,628,
OCESN-87581009-87391003,417,OCESN12276F1187_F:OUI:OCESN-87581009-87391003:87581009:87391003:2:855:20260328,12276,1.0,629,
OCESN-87391003-87581009,302,OCESN12277F1187_F:OUI:OCESN-87391003-87581009:87391003:87581009:2:1314:20260807,12277,0.0,630,
OCESN-87391003-87581009,303,OCESN12277F1187_F:OUI:OCESN-87391003-87581009:87391003:87581009:2:1314:20260828,12277,0.0,631,
OCESN-87581009-87391003,352,OCESN12278F1187_F:OUI:OCESN-87581009-87391003:87581009:87391003:3:2100:20260512,12278,1.0,632,
OCESN-87581009-87391003,128,OCESN12278F1187_F:OUI:OCESN-87581009-87391003:87581009:87391003:3:2100:20260831,12278,1.0,633,
OCESN-87581009-87391003,418,OCESN12278F1187_F:OUI:OCESN-87581009-87391003:87581009:87391003:3:2100:20260827,12278,1.0,634,
OCESN-87391003-87581009,338,OCESN12279F1187_F:OUI:OCESN-87391003-87581009:87391003:87581009:3:1019:20260829,12279,0.0,635,
FR:Line::A74B127A-8882-4043-BAAA-F49A6703DE54:,419,OCESN12281F1187_F:OUI:FR:Line::A74B127A-8882-4043-BAAA-F49A6703DE54::87391003:87581009:2:2114:20260530,12281,0.0,636,
FR:Line::A74B127A-8882-4043-BAAA-F49A6703DE54:,420,OCESN12281F1187_F:OUI:FR:Line::A74B127A-8882-4043-BAAA-F49A6703DE54::87391003:87611004:5:2352:20260501,12281,0.0,637,
FR:Line::A74B127A-8882-4043-BAAA-F49A6703DE54:,16,OCESN12281F1187_F:OUI:FR:Line::A74B127A-8882-4043-BAAA-F49A6703DE54::87391003:87581009:2:2117:20260508,12281,0.0,638,
FR:Line::A74B127A-8882-4043-BAAA-F49A6703DE54:,421,OCESN12281F1187_F:OUI:FR:Line::A74B127A-8882-4043-BAAA-F49A6703DE54::87391003:87611004:5:2352:20260829,12281,0.0,639,
FR:Line::A74B127A-8882-4043-BAAA-F49A6703DE54:,422,OCESN12281F1187_F:OUI:FR:Line::A74B127A-8882-4043-BAAA-F49A6703DE54::87391003:87611004:5:2352:20260731,12281,0.0,640,
FR:Line::A74B127A-8882-4043-BAAA-F49A6703DE54:,423,OCESN12281F1187_F:OUI:FR:Line::A74B127A-8882-4043-BAAA-F49A6703DE54::87391003:87611004:5:2352:20260627,12281,0.0,641,
FR:Line::A74B127A-8882-4043-BAAA-F49A6703DE54:,424,OCESN12281F1187_F:OUI:FR:Line::A74B127A-8882-4043-BAAA-F49A6703DE54::87391003:87581009:2:2210:20260515,12281,0.0,642,
FR:Line::A74B127A-8882-4043-BAAA-F49A6703DE54:,425,OCESN12281F1187_F:OUI:FR:Line::A74B127A-8882-4043-BAAA-F49A6703DE54::87391003:87581009:2:2114:20260718,12281,0.0,643,
FR:Line::145aae45-17eb-45b5-b5b4-facb8b6490f3:,426,OCESN12284F1187_F:OUI:FR:Line::145aae45-17eb-45b5-b5b4-facb8b6490f3::87581009:87391003:4:2240:20260830,12284,1.0,644,
FR:Line::145aae45-17eb-45b5-b5b4-facb8b6490f3:,427,OCESN12284F1187_F:OUI:FR:Line::145aae45-17eb-45b5-b5b4-facb8b6490f3::87581009:87391003:4:2240:20260419,12284,1.0,645,
FR:Line::145aae45-17eb-45b5-b5b4-facb8b6490f3:,293,OCESN12284F1187_F:OUI:FR:Line::145aae45-17eb-45b5-b5b4-facb8b6490f3::87581009:87391003:4:2240:20260517,12284,1.0,646,
FR:Line::75E9980B-E8DF-4696-8E87-123692055B00:,214,OCESN12285F1187_F:OUI:FR:Line::75E9980B-E8DF-4696-8E87-123692055B00::87391003:87677005:7:1148:20260327,12285,1.0,647,
FR:Line::145aae45-17eb-45b5-b5b4-facb8b6490f3:,428,OCESN12288F1187_F:OUI:FR:Line::145aae45-17eb-45b5-b5b4-facb8b6490f3::87677005:87391003:7:1422:20260828,12288,,648,
FR:Line::145aae45-17eb-45b5-b5b4-facb8b6490f3:,318,OCESN12288F1187_F:OUI:FR:Line::145aae45-17eb-45b5-b5b4-facb8b6490f3::87677005:87391003:7:1422:20260731,12288,,649,
FR:Line::F74CC5B5-2F44-4A9F-8336-69F30A4DEC89:,76,OCESN12560F1187_F:OUI:FR:Line::F74CC5B5-2F44-4A9F-8336-69F30A4DEC89::87581009:87271494:7:942:20260307,12560,0.0,950,
FR:Line::F74CC5B5-2F44-4A9F-8336-69F30A4DEC89:,141,OCESN12560F1187_F:OUI:FR:Line::F74CC5B5-2F44-4A9F-8336-69F30A4DEC89::87581009:87271494:7:942:20260425,12560,0.0,951,
FR:Line::F74CC5B5-2F44-4A9F-8336-69F30A4DEC89:,613,OCESN12560F1187_F:OUI:FR:Line::F74CC5B5-2F44-4A9F-8336-69F30A4DEC89::87581009:87271494:7:938:20260627,12560,0.0,952,
FR:Line::F74CC5B5-2F44-4A9F-8336-69F30A4DEC89:,552,OCESN12560F1187_F:OUI:FR:Line::F74CC5B5-2F44-4A9F-8336-69F30A4DEC89::87581009:87271494:7:943:20260418,12560,0.0,953,
FR:Line::F74CC5B5-2F44-4A9F-8336-69F30A4DEC89:,614,OCESN12560F1187_F:OUI:FR:Line::F74CC5B5-2F44-4A9F-8336-69F30A4DEC89::87581009:87271494:7:941:20260829,12560,0.0,954,
FR:Line::F74CC5B5-2F44-4A9F-8336-69F30A4DEC89:,615,OCESN12560F1187_F:OUI:FR:Line::F74CC5B5-2F44-4A9F-8336-69F30A4DEC89::87581009:87271494:7:943:20260530,12560,0.0,955,
FR:Line::75711759-571a-4c6c-a9fa-57cfb79a4b2f:,1,OCESN3831F1187_F:IC:FR:Line::75711759-571a-4c6c-a9fa-57cfb79a4b2f::87481002:87581009:8:1156:20260828,3831,0.0,6555,
FR:Line::75711759-571a-4c6c-a9fa-57cfb79a4b2f:,2423,OCESN3831F1187_F:IC:FR:Line::75711759-571a-4c6c-a9fa-57cfb79a4b2f::87481002:87581009:8:1156:20260622,3831,0.0,6556,
FR:Line::75711759-571a-4c6c-a9fa-57cfb79a4b2f:,2424,OCESN3831F1187_F:IC:FR:Line::75711759-571a-4c6c-a9fa-57cfb79a4b2f::87481002:87581009:8:1156:20260831,3831,0.0,6557,
FR:Line::75711759-571a-4c6c-a9fa-57cfb79a4b2f:,2423,OCESN3833F1187_F:IC:FR:Line::75711759-571a-4c6c-a9fa-57cfb79a4b2f::87481002:87581009:9:1557:20260622,3833,0.0,6558,
FR:Line::75711759-571a-4c6c-a9fa-57cfb79a4b2f:,2425,OCESN3833F1187_F:IC:FR:Line::75711759-571a-4c6c-a9fa-57cfb79a4b2f::87481002:87581009:8:1557:20260829,3833,0.0,6559,
FR:Line::75711759-571a-4c6c-a9fa-57cfb79a4b2f:,2426,OCESN3833F1187_F:IC:FR:Line::75711759-571a-4c6c-a9fa-57cfb79a4b2f::87481002:87581009:8:1557:20260831,3833,0.0,6560,
FR:Line::75711759-571a-4c6c-a9fa-57cfb79a4b2f:,2423,OCESN3835F1187_F:IC:FR:Line::75711759-571a-4c6c-a9fa-57cfb79a4b2f::87481002:87581009:9:2015:20260622,3835,0.0,6561,
FR:Line::75711759-571a-4c6c-a9fa-57cfb79a4b2f:,2427,OCESN3835F1187_F:IC:FR:Line::75711759-571a-4c6c-a9fa-57cfb79a4b2f::87481002:87581009:8:2015:20260831,3835,0.0,6562,
FR:Line::75711759-571a-4c6c-a9fa-57cfb79a4b2f:,2423,OCESN3837F1187_F:IC:FR:Line::75711759-571a-4c6c-a9fa-57cfb79a4b2f::87481002:87581009:9:2206:20260622,3837,0.0,6563,
FR:Line::75711759-571a-4c6c-a9fa-57cfb79a4b2f:,2427,OCESN3837F1187_F:IC:FR:Line::75711759-571a-4c6c-a9fa-57cfb79a4b2f::87481002:87581009:8:2206:20260831,3837,0.0,6564,
FR:Line::75711759-571a-4c6c-a9fa-57cfb79a4b2f:,2428,OCESN3852F1187_F:IC:FR:Line::75711759-571a-4c6c-a9fa-57cfb79a4b2f::87581009:87481002:9:1208:20260621,3852,1.0,6565,
FR:Line::75711759-571a-4c6c-a9fa-57cfb79a4b2f:,2429,OCESN3852F1187_F:IC:FR:Line::75711759-571a-4c6c-a9fa-57cfb79a4b2f::87581009:87481002:8:1206:20260831,3852,1.0,6566,
FR:Line::75711759-571a-4c6c-a9fa-57cfb79a4b2f:,2428,OCESN3854F1187_F:IC:FR:Line::75711759-571a-4c6c-a9fa-57cfb79a4b2f::87581009:87481002:9:1402:20260621,3854,1.0,6567,
FR:Line::75711759-571a-4c6c-a9fa-57cfb79a4b2f:,2430,OCESN3854F1187_F:IC:FR:Line::75711759-571a-4c6c-a9fa-57cfb79a4b2f::87581009:87481002:8:1359:20260830,3854,1.0,6568,
FR:Line::75711759-571a-4c6c-a9fa-57cfb79a4b2f:,2431,OCESN3854F1187_F:IC:FR:Line::75711759-571a-4c6c-a9fa-57cfb79a4b2f::87581009:87481002:8:1359:20260831,3854,1.0,6569,
FR:Line::75711759-571a-4c6c-a9fa-57cfb79a4b2f:,2428,OCESN3856F1187_F:IC:FR:Line::75711759-571a-4c6c-a9fa-57cfb79a4b2f::87581009:87481002:9:1836:20260621,3856,1.0,6570,
FR:Line::75711759-571a-4c6c-a9fa-57cfb79a4b2f:,2429,OCESN3856F1187_F:IC:FR:Line::75711759-571a-4c6c-a9fa-57cfb79a4b2f::87581009:87481002:8:1829:20260831,3856,1.0,6571,
FR:Line::75711759-571a-4c6c-a9fa-57cfb79a4b2f:,2428,OCESN3858F1187_F:IC:FR:Line::75711759-571a-4c6c-a9fa-57cfb79a4b2f::87581009:87481002:8:2217:20260621,3858,1.0,6572,
FR:Line::75711759-571a-4c6c-a9fa-57cfb79a4b2f:,2429,OCESN3858F1187_F:IC:FR:Line::75711759-571a-4c6c-a9fa-57cfb79a4b2f::87581009:87481002:8:2216:20260831,3858,1.0,6573,
FR:Line::bd59db9a-d65f-4f0b-8328-c4db48d5755a:,20,OCESN4021F1187_F:OGO:FR:Line::bd59db9a-d65f-4f0b-8328-c4db48d5755a::87547000:87581009:6:1203:20260328,4021,,6669,
FR:Line::bd59db9a-d65f-4f0b-8328-c4db48d5755a:,106,OCESN4021F1187_F:OGO:FR:Line::bd59db9a-d65f-4f0b-8328-c4db48d5755a::87547000:87581009:8:1307:20260406,4021,,6670,
FR:Line::bd59db9a-d65f-4f0b-8328-c4db48d5755a:,2157,OCESN4021F1187_F:OGO:FR:Line::bd59db9a-d65f-4f0b-8328-c4db48d5755a::87547000:87581009:8:1203:20260507,4021,,6671,
FR:Line::bd59db9a-d65f-4f0b-8328-c4db48d5755a:,115,OCESN4021F1187_F:OGO:FR:Line::bd59db9a-d65f-4f0b-8328-c4db48d5755a::87547000:87581009:8:1203:20260525,4021,,6672,
FR:Line::bd59db9a-d65f-4f0b-8328-c4db48d5755a:,2475,OCESN4021F1187_F:OGO:FR:Line::bd59db9a-d65f-4f0b-8328-c4db48d5755a::87547000:87581009:8:1203:20260514,4021,,6673,
FR:Line::bd59db9a-d65f-4f0b-8328-c4db48d5755a:,161,OCESN4021F1187_F:OGO:FR:Line::bd59db9a-d65f-4f0b-8328-c4db48d5755a::87547000:87581009:8:1203:20260524,4021,,6674,
FR:Line::bd59db9a-d65f-4f0b-8328-c4db48d5755a:,8,OCESN4021F1187_F:OGO:FR:Line::bd59db9a-d65f-4f0b-8328-c4db48d5755a::87547000:87581009:8:1326:20260513,4021,,6675,
FR:Line::bd59db9a-d65f-4f0b-8328-c4db48d5755a:,2476,OCESN4021F1187_F:OGO:FR:Line::bd59db9a-d65f-4f0b-8328-c4db48d5755a::87547000:87581009:6:1206:20260318,4021,,6676,
FR:Line::bd59db9a-d65f-4f0b-8328-c4db48d5755a:,142,OCESN4021F1187_F:OGO:FR:Line::bd59db9a-d65f-4f0b-8328-c4db48d5755a::87547000:87581009:8:1203:20260405,4021,,6677,
FR:Line::bd59db9a-d65f-4f0b-8328-c4db48d5755a:,2388,OCESN4021F1187_F:OGO:FR:Line::bd59db9a-d65f-4f0b-8328-c4db48d5755a::87547000:87581009:6:1208:20260325,4021,,6678,
FR:Line::bd59db9a-d65f-4f0b-8328-c4db48d5755a:,2477,OCESN4021F1187_F:OGO:FR:Line::bd59db9a-d65f-4f0b-8328-c4db48d5755a::87547000:87581009:8:1201:20260714,4021,,6679,
FR:Line::bd59db9a-d65f-4f0b-8328-c4db48d5755a:,1657,OCESN4021F1187_F:OGO:FR:Line::bd59db9a-d65f-4f0b-8328-c4db48d5755a::87547000:87581009:8:1201:20260830,4021,,6680,
FR:Line::bd59db9a-d65f-4f0b-8328-c4db48d5755a:,152,OCESN4021F1187_F:OGO:FR:Line::bd59db9a-d65f-4f0b-8328-c4db48d5755a::87547000:87581009:8:1206:20260710,4021,,6681,
FR:Line::bd59db9a-d65f-4f0b-8328-c4db48d5755a:,2478,OCESN4024F1187_F:OGO:FR:Line::bd59db9a-d65f-4f0b-8328-c4db48d5755a::87581009:87547000:6:1946:20260328,4024,,6682,
FR:Line::bd59db9a-d65f-4f0b-8328-c4db48d5755a:,106,OCESN4024F1187_F:OGO:FR:Line::bd59db9a-d65f-4f0b-8328-c4db48d5755a::87581009:87547000:8:1946:20260406,4024,,6683,
FR:Line::bd59db9a-d65f-4f0b-8328-c4db48d5755a:,2476,OCESN4024F1187_F:OGO:FR:Line::bd59db9a-d65f-4f0b-8328-c4db48d5755a::87581009:87547000:6:1946:20260318,4024,,6684,
FR:Line::bd59db9a-d65f-4f0b-8328-c4db48d5755a:,142,OCESN4024F1187_F:OGO:FR:Line::bd59db9a-d65f-4f0b-8328-c4db48d5755a::87581009:87547000:8:1946:20260405,4024,,6685,
FR:Line::bd59db9a-d65f-4f0b-8328-c4db48d5755a:,2479,OCESN4024F1187_F:OGO:FR:Line::bd59db9a-d65f-4f0b-8328-c4db48d5755a::87581009:87547000:8:1946:20260511,4024,,6686,
FR:Line::bd59db9a-d65f-4f0b-8328-c4db48d5755a:,136,OCESN4024F1187_F:OGO:FR:Line::bd59db9a-d65f-4f0b-8328-c4db48d5755a::87581009:87547000:8:2116:20260426,4024,,6687,
FR:Line::bd59db9a-d65f-4f0b-8328-c4db48d5755a:,2480,OCESN4024F1187_F:OGO:FR:Line::bd59db9a-d65f-4f0b-8328-c4db48d5755a::87581009:87547000:8:1945:20260714,4024,,6688,
FR:Line::bd59db9a-d65f-4f0b-8328-c4db48d5755a:,97,OCESN4024F1187_F:OGO:FR:Line::bd59db9a-d65f-4f0b-8328-c4db48d5755a::87581009:87547000:8:1946:20260404,4024,,6689,
FR:Line::bd59db9a-d65f-4f0b-8328-c4db48d5755a:,8,OCESN4024F1187_F:OGO:FR:Line::bd59db9a-d65f-4f0b-8328-c4db48d5755a::87581009:87547000:6:1946:20260513,4024,,6690,
FR:Line::bd59db9a-d65f-4f0b-8328-c4db48d5755a:,2481,OCESN4024F1187_F:OGO:FR:Line::bd59db9a-d65f-4f0b-8328-c4db48d5755a::87581009:87547000:8:1946:20260607,4024,,6691,
FR:Line::bd59db9a-d65f-4f0b-8328-c4db48d5755a:,2482,OCESN4024F1187_F:OGO:FR:Line::bd59db9a-d65f-4f0b-8328-c4db48d5755a::87581009:87547000:8:1945:20260830,4024,,6692,
FR:Line::bd59db9a-d65f-4f0b-8328-c4db48d5755a:,58,OCESN4025F1187_F:OGO:FR:Line::bd59db9a-d65f-4f0b-8328-c4db48d5755a::87547000:87581009:7:2136:20260510,4025,,6693,
FR:Line::bd59db9a-d65f-4f0b-8328-c4db48d5755a:,2483,OCESN4025F1187_F:OGO:FR:Line::bd59db9a-d65f-4f0b-8328-c4db48d5755a::87547000:87581009:8:2031:20260606,4025,,6694,
FR:Line::bd59db9a-d65f-4f0b-8328-c4db48d5755a:,2484,OCESN4025F1187_F:OGO:FR:Line::bd59db9a-d65f-4f0b-8328-c4db48d5755a::87547000:87581009:8:2031:20260829,4025,,6695,
FR:Line::bd59db9a-d65f-4f0b-8328-c4db48d5755a:,2485,OCESN4025F1187_F:OGO:FR:Line::bd59db9a-d65f-4f0b-8328-c4db48d5755a::87547000:87581009:8:2031:20260828,4025,,6696,
FR:Line::bd59db9a-d65f-4f0b-8328-c4db48d5755a:,2486,OCESN4025F1187_F:OGO:FR:Line::bd59db9a-d65f-4f0b-8328-c4db48d5755a::87547000:87581009:8:2031:20260517,4025,,6697,
FR:Line::bd59db9a-d65f-4f0b-8328-c4db48d5755a:,179,OCESN4026F1187_F:OGO:FR:Line::bd59db9a-d65f-4f0b-8328-c4db48d5755a::87581009:87547000:8:1138:20260712,4026,,6698,
FR:Line::bd59db9a-d65f-4f0b-8328-c4db48d5755a:,2487,OCESN4026F1187_F:OGO:FR:Line::bd59db9a-d65f-4f0b-8328-c4db48d5755a::87581009:87547000:8:1140:20260606,4026,,6699,
FR:Line::bd59db9a-d65f-4f0b-8328-c4db48d5755a:,263,OCESN4026F1187_F:OGO:FR:Line::bd59db9a-d65f-4f0b-8328-c4db48d5755a::87581009:87547000:8:1145:20260511,4026,,6700,
FR:Line::bd59db9a-d65f-4f0b-8328-c4db48d5755a:,2488,OCESN4026F1187_F:OGO:FR:Line::bd59db9a-d65f-4f0b-8328-c4db48d5755a::87581009:87547000:8:1139:20260523,4026,,6701,
FR:Line::bd59db9a-d65f-4f0b-8328-c4db48d5755a:,2489,OCESN4026F1187_F:OGO:FR:Line::bd59db9a-d65f-4f0b-8328-c4db48d5755a::87581009:87547000:8:1138:20260704,4026,,6702,
FR:Line::bd59db9a-d65f-4f0b-8328-c4db48d5755a:,2490,OCESN4026F1187_F:OGO:FR:Line::bd59db9a-d65f-4f0b-8328-c4db48d5755a::87581009:87547000:8:1140:20260502,4026,,6703,
FR:Line::bd59db9a-d65f-4f0b-8328-c4db48d5755a:,2491,OCESN4026F1187_F:OGO:FR:Line::bd59db9a-d65f-4f0b-8328-c4db48d5755a::87581009:87547000:8:1138:20260829,4026,,6704,
FR:Line::6973a1d6-1ab5-447c-b47e-d20af934f64d:,1266,OCESN448024R1187_R:CTE:FR:Line::6973a1d6-1ab5-447c-b47e-d20af934f64d::87584052:87583005:9:1511:20260424,448024,1.0,10384,
FR:Line::6973a1d6-1ab5-447c-b47e-d20af934f64d:,1266,OCESN448025R1187_R:CTE:FR:Line::6973a1d6-1ab5-447c-b47e-d20af934f64d::87583005:87584052:9:1451:20260424,448025,0.0,10385,
FR:Line::3ebed947-d25a-4cb1-ad23-a6db52a6f082:,2042,OCESN453019R1187_R:CTE:FR:Line::3ebed947-d25a-4cb1-ad23-a6db52a6f082::87581009:87581389:15:1320:20260327,453019,0.0,10878,
FR:Line::3ebed947-d25a-4cb1-ad23-a6db52a6f082:,2042,OCESN453020R1187_R:CTE:FR:Line::3ebed947-d25a-4cb1-ad23-a6db52a6f082::87581389:87581009:15:1301:20260327,453020,1.0,10879,
FR:Line::3ebed947-d25a-4cb1-ad23-a6db52a6f082:,2042,OCESN453025R1187_R:CTE:FR:Line::3ebed947-d25a-4cb1-ad23-a6db52a6f082::87581009:87581314:13:1337:20260327,453025,0.0,10880,
FR:Line::3ebed947-d25a-4cb1-ad23-a6db52a6f082:,2042,OCESN453026R1187_R:CTE:FR:Line::3ebed947-d25a-4cb1-ad23-a6db52a6f082::87581314:87581009:13:1401:20260327,453026,1.0,10881,
FR:Line::3ebed947-d25a-4cb1-ad23-a6db52a6f082:,2042,OCESN453029R1187_R:CTE:FR:Line::3ebed947-d25a-4cb1-ad23-a6db52a6f082::87581009:87581314:13:1437:20260327,453029,0.0,10882,
FR:Line::3ebed947-d25a-4cb1-ad23-a6db52a6f082:,2042,OCESN453032R1187_R:CTE:FR:Line::3ebed947-d25a-4cb1-ad23-a6db52a6f082::87581389:87581009:15:1601:20260327,453032,1.0,10883,
FR:Line::3ebed947-d25a-4cb1-ad23-a6db52a6f082:,2042,OCESN453034R1187_R:CTE:FR:Line::3ebed947-d25a-4cb1-ad23-a6db52a6f082::87581314:87581009:13:1701:20260327,453034,1.0,10884,
FR:Line::3ebed947-d25a-4cb1-ad23-a6db52a6f082:,2042,OCESN453035R1187_R:CTE:FR:Line::3ebed947-d25a-4cb1-ad23-a6db52a6f082::87581009:87581389:15:1720:20260327,453035,0.0,10885,
FR:Line::6831fb72-94d3-417c-915f-b9656db78b1a:,3144,OCESN453271R1187_R:CTE:FR:Line::6831fb72-94d3-417c-915f-b9656db78b1a::87581009:87582668:12:2448:20260831,453271,1.0,10894,
FR:Line::6660e3b5-b253-43c4-9e58-ece4d79481bf:,948,OCESN453408R1187_R:CTE:FR:Line::6660e3b5-b253-43c4-9e58-ece4d79481bf::87671016:87581009:9:1553:20260320,453408,0.0,10898,
FR:Line::9805a3d4-04d2-4122-9ac6-677255172215:,2042,OCESN453612R1187_R:CTE:FR:Line::9805a3d4-04d2-4122-9ac6-677255172215::87584052:87584268:7:1229:20260327,453612,0.0,10906,
FR:Line::9805a3d4-04d2-4122-9ac6-677255172215:,2042,OCESN453613R1187_R:CTE:FR:Line::9805a3d4-04d2-4122-9ac6-677255172215::87584268:87584052:6:1156:20260327,453613,1.0,10907,
FR:Line::de0cc979-c473-4b44-afa3-48079e6337c5:,2042,OCESN453617R1187_R:CTE:FR:Line::de0cc979-c473-4b44-afa3-48079e6337c5::87584268:87584052:10:1501:20260327,453617,0.0,10908,
FR:Line::9805a3d4-04d2-4122-9ac6-677255172215:,2042,OCESN453618R1187_R:CTE:FR:Line::9805a3d4-04d2-4122-9ac6-677255172215::87584052:87584268:6:1044:20260327,453618,0.0,10909,
FR:Line::9805a3d4-04d2-4122-9ac6-677255172215:,2042,OCESN453620R1187_R:CTE:FR:Line::9805a3d4-04d2-4122-9ac6-677255172215::87584052:87584268:7:1244:20260327,453620,0.0,10910,
FR:Line::9805a3d4-04d2-4122-9ac6-677255172215:,2042,OCESN453622R1187_R:CTE:FR:Line::9805a3d4-04d2-4122-9ac6-677255172215::87584052:87584268:6:1344:20260327,453622,0.0,10911,
FR:Line::9805a3d4-04d2-4122-9ac6-677255172215:,2042,OCESN453623R1187_R:CTE:FR:Line::9805a3d4-04d2-4122-9ac6-677255172215::87584268:87584052:7:1256:20260327,453623,1.0,10912,
FR:Line::9805a3d4-04d2-4122-9ac6-677255172215:,2042,OCESN453624R1187_R:CTE:FR:Line::9805a3d4-04d2-4122-9ac6-677255172215::87584052:87584268:7:1444:20260327,453624,0.0,10913,
FR:Line::de0cc979-c473-4b44-afa3-48079e6337c5:,2042,OCESN453626R1187_R:CTE:FR:Line::de0cc979-c473-4b44-afa3-48079e6337c5::87584052:87584268:10:1554:20260327,453626,1.0,10914,
FR:Line::9805a3d4-04d2-4122-9ac6-677255172215:,2042,OCESN453645R1187_R:CTE:FR:Line::9805a3d4-04d2-4122-9ac6-677255172215::87584268:87584052:7:1041:20260327,453645,1.0,10915,
FR:Line::9805a3d4-04d2-4122-9ac6-677255172215:,2042,OCESN453653R1187_R:CTE:FR:Line::9805a3d4-04d2-4122-9ac6-677255172215::87584268:87584052:6:1401:20260327,453653,1.0,10916,
FR:Line::9805a3d4-04d2-4122-9ac6-677255172215:,2042,OCESN453657R1187_R:CTE:FR:Line::9805a3d4-04d2-4122-9ac6-677255172215::87584268:87584052:7:1611:20260327,453657,1.0,10917,
FR:Line::e0a06da9-7515-46e3-a790-975f9883185c:,948,OCESN453709R1187_R:CTE:FR:Line::e0a06da9-7515-46e3-a790-975f9883185c::87581009:87582775:11:1112:20260320,453709,0.0,10918,
FR:Line::e0a06da9-7515-46e3-a790-975f9883185c:,3146,OCESN453711R1187_R:CTE:FR:Line::e0a06da9-7515-46e3-a790-975f9883185c::87581009:87582775:11:1102:20260525,453711,0.0,10919,
FR:Line::e0a06da9-7515-46e3-a790-975f9883185c:,3147,OCESN453712R1187_R:CTE:FR:Line::e0a06da9-7515-46e3-a790-975f9883185c::87582775:87581009:11:940:20260525,453712,1.0,10920,
FR:Line::e0a06da9-7515-46e3-a790-975f9883185c:,3148,OCESN453717R1187_R:CTE:FR:Line::e0a06da9-7515-46e3-a790-975f9883185c::87581009:87582775:11:1342:20260525,453717,0.0,10921,
FR:Line::e0a06da9-7515-46e3-a790-975f9883185c:,3149,OCESN453718R1187_R:CTE:FR:Line::e0a06da9-7515-46e3-a790-975f9883185c::87582775:87581009:11:1241:20260516,453718,1.0,10922,
FR:Line::e0a06da9-7515-46e3-a790-975f9883185c:,948,OCESN453720R1187_R:CTE:FR:Line::e0a06da9-7515-46e3-a790-975f9883185c::87582775:87581009:11:1356:20260320,453720,1.0,10923,
FR:Line::e0a06da9-7515-46e3-a790-975f9883185c:,3150,OCESN453721R1187_R:CTE:FR:Line::e0a06da9-7515-46e3-a790-975f9883185c::87581009:87582775:11:1627:20260523,453721,0.0,10924,
FR:Line::e0a06da9-7515-46e3-a790-975f9883185c:,3151,OCESN453728R1187_R:CTE:FR:Line::e0a06da9-7515-46e3-a790-975f9883185c::87582775:87581009:11:1726:20260524,453728,1.0,10925,
FR:Line::e0a06da9-7515-46e3-a790-975f9883185c:,3152,OCESN453733R1187_R:CTE:FR:Line::e0a06da9-7515-46e3-a790-975f9883185c::87581009:87582775:11:2057:20260513,453733,0.0,10926,
FR:Line::e0a06da9-7515-46e3-a790-975f9883185c:,3150,OCESN453746R1187_R:CTE:FR:Line::e0a06da9-7515-46e3-a790-975f9883185c::87582775:87581009:11:1941:20260523,453746,1.0,10927,
FR:Line::a7820377-230e-419a-8573-9d4de08fc44f:,3149,OCESN453803R1187_R:CTE:FR:Line::a7820377-230e-419a-8573-9d4de08fc44f::87581009:87582775:2:710:20260516,453803,1.0,10928,
FR:Line::a7820377-230e-419a-8573-9d4de08fc44f:,3149,OCESN453804R1187_R:CTE:FR:Line::a7820377-230e-419a-8573-9d4de08fc44f::87582775:87581009:2:750:20260516,453804,0.0,10929,
FR:Line::a7820377-230e-419a-8573-9d4de08fc44f:,3153,OCESN453807R1187_R:CTE:FR:Line::a7820377-230e-419a-8573-9d4de08fc44f::87581009:87582775:2:845:20260525,453807,1.0,10930,
OCESN-87581009-87582775,972,OCESN453807R1187_R:CTE:OCESN-87581009-87582775:87581009:87582775:2:845:20260315,453807,0.0,10931,
FR:Line::a7820377-230e-419a-8573-9d4de08fc44f:,948,OCESN453809R1187_R:CTE:FR:Line::a7820377-230e-419a-8573-9d4de08fc44f::87581009:87586008:8:1339:20260320,453809,1.0,10932,
FR:Line::a7820377-230e-419a-8573-9d4de08fc44f:,3154,OCESN453810R1187_R:CTE:FR:Line::a7820377-230e-419a-8573-9d4de08fc44f::87582775:87581009:2:1045:20260525,453810,0.0,10933,
OCESN-87582775-87581009,972,OCESN453810R1187_R:CTE:OCESN-87582775-87581009:87582775:87581009:2:1045:20260315,453810,1.0,10934,
FR:Line::a7820377-230e-419a-8573-9d4de08fc44f:,3155,OCESN453811R1187_R:CTE:FR:Line::a7820377-230e-419a-8573-9d4de08fc44f::87581009:87582775:2:1130:20260525,453811,1.0,10935,
FR:Line::a7820377-230e-419a-8573-9d4de08fc44f:,3149,OCESN453811R1187_R:CTE:FR:Line::a7820377-230e-419a-8573-9d4de08fc44f::87581009:87582775:2:1125:20260516,453811,1.0,10936,
OCESN-87581009-87582775,972,OCESN453811R1187_R:CTE:OCESN-87581009-87582775:87581009:87582775:2:1130:20260315,453811,0.0,10937,
FR:Line::a7820377-230e-419a-8573-9d4de08fc44f:,3156,OCESN453812R1187_R:CTE:FR:Line::a7820377-230e-419a-8573-9d4de08fc44f::87582775:87581009:2:1240:20260525,453812,0.0,10938,
OCESN-87582775-87581009,972,OCESN453812R1187_R:CTE:OCESN-87582775-87581009:87582775:87581009:2:1230:20260315,453812,1.0,10939,
FR:Line::a7820377-230e-419a-8573-9d4de08fc44f:,948,OCESN453814R1187_R:CTE:FR:Line::a7820377-230e-419a-8573-9d4de08fc44f::87586008:87581009:8:1434:20260320,453814,0.0,10940,
FR:Line::a7820377-230e-419a-8573-9d4de08fc44f:,3157,OCESN453815R1187_R:CTE:FR:Line::a7820377-230e-419a-8573-9d4de08fc44f::87581009:87582775:2:1350:20260516,453815,1.0,10941,
FR:Line::a7820377-230e-419a-8573-9d4de08fc44f:,3148,OCESN453817R1187_R:CTE:FR:Line::a7820377-230e-419a-8573-9d4de08fc44f::87581009:87582775:2:1405:20260525,453817,1.0,10942,
FR:Line::a7820377-230e-419a-8573-9d4de08fc44f:,3158,OCESN453818R1187_R:CTE:FR:Line::a7820377-230e-419a-8573-9d4de08fc44f::87582775:87581009:2:1440:20260524,453818,0.0,10943,
OCESN-87582775-87581009,3159,OCESN453818R1187_R:CTE:OCESN-87582775-87581009:87582775:87581009:2:1440:20260525,453818,1.0,10944,
FR:Line::a7820377-230e-419a-8573-9d4de08fc44f:,3160,OCESN453819R1187_R:CTE:FR:Line::a7820377-230e-419a-8573-9d4de08fc44f::87581009:87582775:2:1650:20260523,453819,1.0,10945,
OCESN-87581009-87582775,259,OCESN453819R1187_R:CTE:OCESN-87581009-87582775:87581009:87582775:2:1650:20260314,453819,0.0,10946,
FR:Line::a7820377-230e-419a-8573-9d4de08fc44f:,3151,OCESN453821R1187_R:CTE:FR:Line::a7820377-230e-419a-8573-9d4de08fc44f::87581009:87582775:2:1745:20260524,453821,1.0,10947,
FR:Line::a7820377-230e-419a-8573-9d4de08fc44f:,198,OCESN453821R1187_R:CTE:FR:Line::a7820377-230e-419a-8573-9d4de08fc44f::87581009:87582775:2:1820:20260403,453821,1.0,10948,
FR:Line::a7820377-230e-419a-8573-9d4de08fc44f:,3161,OCESN453823R1187_R:CTE:FR:Line::a7820377-230e-419a-8573-9d4de08fc44f::87581009:87582775:2:1850:20260524,453823,1.0,10949,
OCESN-87581009-87582775,259,OCESN453823R1187_R:CTE:OCESN-87581009-87582775:87581009:87582775:2:1850:20260314,453823,0.0,10950,
FR:Line::a7820377-230e-419a-8573-9d4de08fc44f:,3158,OCESN453824R1187_R:CTE:FR:Line::a7820377-230e-419a-8573-9d4de08fc44f::87582775:87581009:2:1740:20260524,453824,0.0,10951,
OCESN-87582775-87581009,259,OCESN453824R1187_R:CTE:OCESN-87582775-87581009:87582775:87581009:2:1740:20260314,453824,1.0,10952,
FR:Line::a7820377-230e-419a-8573-9d4de08fc44f:,3162,OCESN453825R1187_R:CTE:FR:Line::a7820377-230e-419a-8573-9d4de08fc44f::87581009:87582775:2:1950:20260524,453825,1.0,10953,
FR:Line::a7820377-230e-419a-8573-9d4de08fc44f:,3162,OCESN453826R1187_R:CTE:FR:Line::a7820377-230e-419a-8573-9d4de08fc44f::87582775:87581009:2:1850:20260524,453826,0.0,10954,
FR:Line::a7820377-230e-419a-8573-9d4de08fc44f:,3163,OCESN453827R1187_R:CTE:FR:Line::a7820377-230e-419a-8573-9d4de08fc44f::87581009:87582775:2:2110:20260523,453827,1.0,10955,
OCESN-87581009-87582775,259,OCESN453827R1187_R:CTE:OCESN-87581009-87582775:87581009:87582775:2:2110:20260314,453827,0.0,10956,
FR:Line::a7820377-230e-419a-8573-9d4de08fc44f:,3163,OCESN453828R1187_R:CTE:FR:Line::a7820377-230e-419a-8573-9d4de08fc44f::87582775:87581009:2:1945:20260523,453828,0.0,10957,
OCESN-87582775-87581009,259,OCESN453828R1187_R:CTE:OCESN-87582775-87581009:87582775:87581009:2:1945:20260314,453828,1.0,10958,
FR:Line::a7820377-230e-419a-8573-9d4de08fc44f:,3162,OCESN453829R1187_R:CTE:FR:Line::a7820377-230e-419a-8573-9d4de08fc44f::87581009:87582775:2:2155:20260524,453829,1.0,10959,
FR:Line::a7820377-230e-419a-8573-9d4de08fc44f:,3162,OCESN453830R1187_R:CTE:FR:Line::a7820377-230e-419a-8573-9d4de08fc44f::87582775:87581009:2:2055:20260524,453830,0.0,10960,
FR:Line::a7820377-230e-419a-8573-9d4de08fc44f:,3164,OCESN453832R1187_R:CTE:FR:Line::a7820377-230e-419a-8573-9d4de08fc44f::87582775:87581009:2:2220:20260523,453832,0.0,10961,
FR:Line::a7820377-230e-419a-8573-9d4de08fc44f:,3165,OCESN453832R1187_R:CTE:FR:Line::a7820377-230e-419a-8573-9d4de08fc44f::87582775:87581009:2:2235:20260524,453832,0.0,10962,
FR:Line::a7820377-230e-419a-8573-9d4de08fc44f:,3166,OCESN453832R1187_R:CTE:FR:Line::a7820377-230e-419a-8573-9d4de08fc44f::87582775:87581009:2:2210:20260516,453832,0.0,10963,
FR:Line::e0a06da9-7515-46e3-a790-975f9883185c:,3149,OCESN453864R1187_R:CTE:FR:Line::e0a06da9-7515-46e3-a790-975f9883185c::87582775:87581009:11:921:20260516,453864,1.0,10964,
FR:Line::e0a06da9-7515-46e3-a790-975f9883185c:,948,OCESN453865R1187_R:CTE:FR:Line::e0a06da9-7515-46e3-a790-975f9883185c::87581009:87586545:17:1403:20260320,453865,0.0,10965,
FR:Line::e0a06da9-7515-46e3-a790-975f9883185c:,3157,OCESN453867R1187_R:CTE:FR:Line::e0a06da9-7515-46e3-a790-975f9883185c::87581009:87582775:11:1307:20260516,453867,0.0,10966,
FR:Line::e0a06da9-7515-46e3-a790-975f9883185c:,3148,OCESN453870R1187_R:CTE:FR:Line::e0a06da9-7515-46e3-a790-975f9883185c::87582775:87581009:11:1421:20260525,453870,1.0,10967,
FR:Line::e0a06da9-7515-46e3-a790-975f9883185c:,3151,OCESN453871R1187_R:CTE:FR:Line::e0a06da9-7515-46e3-a790-975f9883185c::87581009:87582775:11:1707:20260524,453871,0.0,10968,
FR:Line::e0a06da9-7515-46e3-a790-975f9883185c:,948,OCESN453872R1187_R:CTE:FR:Line::e0a06da9-7515-46e3-a790-975f9883185c::87586545:87581009:17:1502:20260320,453872,1.0,10969,
FR:Line::e0a06da9-7515-46e3-a790-975f9883185c:,3150,OCESN453874R1187_R:CTE:FR:Line::e0a06da9-7515-46e3-a790-975f9883185c::87582775:87581009:11:1626:20260523,453874,1.0,10970,
FR:Line::e0a06da9-7515-46e3-a790-975f9883185c:,3152,OCESN453875R1187_R:CTE:FR:Line::e0a06da9-7515-46e3-a790-975f9883185c::87581009:87582775:11:1912:20260513,453875,0.0,10971,
FR:Line::e0a06da9-7515-46e3-a790-975f9883185c:,3152,OCESN453876R1187_R:CTE:FR:Line::e0a06da9-7515-46e3-a790-975f9883185c::87582775:87581009:11:2006:20260513,453876,1.0,10972,
FR:Line::e0a06da9-7515-46e3-a790-975f9883185c:,3150,OCESN453877R1187_R:CTE:FR:Line::e0a06da9-7515-46e3-a790-975f9883185c::87581009:87582775:11:2007:20260523,453877,0.0,10973,
FR:Line::e0a06da9-7515-46e3-a790-975f9883185c:,3165,OCESN453878R1187_R:CTE:FR:Line::e0a06da9-7515-46e3-a790-975f9883185c::87582775:87581009:11:2021:20260524,453878,1.0,10974,
FR:Line::e0a06da9-7515-46e3-a790-975f9883185c:,3165,OCESN453879R1187_R:CTE:FR:Line::e0a06da9-7515-46e3-a790-975f9883185c::87581009:87582775:11:2107:20260524,453879,0.0,10975,
FR:Line::1f093b3e-6e5a-4365-9cd0-e5764b2c7767:,3176,OCESN455684R1187_R:CTE:FR:Line::1f093b3e-6e5a-4365-9cd0-e5764b2c7767::87673202:87581009:4:2310:20260618,455684,1.0,11049,
FR:Line::3418b67d-a81f-4dde-b3b0-60cc96ed86f4:,3262,OCESN4655F1187_F:IC:FR:Line::3418b67d-a81f-4dde-b3b0-60cc96ed86f4::87581009:87751008:10:1236:20260829,4655,0.0,11615,
FR:Line::3418b67d-a81f-4dde-b3b0-60cc96ed86f4:,210,OCESN4655F1187_F:IC:FR:Line::3418b67d-a81f-4dde-b3b0-60cc96ed86f4::87581009:87781005:7:1015:20260530,4655,0.0,11616,
FR:Line::3418b67d-a81f-4dde-b3b0-60cc96ed86f4:,21,OCESN4655F1187_F:IC:FR:Line::3418b67d-a81f-4dde-b3b0-60cc96ed86f4::87581009:87781005:7:1015:20260329,4655,0.0,11617,
FR:Line::3418b67d-a81f-4dde-b3b0-60cc96ed86f4:,3264,OCESN4655F1187_F:IC:FR:Line::3418b67d-a81f-4dde-b3b0-60cc96ed86f4::87581009:87751008:10:1236:20260831,4655,0.0,11620,
FR:Line::3418b67d-a81f-4dde-b3b0-60cc96ed86f4:,3265,OCESN4655F1187_F:IC:FR:Line::3418b67d-a81f-4dde-b3b0-60cc96ed86f4::87581009:87751008:10:1236:20260827,4655,0.0,11621,
FR:Line::3418b67d-a81f-4dde-b3b0-60cc96ed86f4:,21,OCESN4657F1187_F:IC:FR:Line::3418b67d-a81f-4dde-b3b0-60cc96ed86f4::87581009:87781005:7:1213:20260329,4657,0.0,11631,
FR:Line::3418b67d-a81f-4dde-b3b0-60cc96ed86f4:,210,OCESN4657F1187_F:IC:FR:Line::3418b67d-a81f-4dde-b3b0-60cc96ed86f4::87581009:87751008:11:1448:20260530,4657,0.0,11632,
FR:Line::3418b67d-a81f-4dde-b3b0-60cc96ed86f4:,1607,OCESN4657F1187_F:IC:FR:Line::3418b67d-a81f-4dde-b3b0-60cc96ed86f4::87581009:87751008:11:1444:20260831,4657,0.0,11633,
FR:Line::3418b67d-a81f-4dde-b3b0-60cc96ed86f4:,3266,OCESN4657F1187_F:IC:FR:Line::3418b67d-a81f-4dde-b3b0-60cc96ed86f4::87581009:87751008:11:1444:20260815,4657,0.0,11634,
FR:Line::3418b67d-a81f-4dde-b3b0-60cc96ed86f4:,3267,OCESN4657F1187_F:IC:FR:Line::3418b67d-a81f-4dde-b3b0-60cc96ed86f4::87581009:87751008:11:1444:20260830,4657,0.0,11635,
FR:Line::3418b67d-a81f-4dde-b3b0-60cc96ed86f4:,3268,OCESN4659F1187_F:IC:FR:Line::3418b67d-a81f-4dde-b3b0-60cc96ed86f4::87581009:87751008:10:1637:20260825,4659,0.0,11643,
FR:Line::3418b67d-a81f-4dde-b3b0-60cc96ed86f4:,210,OCESN4659F1187_F:IC:FR:Line::3418b67d-a81f-4dde-b3b0-60cc96ed86f4::87581009:87781005:7:1415:20260530,4659,0.0,11644,
FR:Line::3418b67d-a81f-4dde-b3b0-60cc96ed86f4:,3269,OCESN4659F1187_F:IC:FR:Line::3418b67d-a81f-4dde-b3b0-60cc96ed86f4::87581009:87751008:10:1637:20260830,4659,0.0,11646,
FR:Line::3418b67d-a81f-4dde-b3b0-60cc96ed86f4:,3270,OCESN4659F1187_F:IC:FR:Line::3418b67d-a81f-4dde-b3b0-60cc96ed86f4::87581009:87751008:10:1637:20260827,4659,0.0,11647,
FR:Line::3418b67d-a81f-4dde-b3b0-60cc96ed86f4:,3271,OCESN4659F1187_F:IC:FR:Line::3418b67d-a81f-4dde-b3b0-60cc96ed86f4::87581009:87751008:10:1637:20260831,4659,0.0,11648,
FR:Line::3418b67d-a81f-4dde-b3b0-60cc96ed86f4:,3272,OCESN4661F1187_F:IC:FR:Line::3418b67d-a81f-4dde-b3b0-60cc96ed86f4::87581009:87751008:11:1837:20260829,4661,0.0,11649,
FR:Line::3418b67d-a81f-4dde-b3b0-60cc96ed86f4:,977,OCESN4661F1187_F:IC:FR:Line::3418b67d-a81f-4dde-b3b0-60cc96ed86f4::87581009:87781005:7:1616:20260328,4661,0.0,11650,
FR:Line::3418b67d-a81f-4dde-b3b0-60cc96ed86f4:,3273,OCESN4661F1187_F:IC:FR:Line::3418b67d-a81f-4dde-b3b0-60cc96ed86f4::87581009:87751008:11:1838:20260705,4661,0.0,11651,
FR:Line::3418b67d-a81f-4dde-b3b0-60cc96ed86f4:,615,OCESN4661F1187_F:IC:FR:Line::3418b67d-a81f-4dde-b3b0-60cc96ed86f4::87581009:87751008:11:1838:20260530,4661,0.0,11652,
FR:Line::3418b67d-a81f-4dde-b3b0-60cc96ed86f4:,179,OCESN4661F1187_F:IC:FR:Line::3418b67d-a81f-4dde-b3b0-60cc96ed86f4::87581009:87751008:11:1838:20260712,4661,0.0,11653,
FR:Line::3418b67d-a81f-4dde-b3b0-60cc96ed86f4:,3274,OCESN4661F1187_F:IC:FR:Line::3418b67d-a81f-4dde-b3b0-60cc96ed86f4::87581009:87751008:11:1837:20260831,4661,0.0,11654,
FR:Line::3418b67d-a81f-4dde-b3b0-60cc96ed86f4:,3275,OCESN4661F1187_F:IC:FR:Line::3418b67d-a81f-4dde-b3b0-60cc96ed86f4::87581009:87751008:11:1837:20260828,4661,0.0,11655,
FR:Line::3418b67d-a81f-4dde-b3b0-60cc96ed86f4:,3276,OCESN4661F1187_F:IC:FR:Line::3418b67d-a81f-4dde-b3b0-60cc96ed86f4::87581009:87751008:11:1837:20260830,4661,0.0,11656,
FR:Line::3418b67d-a81f-4dde-b3b0-60cc96ed86f4:,3277,OCESN4663F1187_F:IC:FR:Line::3418b67d-a81f-4dde-b3b0-60cc96ed86f4::87581009:87751008:10:2036:20260831,4663,0.0,11657,
FR:Line::3418b67d-a81f-4dde-b3b0-60cc96ed86f4:,3278,OCESN4663F1187_F:IC:FR:Line::3418b67d-a81f-4dde-b3b0-60cc96ed86f4::87581009:87751008:10:2036:20260829,4663,0.0,11658,
FR:Line::3418b67d-a81f-4dde-b3b0-60cc96ed86f4:,3279,OCESN4663F1187_F:IC:FR:Line::3418b67d-a81f-4dde-b3b0-60cc96ed86f4::87581009:87751008:10:2040:20260527,4663,0.0,11659,
FR:Line::3418b67d-a81f-4dde-b3b0-60cc96ed86f4:,3280,OCESN4663F1187_F:IC:FR:Line::3418b67d-a81f-4dde-b3b0-60cc96ed86f4::87581009:87751008:10:2040:20260528,4663,0.0,11660,
FR:Line::3418b67d-a81f-4dde-b3b0-60cc96ed86f4:,3282,OCESN4663F1187_F:IC:FR:Line::3418b67d-a81f-4dde-b3b0-60cc96ed86f4::87581009:87781005:7:1815:20260530,4663,0.0,11663,
FR:Line::3418b67d-a81f-4dde-b3b0-60cc96ed86f4:,3283,OCESN4663F1187_F:IC:FR:Line::3418b67d-a81f-4dde-b3b0-60cc96ed86f4::87581009:87751008:10:2036:20260828,4663,0.0,11664,
FR:Line::3418b67d-a81f-4dde-b3b0-60cc96ed86f4:,3284,OCESN4663F1187_F:IC:FR:Line::3418b67d-a81f-4dde-b3b0-60cc96ed86f4::87581009:87751008:10:2036:20260827,4663,0.0,11665,
FR:Line::3418b67d-a81f-4dde-b3b0-60cc96ed86f4:,3287,OCESN4665F1187_F:IC:FR:Line::3418b67d-a81f-4dde-b3b0-60cc96ed86f4::87581009:87751008:10:2238:20260830,4665,0.0,11668,
FR:Line::3418b67d-a81f-4dde-b3b0-60cc96ed86f4:,3288,OCESN4665F1187_F:IC:FR:Line::3418b67d-a81f-4dde-b3b0-60cc96ed86f4::87581009:87751008:10:2239:20260825,4665,0.0,11670,
FR:Line::3418b67d-a81f-4dde-b3b0-60cc96ed86f4:,198,OCESN4665F1187_F:IC:FR:Line::3418b67d-a81f-4dde-b3b0-60cc96ed86f4::87581009:87751008:10:2239:20260403,4665,0.0,11671,
FR:Line::3418b67d-a81f-4dde-b3b0-60cc96ed86f4:,3289,OCESN4665F1187_F:IC:FR:Line::3418b67d-a81f-4dde-b3b0-60cc96ed86f4::87581009:87751008:10:2239:20260831,4665,0.0,11672,
FR:Line::3418b67d-a81f-4dde-b3b0-60cc96ed86f4:,1170,OCESN4665F1187_F:IC:FR:Line::3418b67d-a81f-4dde-b3b0-60cc96ed86f4::87581009:87781005:7:2016:20260328,4665,0.0,11673,
FR:Line::3418b67d-a81f-4dde-b3b0-60cc96ed86f4:,3297,OCESN4669F1187_F:IC:FR:Line::3418b67d-a81f-4dde-b3b0-60cc96ed86f4::87581009:87775007:9:2323:20260830,4669,0.0,11729,
FR:Line::3418b67d-a81f-4dde-b3b0-60cc96ed86f4:,3298,OCESN4669F1187_F:IC:FR:Line::3418b67d-a81f-4dde-b3b0-60cc96ed86f4::87581009:87775007:9:2323:20260831,4669,0.0,11730,
FR:Line::3418b67d-a81f-4dde-b3b0-60cc96ed86f4:,3301,OCESN4752F1187_F:IC:FR:Line::3418b67d-a81f-4dde-b3b0-60cc96ed86f4::87775007:87581009:9:1154:20260501,4752,1.0,11796,
FR:Line::3418b67d-a81f-4dde-b3b0-60cc96ed86f4:,465,OCESN4752F1187_F:IC:FR:Line::3418b67d-a81f-4dde-b3b0-60cc96ed86f4::87775007:87581009:9:1154:20260427,4752,1.0,11797,
FR:Line::3418b67d-a81f-4dde-b3b0-60cc96ed86f4:,3302,OCESN4752F1187_F:IC:FR:Line::3418b67d-a81f-4dde-b3b0-60cc96ed86f4::87775007:87581009:9:1154:20260425,4752,1.0,11798,
FR:Line::3418b67d-a81f-4dde-b3b0-60cc96ed86f4:,3303,OCESN4752F1187_F:IC:FR:Line::3418b67d-a81f-4dde-b3b0-60cc96ed86f4::87775007:87581009:9:1154:20260828,4752,1.0,11799,
FR:Line::3418b67d-a81f-4dde-b3b0-60cc96ed86f4:,3304,OCESN4752F1187_F:IC:FR:Line::3418b67d-a81f-4dde-b3b0-60cc96ed86f4::87775007:87581009:9:1154:20260831,4752,1.0,11800,
FR:Line::3418b67d-a81f-4dde-b3b0-60cc96ed86f4:,3305,OCESN4752F1187_F:IC:FR:Line::3418b67d-a81f-4dde-b3b0-60cc96ed86f4::87775007:87581009:9:1154:20260424,4752,1.0,11801,
FR:Line::3418b67d-a81f-4dde-b3b0-60cc96ed86f4:,3306,OCESN4756F1187_F:IC:FR:Line::3418b67d-a81f-4dde-b3b0-60cc96ed86f4::87751008:87581009:11:1349:20260829,4756,1.0,11802,
FR:Line::3418b67d-a81f-4dde-b3b0-60cc96ed86f4:,3307,OCESN4756F1187_F:IC:FR:Line::3418b67d-a81f-4dde-b3b0-60cc96ed86f4::87751008:87581009:11:1349:20260826,4756,1.0,11803,
FR:Line::3418b67d-a81f-4dde-b3b0-60cc96ed86f4:,364,OCESN4756F1187_F:IC:FR:Line::3418b67d-a81f-4dde-b3b0-60cc96ed86f4::87781005:87581009:7:1349:20260329,4756,1.0,11804,
FR:Line::3418b67d-a81f-4dde-b3b0-60cc96ed86f4:,3309,OCESN4756F1187_F:IC:FR:Line::3418b67d-a81f-4dde-b3b0-60cc96ed86f4::87751008:87581009:11:1349:20260503,4756,1.0,11806,
FR:Line::3418b67d-a81f-4dde-b3b0-60cc96ed86f4:,384,OCESN4756F1187_F:IC:FR:Line::3418b67d-a81f-4dde-b3b0-60cc96ed86f4::87751008:87581009:11:1349:20260429,4756,1.0,11807,
FR:Line::3418b67d-a81f-4dde-b3b0-60cc96ed86f4:,3311,OCESN4756F1187_F:IC:FR:Line::3418b67d-a81f-4dde-b3b0-60cc96ed86f4::87751008:87581009:11:1349:20260425,4756,1.0,11809,
FR:Line::3418b67d-a81f-4dde-b3b0-60cc96ed86f4:,3312,OCESN4756F1187_F:IC:FR:Line::3418b67d-a81f-4dde-b3b0-60cc96ed86f4::87751008:87581009:11:1349:20260426,4756,1.0,11810,
FR:Line::3418b67d-a81f-4dde-b3b0-60cc96ed86f4:,3313,OCESN4756F1187_F:IC:FR:Line::3418b67d-a81f-4dde-b3b0-60cc96ed86f4::87751008:87581009:11:1349:20260422,4756,1.0,11811,
FR:Line::3418b67d-a81f-4dde-b3b0-60cc96ed86f4:,3314,OCESN4756F1187_F:IC:FR:Line::3418b67d-a81f-4dde-b3b0-60cc96ed86f4::87751008:87581009:11:1349:20260710,4756,1.0,11812,
FR:Line::3418b67d-a81f-4dde-b3b0-60cc96ed86f4:,3315,OCESN4756F1187_F:IC:FR:Line::3418b67d-a81f-4dde-b3b0-60cc96ed86f4::87751008:87581009:11:1349:20260708,4756,1.0,11813,
FR:Line::3418b67d-a81f-4dde-b3b0-60cc96ed86f4:,261,OCESN4756F1187_F:IC:FR:Line::3418b67d-a81f-4dde-b3b0-60cc96ed86f4::87751008:87581009:11:1349:20260712,4756,1.0,11814,
FR:Line::3418b67d-a81f-4dde-b3b0-60cc96ed86f4:,1604,OCESN4756F1187_F:IC:FR:Line::3418b67d-a81f-4dde-b3b0-60cc96ed86f4::87751008:87581009:11:1349:20260701,4756,1.0,11815,
FR:Line::3418b67d-a81f-4dde-b3b0-60cc96ed86f4:,3316,OCESN4756F1187_F:IC:FR:Line::3418b67d-a81f-4dde-b3b0-60cc96ed86f4::87751008:87581009:11:1349:20260831,4756,1.0,11816,
FR:Line::3418b67d-a81f-4dde-b3b0-60cc96ed86f4:,480,OCESN4758F1187_F:IC:FR:Line::3418b67d-a81f-4dde-b3b0-60cc96ed86f4::87751008:87581009:10:1547:20260502,4758,1.0,11820,
FR:Line::3418b67d-a81f-4dde-b3b0-60cc96ed86f4:,3317,OCESN4758F1187_F:IC:FR:Line::3418b67d-a81f-4dde-b3b0-60cc96ed86f4::87751008:87581009:10:1547:20260501,4758,1.0,11821,
FR:Line::3418b67d-a81f-4dde-b3b0-60cc96ed86f4:,114,OCESN4758F1187_F:IC:FR:Line::3418b67d-a81f-4dde-b3b0-60cc96ed86f4::87751008:87581009:10:1547:20260503,4758,1.0,11822,
FR:Line::3418b67d-a81f-4dde-b3b0-60cc96ed86f4:,3318,OCESN4758F1187_F:IC:FR:Line::3418b67d-a81f-4dde-b3b0-60cc96ed86f4::87751008:87581009:10:1547:20260428,4758,1.0,11823,
FR:Line::3418b67d-a81f-4dde-b3b0-60cc96ed86f4:,3319,OCESN4758F1187_F:IC:FR:Line::3418b67d-a81f-4dde-b3b0-60cc96ed86f4::87751008:87581009:10:1547:20260830,4758,1.0,11824,
FR:Line::3418b67d-a81f-4dde-b3b0-60cc96ed86f4:,3320,OCESN4758F1187_F:IC:FR:Line::3418b67d-a81f-4dde-b3b0-60cc96ed86f4::87751008:87581009:10:1547:20260816,4758,1.0,11825,
FR:Line::3418b67d-a81f-4dde-b3b0-60cc96ed86f4:,3321,OCESN4758F1187_F:IC:FR:Line::3418b67d-a81f-4dde-b3b0-60cc96ed86f4::87751008:87581009:10:1547:20260801,4758,1.0,11826,
FR:Line::3418b67d-a81f-4dde-b3b0-60cc96ed86f4:,2301,OCESN4758F1187_F:IC:FR:Line::3418b67d-a81f-4dde-b3b0-60cc96ed86f4::87751008:87581009:10:1547:20260426,4758,1.0,11827,
FR:Line::3418b67d-a81f-4dde-b3b0-60cc96ed86f4:,3322,OCESN4758F1187_F:IC:FR:Line::3418b67d-a81f-4dde-b3b0-60cc96ed86f4::87751008:87581009:10:1547:20260418,4758,1.0,11828,
FR:Line::3418b67d-a81f-4dde-b3b0-60cc96ed86f4:,21,OCESN4758F1187_F:IC:FR:Line::3418b67d-a81f-4dde-b3b0-60cc96ed86f4::87781005:87581009:7:1547:20260329,4758,1.0,11829,
FR:Line::3418b67d-a81f-4dde-b3b0-60cc96ed86f4:,102,OCESN4758F1187_F:IC:FR:Line::3418b67d-a81f-4dde-b3b0-60cc96ed86f4::87781005:87581009:7:1547:20260531,4758,1.0,11830,
FR:Line::3418b67d-a81f-4dde-b3b0-60cc96ed86f4:,3323,OCESN4758F1187_F:IC:FR:Line::3418b67d-a81f-4dde-b3b0-60cc96ed86f4::87751008:87581009:10:1547:20260421,4758,1.0,11831,
FR:Line::3418b67d-a81f-4dde-b3b0-60cc96ed86f4:,3324,OCESN4758F1187_F:IC:FR:Line::3418b67d-a81f-4dde-b3b0-60cc96ed86f4::87751008:87581009:10:1547:20260831,4758,1.0,11832,
FR:Line::3418b67d-a81f-4dde-b3b0-60cc96ed86f4:,3325,OCESN4758F1187_F:IC:FR:Line::3418b67d-a81f-4dde-b3b0-60cc96ed86f4::87751008:87581009:10:1547:20260425,4758,1.0,11833,
FR:Line::3418b67d-a81f-4dde-b3b0-60cc96ed86f4:,3326,OCESN4760F1187_F:IC:FR:Line::3418b67d-a81f-4dde-b3b0-60cc96ed86f4::87751008:87581009:11:1749:20260828,4760,1.0,11834,
FR:Line::3418b67d-a81f-4dde-b3b0-60cc96ed86f4:,3327,OCESN4760F1187_F:IC:FR:Line::3418b67d-a81f-4dde-b3b0-60cc96ed86f4::87751008:87581009:11:1749:20260830,4760,1.0,11835,
FR:Line::3418b67d-a81f-4dde-b3b0-60cc96ed86f4:,210,OCESN4760F1187_F:IC:FR:Line::3418b67d-a81f-4dde-b3b0-60cc96ed86f4::87781005:87581009:7:1749:20260530,4760,1.0,11836,
FR:Line::3418b67d-a81f-4dde-b3b0-60cc96ed86f4:,3328,OCESN4760F1187_F:IC:FR:Line::3418b67d-a81f-4dde-b3b0-60cc96ed86f4::87751008:87581009:11:1749:20260502,4760,1.0,11837,
FR:Line::3418b67d-a81f-4dde-b3b0-60cc96ed86f4:,95,OCESN4760F1187_F:IC:FR:Line::3418b67d-a81f-4dde-b3b0-60cc96ed86f4::87751008:87581009:11:1749:20260501,4760,1.0,11838,
FR:Line::3418b67d-a81f-4dde-b3b0-60cc96ed86f4:,114,OCESN4760F1187_F:IC:FR:Line::3418b67d-a81f-4dde-b3b0-60cc96ed86f4::87751008:87581009:11:1749:20260503,4760,1.0,11839,
FR:Line::3418b67d-a81f-4dde-b3b0-60cc96ed86f4:,21,OCESN4760F1187_F:IC:FR:Line::3418b67d-a81f-4dde-b3b0-60cc96ed86f4::87781005:87581009:7:1749:20260329,4760,1.0,11840,
FR:Line::3418b67d-a81f-4dde-b3b0-60cc96ed86f4:,2238,OCESN4760F1187_F:IC:FR:Line::3418b67d-a81f-4dde-b3b0-60cc96ed86f4::87751008:87581009:11:1749:20260426,4760,1.0,11841,
FR:Line::3418b67d-a81f-4dde-b3b0-60cc96ed86f4:,1356,OCESN4760F1187_F:IC:FR:Line::3418b67d-a81f-4dde-b3b0-60cc96ed86f4::87751008:87581009:11:1749:20260424,4760,1.0,11842,
FR:Line::3418b67d-a81f-4dde-b3b0-60cc96ed86f4:,3329,OCESN4760F1187_F:IC:FR:Line::3418b67d-a81f-4dde-b3b0-60cc96ed86f4::87751008:87581009:11:1749:20260425,4760,1.0,11843,
FR:Line::3418b67d-a81f-4dde-b3b0-60cc96ed86f4:,3330,OCESN4760F1187_F:IC:FR:Line::3418b67d-a81f-4dde-b3b0-60cc96ed86f4::87751008:87581009:11:1749:20260829,4760,1.0,11844,
FR:Line::3418b67d-a81f-4dde-b3b0-60cc96ed86f4:,3331,OCESN4760F1187_F:IC:FR:Line::3418b67d-a81f-4dde-b3b0-60cc96ed86f4::87751008:87581009:11:1749:20260423,4760,1.0,11845,
FR:Line::3418b67d-a81f-4dde-b3b0-60cc96ed86f4:,3332,OCESN4760F1187_F:IC:FR:Line::3418b67d-a81f-4dde-b3b0-60cc96ed86f4::87751008:87581009:11:1749:20260831,4760,1.0,11846,
FR:Line::3418b67d-a81f-4dde-b3b0-60cc96ed86f4:,3333,OCESN4762F1187_F:IC:FR:Line::3418b67d-a81f-4dde-b3b0-60cc96ed86f4::87751008:87581009:10:1954:20260626,4762,1.0,11847,
FR:Line::3418b67d-a81f-4dde-b3b0-60cc96ed86f4:,210,OCESN4762F1187_F:IC:FR:Line::3418b67d-a81f-4dde-b3b0-60cc96ed86f4::87781005:87581009:7:1954:20260530,4762,1.0,11848,
FR:Line::3418b67d-a81f-4dde-b3b0-60cc96ed86f4:,3334,OCESN4762F1187_F:IC:FR:Line::3418b67d-a81f-4dde-b3b0-60cc96ed86f4::87751008:87581009:10:1954:20260430,4762,1.0,11849,
FR:Line::3418b67d-a81f-4dde-b3b0-60cc96ed86f4:,384,OCESN4762F1187_F:IC:FR:Line::3418b67d-a81f-4dde-b3b0-60cc96ed86f4::87751008:87581009:10:1954:20260429,4762,1.0,11850,
FR:Line::3418b67d-a81f-4dde-b3b0-60cc96ed86f4:,106,OCESN4762F1187_F:IC:FR:Line::3418b67d-a81f-4dde-b3b0-60cc96ed86f4::87751008:87581009:10:1954:20260406,4762,1.0,11851,
FR:Line::3418b67d-a81f-4dde-b3b0-60cc96ed86f4:,2273,OCESN4762F1187_F:IC:FR:Line::3418b67d-a81f-4dde-b3b0-60cc96ed86f4::87751008:87581009:10:1954:20260426,4762,1.0,11852,
FR:Line::3418b67d-a81f-4dde-b3b0-60cc96ed86f4:,3335,OCESN4762F1187_F:IC:FR:Line::3418b67d-a81f-4dde-b3b0-60cc96ed86f4::87751008:87581009:10:1954:20260830,4762,1.0,11853,
FR:Line::3418b67d-a81f-4dde-b3b0-60cc96ed86f4:,3336,OCESN4762F1187_F:IC:FR:Line::3418b67d-a81f-4dde-b3b0-60cc96ed86f4::87751008:87581009:10:1954:20260828,4762,1.0,11854,
FR:Line::3418b67d-a81f-4dde-b3b0-60cc96ed86f4:,3337,OCESN4762F1187_F:IC:FR:Line::3418b67d-a81f-4dde-b3b0-60cc96ed86f4::87751008:87581009:10:1954:20260829,4762,1.0,11855,
FR:Line::3418b67d-a81f-4dde-b3b0-60cc96ed86f4:,3338,OCESN4762F1187_F:IC:FR:Line::3418b67d-a81f-4dde-b3b0-60cc96ed86f4::87751008:87581009:10:1954:20260826,4762,1.0,11856,
FR:Line::3418b67d-a81f-4dde-b3b0-60cc96ed86f4:,471,OCESN4762F1187_F:IC:FR:Line::3418b67d-a81f-4dde-b3b0-60cc96ed86f4::87751008:87581009:10:1954:20260503,4762,1.0,11857,
FR:Line::3418b67d-a81f-4dde-b3b0-60cc96ed86f4:,95,OCESN4762F1187_F:IC:FR:Line::3418b67d-a81f-4dde-b3b0-60cc96ed86f4::87751008:87581009:10:1954:20260501,4762,1.0,11858,
FR:Line::3418b67d-a81f-4dde-b3b0-60cc96ed86f4:,3339,OCESN4762F1187_F:IC:FR:Line::3418b67d-a81f-4dde-b3b0-60cc96ed86f4::87751008:87581009:10:1954:20260831,4762,1.0,11860,
FR:Line::3418b67d-a81f-4dde-b3b0-60cc96ed86f4:,3340,OCESN4762F1187_F:IC:FR:Line::3418b67d-a81f-4dde-b3b0-60cc96ed86f4::87751008:87581009:10:1954:20260424,4762,1.0,11861,
FR:Line::3418b67d-a81f-4dde-b3b0-60cc96ed86f4:,3341,OCESN4762F1187_F:IC:FR:Line::3418b67d-a81f-4dde-b3b0-60cc96ed86f4::87751008:87581009:10:1954:20260423,4762,1.0,11862,
FR:Line::3418b67d-a81f-4dde-b3b0-60cc96ed86f4:,852,OCESN4764F1187_F:IC:FR:Line::3418b67d-a81f-4dde-b3b0-60cc96ed86f4::87751008:87581009:10:2151:20260430,4764,1.0,11863,
FR:Line::3418b67d-a81f-4dde-b3b0-60cc96ed86f4:,3342,OCESN4764F1187_F:IC:FR:Line::3418b67d-a81f-4dde-b3b0-60cc96ed86f4::87751008:87581009:10:2151:20260503,4764,1.0,11864,
FR:Line::3418b67d-a81f-4dde-b3b0-60cc96ed86f4:,1170,OCESN4764F1187_F:IC:FR:Line::3418b67d-a81f-4dde-b3b0-60cc96ed86f4::87781005:87581009:7:2151:20260328,4764,1.0,11865,
FR:Line::3418b67d-a81f-4dde-b3b0-60cc96ed86f4:,3343,OCESN4764F1187_F:IC:FR:Line::3418b67d-a81f-4dde-b3b0-60cc96ed86f4::87751008:87581009:10:2151:20260827,4764,1.0,11866,
FR:Line::3418b67d-a81f-4dde-b3b0-60cc96ed86f4:,3344,OCESN4764F1187_F:IC:FR:Line::3418b67d-a81f-4dde-b3b0-60cc96ed86f4::87751008:87581009:10:2151:20260425,4764,1.0,11867,
FR:Line::3418b67d-a81f-4dde-b3b0-60cc96ed86f4:,3345,OCESN4764F1187_F:IC:FR:Line::3418b67d-a81f-4dde-b3b0-60cc96ed86f4::87751008:87581009:10:2151:20260831,4764,1.0,11868,
FR:Line::3418b67d-a81f-4dde-b3b0-60cc96ed86f4:,3346,OCESN4764F1187_F:IC:FR:Line::3418b67d-a81f-4dde-b3b0-60cc96ed86f4::87751008:87581009:10:2151:20260423,4764,1.0,11869,
FR:Line::3418b67d-a81f-4dde-b3b0-60cc96ed86f4:,3347,OCESN4766F1187_F:IC:FR:Line::3418b67d-a81f-4dde-b3b0-60cc96ed86f4::87751008:87581009:10:2354:20260829,4766,1.0,11870,
FR:Line::3418b67d-a81f-4dde-b3b0-60cc96ed86f4:,388,OCESN4766F1187_F:IC:FR:Line::3418b67d-a81f-4dde-b3b0-60cc96ed86f4::87751008:87581009:10:2354:20260502,4766,1.0,11872,
FR:Line::3418b67d-a81f-4dde-b3b0-60cc96ed86f4:,1170,OCESN4766F1187_F:IC:FR:Line::3418b67d-a81f-4dde-b3b0-60cc96ed86f4::87781005:87581009:7:2354:20260328,4766,1.0,11873,
FR:Line::3418b67d-a81f-4dde-b3b0-60cc96ed86f4:,3353,OCESN4766F1187_F:IC:FR:Line::3418b67d-a81f-4dde-b3b0-60cc96ed86f4::87751008:87581009:10:2354:20260424,4766,1.0,11880,
FR:Line::F74CC5B5-2F44-4A9F-8336-69F30A4DEC89:,3422,OCESN5202F1187_F:OUI:FR:Line::F74CC5B5-2F44-4A9F-8336-69F30A4DEC89::87286005:87581009:10:1203:20260320,5202,1.0,12102,
FR:Line::F74CC5B5-2F44-4A9F-8336-69F30A4DEC89:,3423,OCESN5202F1187_F:OUI:FR:Line::F74CC5B5-2F44-4A9F-8336-69F30A4DEC89::87286005:87581009:10:1203:20260319,5202,1.0,12103,
FR:Line::F74CC5B5-2F44-4A9F-8336-69F30A4DEC89:,117,OCESN5202F1187_F:OUI:FR:Line::F74CC5B5-2F44-4A9F-8336-69F30A4DEC89::87286005:87581009:11:1205:20260308,5202,1.0,12104,
FR:Line::F74CC5B5-2F44-4A9F-8336-69F30A4DEC89:,1579,OCESN5202F1187_F:OUI:FR:Line::F74CC5B5-2F44-4A9F-8336-69F30A4DEC89::87286005:87581009:11:1202:20260606,5202,1.0,12105,
FR:Line::F74CC5B5-2F44-4A9F-8336-69F30A4DEC89:,1597,OCESN5202F1187_F:OUI:FR:Line::F74CC5B5-2F44-4A9F-8336-69F30A4DEC89::87286005:87581009:10:1202:20260607,5202,1.0,12106,
FR:Line::F74CC5B5-2F44-4A9F-8336-69F30A4DEC89:,3424,OCESN5202F1187_F:OUI:FR:Line::F74CC5B5-2F44-4A9F-8336-69F30A4DEC89::87286005:87581009:11:1202:20260816,5202,1.0,12107,
FR:Line::F74CC5B5-2F44-4A9F-8336-69F30A4DEC89:,3425,OCESN5202F1187_F:OUI:FR:Line::F74CC5B5-2F44-4A9F-8336-69F30A4DEC89::87286005:87581009:11:1202:20260810,5202,1.0,12108,
FR:Line::F74CC5B5-2F44-4A9F-8336-69F30A4DEC89:,3426,OCESN5202F1187_F:OUI:FR:Line::F74CC5B5-2F44-4A9F-8336-69F30A4DEC89::87286005:87581009:11:1202:20260802,5202,1.0,12109,
FR:Line::F74CC5B5-2F44-4A9F-8336-69F30A4DEC89:,543,OCESN5202F1187_F:OUI:FR:Line::F74CC5B5-2F44-4A9F-8336-69F30A4DEC89::87286005:87581009:11:1203:20260522,5202,1.0,12110,
FR:Line::F74CC5B5-2F44-4A9F-8336-69F30A4DEC89:,480,OCESN5202F1187_F:OUI:FR:Line::F74CC5B5-2F44-4A9F-8336-69F30A4DEC89::87286005:87581009:10:1204:20260502,5202,1.0,12111,
FR:Line::F74CC5B5-2F44-4A9F-8336-69F30A4DEC89:,161,OCESN5202F1187_F:OUI:FR:Line::F74CC5B5-2F44-4A9F-8336-69F30A4DEC89::87286005:87581009:10:1202:20260524,5202,1.0,12112,
FR:Line::F74CC5B5-2F44-4A9F-8336-69F30A4DEC89:,76,OCESN5202F1187_F:OUI:FR:Line::F74CC5B5-2F44-4A9F-8336-69F30A4DEC89::87286005:87581009:11:1203:20260307,5202,1.0,12113,
FR:Line::F74CC5B5-2F44-4A9F-8336-69F30A4DEC89:,48,OCESN5202F1187_F:OUI:FR:Line::F74CC5B5-2F44-4A9F-8336-69F30A4DEC89::87286005:87581009:11:1144:20260515,5202,1.0,12114,
FR:Line::F74CC5B5-2F44-4A9F-8336-69F30A4DEC89:,3427,OCESN5202F1187_F:OUI:FR:Line::F74CC5B5-2F44-4A9F-8336-69F30A4DEC89::87286005:87581009:10:1203:20260520,5202,1.0,12115,
FR:Line::F74CC5B5-2F44-4A9F-8336-69F30A4DEC89:,3428,OCESN5202F1187_F:OUI:FR:Line::F74CC5B5-2F44-4A9F-8336-69F30A4DEC89::87286005:87581009:11:1202:20260605,5202,1.0,12116,
FR:Line::F74CC5B5-2F44-4A9F-8336-69F30A4DEC89:,3429,OCESN5202F1187_F:OUI:FR:Line::F74CC5B5-2F44-4A9F-8336-69F30A4DEC89::87286005:87581009:11:1202:20260604,5202,1.0,12117,
FR:Line::F74CC5B5-2F44-4A9F-8336-69F30A4DEC89:,1133,OCESN5202F1187_F:OUI:FR:Line::F74CC5B5-2F44-4A9F-8336-69F30A4DEC89::87286005:87581009:10:1204:20260330,5202,1.0,12118,
FR:Line::F74CC5B5-2F44-4A9F-8336-69F30A4DEC89:,771,OCESN5202F1187_F:OUI:FR:Line::F74CC5B5-2F44-4A9F-8336-69F30A4DEC89::87286005:87581009:10:1204:20260331,5202,1.0,12119,
FR:Line::F74CC5B5-2F44-4A9F-8336-69F30A4DEC89:,838,OCESN5202F1187_F:OUI:FR:Line::F74CC5B5-2F44-4A9F-8336-69F30A4DEC89::87286005:87581009:10:1204:20260521,5202,1.0,12120,
FR:Line::F74CC5B5-2F44-4A9F-8336-69F30A4DEC89:,3430,OCESN5202F1187_F:OUI:FR:Line::F74CC5B5-2F44-4A9F-8336-69F30A4DEC89::87286005:87581009:11:1233:20260516,5202,1.0,12121,
FR:Line::F74CC5B5-2F44-4A9F-8336-69F30A4DEC89:,3431,OCESN5202F1187_F:OUI:FR:Line::F74CC5B5-2F44-4A9F-8336-69F30A4DEC89::87286005:87581009:11:1204:20260529,5202,1.0,12122,
FR:Line::F74CC5B5-2F44-4A9F-8336-69F30A4DEC89:,3432,OCESN5202F1187_F:OUI:FR:Line::F74CC5B5-2F44-4A9F-8336-69F30A4DEC89::87286005:87581009:11:1204:20260528,5202,1.0,12123,
FR:Line::F74CC5B5-2F44-4A9F-8336-69F30A4DEC89:,750,OCESN5202F1187_F:OUI:FR:Line::F74CC5B5-2F44-4A9F-8336-69F30A4DEC89::87286005:87581009:9:1232:20260406,5202,1.0,12124,
FR:Line::F74CC5B5-2F44-4A9F-8336-69F30A4DEC89:,384,OCESN5202F1187_F:OUI:FR:Line::F74CC5B5-2F44-4A9F-8336-69F30A4DEC89::87286005:87581009:11:1208:20260429,5202,1.0,12125,
FR:Line::F74CC5B5-2F44-4A9F-8336-69F30A4DEC89:,373,OCESN5202F1187_F:OUI:FR:Line::F74CC5B5-2F44-4A9F-8336-69F30A4DEC89::87286005:87581009:11:1208:20260430,5202,1.0,12126,
FR:Line::F74CC5B5-2F44-4A9F-8336-69F30A4DEC89:,2710,OCESN5202F1187_F:OUI:FR:Line::F74CC5B5-2F44-4A9F-8336-69F30A4DEC89::87286005:87581009:10:1207:20260416,5202,1.0,12127,
FR:Line::F74CC5B5-2F44-4A9F-8336-69F30A4DEC89:,3433,OCESN5202F1187_F:OUI:FR:Line::F74CC5B5-2F44-4A9F-8336-69F30A4DEC89::87286005:87581009:10:1207:20260413,5202,1.0,12128,
FR:Line::F74CC5B5-2F44-4A9F-8336-69F30A4DEC89:,465,OCESN5202F1187_F:OUI:FR:Line::F74CC5B5-2F44-4A9F-8336-69F30A4DEC89::87286005:87581009:11:1209:20260427,5202,1.0,12129,
FR:Line::F74CC5B5-2F44-4A9F-8336-69F30A4DEC89:,3318,OCESN5202F1187_F:OUI:FR:Line::F74CC5B5-2F44-4A9F-8336-69F30A4DEC89::87286005:87581009:11:1209:20260428,5202,1.0,12130,
FR:Line::F74CC5B5-2F44-4A9F-8336-69F30A4DEC89:,3434,OCESN5202F1187_F:OUI:FR:Line::F74CC5B5-2F44-4A9F-8336-69F30A4DEC89::87286005:87581009:10:1202:20260625,5202,1.0,12131,
FR:Line::F74CC5B5-2F44-4A9F-8336-69F30A4DEC89:,3435,OCESN5202F1187_F:OUI:FR:Line::F74CC5B5-2F44-4A9F-8336-69F30A4DEC89::87286005:87581009:10:1202:20260626,5202,1.0,12132,
FR:Line::F74CC5B5-2F44-4A9F-8336-69F30A4DEC89:,50,OCESN5202F1187_F:OUI:FR:Line::F74CC5B5-2F44-4A9F-8336-69F30A4DEC89::87286005:87581009:11:1204:20260509,5202,1.0,12133,
FR:Line::F74CC5B5-2F44-4A9F-8336-69F30A4DEC89:,3436,OCESN5202F1187_F:OUI:FR:Line::F74CC5B5-2F44-4A9F-8336-69F30A4DEC89::87286005:87581009:11:1207:20260415,5202,1.0,12134,
FR:Line::F74CC5B5-2F44-4A9F-8336-69F30A4DEC89:,109,OCESN5202F1187_F:OUI:FR:Line::F74CC5B5-2F44-4A9F-8336-69F30A4DEC89::87286005:87581009:11:1207:20260417,5202,1.0,12135,
FR:Line::F74CC5B5-2F44-4A9F-8336-69F30A4DEC89:,3437,OCESN5202F1187_F:OUI:FR:Line::F74CC5B5-2F44-4A9F-8336-69F30A4DEC89::87286005:87581009:11:1202:20260831,5202,1.0,12136,
FR:Line::F74CC5B5-2F44-4A9F-8336-69F30A4DEC89:,3438,OCESN5202F1187_F:OUI:FR:Line::F74CC5B5-2F44-4A9F-8336-69F30A4DEC89::87286005:87581009:11:1202:20260824,5202,1.0,12137,
FR:Line::F74CC5B5-2F44-4A9F-8336-69F30A4DEC89:,3439,OCESN5202F1187_F:OUI:FR:Line::F74CC5B5-2F44-4A9F-8336-69F30A4DEC89::87286005:87581009:10:1232:20260404,5202,1.0,12138,
FR:Line::F74CC5B5-2F44-4A9F-8336-69F30A4DEC89:,1164,OCESN5202F1187_F:OUI:FR:Line::F74CC5B5-2F44-4A9F-8336-69F30A4DEC89::87286005:87581009:11:1207:20260426,5202,1.0,12139,
FR:Line::F74CC5B5-2F44-4A9F-8336-69F30A4DEC89:,3440,OCESN5202F1187_F:OUI:FR:Line::F74CC5B5-2F44-4A9F-8336-69F30A4DEC89::87286005:87581009:11:1206:20260326,5202,1.0,12140,
FR:Line::F74CC5B5-2F44-4A9F-8336-69F30A4DEC89:,1522,OCESN5202F1187_F:OUI:FR:Line::F74CC5B5-2F44-4A9F-8336-69F30A4DEC89::87286005:87581009:11:1206:20260327,5202,1.0,12141,
FR:Line::F74CC5B5-2F44-4A9F-8336-69F30A4DEC89:,3441,OCESN5202F1187_F:OUI:FR:Line::F74CC5B5-2F44-4A9F-8336-69F30A4DEC89::87286005:87581009:11:1209:20260506,5202,1.0,12142,
FR:Line::F74CC5B5-2F44-4A9F-8336-69F30A4DEC89:,3442,OCESN5202F1187_F:OUI:FR:Line::F74CC5B5-2F44-4A9F-8336-69F30A4DEC89::87286005:87581009:11:1209:20260508,5202,1.0,12143,
FR:Line::F74CC5B5-2F44-4A9F-8336-69F30A4DEC89:,3443,OCESN5202F1187_F:OUI:FR:Line::F74CC5B5-2F44-4A9F-8336-69F30A4DEC89::87286005:87581009:10:1209:20260513,5202,1.0,12144,
FR:Line::F74CC5B5-2F44-4A9F-8336-69F30A4DEC89:,2434,OCESN5202F1187_F:OUI:FR:Line::F74CC5B5-2F44-4A9F-8336-69F30A4DEC89::87286005:87581009:10:1209:20260512,5202,1.0,12145,
FR:Line::F74CC5B5-2F44-4A9F-8336-69F30A4DEC89:,790,OCESN5202F1187_F:OUI:FR:Line::F74CC5B5-2F44-4A9F-8336-69F30A4DEC89::87286005:87581009:11:1204:20260412,5202,1.0,12146,
FR:Line::F74CC5B5-2F44-4A9F-8336-69F30A4DEC89:,804,OCESN5202F1187_F:OUI:FR:Line::F74CC5B5-2F44-4A9F-8336-69F30A4DEC89::87286005:87581009:11:1204:20260419,5202,1.0,12147,
FR:Line::F74CC5B5-2F44-4A9F-8336-69F30A4DEC89:,3444,OCESN5202F1187_F:OUI:FR:Line::F74CC5B5-2F44-4A9F-8336-69F30A4DEC89::87286005:87581009:10:1209:20260505,5202,1.0,12148,
FR:Line::F74CC5B5-2F44-4A9F-8336-69F30A4DEC89:,3445,OCESN5202F1187_F:OUI:FR:Line::F74CC5B5-2F44-4A9F-8336-69F30A4DEC89::87286005:87581009:10:1209:20260504,5202,1.0,12149,
FR:Line::F74CC5B5-2F44-4A9F-8336-69F30A4DEC89:,277,OCESN5202F1187_F:OUI:FR:Line::F74CC5B5-2F44-4A9F-8336-69F30A4DEC89::87286005:87581009:11:1202:20260706,5202,1.0,12150,
FR:Line::F74CC5B5-2F44-4A9F-8336-69F30A4DEC89:,115,OCESN5202F1187_F:OUI:FR:Line::F74CC5B5-2F44-4A9F-8336-69F30A4DEC89::87286005:87581009:9:1219:20260525,5202,1.0,12151,
FR:Line::F74CC5B5-2F44-4A9F-8336-69F30A4DEC89:,506,OCESN5202F1187_F:OUI:FR:Line::F74CC5B5-2F44-4A9F-8336-69F30A4DEC89::87286005:87581009:11:1202:20260828,5202,1.0,12152,
FR:Line::F74CC5B5-2F44-4A9F-8336-69F30A4DEC89:,3466,OCESN5240F1187_F:OUI:FR:Line::F74CC5B5-2F44-4A9F-8336-69F30A4DEC89::87286005:87581009:8:2202:20260830,5240,1.0,12203,
FR:Line::F74CC5B5-2F44-4A9F-8336-69F30A4DEC89:,3467,OCESN5240F1187_F:OUI:FR:Line::F74CC5B5-2F44-4A9F-8336-69F30A4DEC89::87286005:87581009:8:2202:20260807,5240,1.0,12204,
FR:Line::F74CC5B5-2F44-4A9F-8336-69F30A4DEC89:,3468,OCESN5240F1187_F:OUI:FR:Line::F74CC5B5-2F44-4A9F-8336-69F30A4DEC89::87286005:87581009:8:2202:20260827,5240,1.0,12205,
FR:Line::F74CC5B5-2F44-4A9F-8336-69F30A4DEC89:,3469,OCESN5240F1187_F:OUI:FR:Line::F74CC5B5-2F44-4A9F-8336-69F30A4DEC89::87286005:87581009:8:2202:20260829,5240,1.0,12206,
FR:Line::F74CC5B5-2F44-4A9F-8336-69F30A4DEC89:,179,OCESN5240F1187_F:OUI:FR:Line::F74CC5B5-2F44-4A9F-8336-69F30A4DEC89::87286005:87581009:8:2202:20260712,5240,1.0,12207,
FR:Line::F74CC5B5-2F44-4A9F-8336-69F30A4DEC89:,3470,OCESN5240F1187_F:OUI:FR:Line::F74CC5B5-2F44-4A9F-8336-69F30A4DEC89::87286005:87581009:8:2203:20260419,5240,1.0,12208,
FR:Line::F74CC5B5-2F44-4A9F-8336-69F30A4DEC89:,3471,OCESN5240F1187_F:OUI:FR:Line::F74CC5B5-2F44-4A9F-8336-69F30A4DEC89::87286005:87581009:8:2203:20260604,5240,1.0,12209,
FR:Line::F74CC5B5-2F44-4A9F-8336-69F30A4DEC89:,3472,OCESN5240F1187_F:OUI:FR:Line::F74CC5B5-2F44-4A9F-8336-69F30A4DEC89::87286005:87581009:8:2203:20260417,5240,1.0,12210,
FR:Line::F74CC5B5-2F44-4A9F-8336-69F30A4DEC89:,480,OCESN5240F1187_F:OUI:FR:Line::F74CC5B5-2F44-4A9F-8336-69F30A4DEC89::87286005:87581009:7:2234:20260502,5240,1.0,12211,
FR:Line::F74CC5B5-2F44-4A9F-8336-69F30A4DEC89:,50,OCESN5240F1187_F:OUI:FR:Line::F74CC5B5-2F44-4A9F-8336-69F30A4DEC89::87286005:87581009:8:2124:20260509,5240,1.0,12212,
FR:Line::F74CC5B5-2F44-4A9F-8336-69F30A4DEC89:,424,OCESN5240F1187_F:OUI:FR:Line::F74CC5B5-2F44-4A9F-8336-69F30A4DEC89::87286005:87581009:8:2230:20260515,5240,1.0,12213,
FR:Line::F74CC5B5-2F44-4A9F-8336-69F30A4DEC89:,204,OCESN5240F1187_F:OUI:FR:Line::F74CC5B5-2F44-4A9F-8336-69F30A4DEC89::87286005:87581009:8:2146:20260516,5240,1.0,12214,
FR:Line::F74CC5B5-2F44-4A9F-8336-69F30A4DEC89:,161,OCESN5240F1187_F:OUI:FR:Line::F74CC5B5-2F44-4A9F-8336-69F30A4DEC89::87286005:87581009:8:2102:20260524,5240,1.0,12215,
FR:Line::F74CC5B5-2F44-4A9F-8336-69F30A4DEC89:,3473,OCESN5240F1187_F:OUI:FR:Line::F74CC5B5-2F44-4A9F-8336-69F30A4DEC89::87286005:87581009:8:2205:20260513,5240,1.0,12216,
FR:Line::F74CC5B5-2F44-4A9F-8336-69F30A4DEC89:,3474,OCESN5240F1187_F:OUI:FR:Line::F74CC5B5-2F44-4A9F-8336-69F30A4DEC89::87286005:87581009:8:2205:20260517,5240,1.0,12217,
FR:Line::F74CC5B5-2F44-4A9F-8336-69F30A4DEC89:,3475,OCESN5240F1187_F:OUI:FR:Line::F74CC5B5-2F44-4A9F-8336-69F30A4DEC89::87286005:87581009:8:2205:20260426,5240,1.0,12218,
FR:Line::F74CC5B5-2F44-4A9F-8336-69F30A4DEC89:,3476,OCESN5240F1187_F:OUI:FR:Line::F74CC5B5-2F44-4A9F-8336-69F30A4DEC89::87286005:87581009:8:2203:20260605,5240,1.0,12219,
FR:Line::F74CC5B5-2F44-4A9F-8336-69F30A4DEC89:,128,OCESN5240F1187_F:OUI:FR:Line::F74CC5B5-2F44-4A9F-8336-69F30A4DEC89::87286005:87581009:8:2202:20260831,5240,1.0,12220,
FR:Line::F74CC5B5-2F44-4A9F-8336-69F30A4DEC89:,1054,OCESN5260F1187_F:OUI:FR:Line::F74CC5B5-2F44-4A9F-8336-69F30A4DEC89::87581009:87286005:8:1046:20260605,5260,0.0,12221,
FR:Line::F74CC5B5-2F44-4A9F-8336-69F30A4DEC89:,102,OCESN5260F1187_F:OUI:FR:Line::F74CC5B5-2F44-4A9F-8336-69F30A4DEC89::87581009:87286005:8:1046:20260531,5260,0.0,12222,
FR:Line::F74CC5B5-2F44-4A9F-8336-69F30A4DEC89:,3477,OCESN5260F1187_F:OUI:FR:Line::F74CC5B5-2F44-4A9F-8336-69F30A4DEC89::87581009:87286005:8:1040:20260831,5260,0.0,12223,
FR:Line::F74CC5B5-2F44-4A9F-8336-69F30A4DEC89:,361,OCESN5260F1187_F:OUI:FR:Line::F74CC5B5-2F44-4A9F-8336-69F30A4DEC89::87581009:87286005:8:1045:20260702,5260,0.0,12224,
FR:Line::F74CC5B5-2F44-4A9F-8336-69F30A4DEC89:,1847,OCESN5260F1187_F:OUI:FR:Line::F74CC5B5-2F44-4A9F-8336-69F30A4DEC89::87581009:87286005:8:1040:20260830,5260,0.0,12225,
FR:Line::F74CC5B5-2F44-4A9F-8336-69F30A4DEC89:,3,OCESN5260F1187_F:OUI:FR:Line::F74CC5B5-2F44-4A9F-8336-69F30A4DEC89::87581009:87286005:8:1040:20260713,5260,0.0,12226,
FR:Line::F74CC5B5-2F44-4A9F-8336-69F30A4DEC89:,3478,OCESN5260F1187_F:OUI:FR:Line::F74CC5B5-2F44-4A9F-8336-69F30A4DEC89::87581009:87286005:8:1046:20260327,5260,0.0,12227,
FR:Line::F74CC5B5-2F44-4A9F-8336-69F30A4DEC89:,134,OCESN5260F1187_F:OUI:FR:Line::F74CC5B5-2F44-4A9F-8336-69F30A4DEC89::87581009:87286005:8:1046:20260426,5260,0.0,12228,
FR:Line::F74CC5B5-2F44-4A9F-8336-69F30A4DEC89:,204,OCESN5260F1187_F:OUI:FR:Line::F74CC5B5-2F44-4A9F-8336-69F30A4DEC89::87581009:87286005:8:1052:20260516,5260,0.0,12229,
FR:Line::F74CC5B5-2F44-4A9F-8336-69F30A4DEC89:,16,OCESN5260F1187_F:OUI:FR:Line::F74CC5B5-2F44-4A9F-8336-69F30A4DEC89::87581009:87286005:8:1044:20260508,5260,0.0,12230,
FR:Line::F74CC5B5-2F44-4A9F-8336-69F30A4DEC89:,76,OCESN5260F1187_F:OUI:FR:Line::F74CC5B5-2F44-4A9F-8336-69F30A4DEC89::87581009:87286005:8:1052:20260307,5260,0.0,12231,
FR:Line::F74CC5B5-2F44-4A9F-8336-69F30A4DEC89:,615,OCESN5260F1187_F:OUI:FR:Line::F74CC5B5-2F44-4A9F-8336-69F30A4DEC89::87581009:87286005:8:1052:20260530,5260,0.0,12232,
FR:Line::F74CC5B5-2F44-4A9F-8336-69F30A4DEC89:,424,OCESN5260F1187_F:OUI:FR:Line::F74CC5B5-2F44-4A9F-8336-69F30A4DEC89::87581009:87286005:8:1044:20260515,5260,0.0,12233,
FR:Line::F74CC5B5-2F44-4A9F-8336-69F30A4DEC89:,95,OCESN5260F1187_F:OUI:FR:Line::F74CC5B5-2F44-4A9F-8336-69F30A4DEC89::87581009:87286005:8:1044:20260501,5260,0.0,12234,
FR:Line::F74CC5B5-2F44-4A9F-8336-69F30A4DEC89:,117,OCESN5260F1187_F:OUI:FR:Line::F74CC5B5-2F44-4A9F-8336-69F30A4DEC89::87581009:87286005:8:1046:20260308,5260,0.0,12235,
FR:Line::F74CC5B5-2F44-4A9F-8336-69F30A4DEC89:,3479,OCESN5260F1187_F:OUI:FR:Line::F74CC5B5-2F44-4A9F-8336-69F30A4DEC89::87581009:87286005:8:1046:20260430,5260,0.0,12236,
FR:Line::F74CC5B5-2F44-4A9F-8336-69F30A4DEC89:,3480,OCESN5260F1187_F:OUI:FR:Line::F74CC5B5-2F44-4A9F-8336-69F30A4DEC89::87581009:87286005:8:1046:20260420,5260,0.0,12237,
FR:Line::F74CC5B5-2F44-4A9F-8336-69F30A4DEC89:,613,OCESN5260F1187_F:OUI:FR:Line::F74CC5B5-2F44-4A9F-8336-69F30A4DEC89::87581009:87286005:8:1041:20260627,5260,0.0,12238,
FR:Line::F74CC5B5-2F44-4A9F-8336-69F30A4DEC89:,394,OCESN5260F1187_F:OUI:FR:Line::F74CC5B5-2F44-4A9F-8336-69F30A4DEC89::87581009:87286005:8:1046:20260419,5260,0.0,12239,
FR:Line::F74CC5B5-2F44-4A9F-8336-69F30A4DEC89:,751,OCESN5260F1187_F:OUI:FR:Line::F74CC5B5-2F44-4A9F-8336-69F30A4DEC89::87581009:87286005:8:1046:20260412,5260,0.0,12240,
FR:Line::F74CC5B5-2F44-4A9F-8336-69F30A4DEC89:,2923,OCESN5260F1187_F:OUI:FR:Line::F74CC5B5-2F44-4A9F-8336-69F30A4DEC89::87581009:87286005:8:1040:20260719,5260,0.0,12241,
FR:Line::F74CC5B5-2F44-4A9F-8336-69F30A4DEC89:,57,OCESN5260F1187_F:OUI:FR:Line::F74CC5B5-2F44-4A9F-8336-69F30A4DEC89::87581009:87286005:8:1040:20260705,5260,0.0,12242,
FR:Line::F74CC5B5-2F44-4A9F-8336-69F30A4DEC89:,371,OCESN5260F1187_F:OUI:FR:Line::F74CC5B5-2F44-4A9F-8336-69F30A4DEC89::87581009:87286005:8:1046:20260417,5260,0.0,12243,
FR:Line::F74CC5B5-2F44-4A9F-8336-69F30A4DEC89:,161,OCESN5260F1187_F:OUI:FR:Line::F74CC5B5-2F44-4A9F-8336-69F30A4DEC89::87581009:87286005:8:1046:20260524,5260,0.0,12244,
FR:Line::F74CC5B5-2F44-4A9F-8336-69F30A4DEC89:,3481,OCESN5260F1187_F:OUI:FR:Line::F74CC5B5-2F44-4A9F-8336-69F30A4DEC89::87581009:87286005:8:1052:20260509,5260,0.0,12245,
FR:Line::F74CC5B5-2F44-4A9F-8336-69F30A4DEC89:,141,OCESN5260F1187_F:OUI:FR:Line::F74CC5B5-2F44-4A9F-8336-69F30A4DEC89::87581009:87286005:8:1052:20260425,5260,0.0,12246,
FR:Line::F74CC5B5-2F44-4A9F-8336-69F30A4DEC89:,3482,OCESN5260F1187_F:OUI:FR:Line::F74CC5B5-2F44-4A9F-8336-69F30A4DEC89::87581009:87286005:8:1046:20260325,5260,0.0,12247,
FR:Line::F74CC5B5-2F44-4A9F-8336-69F30A4DEC89:,14,OCESN5260F1187_F:OUI:FR:Line::F74CC5B5-2F44-4A9F-8336-69F30A4DEC89::87581009:87286005:8:1046:20260513,5260,0.0,12248,
FR:Line::F74CC5B5-2F44-4A9F-8336-69F30A4DEC89:,436,OCESN5260F1187_F:OUI:FR:Line::F74CC5B5-2F44-4A9F-8336-69F30A4DEC89::87581009:87286005:8:1045:20260628,5260,0.0,12249,
FR:Line::F74CC5B5-2F44-4A9F-8336-69F30A4DEC89:,233,OCESN5260F1187_F:OUI:FR:Line::F74CC5B5-2F44-4A9F-8336-69F30A4DEC89::87581009:87286005:8:1052:20260411,5260,0.0,12250,
FR:Line::F74CC5B5-2F44-4A9F-8336-69F30A4DEC89:,739,OCESN5260F1187_F:OUI:FR:Line::F74CC5B5-2F44-4A9F-8336-69F30A4DEC89::87581009:87286005:8:1052:20260418,5260,0.0,12251,
FR:Line::F74CC5B5-2F44-4A9F-8336-69F30A4DEC89:,3483,OCESN5260F1187_F:OUI:FR:Line::F74CC5B5-2F44-4A9F-8336-69F30A4DEC89::87581009:87286005:8:1040:20260822,5260,0.0,12252,
FR:Line::F74CC5B5-2F44-4A9F-8336-69F30A4DEC89:,350,OCESN5260F1187_F:OUI:FR:Line::F74CC5B5-2F44-4A9F-8336-69F30A4DEC89::87581009:87286005:8:1040:20260829,5260,0.0,12253,
FR:Line::F74CC5B5-2F44-4A9F-8336-69F30A4DEC89:,277,OCESN5260F1187_F:OUI:FR:Line::F74CC5B5-2F44-4A9F-8336-69F30A4DEC89::87581009:87286005:8:1040:20260706,5260,0.0,12254,
FR:Line::F74CC5B5-2F44-4A9F-8336-69F30A4DEC89:,325,OCESN5260F1187_F:OUI:FR:Line::F74CC5B5-2F44-4A9F-8336-69F30A4DEC89::87581009:87286005:8:1045:20260703,5260,0.0,12255,
FR:Line::F74CC5B5-2F44-4A9F-8336-69F30A4DEC89:,115,OCESN5260F1187_F:OUI:FR:Line::F74CC5B5-2F44-4A9F-8336-69F30A4DEC89::87581009:87286005:7:1046:20260525,5260,0.0,12256,
FR:Line::F74CC5B5-2F44-4A9F-8336-69F30A4DEC89:,76,OCESN5284F1187_F:OUI:FR:Line::F74CC5B5-2F44-4A9F-8336-69F30A4DEC89::87581009:87223263:9:1805:20260307,5284,0.0,12295,
FR:Line::F74CC5B5-2F44-4A9F-8336-69F30A4DEC89:,3501,OCESN5284F1187_F:OUI:FR:Line::F74CC5B5-2F44-4A9F-8336-69F30A4DEC89::87581009:87223263:9:1801:20260605,5284,0.0,12296,
FR:Line::F74CC5B5-2F44-4A9F-8336-69F30A4DEC89:,3502,OCESN5284F1187_F:OUI:FR:Line::F74CC5B5-2F44-4A9F-8336-69F30A4DEC89::87581009:87223263:9:1802:20260531,5284,0.0,12297,
FR:Line::F74CC5B5-2F44-4A9F-8336-69F30A4DEC89:,2687,OCESN5284F1187_F:OUI:FR:Line::F74CC5B5-2F44-4A9F-8336-69F30A4DEC89::87581009:87223263:8:1759:20260423,5284,0.0,12298,
FR:Line::F74CC5B5-2F44-4A9F-8336-69F30A4DEC89:,1152,OCESN5284F1187_F:OUI:FR:Line::F74CC5B5-2F44-4A9F-8336-69F30A4DEC89::87581009:87223263:8:1800:20260504,5284,0.0,12299,
FR:Line::F74CC5B5-2F44-4A9F-8336-69F30A4DEC89:,3480,OCESN5284F1187_F:OUI:FR:Line::F74CC5B5-2F44-4A9F-8336-69F30A4DEC89::87581009:87223263:8:1800:20260420,5284,0.0,12300,
FR:Line::F74CC5B5-2F44-4A9F-8336-69F30A4DEC89:,117,OCESN5284F1187_F:OUI:FR:Line::F74CC5B5-2F44-4A9F-8336-69F30A4DEC89::87581009:87223263:9:1805:20260308,5284,0.0,12301,
FR:Line::F74CC5B5-2F44-4A9F-8336-69F30A4DEC89:,750,OCESN5284F1187_F:OUI:FR:Line::F74CC5B5-2F44-4A9F-8336-69F30A4DEC89::87581009:87223263:8:2100:20260406,5284,0.0,12302,
FR:Line::F74CC5B5-2F44-4A9F-8336-69F30A4DEC89:,48,OCESN5284F1187_F:OUI:FR:Line::F74CC5B5-2F44-4A9F-8336-69F30A4DEC89::87581009:87223263:9:1801:20260515,5284,0.0,12303,
FR:Line::F74CC5B5-2F44-4A9F-8336-69F30A4DEC89:,935,OCESN5284F1187_F:OUI:FR:Line::F74CC5B5-2F44-4A9F-8336-69F30A4DEC89::87581009:87223263:9:1759:20260506,5284,0.0,12304,
FR:Line::F74CC5B5-2F44-4A9F-8336-69F30A4DEC89:,2306,OCESN5284F1187_F:OUI:FR:Line::F74CC5B5-2F44-4A9F-8336-69F30A4DEC89::87581009:87223263:8:1759:20260421,5284,0.0,12305,
FR:Line::F74CC5B5-2F44-4A9F-8336-69F30A4DEC89:,3503,OCESN5284F1187_F:OUI:FR:Line::F74CC5B5-2F44-4A9F-8336-69F30A4DEC89::87581009:87223263:8:1759:20260414,5284,0.0,12306,
FR:Line::F74CC5B5-2F44-4A9F-8336-69F30A4DEC89:,263,OCESN5284F1187_F:OUI:FR:Line::F74CC5B5-2F44-4A9F-8336-69F30A4DEC89::87581009:87223263:9:1801:20260511,5284,0.0,12307,
FR:Line::F74CC5B5-2F44-4A9F-8336-69F30A4DEC89:,368,OCESN5284F1187_F:OUI:FR:Line::F74CC5B5-2F44-4A9F-8336-69F30A4DEC89::87581009:87223263:8:1800:20260424,5284,0.0,12308,
FR:Line::F74CC5B5-2F44-4A9F-8336-69F30A4DEC89:,976,OCESN5284F1187_F:OUI:FR:Line::F74CC5B5-2F44-4A9F-8336-69F30A4DEC89::87581009:87223263:8:1801:20260313,5284,0.0,12309,
FR:Line::F74CC5B5-2F44-4A9F-8336-69F30A4DEC89:,388,OCESN5284F1187_F:OUI:FR:Line::F74CC5B5-2F44-4A9F-8336-69F30A4DEC89::87581009:87223263:9:1801:20260502,5284,0.0,12310,
FR:Line::F74CC5B5-2F44-4A9F-8336-69F30A4DEC89:,3430,OCESN5284F1187_F:OUI:FR:Line::F74CC5B5-2F44-4A9F-8336-69F30A4DEC89::87581009:87223263:9:1908:20260516,5284,0.0,12311,
FR:Line::F74CC5B5-2F44-4A9F-8336-69F30A4DEC89:,3504,OCESN5284F1187_F:OUI:FR:Line::F74CC5B5-2F44-4A9F-8336-69F30A4DEC89::87581009:87223263:8:1759:20260409,5284,0.0,12312,
FR:Line::F74CC5B5-2F44-4A9F-8336-69F30A4DEC89:,215,OCESN5284F1187_F:OUI:FR:Line::F74CC5B5-2F44-4A9F-8336-69F30A4DEC89::87581009:87223263:8:1759:20260407,5284,0.0,12313,
FR:Line::F74CC5B5-2F44-4A9F-8336-69F30A4DEC89:,97,OCESN5284F1187_F:OUI:FR:Line::F74CC5B5-2F44-4A9F-8336-69F30A4DEC89::87581009:87223263:8:1908:20260404,5284,0.0,12314,
FR:Line::F74CC5B5-2F44-4A9F-8336-69F30A4DEC89:,3448,OCESN5284F1187_F:OUI:FR:Line::F74CC5B5-2F44-4A9F-8336-69F30A4DEC89::87581009:87223263:9:1802:20260419,5284,0.0,12315,
FR:Line::F74CC5B5-2F44-4A9F-8336-69F30A4DEC89:,977,OCESN5284F1187_F:OUI:FR:Line::F74CC5B5-2F44-4A9F-8336-69F30A4DEC89::87581009:87223263:8:1908:20260328,5284,0.0,12316,
FR:Line::F74CC5B5-2F44-4A9F-8336-69F30A4DEC89:,465,OCESN5284F1187_F:OUI:FR:Line::F74CC5B5-2F44-4A9F-8336-69F30A4DEC89::87581009:87223263:9:1801:20260427,5284,0.0,12317,
FR:Line::F74CC5B5-2F44-4A9F-8336-69F30A4DEC89:,1133,OCESN5284F1187_F:OUI:FR:Line::F74CC5B5-2F44-4A9F-8336-69F30A4DEC89::87581009:87223263:8:1800:20260330,5284,0.0,12318,
FR:Line::F74CC5B5-2F44-4A9F-8336-69F30A4DEC89:,198,OCESN5284F1187_F:OUI:FR:Line::F74CC5B5-2F44-4A9F-8336-69F30A4DEC89::87581009:87223263:8:1800:20260403,5284,0.0,12319,
FR:Line::F74CC5B5-2F44-4A9F-8336-69F30A4DEC89:,3505,OCESN5284F1187_F:OUI:FR:Line::F74CC5B5-2F44-4A9F-8336-69F30A4DEC89::87581009:87223263:9:1759:20260703,5284,0.0,12320,
FR:Line::F74CC5B5-2F44-4A9F-8336-69F30A4DEC89:,3506,OCESN5284F1187_F:OUI:FR:Line::F74CC5B5-2F44-4A9F-8336-69F30A4DEC89::87581009:87223263:9:1759:20260702,5284,0.0,12321,
FR:Line::F74CC5B5-2F44-4A9F-8336-69F30A4DEC89:,3507,OCESN5284F1187_F:OUI:FR:Line::F74CC5B5-2F44-4A9F-8336-69F30A4DEC89::87581009:87223263:9:1759:20260629,5284,0.0,12322,
FR:Line::F74CC5B5-2F44-4A9F-8336-69F30A4DEC89:,1604,OCESN5284F1187_F:OUI:FR:Line::F74CC5B5-2F44-4A9F-8336-69F30A4DEC89::87581009:87223263:9:1759:20260701,5284,0.0,12323,
FR:Line::F74CC5B5-2F44-4A9F-8336-69F30A4DEC89:,3508,OCESN5284F1187_F:OUI:FR:Line::F74CC5B5-2F44-4A9F-8336-69F30A4DEC89::87581009:87223263:8:1800:20260417,5284,0.0,12324,
FR:Line::F74CC5B5-2F44-4A9F-8336-69F30A4DEC89:,3509,OCESN5284F1187_F:OUI:FR:Line::F74CC5B5-2F44-4A9F-8336-69F30A4DEC89::87581009:87223263:8:1759:20260416,5284,0.0,12325,
FR:Line::F74CC5B5-2F44-4A9F-8336-69F30A4DEC89:,364,OCESN5284F1187_F:OUI:FR:Line::F74CC5B5-2F44-4A9F-8336-69F30A4DEC89::87581009:87223263:8:2100:20260329,5284,0.0,12326,
FR:Line::F74CC5B5-2F44-4A9F-8336-69F30A4DEC89:,3510,OCESN5284F1187_F:OUI:FR:Line::F74CC5B5-2F44-4A9F-8336-69F30A4DEC89::87581009:87223263:9:1759:20260512,5284,0.0,12327,
FR:Line::F74CC5B5-2F44-4A9F-8336-69F30A4DEC89:,544,OCESN5284F1187_F:OUI:FR:Line::F74CC5B5-2F44-4A9F-8336-69F30A4DEC89::87581009:87223263:9:1759:20260513,5284,0.0,12328,
FR:Line::F74CC5B5-2F44-4A9F-8336-69F30A4DEC89:,3511,OCESN5284F1187_F:OUI:FR:Line::F74CC5B5-2F44-4A9F-8336-69F30A4DEC89::87581009:87223263:9:1759:20260604,5284,0.0,12329,
FR:Line::F74CC5B5-2F44-4A9F-8336-69F30A4DEC89:,3512,OCESN5284F1187_F:OUI:FR:Line::F74CC5B5-2F44-4A9F-8336-69F30A4DEC89::87581009:87223263:8:1801:20260320,5284,0.0,12330,
FR:Line::F74CC5B5-2F44-4A9F-8336-69F30A4DEC89:,974,OCESN5284F1187_F:OUI:FR:Line::F74CC5B5-2F44-4A9F-8336-69F30A4DEC89::87581009:87223263:8:1759:20260312,5284,0.0,12331,
FR:Line::F74CC5B5-2F44-4A9F-8336-69F30A4DEC89:,3513,OCESN5284F1187_F:OUI:FR:Line::F74CC5B5-2F44-4A9F-8336-69F30A4DEC89::87581009:87223263:8:1759:20260319,5284,0.0,12332,
FR:Line::F74CC5B5-2F44-4A9F-8336-69F30A4DEC89:,3514,OCESN5284F1187_F:OUI:FR:Line::F74CC5B5-2F44-4A9F-8336-69F30A4DEC89::87581009:87223263:9:1801:20260517,5284,0.0,12333,
FR:Line::F74CC5B5-2F44-4A9F-8336-69F30A4DEC89:,1164,OCESN5284F1187_F:OUI:FR:Line::F74CC5B5-2F44-4A9F-8336-69F30A4DEC89::87581009:87223263:9:1801:20260426,5284,0.0,12334,
FR:Line::F74CC5B5-2F44-4A9F-8336-69F30A4DEC89:,3440,OCESN5284F1187_F:OUI:FR:Line::F74CC5B5-2F44-4A9F-8336-69F30A4DEC89::87581009:87223263:8:1759:20260326,5284,0.0,12335,
FR:Line::F74CC5B5-2F44-4A9F-8336-69F30A4DEC89:,3515,OCESN5284F1187_F:OUI:FR:Line::F74CC5B5-2F44-4A9F-8336-69F30A4DEC89::87581009:87223263:9:1758:20260830,5284,0.0,12336,
FR:Line::F74CC5B5-2F44-4A9F-8336-69F30A4DEC89:,3516,OCESN5284F1187_F:OUI:FR:Line::F74CC5B5-2F44-4A9F-8336-69F30A4DEC89::87581009:87223263:9:1758:20260831,5284,0.0,12337,
FR:Line::F74CC5B5-2F44-4A9F-8336-69F30A4DEC89:,3517,OCESN5284F1187_F:OUI:FR:Line::F74CC5B5-2F44-4A9F-8336-69F30A4DEC89::87581009:87223263:9:1758:20260817,5284,0.0,12338,
FR:Line::F74CC5B5-2F44-4A9F-8336-69F30A4DEC89:,3518,OCESN5284F1187_F:OUI:FR:Line::F74CC5B5-2F44-4A9F-8336-69F30A4DEC89::87581009:87223263:9:1758:20260824,5284,0.0,12339,
FR:Line::F74CC5B5-2F44-4A9F-8336-69F30A4DEC89:,1522,OCESN5284F1187_F:OUI:FR:Line::F74CC5B5-2F44-4A9F-8336-69F30A4DEC89::87581009:87223263:8:1800:20260327,5284,0.0,12340,
FR:Line::F74CC5B5-2F44-4A9F-8336-69F30A4DEC89:,2011,OCESN5284F1187_F:OUI:FR:Line::F74CC5B5-2F44-4A9F-8336-69F30A4DEC89::87581009:87223263:8:1800:20260410,5284,0.0,12341,
FR:Line::F74CC5B5-2F44-4A9F-8336-69F30A4DEC89:,274,OCESN5284F1187_F:OUI:FR:Line::F74CC5B5-2F44-4A9F-8336-69F30A4DEC89::87581009:87223263:9:1759:20260526,5284,0.0,12342,
FR:Line::F74CC5B5-2F44-4A9F-8336-69F30A4DEC89:,3432,OCESN5284F1187_F:OUI:FR:Line::F74CC5B5-2F44-4A9F-8336-69F30A4DEC89::87581009:87223263:9:1759:20260528,5284,0.0,12343,
FR:Line::6D267C2D-7D54-4578-9380-B2C7C75C7010:,3619,OCESN5440F1187_F:OUI:FR:Line::6D267C2D-7D54-4578-9380-B2C7C75C7010::87581009:87212027:10:1430:20260320,5440,0.0,12651,
FR:Line::6D267C2D-7D54-4578-9380-B2C7C75C7010:,48,OCESN5440F1187_F:OUI:FR:Line::6D267C2D-7D54-4578-9380-B2C7C75C7010::87581009:87212027:10:1430:20260515,5440,0.0,12652,
FR:Line::6D267C2D-7D54-4578-9380-B2C7C75C7010:,116,OCESN5440F1187_F:OUI:FR:Line::6D267C2D-7D54-4578-9380-B2C7C75C7010::87581009:87212027:10:1429:20260517,5440,0.0,12653,
FR:Line::6D267C2D-7D54-4578-9380-B2C7C75C7010:,141,OCESN5440F1187_F:OUI:FR:Line::6D267C2D-7D54-4578-9380-B2C7C75C7010::87581009:87212027:10:1429:20260425,5440,0.0,12654,
FR:Line::6D267C2D-7D54-4578-9380-B2C7C75C7010:,9,OCESN5440F1187_F:OUI:FR:Line::6D267C2D-7D54-4578-9380-B2C7C75C7010::87581009:87212027:9:1430:20260520,5440,0.0,12655,
FR:Line::6D267C2D-7D54-4578-9380-B2C7C75C7010:,2250,OCESN5440F1187_F:OUI:FR:Line::6D267C2D-7D54-4578-9380-B2C7C75C7010::87581009:87212027:10:1430:20260506,5440,0.0,12656,
FR:Line::6D267C2D-7D54-4578-9380-B2C7C75C7010:,3620,OCESN5440F1187_F:OUI:FR:Line::6D267C2D-7D54-4578-9380-B2C7C75C7010::87581009:87212027:9:1429:20260521,5440,0.0,12657,
FR:Line::6D267C2D-7D54-4578-9380-B2C7C75C7010:,1525,OCESN5440F1187_F:OUI:FR:Line::6D267C2D-7D54-4578-9380-B2C7C75C7010::87581009:87212027:10:1429:20260612,5440,0.0,12658,
FR:Line::6D267C2D-7D54-4578-9380-B2C7C75C7010:,3621,OCESN5440F1187_F:OUI:FR:Line::6D267C2D-7D54-4578-9380-B2C7C75C7010::87581009:87212027:10:1430:20260416,5440,0.0,12659,
FR:Line::6D267C2D-7D54-4578-9380-B2C7C75C7010:,2011,OCESN5440F1187_F:OUI:FR:Line::6D267C2D-7D54-4578-9380-B2C7C75C7010::87581009:87212027:10:1430:20260410,5440,0.0,12660,
FR:Line::6D267C2D-7D54-4578-9380-B2C7C75C7010:,1129,OCESN5440F1187_F:OUI:FR:Line::6D267C2D-7D54-4578-9380-B2C7C75C7010::87581009:87212027:10:1430:20260413,5440,0.0,12661,
FR:Line::6D267C2D-7D54-4578-9380-B2C7C75C7010:,3622,OCESN5440F1187_F:OUI:FR:Line::6D267C2D-7D54-4578-9380-B2C7C75C7010::87581009:87212027:10:1430:20260505,5440,0.0,12662,
FR:Line::6D267C2D-7D54-4578-9380-B2C7C75C7010:,2306,OCESN5440F1187_F:OUI:FR:Line::6D267C2D-7D54-4578-9380-B2C7C75C7010::87581009:87212027:10:1430:20260421,5440,0.0,12663,
FR:Line::6D267C2D-7D54-4578-9380-B2C7C75C7010:,3225,OCESN5440F1187_F:OUI:FR:Line::6D267C2D-7D54-4578-9380-B2C7C75C7010::87581009:87212027:10:1430:20260424,5440,0.0,12664,
FR:Line::6D267C2D-7D54-4578-9380-B2C7C75C7010:,3623,OCESN5440F1187_F:OUI:FR:Line::6D267C2D-7D54-4578-9380-B2C7C75C7010::87581009:87212027:10:1430:20260507,5440,0.0,12665,
FR:Line::6D267C2D-7D54-4578-9380-B2C7C75C7010:,3624,OCESN5440F1187_F:OUI:FR:Line::6D267C2D-7D54-4578-9380-B2C7C75C7010::87581009:87212027:10:1430:20260430,5440,0.0,12666,
FR:Line::6D267C2D-7D54-4578-9380-B2C7C75C7010:,3430,OCESN5440F1187_F:OUI:FR:Line::6D267C2D-7D54-4578-9380-B2C7C75C7010::87581009:87212027:10:1429:20260516,5440,0.0,12667,
FR:Line::6D267C2D-7D54-4578-9380-B2C7C75C7010:,750,OCESN5440F1187_F:OUI:FR:Line::6D267C2D-7D54-4578-9380-B2C7C75C7010::87581009:87212027:9:1429:20260406,5440,0.0,12668,
FR:Line::6D267C2D-7D54-4578-9380-B2C7C75C7010:,364,OCESN5440F1187_F:OUI:FR:Line::6D267C2D-7D54-4578-9380-B2C7C75C7010::87581009:87212027:9:1429:20260329,5440,0.0,12669,
FR:Line::6D267C2D-7D54-4578-9380-B2C7C75C7010:,2693,OCESN5440F1187_F:OUI:FR:Line::6D267C2D-7D54-4578-9380-B2C7C75C7010::87581009:87212027:10:1430:20260513,5440,0.0,12670,
FR:Line::6D267C2D-7D54-4578-9380-B2C7C75C7010:,117,OCESN5440F1187_F:OUI:FR:Line::6D267C2D-7D54-4578-9380-B2C7C75C7010::87581009:87212027:10:1429:20260308,5440,0.0,12671,
FR:Line::6D267C2D-7D54-4578-9380-B2C7C75C7010:,76,OCESN5440F1187_F:OUI:FR:Line::6D267C2D-7D54-4578-9380-B2C7C75C7010::87581009:87212027:10:1429:20260307,5440,0.0,12672,
FR:Line::6D267C2D-7D54-4578-9380-B2C7C75C7010:,114,OCESN5440F1187_F:OUI:FR:Line::6D267C2D-7D54-4578-9380-B2C7C75C7010::87581009:87212027:10:1429:20260503,5440,0.0,12673,
FR:Line::6D267C2D-7D54-4578-9380-B2C7C75C7010:,58,OCESN5440F1187_F:OUI:FR:Line::6D267C2D-7D54-4578-9380-B2C7C75C7010::87581009:87212027:10:1429:20260510,5440,0.0,12674,
FR:Line::6D267C2D-7D54-4578-9380-B2C7C75C7010:,134,OCESN5440F1187_F:OUI:FR:Line::6D267C2D-7D54-4578-9380-B2C7C75C7010::87581009:87212027:10:1429:20260426,5440,0.0,12675,
FR:Line::6D267C2D-7D54-4578-9380-B2C7C75C7010:,3625,OCESN5440F1187_F:OUI:FR:Line::6D267C2D-7D54-4578-9380-B2C7C75C7010::87581009:87212027:10:1430:20260327,5440,0.0,12676,
FR:Line::6D267C2D-7D54-4578-9380-B2C7C75C7010:,50,OCESN5440F1187_F:OUI:FR:Line::6D267C2D-7D54-4578-9380-B2C7C75C7010::87581009:87212027:10:1429:20260509,5440,0.0,12677,
FR:Line::6D267C2D-7D54-4578-9380-B2C7C75C7010:,346,OCESN5440F1187_F:OUI:FR:Line::6D267C2D-7D54-4578-9380-B2C7C75C7010::87581009:87212027:10:1429:20260508,5440,0.0,12678,
FR:Line::6D267C2D-7D54-4578-9380-B2C7C75C7010:,480,OCESN5440F1187_F:OUI:FR:Line::6D267C2D-7D54-4578-9380-B2C7C75C7010::87581009:87212027:10:1429:20260502,5440,0.0,12679,
FR:Line::6D267C2D-7D54-4578-9380-B2C7C75C7010:,3626,OCESN5440F1187_F:OUI:FR:Line::6D267C2D-7D54-4578-9380-B2C7C75C7010::87581009:87212027:10:1430:20260826,5440,0.0,12680,
FR:Line::6D267C2D-7D54-4578-9380-B2C7C75C7010:,3627,OCESN5440F1187_F:OUI:FR:Line::6D267C2D-7D54-4578-9380-B2C7C75C7010::87581009:87212027:10:1430:20260629,5440,0.0,12681,
FR:Line::6D267C2D-7D54-4578-9380-B2C7C75C7010:,3628,OCESN5440F1187_F:OUI:FR:Line::6D267C2D-7D54-4578-9380-B2C7C75C7010::87581009:87212027:10:1430:20260828,5440,0.0,12682,
FR:Line::6D267C2D-7D54-4578-9380-B2C7C75C7010:,3629,OCESN5440F1187_F:OUI:FR:Line::6D267C2D-7D54-4578-9380-B2C7C75C7010::87581009:87212027:10:1430:20260810,5440,0.0,12683,
FR:Line::6D267C2D-7D54-4578-9380-B2C7C75C7010:,3630,OCESN5440F1187_F:OUI:FR:Line::6D267C2D-7D54-4578-9380-B2C7C75C7010::87581009:87212027:10:1429:20260415,5440,0.0,12684,
FR:Line::6D267C2D-7D54-4578-9380-B2C7C75C7010:,3631,OCESN5440F1187_F:OUI:FR:Line::6D267C2D-7D54-4578-9380-B2C7C75C7010::87581009:87212027:10:1429:20260419,5440,0.0,12685,
FR:Line::6D267C2D-7D54-4578-9380-B2C7C75C7010:,3503,OCESN5440F1187_F:OUI:FR:Line::6D267C2D-7D54-4578-9380-B2C7C75C7010::87581009:87212027:10:1429:20260414,5440,0.0,12686,
FR:Line::6D267C2D-7D54-4578-9380-B2C7C75C7010:,3632,OCESN5440F1187_F:OUI:FR:Line::6D267C2D-7D54-4578-9380-B2C7C75C7010::87581009:87212027:10:1429:20260825,5440,0.0,12687,
FR:Line::6D267C2D-7D54-4578-9380-B2C7C75C7010:,3633,OCESN5440F1187_F:OUI:FR:Line::6D267C2D-7D54-4578-9380-B2C7C75C7010::87581009:87212027:10:1429:20260621,5440,0.0,12688,
FR:Line::6D267C2D-7D54-4578-9380-B2C7C75C7010:,3634,OCESN5440F1187_F:OUI:FR:Line::6D267C2D-7D54-4578-9380-B2C7C75C7010::87581009:87212027:10:1429:20260827,5440,0.0,12689,
FR:Line::6D267C2D-7D54-4578-9380-B2C7C75C7010:,3635,OCESN5440F1187_F:OUI:FR:Line::6D267C2D-7D54-4578-9380-B2C7C75C7010::87581009:87212027:10:1429:20260817,5440,0.0,12690,
FR:Line::6D267C2D-7D54-4578-9380-B2C7C75C7010:,3636,OCESN5440F1187_F:OUI:FR:Line::6D267C2D-7D54-4578-9380-B2C7C75C7010::87581009:87212027:10:1429:20260830,5440,0.0,12691,
FR:Line::6D267C2D-7D54-4578-9380-B2C7C75C7010:,3637,OCESN5440F1187_F:OUI:FR:Line::6D267C2D-7D54-4578-9380-B2C7C75C7010::87581009:87212027:10:1429:20260705:1,5440,0.0,12692,
FR:Line::6D267C2D-7D54-4578-9380-B2C7C75C7010:,97,OCESN5440F1187_F:OUI:FR:Line::6D267C2D-7D54-4578-9380-B2C7C75C7010::87581009:87212027:9:1429:20260404,5440,0.0,12693,
FR:Line::6D267C2D-7D54-4578-9380-B2C7C75C7010:,977,OCESN5440F1187_F:OUI:FR:Line::6D267C2D-7D54-4578-9380-B2C7C75C7010::87581009:87212027:9:1429:20260328,5440,0.0,12694,
FR:Line::6D267C2D-7D54-4578-9380-B2C7C75C7010:,128,OCESN5440F1187_F:OUI:FR:Line::6D267C2D-7D54-4578-9380-B2C7C75C7010::87581009:87212027:9:1430:20260831,5440,0.0,12695,
FR:Line::6D267C2D-7D54-4578-9380-B2C7C75C7010:,1458,OCESN5444F1187_F:OUI:FR:Line::6D267C2D-7D54-4578-9380-B2C7C75C7010::87581009:87212027:10:2150:20260801,5444,0.0,12696,
FR:Line::6D267C2D-7D54-4578-9380-B2C7C75C7010:,3638,OCESN5444F1187_F:OUI:FR:Line::6D267C2D-7D54-4578-9380-B2C7C75C7010::87581009:87212027:10:1842:20260830,5444,0.0,12697,
FR:Line::6D267C2D-7D54-4578-9380-B2C7C75C7010:,3639,OCESN5444F1187_F:OUI:FR:Line::6D267C2D-7D54-4578-9380-B2C7C75C7010::87581009:87212027:10:1842:20260828,5444,0.0,12698,
FR:Line::6D267C2D-7D54-4578-9380-B2C7C75C7010:,3640,OCESN5450F1187_F:OUI:FR:Line::6D267C2D-7D54-4578-9380-B2C7C75C7010::87212027:87581009:9:1202:20260816,5450,1.0,12699,
FR:Line::6D267C2D-7D54-4578-9380-B2C7C75C7010:,3641,OCESN5450F1187_F:OUI:FR:Line::6D267C2D-7D54-4578-9380-B2C7C75C7010::87212027:87581009:9:1202:20260814,5450,1.0,12700,
FR:Line::6D267C2D-7D54-4578-9380-B2C7C75C7010:,3642,OCESN5450F1187_F:OUI:FR:Line::6D267C2D-7D54-4578-9380-B2C7C75C7010::87212027:87581009:9:1202:20260828,5450,1.0,12701,
FR:Line::6D267C2D-7D54-4578-9380-B2C7C75C7010:,3643,OCESN5450F1187_F:OUI:FR:Line::6D267C2D-7D54-4578-9380-B2C7C75C7010::87212027:87581009:9:1202:20260830,5450,1.0,12702,
FR:Line::6D267C2D-7D54-4578-9380-B2C7C75C7010:,141,OCESN5454F1187_F:OUI:FR:Line::6D267C2D-7D54-4578-9380-B2C7C75C7010::87212027:87581009:11:1950:20260425,5454,1.0,12703,
FR:Line::6D267C2D-7D54-4578-9380-B2C7C75C7010:,142,OCESN5454F1187_F:OUI:FR:Line::6D267C2D-7D54-4578-9380-B2C7C75C7010::87212027:87581009:10:2104:20260405,5454,1.0,12704,
FR:Line::6D267C2D-7D54-4578-9380-B2C7C75C7010:,97,OCESN5454F1187_F:OUI:FR:Line::6D267C2D-7D54-4578-9380-B2C7C75C7010::87212027:87581009:10:2019:20260404,5454,1.0,12705,
FR:Line::6D267C2D-7D54-4578-9380-B2C7C75C7010:,76,OCESN5454F1187_F:OUI:FR:Line::6D267C2D-7D54-4578-9380-B2C7C75C7010::87212027:87581009:11:1950:20260307,5454,1.0,12706,
FR:Line::6D267C2D-7D54-4578-9380-B2C7C75C7010:,133,OCESN5454F1187_F:OUI:FR:Line::6D267C2D-7D54-4578-9380-B2C7C75C7010::87212027:87581009:11:2003:20260419,5454,1.0,12707,
FR:Line::6D267C2D-7D54-4578-9380-B2C7C75C7010:,552,OCESN5454F1187_F:OUI:FR:Line::6D267C2D-7D54-4578-9380-B2C7C75C7010::87212027:87581009:11:1948:20260418,5454,1.0,12708,
FR:Line::6D267C2D-7D54-4578-9380-B2C7C75C7010:,330,OCESN5454F1187_F:OUI:FR:Line::6D267C2D-7D54-4578-9380-B2C7C75C7010::87212027:87581009:11:2035:20260516,5454,1.0,12709,
FR:Line::6D267C2D-7D54-4578-9380-B2C7C75C7010:,98,OCESN5454F1187_F:OUI:FR:Line::6D267C2D-7D54-4578-9380-B2C7C75C7010::87212027:87581009:11:2035:20260514,5454,1.0,12710,
FR:Line::6D267C2D-7D54-4578-9380-B2C7C75C7010:,977,OCESN5454F1187_F:OUI:FR:Line::6D267C2D-7D54-4578-9380-B2C7C75C7010::87212027:87581009:10:2019:20260328,5454,1.0,12711,
FR:Line::6D267C2D-7D54-4578-9380-B2C7C75C7010:,3644,OCESN5454F1187_F:OUI:FR:Line::6D267C2D-7D54-4578-9380-B2C7C75C7010::87212027:87581009:11:1946:20260620,5454,1.0,12712,
FR:Line::6D267C2D-7D54-4578-9380-B2C7C75C7010:,613,OCESN5454F1187_F:OUI:FR:Line::6D267C2D-7D54-4578-9380-B2C7C75C7010::87212027:87581009:11:1946:20260627,5454,1.0,12713,
FR:Line::6D267C2D-7D54-4578-9380-B2C7C75C7010:,383,OCESN5454F1187_F:OUI:FR:Line::6D267C2D-7D54-4578-9380-B2C7C75C7010::87212027:87581009:11:1946:20260606,5454,1.0,12714,
FR:Line::6D267C2D-7D54-4578-9380-B2C7C75C7010:,140,OCESN5454F1187_F:OUI:FR:Line::6D267C2D-7D54-4578-9380-B2C7C75C7010::87212027:87581009:11:2103:20260704:1,5454,1.0,12715,
FR:Line::6D267C2D-7D54-4578-9380-B2C7C75C7010:,3645,OCESN5454F1187_F:OUI:FR:Line::6D267C2D-7D54-4578-9380-B2C7C75C7010::87212027:87581009:11:2003:20260416,5454,1.0,12716,
FR:Line::6D267C2D-7D54-4578-9380-B2C7C75C7010:,3646,OCESN5454F1187_F:OUI:FR:Line::6D267C2D-7D54-4578-9380-B2C7C75C7010::87212027:87581009:11:2003:20260414,5454,1.0,12717,
FR:Line::6D267C2D-7D54-4578-9380-B2C7C75C7010:,3508,OCESN5454F1187_F:OUI:FR:Line::6D267C2D-7D54-4578-9380-B2C7C75C7010::87212027:87581009:11:2003:20260417,5454,1.0,12718,
FR:Line::6D267C2D-7D54-4578-9380-B2C7C75C7010:,480,OCESN5454F1187_F:OUI:FR:Line::6D267C2D-7D54-4578-9380-B2C7C75C7010::87212027:87581009:11:1950:20260502,5454,1.0,12719,
FR:Line::6D267C2D-7D54-4578-9380-B2C7C75C7010:,3647,OCESN5454F1187_F:OUI:FR:Line::6D267C2D-7D54-4578-9380-B2C7C75C7010::87212027:87581009:11:1950:20260509,5454,1.0,12720,
FR:Line::6D267C2D-7D54-4578-9380-B2C7C75C7010:,3,OCESN5454F1187_F:OUI:FR:Line::6D267C2D-7D54-4578-9380-B2C7C75C7010::87212027:87581009:11:2102:20260713,5454,1.0,12721,
FR:Line::6D267C2D-7D54-4578-9380-B2C7C75C7010:,3648,OCESN5454F1187_F:OUI:FR:Line::6D267C2D-7D54-4578-9380-B2C7C75C7010::87212027:87581009:11:2006:20260829,5454,1.0,12722,
FR:Line::6D267C2D-7D54-4578-9380-B2C7C75C7010:,11,OCESN5454F1187_F:OUI:FR:Line::6D267C2D-7D54-4578-9380-B2C7C75C7010::87212027:87581009:11:2002:20260306,5454,1.0,12723,
FR:Line::6D267C2D-7D54-4578-9380-B2C7C75C7010:,3649,OCESN5454F1187_F:OUI:FR:Line::6D267C2D-7D54-4578-9380-B2C7C75C7010::87212027:87581009:11:2001:20260830,5454,1.0,12724,
FR:Line::6D267C2D-7D54-4578-9380-B2C7C75C7010:,3650,OCESN5454F1187_F:OUI:FR:Line::6D267C2D-7D54-4578-9380-B2C7C75C7010::87212027:87581009:11:2001:20260817,5454,1.0,12725,
FR:Line::6D267C2D-7D54-4578-9380-B2C7C75C7010:,3651,OCESN5454F1187_F:OUI:FR:Line::6D267C2D-7D54-4578-9380-B2C7C75C7010::87212027:87581009:11:2001:20260825,5454,1.0,12726,
FR:Line::6D267C2D-7D54-4578-9380-B2C7C75C7010:,3652,OCESN5454F1187_F:OUI:FR:Line::6D267C2D-7D54-4578-9380-B2C7C75C7010::87212027:87581009:11:2001:20260827,5454,1.0,12727,
FR:Line::6D267C2D-7D54-4578-9380-B2C7C75C7010:,364,OCESN5454F1187_F:OUI:FR:Line::6D267C2D-7D54-4578-9380-B2C7C75C7010::87212027:87581009:10:2104:20260329,5454,1.0,12728,
FR:Line::6D267C2D-7D54-4578-9380-B2C7C75C7010:,3653,OCESN5454F1187_F:OUI:FR:Line::6D267C2D-7D54-4578-9380-B2C7C75C7010::87212027:87581009:11:2003:20260517,5454,1.0,12729,
FR:Line::6D267C2D-7D54-4578-9380-B2C7C75C7010:,3654,OCESN5454F1187_F:OUI:FR:Line::6D267C2D-7D54-4578-9380-B2C7C75C7010::87212027:87581009:11:2003:20260503,5454,1.0,12730,
FR:Line::6D267C2D-7D54-4578-9380-B2C7C75C7010:,3655,OCESN5454F1187_F:OUI:FR:Line::6D267C2D-7D54-4578-9380-B2C7C75C7010::87212027:87581009:11:2003:20260426,5454,1.0,12731,
FR:Line::6D267C2D-7D54-4578-9380-B2C7C75C7010:,128,OCESN5454F1187_F:OUI:FR:Line::6D267C2D-7D54-4578-9380-B2C7C75C7010::87212027:87581009:11:2001:20260831,5454,1.0,12732,
FR:Line::6D267C2D-7D54-4578-9380-B2C7C75C7010:,3656,OCESN5454F1187_F:OUI:FR:Line::6D267C2D-7D54-4578-9380-B2C7C75C7010::87212027:87581009:11:2002:20260327,5454,1.0,12733,
FR:Line::F1B5E26F-967E-48D9-ABA8-A049ADD85807:,965,OCESN7652F1187_F:OGO:FR:Line::F1B5E26F-967E-48D9-ABA8-A049ADD85807::87581009:87391003:4:1047:20260313,7652,0.0,16119,
FR:Line::F1B5E26F-967E-48D9-ABA8-A049ADD85807:,4961,OCESN7652F1187_F:OGO:FR:Line::F1B5E26F-967E-48D9-ABA8-A049ADD85807::87581009:87391003:4:1131:20260626,7652,0.0,16120,
FR:Line::F1B5E26F-967E-48D9-ABA8-A049ADD85807:,4962,OCESN7652F1187_F:OGO:FR:Line::F1B5E26F-967E-48D9-ABA8-A049ADD85807::87581009:87391003:4:1131:20260831,7652,0.0,16121,
FR:Line::F1B5E26F-967E-48D9-ABA8-A049ADD85807:,4963,OCESN7652F1187_F:OGO:FR:Line::F1B5E26F-967E-48D9-ABA8-A049ADD85807::87581009:87391003:4:1131:20260419,7652,0.0,16122,
FR:Line::F1B5E26F-967E-48D9-ABA8-A049ADD85807:,115,OCESN7652F1187_F:OGO:FR:Line::F1B5E26F-967E-48D9-ABA8-A049ADD85807::87581009:87391003:4:1132:20260525,7652,0.0,16123,
FR:Line::F1B5E26F-967E-48D9-ABA8-A049ADD85807:,48,OCESN7652F1187_F:OGO:FR:Line::F1B5E26F-967E-48D9-ABA8-A049ADD85807::87581009:87391003:4:1131:20260515,7652,0.0,16124,
FR:Line::F1B5E26F-967E-48D9-ABA8-A049ADD85807:,58,OCESN7652F1187_F:OGO:FR:Line::F1B5E26F-967E-48D9-ABA8-A049ADD85807::87581009:87391003:4:1131:20260510,7652,0.0,16125,
FR:Line::F1B5E26F-967E-48D9-ABA8-A049ADD85807:,3553,OCESN7652F1187_F:OGO:FR:Line::F1B5E26F-967E-48D9-ABA8-A049ADD85807::87581009:87391003:4:1131:20260421,7652,0.0,16126,
FR:Line::F1B5E26F-967E-48D9-ABA8-A049ADD85807:,3430,OCESN7652F1187_F:OGO:FR:Line::F1B5E26F-967E-48D9-ABA8-A049ADD85807::87581009:87391003:4:1131:20260516,7652,0.0,16127,
FR:Line::F1B5E26F-967E-48D9-ABA8-A049ADD85807:,161,OCESN7652F1187_F:OGO:FR:Line::F1B5E26F-967E-48D9-ABA8-A049ADD85807::87581009:87391003:4:1132:20260524,7652,0.0,16128,
FR:Line::F1B5E26F-967E-48D9-ABA8-A049ADD85807:,14,OCESN7652F1187_F:OGO:FR:Line::F1B5E26F-967E-48D9-ABA8-A049ADD85807::87581009:87391003:4:1132:20260513,7652,0.0,16129,
FR:Line::F1B5E26F-967E-48D9-ABA8-A049ADD85807:,825,OCESN7652F1187_F:OGO:FR:Line::F1B5E26F-967E-48D9-ABA8-A049ADD85807::87581009:87391003:4:1138:20260430,7652,0.0,16130,
FR:Line::F1B5E26F-967E-48D9-ABA8-A049ADD85807:,4964,OCESN7652F1187_F:OGO:FR:Line::F1B5E26F-967E-48D9-ABA8-A049ADD85807::87581009:87391003:4:1131:20260417,7652,0.0,16131,
FR:Line::F1B5E26F-967E-48D9-ABA8-A049ADD85807:,4965,OCESN7652F1187_F:OGO:FR:Line::F1B5E26F-967E-48D9-ABA8-A049ADD85807::87581009:87391003:4:1132:20260426,7652,0.0,16132,
FR:Line::F1B5E26F-967E-48D9-ABA8-A049ADD85807:,4966,OCESN7652F1187_F:OGO:FR:Line::F1B5E26F-967E-48D9-ABA8-A049ADD85807::87581009:87391003:4:1133:20260509,7652,0.0,16133,
FR:Line::F1B5E26F-967E-48D9-ABA8-A049ADD85807:,116,OCESN7652F1187_F:OGO:FR:Line::F1B5E26F-967E-48D9-ABA8-A049ADD85807::87581009:87391003:4:1131:20260517,7652,0.0,16134,
FR:Line::F1B5E26F-967E-48D9-ABA8-A049ADD85807:,4967,OCESN7652F1187_F:OGO:FR:Line::F1B5E26F-967E-48D9-ABA8-A049ADD85807::87581009:87391003:3:1118:20260320,7652,0.0,16135,
FR:Line::F1B5E26F-967E-48D9-ABA8-A049ADD85807:,1407,OCESN7653F1187_F:OGO:FR:Line::F1B5E26F-967E-48D9-ABA8-A049ADD85807::87391003:87581009:2:1610:20260309,7653,1.0,16136,
FR:Line::F1B5E26F-967E-48D9-ABA8-A049ADD85807:,655,OCESN7653F1187_F:OGO:FR:Line::F1B5E26F-967E-48D9-ABA8-A049ADD85807::87391003:87581009:3:1619:20260313,7653,1.0,16137,
FR:Line::F1B5E26F-967E-48D9-ABA8-A049ADD85807:,1575,OCESN7653F1187_F:OGO:FR:Line::F1B5E26F-967E-48D9-ABA8-A049ADD85807::87391003:87581009:3:1606:20260805,7653,1.0,16138,
FR:Line::F1B5E26F-967E-48D9-ABA8-A049ADD85807:,4968,OCESN7653F1187_F:OGO:FR:Line::F1B5E26F-967E-48D9-ABA8-A049ADD85807::87391003:87581009:3:1609:20260830,7653,1.0,16139,
FR:Line::F1B5E26F-967E-48D9-ABA8-A049ADD85807:,4969,OCESN7653F1187_F:OGO:FR:Line::F1B5E26F-967E-48D9-ABA8-A049ADD85807::87391003:87581009:3:1617:20260328,7653,1.0,16140,
FR:Line::F1B5E26F-967E-48D9-ABA8-A049ADD85807:,411,OCESN7653F1187_F:OGO:FR:Line::F1B5E26F-967E-48D9-ABA8-A049ADD85807::87391003:87581009:3:1619:20260502,7653,1.0,16141,
FR:Line::F1B5E26F-967E-48D9-ABA8-A049ADD85807:,865,OCESN7653F1187_F:OGO:FR:Line::F1B5E26F-967E-48D9-ABA8-A049ADD85807::87391003:87581009:3:1610:20260419,7653,1.0,16142,
FR:Line::F1B5E26F-967E-48D9-ABA8-A049ADD85807:,1176,OCESN7653F1187_F:OGO:FR:Line::F1B5E26F-967E-48D9-ABA8-A049ADD85807::87391003:87581009:3:1609:20260522,7653,1.0,16143,
FR:Line::F1B5E26F-967E-48D9-ABA8-A049ADD85807:,410,OCESN7653F1187_F:OGO:FR:Line::F1B5E26F-967E-48D9-ABA8-A049ADD85807::87391003:87581009:3:1612:20260509,7653,1.0,16144,
FR:Line::F1B5E26F-967E-48D9-ABA8-A049ADD85807:,341,OCESN7653F1187_F:OGO:FR:Line::F1B5E26F-967E-48D9-ABA8-A049ADD85807::87391003:87581009:2:1604:20260513,7653,1.0,16145,
FR:Line::F1B5E26F-967E-48D9-ABA8-A049ADD85807:,293,OCESN7653F1187_F:OGO:FR:Line::F1B5E26F-967E-48D9-ABA8-A049ADD85807::87391003:87581009:3:1605:20260517,7653,1.0,16146,
FR:Line::F1B5E26F-967E-48D9-ABA8-A049ADD85807:,3252,OCESN7653F1187_F:OGO:FR:Line::F1B5E26F-967E-48D9-ABA8-A049ADD85807::87391003:87581009:2:1609:20260417,7653,1.0,16147,
FR:Line::F1B5E26F-967E-48D9-ABA8-A049ADD85807:,204,OCESN7653F1187_F:OGO:FR:Line::F1B5E26F-967E-48D9-ABA8-A049ADD85807::87391003:87581009:3:1641:20260516,7653,1.0,16148,
FR:Line::F1B5E26F-967E-48D9-ABA8-A049ADD85807:,128,OCESN7653F1187_F:OGO:FR:Line::F1B5E26F-967E-48D9-ABA8-A049ADD85807::87391003:87581009:3:1607:20260831,7653,1.0,16149,
FR:Line::F1B5E26F-967E-48D9-ABA8-A049ADD85807:,4970,OCESN7653F1187_F:OGO:FR:Line::F1B5E26F-967E-48D9-ABA8-A049ADD85807::87391003:87581009:3:1610:20260329,7653,1.0,16150,
FR:Line::F1B5E26F-967E-48D9-ABA8-A049ADD85807:,4971,OCESN7656F1187_F:OGO:FR:Line::F1B5E26F-967E-48D9-ABA8-A049ADD85807::87581009:87391003:4:1451:20260626,7656,0.0,16151,
FR:Line::F1B5E26F-967E-48D9-ABA8-A049ADD85807:,4972,OCESN7656F1187_F:OGO:FR:Line::F1B5E26F-967E-48D9-ABA8-A049ADD85807::87581009:87391003:4:1442:20260830,7656,0.0,16152,
FR:Line::F1B5E26F-967E-48D9-ABA8-A049ADD85807:,789,OCESN7656F1187_F:OGO:FR:Line::F1B5E26F-967E-48D9-ABA8-A049ADD85807::87581009:87391003:4:1447:20260329,7656,0.0,16153,
FR:Line::F1B5E26F-967E-48D9-ABA8-A049ADD85807:,4973,OCESN7656F1187_F:OGO:FR:Line::F1B5E26F-967E-48D9-ABA8-A049ADD85807::87581009:87391003:4:1446:20260831,7656,0.0,16154,
FR:Line::F1B5E26F-967E-48D9-ABA8-A049ADD85807:,4974,OCESN7656F1187_F:OGO:FR:Line::F1B5E26F-967E-48D9-ABA8-A049ADD85807::87581009:87391003:4:1451:20260513,7656,0.0,16155,
FR:Line::F1B5E26F-967E-48D9-ABA8-A049ADD85807:,4975,OCESN7656F1187_F:OGO:FR:Line::F1B5E26F-967E-48D9-ABA8-A049ADD85807::87581009:87391003:3:1451:20260424,7656,0.0,16156,
FR:Line::F1B5E26F-967E-48D9-ABA8-A049ADD85807:,106,OCESN7656F1187_F:OGO:FR:Line::F1B5E26F-967E-48D9-ABA8-A049ADD85807::87581009:87391003:4:1442:20260406,7656,0.0,16157,
FR:Line::F1B5E26F-967E-48D9-ABA8-A049ADD85807:,204,OCESN7656F1187_F:OGO:FR:Line::F1B5E26F-967E-48D9-ABA8-A049ADD85807::87581009:87391003:4:1548:20260516,7656,0.0,16158,
FR:Line::F1B5E26F-967E-48D9-ABA8-A049ADD85807:,4976,OCESN7656F1187_F:OGO:FR:Line::F1B5E26F-967E-48D9-ABA8-A049ADD85807::87581009:87391003:4:1446:20260605,7656,0.0,16159,
FR:Line::F1B5E26F-967E-48D9-ABA8-A049ADD85807:,98,OCESN7656F1187_F:OGO:FR:Line::F1B5E26F-967E-48D9-ABA8-A049ADD85807::87581009:87391003:4:1447:20260514,7656,0.0,16160,
FR:Line::F1B5E26F-967E-48D9-ABA8-A049ADD85807:,4977,OCESN7656F1187_F:OGO:FR:Line::F1B5E26F-967E-48D9-ABA8-A049ADD85807::87581009:87391003:4:1447:20260509,7656,0.0,16161,
FR:Line::F1B5E26F-967E-48D9-ABA8-A049ADD85807:,4978,OCESN7656F1187_F:OGO:FR:Line::F1B5E26F-967E-48D9-ABA8-A049ADD85807::87581009:87391003:3:1446:20260417,7656,0.0,16162,
FR:Line::F1B5E26F-967E-48D9-ABA8-A049ADD85807:,4979,OCESN7656F1187_F:OGO:FR:Line::F1B5E26F-967E-48D9-ABA8-A049ADD85807::87581009:87391003:3:1446:20260521,7656,0.0,16163,
FR:Line::F1B5E26F-967E-48D9-ABA8-A049ADD85807:,4980,OCESN7656F1187_F:OGO:FR:Line::F1B5E26F-967E-48D9-ABA8-A049ADD85807::87581009:87391003:3:1447:20260423,7656,0.0,16164,
FR:Line::F1B5E26F-967E-48D9-ABA8-A049ADD85807:,4981,OCESN7656F1187_F:OGO:FR:Line::F1B5E26F-967E-48D9-ABA8-A049ADD85807::87581009:87391003:3:1451:20260416,7656,0.0,16165,
FR:Line::F1B5E26F-967E-48D9-ABA8-A049ADD85807:,948,OCESN7656F1187_F:OGO:FR:Line::F1B5E26F-967E-48D9-ABA8-A049ADD85807::87581009:87391003:3:1434:20260320,7656,0.0,16166,
FR:Line::F1B5E26F-967E-48D9-ABA8-A049ADD85807:,2511,OCESN7659F1187_F:OGO:FR:Line::F1B5E26F-967E-48D9-ABA8-A049ADD85807::87391003:87581009:4:2245:20260320,7659,1.0,16167,
FR:Line::F1B5E26F-967E-48D9-ABA8-A049ADD85807:,115,OCESN7659F1187_F:OGO:FR:Line::F1B5E26F-967E-48D9-ABA8-A049ADD85807::87391003:87581009:4:2242:20260525,7659,1.0,16168,
FR:Line::F1B5E26F-967E-48D9-ABA8-A049ADD85807:,4982,OCESN7659F1187_F:OGO:FR:Line::F1B5E26F-967E-48D9-ABA8-A049ADD85807::87391003:87581009:4:2250:20260624,7659,1.0,16169,
FR:Line::F1B5E26F-967E-48D9-ABA8-A049ADD85807:,2365,OCESN7659F1187_F:OGO:FR:Line::F1B5E26F-967E-48D9-ABA8-A049ADD85807::87391003:87581009:4:2249:20260709,7659,1.0,16170,
FR:Line::F1B5E26F-967E-48D9-ABA8-A049ADD85807:,4983,OCESN7659F1187_F:OGO:FR:Line::F1B5E26F-967E-48D9-ABA8-A049ADD85807::87391003:87581009:4:2241:20260818,7659,1.0,16171,
FR:Line::F1B5E26F-967E-48D9-ABA8-A049ADD85807:,4984,OCESN7659F1187_F:OGO:FR:Line::F1B5E26F-967E-48D9-ABA8-A049ADD85807::87391003:87581009:4:2249:20260830,7659,1.0,16172,
FR:Line::F1B5E26F-967E-48D9-ABA8-A049ADD85807:,4985,OCESN7659F1187_F:OGO:FR:Line::F1B5E26F-967E-48D9-ABA8-A049ADD85807::87391003:87581009:4:2251:20260827,7659,1.0,16173,
FR:Line::F1B5E26F-967E-48D9-ABA8-A049ADD85807:,2563,OCESN7659F1187_F:OGO:FR:Line::F1B5E26F-967E-48D9-ABA8-A049ADD85807::87391003:87581009:4:2234:20260829,7659,1.0,16174,
FR:Line::F1B5E26F-967E-48D9-ABA8-A049ADD85807:,4986,OCESN7659F1187_F:OGO:FR:Line::F1B5E26F-967E-48D9-ABA8-A049ADD85807::87391003:87581009:4:2244:20260814,7659,1.0,16175,
FR:Line::F1B5E26F-967E-48D9-ABA8-A049ADD85807:,4987,OCESN7659F1187_F:OGO:FR:Line::F1B5E26F-967E-48D9-ABA8-A049ADD85807::87391003:87581009:4:2305:20260730,7659,1.0,16176,
FR:Line::F1B5E26F-967E-48D9-ABA8-A049ADD85807:,4988,OCESN7659F1187_F:OGO:FR:Line::F1B5E26F-967E-48D9-ABA8-A049ADD85807::87391003:87581009:4:2244:20260820,7659,1.0,16177,
FR:Line::F1B5E26F-967E-48D9-ABA8-A049ADD85807:,106,OCESN7659F1187_F:OGO:FR:Line::F1B5E26F-967E-48D9-ABA8-A049ADD85807::87391003:87581009:4:2243:20260406,7659,1.0,16178,
FR:Line::F1B5E26F-967E-48D9-ABA8-A049ADD85807:,97,OCESN7659F1187_F:OGO:FR:Line::F1B5E26F-967E-48D9-ABA8-A049ADD85807::87391003:87581009:4:2244:20260404,7659,1.0,16179,
FR:Line::F1B5E26F-967E-48D9-ABA8-A049ADD85807:,368,OCESN7659F1187_F:OGO:FR:Line::F1B5E26F-967E-48D9-ABA8-A049ADD85807::87391003:87581009:5:2330:20260424,7659,1.0,16180,
FR:Line::F1B5E26F-967E-48D9-ABA8-A049ADD85807:,4989,OCESN7659F1187_F:OGO:FR:Line::F1B5E26F-967E-48D9-ABA8-A049ADD85807::87391003:87581009:4:2305:20260726,7659,1.0,16181,
FR:Line::F1B5E26F-967E-48D9-ABA8-A049ADD85807:,293,OCESN7659F1187_F:OGO:FR:Line::F1B5E26F-967E-48D9-ABA8-A049ADD85807::87391003:87581009:4:2241:20260517,7659,1.0,16182,
FR:Line::F1B5E26F-967E-48D9-ABA8-A049ADD85807:,544,OCESN7659F1187_F:OGO:FR:Line::F1B5E26F-967E-48D9-ABA8-A049ADD85807::87391003:87581009:5:2330:20260513,7659,1.0,16183,
FR:Line::F1B5E26F-967E-48D9-ABA8-A049ADD85807:,346,OCESN7659F1187_F:OGO:FR:Line::F1B5E26F-967E-48D9-ABA8-A049ADD85807::87391003:87581009:4:2244:20260508,7659,1.0,16184,
FR:Line::F1B5E26F-967E-48D9-ABA8-A049ADD85807:,98,OCESN7659F1187_F:OGO:FR:Line::F1B5E26F-967E-48D9-ABA8-A049ADD85807::87391003:87581009:4:2314:20260514,7659,1.0,16185,
FR:Line::F1B5E26F-967E-48D9-ABA8-A049ADD85807:,4990,OCESN7659F1187_F:OGO:FR:Line::F1B5E26F-967E-48D9-ABA8-A049ADD85807::87391003:87581009:4:2247:20260425,7659,1.0,16186,
FR:Line::F1B5E26F-967E-48D9-ABA8-A049ADD85807:,4991,OCESN7659F1187_F:OGO:FR:Line::F1B5E26F-967E-48D9-ABA8-A049ADD85807::87391003:87581009:4:2251:20260512,7659,1.0,16187,
FR:Line::F1B5E26F-967E-48D9-ABA8-A049ADD85807:,128,OCESN7659F1187_F:OGO:FR:Line::F1B5E26F-967E-48D9-ABA8-A049ADD85807::87391003:87581009:5:2248:20260831,7659,1.0,16188,
FR:Line::F1B5E26F-967E-48D9-ABA8-A049ADD85807:,4992,OCESN7659F1187_F:OGO:FR:Line::F1B5E26F-967E-48D9-ABA8-A049ADD85807::87391003:87581009:4:2244:20260828,7659,1.0,16189,
FR:Line::16687383-70D2-4ABA-A124-1AB6A45C0E60:,76,OCESN7660F1187_F:OGO:FR:Line::16687383-70D2-4ABA-A124-1AB6A45C0E60::87581009:87286542:10:2248:20260307,7660,1.0,16190,
FR:Line::16687383-70D2-4ABA-A124-1AB6A45C0E60:,613,OCESN7660F1187_F:OGO:FR:Line::16687383-70D2-4ABA-A124-1AB6A45C0E60::87581009:87286542:10:2219:20260627,7660,1.0,16191,
FR:Line::16687383-70D2-4ABA-A124-1AB6A45C0E60:,233,OCESN7660F1187_F:OGO:FR:Line::16687383-70D2-4ABA-A124-1AB6A45C0E60::87581009:87286542:10:2246:20260411,7660,1.0,16192,
FR:Line::16687383-70D2-4ABA-A124-1AB6A45C0E60:,198,OCESN7660F1187_F:OGO:FR:Line::16687383-70D2-4ABA-A124-1AB6A45C0E60::87581009:87391003:6:2016:20260403,7660,1.0,16193,
FR:Line::16687383-70D2-4ABA-A124-1AB6A45C0E60:,142,OCESN7660F1187_F:OGO:FR:Line::16687383-70D2-4ABA-A124-1AB6A45C0E60::87581009:87391003:6:2017:20260405,7660,1.0,16194,
FR:Line::16687383-70D2-4ABA-A124-1AB6A45C0E60:,204,OCESN7660F1187_F:OGO:FR:Line::16687383-70D2-4ABA-A124-1AB6A45C0E60::87581009:87286542:10:2246:20260516,7660,1.0,16195,
FR:Line::16687383-70D2-4ABA-A124-1AB6A45C0E60:,436,OCESN7660F1187_F:OGO:FR:Line::16687383-70D2-4ABA-A124-1AB6A45C0E60::87581009:87286542:10:2219:20260628,7660,1.0,16196,
FR:Line::16687383-70D2-4ABA-A124-1AB6A45C0E60:,739,OCESN7660F1187_F:OGO:FR:Line::16687383-70D2-4ABA-A124-1AB6A45C0E60::87581009:87286542:10:2246:20260418,7660,1.0,16197,
FR:Line::16687383-70D2-4ABA-A124-1AB6A45C0E60:,346,OCESN7660F1187_F:OGO:FR:Line::16687383-70D2-4ABA-A124-1AB6A45C0E60::87581009:87286542:8:2218:20260508,7660,1.0,16198,
FR:Line::16687383-70D2-4ABA-A124-1AB6A45C0E60:,977,OCESN7660F1187_F:OGO:FR:Line::16687383-70D2-4ABA-A124-1AB6A45C0E60::87581009:87391003:6:2013:20260328,7660,1.0,16199,
FR:Line::16687383-70D2-4ABA-A124-1AB6A45C0E60:,97,OCESN7660F1187_F:OGO:FR:Line::16687383-70D2-4ABA-A124-1AB6A45C0E60::87581009:87391003:6:2013:20260404,7660,1.0,16200,
FR:Line::16687383-70D2-4ABA-A124-1AB6A45C0E60:,364,OCESN7660F1187_F:OGO:FR:Line::16687383-70D2-4ABA-A124-1AB6A45C0E60::87581009:87391003:6:2017:20260329,7660,1.0,16201,
FR:Line::16687383-70D2-4ABA-A124-1AB6A45C0E60:,615,OCESN7660F1187_F:OGO:FR:Line::16687383-70D2-4ABA-A124-1AB6A45C0E60::87581009:87286542:10:2246:20260530,7660,1.0,16202,
FR:Line::16687383-70D2-4ABA-A124-1AB6A45C0E60:,4993,OCESN7660F1187_F:OGO:FR:Line::16687383-70D2-4ABA-A124-1AB6A45C0E60::87581009:87286542:9:2246:20260509,7660,1.0,16203,
FR:Line::16687383-70D2-4ABA-A124-1AB6A45C0E60:,238,OCESN7660F1187_F:OGO:FR:Line::16687383-70D2-4ABA-A124-1AB6A45C0E60::87581009:87391003:6:2049:20260327,7660,1.0,16204,
FR:Line::16687383-70D2-4ABA-A124-1AB6A45C0E60:,4994,OCESN7660F1187_F:OGO:FR:Line::16687383-70D2-4ABA-A124-1AB6A45C0E60::87581009:87286542:10:2234:20260605,7660,1.0,16205,
FR:Line::16687383-70D2-4ABA-A124-1AB6A45C0E60:,926,OCESN7660F1187_F:OGO:FR:Line::16687383-70D2-4ABA-A124-1AB6A45C0E60::87581009:87286542:9:2219:20260703,7660,1.0,16206,
FR:Line::16687383-70D2-4ABA-A124-1AB6A45C0E60:,4995,OCESN7660F1187_F:OGO:FR:Line::16687383-70D2-4ABA-A124-1AB6A45C0E60::87581009:87286542:10:2238:20260602,7660,1.0,16207,
FR:Line::16687383-70D2-4ABA-A124-1AB6A45C0E60:,424,OCESN7660F1187_F:OGO:FR:Line::16687383-70D2-4ABA-A124-1AB6A45C0E60::87581009:87286542:9:2218:20260515,7660,1.0,16208,
FR:Line::16687383-70D2-4ABA-A124-1AB6A45C0E60:,4996,OCESN7660F1187_F:OGO:FR:Line::16687383-70D2-4ABA-A124-1AB6A45C0E60::87581009:87286542:10:2234:20260419,7660,1.0,16209,
FR:Line::16687383-70D2-4ABA-A124-1AB6A45C0E60:,4997,OCESN7660F1187_F:OGO:FR:Line::16687383-70D2-4ABA-A124-1AB6A45C0E60::87581009:87286542:10:2234:20260517,7660,1.0,16210,
FR:Line::16687383-70D2-4ABA-A124-1AB6A45C0E60:,4998,OCESN7660F1187_F:OGO:FR:Line::16687383-70D2-4ABA-A124-1AB6A45C0E60::87581009:87286542:10:2219:20260831,7660,1.0,16211,
FR:Line::16687383-70D2-4ABA-A124-1AB6A45C0E60:,4999,OCESN7660F1187_F:OGO:FR:Line::16687383-70D2-4ABA-A124-1AB6A45C0E60::87581009:87286542:10:2236:20260326,7660,1.0,16212,
FR:Line::16687383-70D2-4ABA-A124-1AB6A45C0E60:,76,OCESN7669F1187_F:OGO:FR:Line::16687383-70D2-4ABA-A124-1AB6A45C0E60::87286542:87581009:9:1109:20260307,7669,0.0,16213,
FR:Line::16687383-70D2-4ABA-A124-1AB6A45C0E60:,117,OCESN7669F1187_F:OGO:FR:Line::16687383-70D2-4ABA-A124-1AB6A45C0E60::87286542:87581009:9:1109:20260308,7669,0.0,16214,
FR:Line::16687383-70D2-4ABA-A124-1AB6A45C0E60:,5000,OCESN7669F1187_F:OGO:FR:Line::16687383-70D2-4ABA-A124-1AB6A45C0E60::87286542:87581009:9:1106:20260830,7669,0.0,16215,
FR:Line::16687383-70D2-4ABA-A124-1AB6A45C0E60:,664,OCESN7669F1187_F:OGO:FR:Line::16687383-70D2-4ABA-A124-1AB6A45C0E60::87391003:87581009:5:1109:20260316,7669,0.0,16216,
FR:Line::16687383-70D2-4ABA-A124-1AB6A45C0E60:,771,OCESN7669F1187_F:OGO:FR:Line::16687383-70D2-4ABA-A124-1AB6A45C0E60::87286542:87581009:9:1109:20260331,7669,0.0,16217,
FR:Line::16687383-70D2-4ABA-A124-1AB6A45C0E60:,2052,OCESN7669F1187_F:OGO:FR:Line::16687383-70D2-4ABA-A124-1AB6A45C0E60::87391003:87581009:6:1109:20260322,7669,0.0,16218,
FR:Line::16687383-70D2-4ABA-A124-1AB6A45C0E60:,4305,OCESN7669F1187_F:OGO:FR:Line::16687383-70D2-4ABA-A124-1AB6A45C0E60::87286542:87581009:9:1111:20260327,7669,0.0,16219,
FR:Line::16687383-70D2-4ABA-A124-1AB6A45C0E60:,5001,OCESN7669F1187_F:OGO:FR:Line::16687383-70D2-4ABA-A124-1AB6A45C0E60::87286542:87581009:9:1113:20260501,7669,0.0,16221,
FR:Line::16687383-70D2-4ABA-A124-1AB6A45C0E60:,138,OCESN7669F1187_F:OGO:FR:Line::16687383-70D2-4ABA-A124-1AB6A45C0E60::87391003:87581009:5:1111:20260323,7669,0.0,16222,
FR:Line::16687383-70D2-4ABA-A124-1AB6A45C0E60:,750,OCESN7669F1187_F:OGO:FR:Line::16687383-70D2-4ABA-A124-1AB6A45C0E60::87391003:87581009:6:1108:20260406,7669,0.0,16223,
FR:Line::16687383-70D2-4ABA-A124-1AB6A45C0E60:,48,OCESN7669F1187_F:OGO:FR:Line::16687383-70D2-4ABA-A124-1AB6A45C0E60::87286542:87581009:9:1141:20260515,7669,0.0,16224,
FR:Line::16687383-70D2-4ABA-A124-1AB6A45C0E60:,1133,OCESN7669F1187_F:OGO:FR:Line::16687383-70D2-4ABA-A124-1AB6A45C0E60::87391003:87581009:5:1109:20260330,7669,0.0,16225,
FR:Line::16687383-70D2-4ABA-A124-1AB6A45C0E60:,134,OCESN7669F1187_F:OGO:FR:Line::16687383-70D2-4ABA-A124-1AB6A45C0E60::87286542:87581009:9:1111:20260426,7669,0.0,16226,
FR:Line::16687383-70D2-4ABA-A124-1AB6A45C0E60:,5002,OCESN7669F1187_F:OGO:FR:Line::16687383-70D2-4ABA-A124-1AB6A45C0E60::87286542:87581009:9:1109:20260403,7669,0.0,16227,
FR:Line::16687383-70D2-4ABA-A124-1AB6A45C0E60:,3430,OCESN7669F1187_F:OGO:FR:Line::16687383-70D2-4ABA-A124-1AB6A45C0E60::87286542:87581009:9:1150:20260516,7669,0.0,16228,
FR:Line::16687383-70D2-4ABA-A124-1AB6A45C0E60:,552,OCESN7669F1187_F:OGO:FR:Line::16687383-70D2-4ABA-A124-1AB6A45C0E60::87286542:87581009:9:1108:20260418,7669,0.0,16229,
FR:Line::16687383-70D2-4ABA-A124-1AB6A45C0E60:,5003,OCESN7669F1187_F:OGO:FR:Line::16687383-70D2-4ABA-A124-1AB6A45C0E60::87286542:87581009:9:1111:20260509,7669,0.0,16230,
FR:Line::16687383-70D2-4ABA-A124-1AB6A45C0E60:,5004,OCESN7669F1187_F:OGO:FR:Line::16687383-70D2-4ABA-A124-1AB6A45C0E60::87286542:87581009:9:1113:20260513,7669,0.0,16231,
FR:Line::16687383-70D2-4ABA-A124-1AB6A45C0E60:,1129,OCESN7669F1187_F:OGO:FR:Line::16687383-70D2-4ABA-A124-1AB6A45C0E60::87286542:87581009:9:1109:20260413,7669,0.0,16232,
FR:Line::16687383-70D2-4ABA-A124-1AB6A45C0E60:,133,OCESN7669F1187_F:OGO:FR:Line::16687383-70D2-4ABA-A124-1AB6A45C0E60::87286542:87581009:9:1108:20260419,7669,0.0,16233,
FR:Line::16687383-70D2-4ABA-A124-1AB6A45C0E60:,268,OCESN7669F1187_F:OGO:FR:Line::16687383-70D2-4ABA-A124-1AB6A45C0E60::87391003:87581009:6:1108:20260329,7669,0.0,16234,
FR:Line::16687383-70D2-4ABA-A124-1AB6A45C0E60:,5005,OCESN7669F1187_F:OGO:FR:Line::16687383-70D2-4ABA-A124-1AB6A45C0E60::87286542:87581009:9:1106:20260612,7669,0.0,16235,
FR:Line::16687383-70D2-4ABA-A124-1AB6A45C0E60:,5006,OCESN7669F1187_F:OGO:FR:Line::16687383-70D2-4ABA-A124-1AB6A45C0E60::87286542:87581009:9:1112:20260425,7669,0.0,16236,
FR:Line::16687383-70D2-4ABA-A124-1AB6A45C0E60:,97,OCESN7669F1187_F:OGO:FR:Line::16687383-70D2-4ABA-A124-1AB6A45C0E60::87391003:87581009:6:1109:20260404,7669,0.0,16237,
FR:Line::16687383-70D2-4ABA-A124-1AB6A45C0E60:,2973,OCESN7669F1187_F:OGO:FR:Line::16687383-70D2-4ABA-A124-1AB6A45C0E60::87286542:87581009:9:1106:20260531,7669,0.0,16238,
FR:Line::16687383-70D2-4ABA-A124-1AB6A45C0E60:,5007,OCESN7669F1187_F:OGO:FR:Line::16687383-70D2-4ABA-A124-1AB6A45C0E60::87286542:87581009:9:1106:20260605,7669,0.0,16239,
FR:Line::16687383-70D2-4ABA-A124-1AB6A45C0E60:,5008,OCESN7669F1187_F:OGO:FR:Line::16687383-70D2-4ABA-A124-1AB6A45C0E60::87286542:87581009:9:1113:20260511,7669,0.0,16240,
FR:Line::16687383-70D2-4ABA-A124-1AB6A45C0E60:,2001,OCESN7669F1187_F:OGO:FR:Line::16687383-70D2-4ABA-A124-1AB6A45C0E60::87286542:87581009:8:1127:20260417,7669,0.0,16242,
FR:Line::16687383-70D2-4ABA-A124-1AB6A45C0E60:,5009,OCESN7669F1187_F:OGO:FR:Line::16687383-70D2-4ABA-A124-1AB6A45C0E60::87286542:87581009:9:1107:20260522,7669,0.0,16243,
FR:Line::16687383-70D2-4ABA-A124-1AB6A45C0E60:,1407,OCESN7669F1187_F:OGO:FR:Line::16687383-70D2-4ABA-A124-1AB6A45C0E60::87286542:87581009:9:1109:20260309,7669,0.0,16244,
FR:Line::16687383-70D2-4ABA-A124-1AB6A45C0E60:,128,OCESN7669F1187_F:OGO:FR:Line::16687383-70D2-4ABA-A124-1AB6A45C0E60::87286542:87581009:9:1106:20260831,7669,0.0,16245,
FR:Line::16687383-70D2-4ABA-A124-1AB6A45C0E60:,2986,OCESN7669F1187_F:OGO:FR:Line::16687383-70D2-4ABA-A124-1AB6A45C0E60::87286542:87581009:9:1109:20260320,7669,0.0,16246,
FR:Line::338660B1-35FD-4306-969D-C99969913369:,50,OCESN7671F1187_F:OGO:FR:Line::338660B1-35FD-4306-969D-C99969913369::87391003:87581009:2:1041:20260509,7671,0.0,16247,
FR:Line::338660B1-35FD-4306-969D-C99969913369:,330,OCESN7671F1187_F:OGO:FR:Line::338660B1-35FD-4306-969D-C99969913369::87391003:87581009:2:1131:20260516,7671,0.0,16248,
FR:Line::338660B1-35FD-4306-969D-C99969913369:,16,OCESN7671F1187_F:OGO:FR:Line::338660B1-35FD-4306-969D-C99969913369::87391003:87581009:2:1038:20260508,7671,0.0,16249,
FR:Line::338660B1-35FD-4306-969D-C99969913369:,98,OCESN7671F1187_F:OGO:FR:Line::338660B1-35FD-4306-969D-C99969913369::87391003:87581009:2:1046:20260514,7671,0.0,16250,
FR:Line::338660B1-35FD-4306-969D-C99969913369:,5010,OCESN7671F1187_F:OGO:FR:Line::338660B1-35FD-4306-969D-C99969913369::87391003:87611004:5:1317:20260513,7671,1.0,16251,
FR:Line::338660B1-35FD-4306-969D-C99969913369:,5011,OCESN7671F1187_F:OGO:FR:Line::338660B1-35FD-4306-969D-C99969913369::87391003:87611004:5:1317:20260830,7671,1.0,16252,
FR:Line::338660B1-35FD-4306-969D-C99969913369:,128,OCESN7671F1187_F:OGO:FR:Line::338660B1-35FD-4306-969D-C99969913369::87391003:87611004:5:1317:20260831,7671,1.0,16253,
FR:Line::338660B1-35FD-4306-969D-C99969913369:,5012,OCESN7671F1187_F:OGO:FR:Line::338660B1-35FD-4306-969D-C99969913369::87391003:87581009:2:1038:20260524,7671,0.0,16254,
FR:Line::338660B1-35FD-4306-969D-C99969913369:,259,OCESN7672F1187_F:OGO:FR:Line::338660B1-35FD-4306-969D-C99969913369::87581009:87391003:2:1917:20260314,7672,0.0,16255,
FR:Line::338660B1-35FD-4306-969D-C99969913369:,5013,OCESN7672F1187_F:OGO:FR:Line::338660B1-35FD-4306-969D-C99969913369::87581009:87391003:2:1918:20260524,7672,0.0,16256,
FR:Line::338660B1-35FD-4306-969D-C99969913369:,948,OCESN7672F1187_F:OGO:FR:Line::338660B1-35FD-4306-969D-C99969913369::87581009:87391003:2:1458:20260320,7672,0.0,16257,
FR:Line::338660B1-35FD-4306-969D-C99969913369:,5014,OCESN7672F1187_F:OGO:FR:Line::338660B1-35FD-4306-969D-C99969913369::87611004:87391003:5:1918:20260831,7672,0.0,16258,
FR:Line::338660B1-35FD-4306-969D-C99969913369:,48,OCESN7673F1187_F:OGO:FR:Line::338660B1-35FD-4306-969D-C99969913369::87391003:87581009:2:1512:20260515,7673,0.0,16259,
FR:Line::338660B1-35FD-4306-969D-C99969913369:,98,OCESN7673F1187_F:OGO:FR:Line::338660B1-35FD-4306-969D-C99969913369::87391003:87581009:2:1543:20260514,7673,0.0,16260,
FR:Line::338660B1-35FD-4306-969D-C99969913369:,5015,OCESN7673F1187_F:OGO:FR:Line::338660B1-35FD-4306-969D-C99969913369::87391003:87581009:2:1454:20260517,7673,0.0,16261,
FR:Line::338660B1-35FD-4306-969D-C99969913369:,5016,OCESN7673F1187_F:OGO:FR:Line::338660B1-35FD-4306-969D-C99969913369::87391003:87611004:4:1728:20260512,7673,1.0,16262,
FR:Line::338660B1-35FD-4306-969D-C99969913369:,5017,OCESN7673F1187_F:OGO:FR:Line::338660B1-35FD-4306-969D-C99969913369::87391003:87611004:5:1717:20260510,7673,1.0,16263,
FR:Line::338660B1-35FD-4306-969D-C99969913369:,5018,OCESN7673F1187_F:OGO:FR:Line::338660B1-35FD-4306-969D-C99969913369::87391003:87581009:2:1451:20260524,7673,0.0,16264,
FR:Line::338660B1-35FD-4306-969D-C99969913369:,128,OCESN7673F1187_F:OGO:FR:Line::338660B1-35FD-4306-969D-C99969913369::87391003:87611004:5:1728:20260831,7673,1.0,16265,
FR:Line::338660B1-35FD-4306-969D-C99969913369:,5019,OCESN7673F1187_F:OGO:FR:Line::338660B1-35FD-4306-969D-C99969913369::87391003:87611004:5:1728:20260830,7673,1.0,16266,
FR:Line::338660B1-35FD-4306-969D-C99969913369:,5020,OCESN7674F1187_F:OGO:FR:Line::338660B1-35FD-4306-969D-C99969913369::87611004:87391003:6:2323:20260329,7674,0.0,16267,
FR:Line::338660B1-35FD-4306-969D-C99969913369:,5021,OCESN7674F1187_F:OGO:FR:Line::338660B1-35FD-4306-969D-C99969913369::87611004:87391003:6:2319:20260831,7674,0.0,16268,
FR:Line::338660B1-35FD-4306-969D-C99969913369:,837,OCESN7674F1187_F:OGO:FR:Line::338660B1-35FD-4306-969D-C99969913369::87611004:87391003:6:2324:20260326,7674,0.0,16269,
FR:Line::338660B1-35FD-4306-969D-C99969913369:,71,OCESN7674F1187_F:OGO:FR:Line::338660B1-35FD-4306-969D-C99969913369::87581009:87391003:3:2322:20260523,7674,0.0,16270,
FR:Line::338660B1-35FD-4306-969D-C99969913369:,1173,OCESN7674F1187_F:OGO:FR:Line::338660B1-35FD-4306-969D-C99969913369::87581009:87391003:3:2320:20260517,7674,0.0,16271,
FR:Line::338660B1-35FD-4306-969D-C99969913369:,98,OCESN7674F1187_F:OGO:FR:Line::338660B1-35FD-4306-969D-C99969913369::87581009:87391003:3:2306:20260514,7674,0.0,16272,
FR:Line::338660B1-35FD-4306-969D-C99969913369:,2209,OCESN7674F1187_F:OGO:FR:Line::338660B1-35FD-4306-969D-C99969913369::87611004:87391003:6:2320:20260605,7674,0.0,16273,
FR:Line::338660B1-35FD-4306-969D-C99969913369:,8,OCESN7674F1187_F:OGO:FR:Line::338660B1-35FD-4306-969D-C99969913369::87581009:87391003:3:2323:20260513,7674,0.0,16274,
FR:Line::338660B1-35FD-4306-969D-C99969913369:,106,OCESN7674F1187_F:OGO:FR:Line::338660B1-35FD-4306-969D-C99969913369::87581009:87391003:3:2323:20260406,7674,0.0,16275,
FR:Line::338660B1-35FD-4306-969D-C99969913369:,259,OCESN7674F1187_F:OGO:FR:Line::338660B1-35FD-4306-969D-C99969913369::87581009:87391003:3:2324:20260314,7674,0.0,16276,
FR:Line::338660B1-35FD-4306-969D-C99969913369:,111,OCESN7674F1187_F:OGO:FR:Line::338660B1-35FD-4306-969D-C99969913369::87611004:87391003:6:2328:20260313,7674,0.0,16277,
FR:Line::338660B1-35FD-4306-969D-C99969913369:,2547,OCESN7674F1187_F:OGO:FR:Line::338660B1-35FD-4306-969D-C99969913369::87611004:87391003:5:2306:20260422,7674,0.0,16278,
FR:Line::338660B1-35FD-4306-969D-C99969913369:,5022,OCESN7674F1187_F:OGO:FR:Line::338660B1-35FD-4306-969D-C99969913369::87611004:87391003:6:2322:20260821,7674,0.0,16279,
FR:Line::338660B1-35FD-4306-969D-C99969913369:,5023,OCESN7674F1187_F:OGO:FR:Line::338660B1-35FD-4306-969D-C99969913369::87611004:87391003:6:2321:20260401,7674,0.0,16280,
FR:Line::338660B1-35FD-4306-969D-C99969913369:,5024,OCESN7674F1187_F:OGO:FR:Line::338660B1-35FD-4306-969D-C99969913369::87611004:87391003:6:2318:20260820,7674,0.0,16281,
FR:Line::338660B1-35FD-4306-969D-C99969913369:,5025,OCESN7674F1187_F:OGO:FR:Line::338660B1-35FD-4306-969D-C99969913369::87611004:87391003:6:2322:20260419,7674,0.0,16282,
FR:Line::338660B1-35FD-4306-969D-C99969913369:,4653,OCESN7674F1187_F:OGO:FR:Line::338660B1-35FD-4306-969D-C99969913369::87581009:87391003:3:2324:20260405,7674,0.0,16283,
FR:Line::338660B1-35FD-4306-969D-C99969913369:,5026,OCESN7674F1187_F:OGO:FR:Line::338660B1-35FD-4306-969D-C99969913369::87611004:87391003:6:2322:20260512,7674,0.0,16284,
FR:Line::338660B1-35FD-4306-969D-C99969913369:,48,OCESN7674F1187_F:OGO:FR:Line::338660B1-35FD-4306-969D-C99969913369::87581009:87391003:3:2321:20260515,7674,0.0,16285,
FR:Line::338660B1-35FD-4306-969D-C99969913369:,5027,OCESN7674F1187_F:OGO:FR:Line::338660B1-35FD-4306-969D-C99969913369::87611004:87391003:5:2304:20260819,7674,0.0,16286,
FR:Line::2dfdfc62-b7cb-416a-80b5-7f9dab017f4e:,116,OCESN7681F1187_F:OGO:FR:Line::2dfdfc62-b7cb-416a-80b5-7f9dab017f4e::87391003:87677005:7:1708:20260517,7681,,16287,
FR:Line::2dfdfc62-b7cb-416a-80b5-7f9dab017f4e:,98,OCESN7681F1187_F:OGO:FR:Line::2dfdfc62-b7cb-416a-80b5-7f9dab017f4e::87391003:87673202:3:1653:20260514,7681,,16288,
FR:Line::2dfdfc62-b7cb-416a-80b5-7f9dab017f4e:,128,OCESN7681F1187_F:OGO:FR:Line::2dfdfc62-b7cb-416a-80b5-7f9dab017f4e::87391003:87677005:7:1704:20260831,7681,,16289,
FR:Line::2dfdfc62-b7cb-416a-80b5-7f9dab017f4e:,5028,OCESN7681F1187_F:OGO:FR:Line::2dfdfc62-b7cb-416a-80b5-7f9dab017f4e::87391003:87677005:7:1707:20260830,7681,,16290,
FR:Line::2dfdfc62-b7cb-416a-80b5-7f9dab017f4e:,5029,OCESN7682F1187_F:OGO:FR:Line::2dfdfc62-b7cb-416a-80b5-7f9dab017f4e::87677005:87391003:7:2312:20260813,7682,,16291,
FR:Line::2dfdfc62-b7cb-416a-80b5-7f9dab017f4e:,2547,OCESN7682F1187_F:OGO:FR:Line::2dfdfc62-b7cb-416a-80b5-7f9dab017f4e::87677005:87391003:7:2311:20260422,7682,,16292,
FR:Line::2dfdfc62-b7cb-416a-80b5-7f9dab017f4e:,5030,OCESN7682F1187_F:OGO:FR:Line::2dfdfc62-b7cb-416a-80b5-7f9dab017f4e::87677005:87391003:7:2307:20260517,7682,,16293,
FR:Line::2dfdfc62-b7cb-416a-80b5-7f9dab017f4e:,98,OCESN7682F1187_F:OGO:FR:Line::2dfdfc62-b7cb-416a-80b5-7f9dab017f4e::87673202:87391003:3:2311:20260514,7682,,16294,
FR:Line::2dfdfc62-b7cb-416a-80b5-7f9dab017f4e:,5031,OCESN7682F1187_F:OGO:FR:Line::2dfdfc62-b7cb-416a-80b5-7f9dab017f4e::87677005:87391003:7:2304:20260831,7682,,16295,
FR:Line::2dfdfc62-b7cb-416a-80b5-7f9dab017f4e:,5032,OCESN7682F1187_F:OGO:FR:Line::2dfdfc62-b7cb-416a-80b5-7f9dab017f4e::87677005:87391003:7:2308:20260819,7682,,16296,
OCESN-87581009-87391003,5008,OCESN8402F1187_F:OUI:OCESN-87581009-87391003:87581009:87391003:2:923:20260511,8402,1.0,21748,
OCESN-87581009-87391003,6316,OCESN8402F1187_F:OUI:OCESN-87581009-87391003:87581009:87391003:2:921:20260828,8402,1.0,21749,
OCESN-87581009-87391003,128,OCESN8402F1187_F:OUI:OCESN-87581009-87391003:87581009:87391003:2:921:20260831,8402,1.0,21750,
OCESN-87581009-87391003,6317,OCESN8404F1187_F:OUI:OCESN-87581009-87391003:87581009:87391003:3:1001:20260513,8404,1.0,21751,
OCESN-87581009-87391003,358,OCESN8404F1187_F:OUI:OCESN-87581009-87391003:87581009:87391003:3:1000:20260831,8404,1.0,21752,
OCESN-87581009-87391003,454,OCESN8404F1187_F:OUI:OCESN-87581009-87391003:87581009:87391003:3:1000:20260830,8404,1.0,21753,
OCESN-87581009-87391003,6318,OCESN8404F1187_F:OUI:OCESN-87581009-87391003:87581009:87391003:3:1000:20260712,8404,1.0,21754,
OCESN-87581009-87391003,3430,OCESN8404F1187_F:OUI:OCESN-87581009-87391003:87581009:87391003:3:1001:20260516,8404,1.0,21755,
OCESN-87581009-87391003,48,OCESN8404F1187_F:OUI:OCESN-87581009-87391003:87581009:87391003:3:1001:20260515,8404,1.0,21756,
OCESN-87581009-87391003,134,OCESN8404F1187_F:OUI:OCESN-87581009-87391003:87581009:87391003:3:1001:20260426,8404,1.0,21757,
OCESN-87581009-87391003,6319,OCESN8404F1187_F:OUI:OCESN-87581009-87391003:87581009:87391003:3:1000:20260828,8404,1.0,21758,
OCESN-87581009-87391003,318,OCESN8412F1187_F:OUI:OCESN-87581009-87391003:87581009:87391003:2:1831:20260731,8412,1.0,21829,
OCESN-87581009-87391003,6326,OCESN8412F1187_F:OUI:OCESN-87581009-87391003:87581009:87391003:2:1817:20260825,8412,1.0,21830,
OCESN-87581009-87391003,316,OCESN8412F1187_F:OUI:OCESN-87581009-87391003:87581009:87391003:2:1831:20260828,8412,1.0,21831,
OCESN-87581009-87391003,6327,OCESN8412F1187_F:OUI:OCESN-87581009-87391003:87581009:87391003:2:1829:20260827,8412,1.0,21832,
OCESN-87391003-87581009,6340,OCESN8413F1187_F:OUI:OCESN-87391003-87581009:87391003:87581009:2:1503:20260828,8413,0.0,21909,
OCESN-87391003-87581009,6341,OCESN8413F1187_F:OUI:OCESN-87391003-87581009:87391003:87581009:2:1503:20260807,8413,0.0,21910,
OCESN-87391003-87581009,128,OCESN8413F1187_F:OUI:OCESN-87391003-87581009:87391003:87581009:2:1502:20260831,8413,0.0,21911,
OCESN-87581009-87391003,6342,OCESN8414F1187_F:OUI:OCESN-87581009-87391003:87581009:87391003:3:1927:20260702,8414,1.0,21912,
OCESN-87581009-87391003,325,OCESN8414F1187_F:OUI:OCESN-87581009-87391003:87581009:87391003:3:1927:20260703,8414,1.0,21913,
OCESN-87581009-87391003,5136,OCESN8414F1187_F:OUI:OCESN-87581009-87391003:87581009:87391003:3:1930:20260619,8414,1.0,21914,
OCESN-87581009-87391003,128,OCESN8414F1187_F:OUI:OCESN-87581009-87391003:87581009:87391003:3:1926:20260831,8414,1.0,21915,
OCESN-87581009-87391003,6343,OCESN8414F1187_F:OUI:OCESN-87581009-87391003:87581009:87391003:3:1926:20260630,8414,1.0,21916,
OCESN-87391003-87581009,299,OCESN8415F1187_F:OUI:OCESN-87391003-87581009:87391003:87581009:2:1649:20260703,8415,0.0,21964,
OCESN-87391003-87581009,6353,OCESN8415F1187_F:OUI:OCESN-87391003-87581009:87391003:87581009:2:1649:20260628,8415,0.0,21965,
OCESN-87581009-87391003,352,OCESN8416F1187_F:OUI:OCESN-87581009-87391003:87581009:87391003:2:1957:20260512,8416,1.0,22013,
OCESN-87581009-87391003,309,OCESN8416F1187_F:OUI:OCESN-87581009-87391003:87581009:87391003:2:1957:20260513,8416,1.0,22014,
OCESN-87581009-87391003,317,OCESN8416F1187_F:OUI:OCESN-87581009-87391003:87581009:87391003:2:1957:20260831,8416,1.0,22015,
OCESN-87581009-87391003,6371,OCESN8416F1187_F:OUI:OCESN-87581009-87391003:87581009:87391003:2:1957:20260626,8416,1.0,22016,
OCESN-87581009-87391003,316,OCESN8416F1187_F:OUI:OCESN-87581009-87391003:87581009:87391003:3:1956:20260828,8416,1.0,22017,
OCESN-87581009-87391003,318,OCESN8416F1187_F:OUI:OCESN-87581009-87391003:87581009:87391003:3:1956:20260731,8416,1.0,22018,
OCESN-87581009-87391003,6372,OCESN8416F1187_F:OUI:OCESN-87581009-87391003:87581009:87391003:2:1957:20260702,8416,1.0,22019,
OCESN-87391003-87581009,6417,OCESN8419F1187_F:OUI:OCESN-87391003-87581009:87391003:87581009:2:2117:20260517,8419,0.0,22211,
OCESN-87391003-87581009,128,OCESN8419F1187_F:OUI:OCESN-87391003-87581009:87391003:87581009:2:2114:20260831,8419,0.0,22212,
OCESN-87391003-87581009,6418,OCESN8419F1187_F:OUI:OCESN-87391003-87581009:87391003:87581009:2:2114:20260827,8419,0.0,22213,
OCESN-87581009-87391003,371,OCESN8422F1187_F:OUI:OCESN-87581009-87391003:87581009:87391003:3:809:20260417,8422,1.0,22332,
OCESN-87581009-87391003,341,OCESN8422F1187_F:OUI:OCESN-87581009-87391003:87581009:87391003:3:809:20260513,8422,1.0,22333,
OCESN-87581009-87391003,6455,OCESN8422F1187_F:OUI:OCESN-87581009-87391003:87581009:87391003:3:809:20260824,8422,1.0,22334,
OCESN-87581009-87391003,317,OCESN8422F1187_F:OUI:OCESN-87581009-87391003:87581009:87391003:3:809:20260831,8422,1.0,22335,
OCESN-87581009-87391003,214,OCESN8422F1187_F:OUI:OCESN-87581009-87391003:87581009:87391003:3:809:20260327,8422,1.0,22336,
OCESN-87391003-87581009,6456,OCESN8423F1187_F:OUI:OCESN-87391003-87581009:87391003:87581009:3:1022:20260512,8423,0.0,22363,
OCESN-87391003-87581009,3480,OCESN8423F1187_F:OUI:OCESN-87391003-87581009:87391003:87581009:3:1022:20260420,8423,0.0,22364,
OCESN-87391003-87581009,309,OCESN8423F1187_F:OUI:OCESN-87391003-87581009:87391003:87581009:3:1022:20260513,8423,0.0,22365,
OCESN-87391003-87581009,310,OCESN8423F1187_F:OUI:OCESN-87391003-87581009:87391003:87581009:3:1018:20260703,8423,0.0,22366,
OCESN-87391003-87581009,739,OCESN8423F1187_F:OUI:OCESN-87391003-87581009:87391003:87581009:3:1018:20260418,8423,0.0,22367,
OCESN-87391003-87581009,4539,OCESN8423F1187_F:OUI:OCESN-87391003-87581009:87391003:87581009:3:1108:20260516,8423,0.0,22368,
OCESN-87391003-87581009,977,OCESN8423F1187_F:OUI:OCESN-87391003-87581009:87391003:87581009:3:1019:20260328,8423,0.0,22369,
OCESN-87391003-87581009,6457,OCESN8423F1187_F:OUI:OCESN-87391003-87581009:87391003:87581009:3:1018:20260702,8423,0.0,22370,
OCESN-87391003-87581009,128,OCESN8423F1187_F:OUI:OCESN-87391003-87581009:87391003:87581009:3:1018:20260831,8423,0.0,22371,
OCESN-87391003-87581009,238,OCESN8433F1187_F:OUI:OCESN-87391003-87581009:87391003:87581009:3:2009:20260327,8433,0.0,22705,
OCESN-87391003-87581009,6486,OCESN8433F1187_F:OUI:OCESN-87391003-87581009:87391003:87581009:3:2006:20260702,8433,0.0,22706,
OCESN-87391003-87581009,4580,OCESN8433F1187_F:OUI:OCESN-87391003-87581009:87391003:87581009:3:2006:20260703,8433,0.0,22707,
OCESN-87391003-87581009,11,OCESN8433F1187_F:OUI:OCESN-87391003-87581009:87391003:87581009:3:2009:20260306,8433,0.0,22708,
OCESN-87391003-87581009,1171,OCESN8433F1187_F:OUI:OCESN-87391003-87581009:87391003:87581009:3:2009:20260417,8433,0.0,22709,
OCESN-87391003-87581009,6487,OCESN8433F1187_F:OUI:OCESN-87391003-87581009:87391003:87581009:3:2009:20260419,8433,0.0,22710,
OCESN-87391003-87581009,6417,OCESN8433F1187_F:OUI:OCESN-87391003-87581009:87391003:87581009:3:2011:20260517,8433,0.0,22711,
OCESN-87391003-87581009,309,OCESN8433F1187_F:OUI:OCESN-87391003-87581009:87391003:87581009:3:2011:20260513,8433,0.0,22712,
OCESN-87391003-87581009,128,OCESN8433F1187_F:OUI:OCESN-87391003-87581009:87391003:87581009:3:2006:20260831,8433,0.0,22713,
OCESN-87391003-87581009,4795,OCESN8433F1187_F:OUI:OCESN-87391003-87581009:87391003:87581009:3:2009:20260329,8433,0.0,22714,
OCESN-87391003-87581009,6523,OCESN8439F1187_F:OUI:OCESN-87391003-87581009:87391003:87581009:4:2311:20260830,8439,0.0,22978,
OCESN-87391003-87581009,327,OCESN8439F1187_F:OUI:OCESN-87391003-87581009:87391003:87581009:4:2311:20260816,8439,0.0,22979,
OCESN-87391003-87581009,6524,OCESN8439F1187_F:OUI:OCESN-87391003-87581009:87391003:87581009:4:2334:20260730,8439,0.0,22980,
OCESN-87391003-87581009,5126,OCESN8439F1187_F:OUI:OCESN-87391003-87581009:87391003:87581009:4:2340:20260729,8439,0.0,22981,
OCESN-87391003-87581009,128,OCESN8439F1187_F:OUI:OCESN-87391003-87581009:87391003:87581009:4:2311:20260831,8439,0.0,22982,
OCESN-87391003-87581009,4795,OCESN8439F1187_F:OUI:OCESN-87391003-87581009:87391003:87581009:4:2311:20260329,8439,0.0,22983,
FR:Line::145aae45-17eb-45b5-b5b4-facb8b6490f3:,6539,OCESN8440F1187_F:OUI:FR:Line::145aae45-17eb-45b5-b5b4-facb8b6490f3::87581009:87391003:6:1015:20260702,8440,1.0,23062,
FR:Line::145aae45-17eb-45b5-b5b4-facb8b6490f3:,504,OCESN8440F1187_F:OUI:FR:Line::145aae45-17eb-45b5-b5b4-facb8b6490f3::87581009:87391003:6:1017:20260824,8440,1.0,23063,
FR:Line::145aae45-17eb-45b5-b5b4-facb8b6490f3:,2119,OCESN8440F1187_F:OUI:FR:Line::145aae45-17eb-45b5-b5b4-facb8b6490f3::87581009:87391003:5:1004:20260328,8440,1.0,23064,
FR:Line::145aae45-17eb-45b5-b5b4-facb8b6490f3:,380,OCESN8440F1187_F:OUI:FR:Line::145aae45-17eb-45b5-b5b4-facb8b6490f3::87581009:87391003:5:1004:20260329,8440,1.0,23065,
FR:Line::145aae45-17eb-45b5-b5b4-facb8b6490f3:,134,OCESN8440F1187_F:OUI:FR:Line::145aae45-17eb-45b5-b5b4-facb8b6490f3::87581009:87391003:5:1005:20260426,8440,1.0,23066,
FR:Line::145aae45-17eb-45b5-b5b4-facb8b6490f3:,141,OCESN8440F1187_F:OUI:FR:Line::145aae45-17eb-45b5-b5b4-facb8b6490f3::87581009:87391003:5:1005:20260425,8440,1.0,23067,
FR:Line::145aae45-17eb-45b5-b5b4-facb8b6490f3:,6540,OCESN8440F1187_F:OUI:FR:Line::145aae45-17eb-45b5-b5b4-facb8b6490f3::87581009:87391003:6:1016:20260417,8440,1.0,23068,
FR:Line::145aae45-17eb-45b5-b5b4-facb8b6490f3:,4427,OCESN8440F1187_F:OUI:FR:Line::145aae45-17eb-45b5-b5b4-facb8b6490f3::87581009:87391003:5:1004:20260419,8440,1.0,23069,
FR:Line::145aae45-17eb-45b5-b5b4-facb8b6490f3:,409,OCESN8440F1187_F:OUI:FR:Line::145aae45-17eb-45b5-b5b4-facb8b6490f3::87581009:87391003:5:1004:20260418,8440,1.0,23070,
FR:Line::145aae45-17eb-45b5-b5b4-facb8b6490f3:,1210,OCESN8440F1187_F:OUI:FR:Line::145aae45-17eb-45b5-b5b4-facb8b6490f3::87581009:87391003:6:1015:20260430,8440,1.0,23071,
FR:Line::145aae45-17eb-45b5-b5b4-facb8b6490f3:,4539,OCESN8440F1187_F:OUI:FR:Line::145aae45-17eb-45b5-b5b4-facb8b6490f3::87581009:87391003:5:1005:20260516,8440,1.0,23072,
FR:Line::145aae45-17eb-45b5-b5b4-facb8b6490f3:,6541,OCESN8440F1187_F:OUI:FR:Line::145aae45-17eb-45b5-b5b4-facb8b6490f3::87581009:87391003:6:1015:20260611,8440,1.0,23073,
FR:Line::145aae45-17eb-45b5-b5b4-facb8b6490f3:,6542,OCESN8440F1187_F:OUI:FR:Line::145aae45-17eb-45b5-b5b4-facb8b6490f3::87581009:87391003:6:1015:20260612,8440,1.0,23074,
FR:Line::145aae45-17eb-45b5-b5b4-facb8b6490f3:,325,OCESN8440F1187_F:OUI:FR:Line::145aae45-17eb-45b5-b5b4-facb8b6490f3::87581009:87391003:6:1016:20260703,8440,1.0,23075,
FR:Line::145aae45-17eb-45b5-b5b4-facb8b6490f3:,257,OCESN8440F1187_F:OUI:FR:Line::145aae45-17eb-45b5-b5b4-facb8b6490f3::87581009:87391003:6:1016:20260619,8440,1.0,23076,
FR:Line::145aae45-17eb-45b5-b5b4-facb8b6490f3:,14,OCESN8440F1187_F:OUI:FR:Line::145aae45-17eb-45b5-b5b4-facb8b6490f3::87581009:87391003:6:1015:20260513,8440,1.0,23077,
FR:Line::145aae45-17eb-45b5-b5b4-facb8b6490f3:,6543,OCESN8440F1187_F:OUI:FR:Line::145aae45-17eb-45b5-b5b4-facb8b6490f3::87581009:87391003:6:1015:20260416,8440,1.0,23078,
FR:Line::145aae45-17eb-45b5-b5b4-facb8b6490f3:,454,OCESN8440F1187_F:OUI:FR:Line::145aae45-17eb-45b5-b5b4-facb8b6490f3::87581009:87391003:5:1004:20260830,8440,1.0,23079,
FR:Line::145aae45-17eb-45b5-b5b4-facb8b6490f3:,6544,OCESN8440F1187_F:OUI:FR:Line::145aae45-17eb-45b5-b5b4-facb8b6490f3::87581009:87391003:5:1004:20260712,8440,1.0,23080,
FR:Line::145aae45-17eb-45b5-b5b4-facb8b6490f3:,6545,OCESN8440F1187_F:OUI:FR:Line::145aae45-17eb-45b5-b5b4-facb8b6490f3::87581009:87391003:5:1004:20260829,8440,1.0,23081,
FR:Line::145aae45-17eb-45b5-b5b4-facb8b6490f3:,52,OCESN8440F1187_F:OUI:FR:Line::145aae45-17eb-45b5-b5b4-facb8b6490f3::87581009:87391003:5:1005:20260509,8440,1.0,23082,
FR:Line::145aae45-17eb-45b5-b5b4-facb8b6490f3:,6546,OCESN8440F1187_F:OUI:FR:Line::145aae45-17eb-45b5-b5b4-facb8b6490f3::87581009:87391003:6:1015:20260327,8440,1.0,23083,
FR:Line::145aae45-17eb-45b5-b5b4-facb8b6490f3:,4847,OCESN8440F1187_F:OUI:FR:Line::145aae45-17eb-45b5-b5b4-facb8b6490f3::87581009:87391003:6:1017:20260828,8440,1.0,23084,
FR:Line::145aae45-17eb-45b5-b5b4-facb8b6490f3:,128,OCESN8440F1187_F:OUI:FR:Line::145aae45-17eb-45b5-b5b4-facb8b6490f3::87581009:87391003:6:1015:20260831,8440,1.0,23085,
FR:Line::145aae45-17eb-45b5-b5b4-facb8b6490f3:,6547,OCESN8440F1187_F:OUI:FR:Line::145aae45-17eb-45b5-b5b4-facb8b6490f3::87581009:87391003:6:1015:20260326,8440,1.0,23086,
FR:Line::145aae45-17eb-45b5-b5b4-facb8b6490f3:,6550,OCESN8441F1187_F:OUI:FR:Line::145aae45-17eb-45b5-b5b4-facb8b6490f3::87391003:87581009:5:902:20260828,8441,0.0,23103,
FR:Line::145aae45-17eb-45b5-b5b4-facb8b6490f3:,6551,OCESN8441F1187_F:OUI:FR:Line::145aae45-17eb-45b5-b5b4-facb8b6490f3::87391003:87581009:5:902:20260703,8441,0.0,23104,
FR:Line::145aae45-17eb-45b5-b5b4-facb8b6490f3:,6552,OCESN8441F1187_F:OUI:FR:Line::145aae45-17eb-45b5-b5b4-facb8b6490f3::87391003:87581009:5:902:20260829,8441,0.0,23105,
FR:Line::145aae45-17eb-45b5-b5b4-facb8b6490f3:,1170,OCESN8441F1187_F:OUI:FR:Line::145aae45-17eb-45b5-b5b4-facb8b6490f3::87391003:87581009:5:906:20260328,8441,0.0,23106,
FR:Line::145aae45-17eb-45b5-b5b4-facb8b6490f3:,2080,OCESN8441F1187_F:OUI:FR:Line::145aae45-17eb-45b5-b5b4-facb8b6490f3::87391003:87581009:5:906:20260327,8441,0.0,23107,
FR:Line::145aae45-17eb-45b5-b5b4-facb8b6490f3:,71,OCESN8441F1187_F:OUI:FR:Line::145aae45-17eb-45b5-b5b4-facb8b6490f3::87391003:87581009:5:1002:20260523,8441,0.0,23108,
FR:Line::145aae45-17eb-45b5-b5b4-facb8b6490f3:,942,OCESN8441F1187_F:OUI:FR:Line::145aae45-17eb-45b5-b5b4-facb8b6490f3::87391003:87581009:5:904:20260402,8441,0.0,23109,
FR:Line::145aae45-17eb-45b5-b5b4-facb8b6490f3:,198,OCESN8441F1187_F:OUI:FR:Line::145aae45-17eb-45b5-b5b4-facb8b6490f3::87391003:87581009:5:904:20260403,8441,0.0,23110,
FR:Line::145aae45-17eb-45b5-b5b4-facb8b6490f3:,6553,OCESN8441F1187_F:OUI:FR:Line::145aae45-17eb-45b5-b5b4-facb8b6490f3::87391003:87581009:5:920:20260627,8441,0.0,23111,
FR:Line::145aae45-17eb-45b5-b5b4-facb8b6490f3:,6554,OCESN8441F1187_F:OUI:FR:Line::145aae45-17eb-45b5-b5b4-facb8b6490f3::87391003:87581009:5:920:20260822,8441,0.0,23112,
FR:Line::145aae45-17eb-45b5-b5b4-facb8b6490f3:,98,OCESN8441F1187_F:OUI:FR:Line::145aae45-17eb-45b5-b5b4-facb8b6490f3::87391003:87581009:5:936:20260514,8441,0.0,23113,
FR:Line::145aae45-17eb-45b5-b5b4-facb8b6490f3:,352,OCESN8441F1187_F:OUI:FR:Line::145aae45-17eb-45b5-b5b4-facb8b6490f3::87391003:87581009:5:908:20260512,8441,0.0,23114,
FR:Line::145aae45-17eb-45b5-b5b4-facb8b6490f3:,309,OCESN8441F1187_F:OUI:FR:Line::145aae45-17eb-45b5-b5b4-facb8b6490f3::87391003:87581009:5:908:20260513,8441,0.0,23115,
FR:Line::145aae45-17eb-45b5-b5b4-facb8b6490f3:,141,OCESN8441F1187_F:OUI:FR:Line::145aae45-17eb-45b5-b5b4-facb8b6490f3::87391003:87581009:5:908:20260425,8441,0.0,23116,
FR:Line::145aae45-17eb-45b5-b5b4-facb8b6490f3:,330,OCESN8441F1187_F:OUI:FR:Line::145aae45-17eb-45b5-b5b4-facb8b6490f3::87391003:87581009:5:1037:20260516,8441,0.0,23117,
FR:Line::145aae45-17eb-45b5-b5b4-facb8b6490f3:,6555,OCESN8441F1187_F:OUI:FR:Line::145aae45-17eb-45b5-b5b4-facb8b6490f3::87391003:87581009:5:905:20260418,8441,0.0,23118,
FR:Line::145aae45-17eb-45b5-b5b4-facb8b6490f3:,2010,OCESN8441F1187_F:OUI:FR:Line::145aae45-17eb-45b5-b5b4-facb8b6490f3::87391003:87581009:5:905:20260416,8441,0.0,23119,
FR:Line::145aae45-17eb-45b5-b5b4-facb8b6490f3:,109,OCESN8441F1187_F:OUI:FR:Line::145aae45-17eb-45b5-b5b4-facb8b6490f3::87391003:87581009:5:905:20260417,8441,0.0,23120,
FR:Line::145aae45-17eb-45b5-b5b4-facb8b6490f3:,128,OCESN8441F1187_F:OUI:FR:Line::145aae45-17eb-45b5-b5b4-facb8b6490f3::87391003:87581009:5:902:20260831,8441,0.0,23121,
FR:Line::145aae45-17eb-45b5-b5b4-facb8b6490f3:,1091,OCESN8441F1187_F:OUI:FR:Line::145aae45-17eb-45b5-b5b4-facb8b6490f3::87391003:87581009:5:906:20260326,8441,0.0,23122,
FR:Line::145aae45-17eb-45b5-b5b4-facb8b6490f3:,97,OCESN8441F1187_F:OUI:FR:Line::145aae45-17eb-45b5-b5b4-facb8b6490f3::87391003:87581009:5:904:20260404,8441,0.0,23123,
FR:Line::145aae45-17eb-45b5-b5b4-facb8b6490f3:,426,OCESN8442F1187_F:OUI:FR:Line::145aae45-17eb-45b5-b5b4-facb8b6490f3::87581009:87391003:4:2045:20260830,8442,1.0,23173,
FR:Line::145aae45-17eb-45b5-b5b4-facb8b6490f3:,380,OCESN8442F1187_F:OUI:FR:Line::145aae45-17eb-45b5-b5b4-facb8b6490f3::87581009:87391003:4:2045:20260329,8442,1.0,23174,
FR:Line::145aae45-17eb-45b5-b5b4-facb8b6490f3:,134,OCESN8442F1187_F:OUI:FR:Line::145aae45-17eb-45b5-b5b4-facb8b6490f3::87581009:87391003:4:2045:20260426,8442,1.0,23175,
FR:Line::145aae45-17eb-45b5-b5b4-facb8b6490f3:,116,OCESN8442F1187_F:OUI:FR:Line::145aae45-17eb-45b5-b5b4-facb8b6490f3::87581009:87391003:4:2045:20260517,8442,1.0,23176,
FR:Line::145aae45-17eb-45b5-b5b4-facb8b6490f3:,2783,OCESN8442F1187_F:OUI:FR:Line::145aae45-17eb-45b5-b5b4-facb8b6490f3::87581009:87391003:4:2045:20260510,8442,1.0,23177,
FR:Line::145aae45-17eb-45b5-b5b4-facb8b6490f3:,4427,OCESN8442F1187_F:OUI:FR:Line::145aae45-17eb-45b5-b5b4-facb8b6490f3::87581009:87391003:4:2045:20260419,8442,1.0,23178,
FR:Line::145aae45-17eb-45b5-b5b4-facb8b6490f3:,789,OCESN8445F1187_F:OUI:FR:Line::145aae45-17eb-45b5-b5b4-facb8b6490f3::87391003:87581009:5:1306:20260329,8445,0.0,23200,
FR:Line::145aae45-17eb-45b5-b5b4-facb8b6490f3:,965,OCESN8445F1187_F:OUI:FR:Line::145aae45-17eb-45b5-b5b4-facb8b6490f3::87391003:87581009:4:1240:20260313,8445,0.0,23201,
FR:Line::145aae45-17eb-45b5-b5b4-facb8b6490f3:,6562,OCESN8445F1187_F:OUI:FR:Line::145aae45-17eb-45b5-b5b4-facb8b6490f3::87391003:87581009:3:1240:20260320,8445,0.0,23202,
FR:Line::145aae45-17eb-45b5-b5b4-facb8b6490f3:,6563,OCESN8445F1187_F:OUI:FR:Line::145aae45-17eb-45b5-b5b4-facb8b6490f3::87391003:87581009:5:1302:20260702,8445,0.0,23203,
FR:Line::145aae45-17eb-45b5-b5b4-facb8b6490f3:,4971,OCESN8445F1187_F:OUI:FR:Line::145aae45-17eb-45b5-b5b4-facb8b6490f3::87391003:87581009:5:1304:20260626,8445,0.0,23204,
FR:Line::145aae45-17eb-45b5-b5b4-facb8b6490f3:,6564,OCESN8445F1187_F:OUI:FR:Line::145aae45-17eb-45b5-b5b4-facb8b6490f3::87391003:87581009:5:1302:20260701,8445,0.0,23205,
FR:Line::145aae45-17eb-45b5-b5b4-facb8b6490f3:,6565,OCESN8445F1187_F:OUI:FR:Line::145aae45-17eb-45b5-b5b4-facb8b6490f3::87391003:87581009:5:1303:20260830,8445,0.0,23206,
FR:Line::145aae45-17eb-45b5-b5b4-facb8b6490f3:,6566,OCESN8445F1187_F:OUI:FR:Line::145aae45-17eb-45b5-b5b4-facb8b6490f3::87391003:87581009:5:1303:20260828,8445,0.0,23207,
FR:Line::145aae45-17eb-45b5-b5b4-facb8b6490f3:,325,OCESN8445F1187_F:OUI:FR:Line::145aae45-17eb-45b5-b5b4-facb8b6490f3::87391003:87581009:5:1302:20260703,8445,0.0,23208,
FR:Line::145aae45-17eb-45b5-b5b4-facb8b6490f3:,6567,OCESN8445F1187_F:OUI:FR:Line::145aae45-17eb-45b5-b5b4-facb8b6490f3::87391003:87581009:5:1303:20260829,8445,0.0,23209,
FR:Line::145aae45-17eb-45b5-b5b4-facb8b6490f3:,3,OCESN8445F1187_F:OUI:FR:Line::145aae45-17eb-45b5-b5b4-facb8b6490f3::87391003:87581009:5:1303:20260713,8445,0.0,23210,
FR:Line::145aae45-17eb-45b5-b5b4-facb8b6490f3:,2011,OCESN8445F1187_F:OUI:FR:Line::145aae45-17eb-45b5-b5b4-facb8b6490f3::87391003:87581009:4:1246:20260410,8445,0.0,23211,
FR:Line::145aae45-17eb-45b5-b5b4-facb8b6490f3:,115,OCESN8445F1187_F:OUI:FR:Line::145aae45-17eb-45b5-b5b4-facb8b6490f3::87391003:87581009:5:1302:20260525,8445,0.0,23212,
FR:Line::145aae45-17eb-45b5-b5b4-facb8b6490f3:,4979,OCESN8445F1187_F:OUI:FR:Line::145aae45-17eb-45b5-b5b4-facb8b6490f3::87391003:87581009:4:1249:20260521,8445,0.0,23213,
FR:Line::145aae45-17eb-45b5-b5b4-facb8b6490f3:,48,OCESN8445F1187_F:OUI:FR:Line::145aae45-17eb-45b5-b5b4-facb8b6490f3::87391003:87581009:5:1340:20260515,8445,0.0,23214,
FR:Line::145aae45-17eb-45b5-b5b4-facb8b6490f3:,3202,OCESN8445F1187_F:OUI:FR:Line::145aae45-17eb-45b5-b5b4-facb8b6490f3::87391003:87581009:4:1244:20260413,8445,0.0,23215,
FR:Line::145aae45-17eb-45b5-b5b4-facb8b6490f3:,2455,OCESN8445F1187_F:OUI:FR:Line::145aae45-17eb-45b5-b5b4-facb8b6490f3::87391003:87581009:4:1247:20260512,8445,0.0,23216,
FR:Line::145aae45-17eb-45b5-b5b4-facb8b6490f3:,8,OCESN8445F1187_F:OUI:FR:Line::145aae45-17eb-45b5-b5b4-facb8b6490f3::87391003:87581009:4:1247:20260513,8445,0.0,23217,
FR:Line::145aae45-17eb-45b5-b5b4-facb8b6490f3:,1164,OCESN8445F1187_F:OUI:FR:Line::145aae45-17eb-45b5-b5b4-facb8b6490f3::87391003:87581009:5:1306:20260426,8445,0.0,23218,
FR:Line::145aae45-17eb-45b5-b5b4-facb8b6490f3:,5003,OCESN8445F1187_F:OUI:FR:Line::145aae45-17eb-45b5-b5b4-facb8b6490f3::87391003:87581009:5:1306:20260509,8445,0.0,23219,
FR:Line::145aae45-17eb-45b5-b5b4-facb8b6490f3:,95,OCESN8445F1187_F:OUI:FR:Line::145aae45-17eb-45b5-b5b4-facb8b6490f3::87391003:87581009:5:1305:20260501,8445,0.0,23220,
FR:Line::145aae45-17eb-45b5-b5b4-facb8b6490f3:,6568,OCESN8445F1187_F:OUI:FR:Line::145aae45-17eb-45b5-b5b4-facb8b6490f3::87391003:87581009:4:1243:20260415,8445,0.0,23221,
FR:Line::145aae45-17eb-45b5-b5b4-facb8b6490f3:,291,OCESN8445F1187_F:OUI:FR:Line::145aae45-17eb-45b5-b5b4-facb8b6490f3::87391003:87581009:5:1305:20260517,8445,0.0,23222,
FR:Line::145aae45-17eb-45b5-b5b4-facb8b6490f3:,6569,OCESN8445F1187_F:OUI:FR:Line::145aae45-17eb-45b5-b5b4-facb8b6490f3::87391003:87581009:4:1244:20260414,8445,0.0,23223,
FR:Line::145aae45-17eb-45b5-b5b4-facb8b6490f3:,109,OCESN8445F1187_F:OUI:FR:Line::145aae45-17eb-45b5-b5b4-facb8b6490f3::87391003:87581009:4:1244:20260417,8445,0.0,23224,
FR:Line::145aae45-17eb-45b5-b5b4-facb8b6490f3:,6570,OCESN8445F1187_F:OUI:FR:Line::145aae45-17eb-45b5-b5b4-facb8b6490f3::87391003:87581009:5:1309:20260529,8445,0.0,23225,
FR:Line::145aae45-17eb-45b5-b5b4-facb8b6490f3:,6571,OCESN8445F1187_F:OUI:FR:Line::145aae45-17eb-45b5-b5b4-facb8b6490f3::87391003:87581009:5:1305:20260506,8445,0.0,23226,
FR:Line::145aae45-17eb-45b5-b5b4-facb8b6490f3:,373,OCESN8445F1187_F:OUI:FR:Line::145aae45-17eb-45b5-b5b4-facb8b6490f3::87391003:87581009:5:1305:20260430,8445,0.0,23227,
FR:Line::145aae45-17eb-45b5-b5b4-facb8b6490f3:,3622,OCESN8445F1187_F:OUI:FR:Line::145aae45-17eb-45b5-b5b4-facb8b6490f3::87391003:87581009:4:1247:20260505,8445,0.0,23228,
FR:Line::145aae45-17eb-45b5-b5b4-facb8b6490f3:,368,OCESN8445F1187_F:OUI:FR:Line::145aae45-17eb-45b5-b5b4-facb8b6490f3::87391003:87581009:4:1247:20260424,8445,0.0,23229,
FR:Line::145aae45-17eb-45b5-b5b4-facb8b6490f3:,2306,OCESN8445F1187_F:OUI:FR:Line::145aae45-17eb-45b5-b5b4-facb8b6490f3::87391003:87581009:4:1246:20260421,8445,0.0,23230,
FR:Line::145aae45-17eb-45b5-b5b4-facb8b6490f3:,543,OCESN8445F1187_F:OUI:FR:Line::145aae45-17eb-45b5-b5b4-facb8b6490f3::87391003:87581009:5:1309:20260522,8445,0.0,23231,
FR:Line::145aae45-17eb-45b5-b5b4-facb8b6490f3:,2606,OCESN8445F1187_F:OUI:FR:Line::145aae45-17eb-45b5-b5b4-facb8b6490f3::87391003:87581009:5:1309:20260605,8445,0.0,23232,
FR:Line::145aae45-17eb-45b5-b5b4-facb8b6490f3:,363,OCESN8445F1187_F:OUI:FR:Line::145aae45-17eb-45b5-b5b4-facb8b6490f3::87391003:87581009:3:1243:20260327,8445,0.0,23233,
FR:Line::145aae45-17eb-45b5-b5b4-facb8b6490f3:,3480,OCESN8445F1187_F:OUI:FR:Line::145aae45-17eb-45b5-b5b4-facb8b6490f3::87391003:87581009:4:1246:20260420,8445,0.0,23234,
FR:Line::145aae45-17eb-45b5-b5b4-facb8b6490f3:,3430,OCESN8445F1187_F:OUI:FR:Line::145aae45-17eb-45b5-b5b4-facb8b6490f3::87391003:87581009:5:1338:20260516,8445,0.0,23235,
FR:Line::145aae45-17eb-45b5-b5b4-facb8b6490f3:,3448,OCESN8445F1187_F:OUI:FR:Line::145aae45-17eb-45b5-b5b4-facb8b6490f3::87391003:87581009:5:1303:20260419,8445,0.0,23236,
FR:Line::145aae45-17eb-45b5-b5b4-facb8b6490f3:,745,OCESN8445F1187_F:OUI:FR:Line::145aae45-17eb-45b5-b5b4-facb8b6490f3::87391003:87581009:5:1303:20260406,8445,0.0,23237,
FR:Line::145aae45-17eb-45b5-b5b4-facb8b6490f3:,6572,OCESN8445F1187_F:OUI:FR:Line::145aae45-17eb-45b5-b5b4-facb8b6490f3::87391003:87581009:4:1243:20260416,8445,0.0,23238,
FR:Line::145aae45-17eb-45b5-b5b4-facb8b6490f3:,2451,OCESN8445F1187_F:OUI:FR:Line::145aae45-17eb-45b5-b5b4-facb8b6490f3::87391003:87581009:4:1247:20260423,8445,0.0,23239,
FR:Line::145aae45-17eb-45b5-b5b4-facb8b6490f3:,2157,OCESN8445F1187_F:OUI:FR:Line::145aae45-17eb-45b5-b5b4-facb8b6490f3::87391003:87581009:4:1247:20260507,8445,0.0,23240,
FR:Line::145aae45-17eb-45b5-b5b4-facb8b6490f3:,128,OCESN8445F1187_F:OUI:FR:Line::145aae45-17eb-45b5-b5b4-facb8b6490f3::87391003:87581009:5:1302:20260831,8445,0.0,23241,
FR:Line::145aae45-17eb-45b5-b5b4-facb8b6490f3:,6573,OCESN8445F1187_F:OUI:FR:Line::145aae45-17eb-45b5-b5b4-facb8b6490f3::87391003:87581009:4:1240:20260317,8445,0.0,23242,
FR:Line::145aae45-17eb-45b5-b5b4-facb8b6490f3:,6579,OCESN8447F1187_F:OUI:FR:Line::145aae45-17eb-45b5-b5b4-facb8b6490f3::87391003:87581009:4:1906:20260702,8447,0.0,23290,
FR:Line::145aae45-17eb-45b5-b5b4-facb8b6490f3:,2080,OCESN8447F1187_F:OUI:FR:Line::145aae45-17eb-45b5-b5b4-facb8b6490f3::87391003:87581009:4:1906:20260327,8447,0.0,23291,
FR:Line::145aae45-17eb-45b5-b5b4-facb8b6490f3:,6580,OCESN8447F1187_F:OUI:FR:Line::145aae45-17eb-45b5-b5b4-facb8b6490f3::87391003:87581009:4:1908:20260512,8447,0.0,23292,
FR:Line::145aae45-17eb-45b5-b5b4-facb8b6490f3:,309,OCESN8447F1187_F:OUI:FR:Line::145aae45-17eb-45b5-b5b4-facb8b6490f3::87391003:87581009:4:1907:20260513,8447,0.0,23293,
FR:Line::145aae45-17eb-45b5-b5b4-facb8b6490f3:,6581,OCESN8447F1187_F:OUI:FR:Line::145aae45-17eb-45b5-b5b4-facb8b6490f3::87391003:87581009:4:1907:20260511,8447,0.0,23294,
FR:Line::145aae45-17eb-45b5-b5b4-facb8b6490f3:,6582,OCESN8447F1187_F:OUI:FR:Line::145aae45-17eb-45b5-b5b4-facb8b6490f3::87391003:87581009:4:1906:20260703,8447,0.0,23295,
FR:Line::145aae45-17eb-45b5-b5b4-facb8b6490f3:,6583,OCESN8447F1187_F:OUI:FR:Line::145aae45-17eb-45b5-b5b4-facb8b6490f3::87391003:87581009:4:1906:20260416,8447,0.0,23296,
FR:Line::145aae45-17eb-45b5-b5b4-facb8b6490f3:,6584,OCESN8447F1187_F:OUI:FR:Line::145aae45-17eb-45b5-b5b4-facb8b6490f3::87391003:87581009:4:1846:20260830,8447,0.0,23297,
FR:Line::145aae45-17eb-45b5-b5b4-facb8b6490f3:,6585,OCESN8447F1187_F:OUI:FR:Line::145aae45-17eb-45b5-b5b4-facb8b6490f3::87391003:87581009:4:1846:20260829,8447,0.0,23298,
FR:Line::145aae45-17eb-45b5-b5b4-facb8b6490f3:,128,OCESN8447F1187_F:OUI:FR:Line::145aae45-17eb-45b5-b5b4-facb8b6490f3::87391003:87581009:4:1906:20260831,8447,0.0,23299,
FR:Line::145aae45-17eb-45b5-b5b4-facb8b6490f3:,6586,OCESN8447F1187_F:OUI:FR:Line::145aae45-17eb-45b5-b5b4-facb8b6490f3::87391003:87581009:4:1906:20260326,8447,0.0,23300,
FR:Line::145aae45-17eb-45b5-b5b4-facb8b6490f3:,6587,OCESN8447F1187_F:OUI:FR:Line::145aae45-17eb-45b5-b5b4-facb8b6490f3::87391003:87581009:4:1905:20260319,8447,0.0,23301,
FR:Line::145aae45-17eb-45b5-b5b4-facb8b6490f3:,4805,OCESN8449F1187_F:OUI:FR:Line::145aae45-17eb-45b5-b5b4-facb8b6490f3::87391003:87581009:7:2006:20260828,8449,0.0,23393,
FR:Line::145aae45-17eb-45b5-b5b4-facb8b6490f3:,6606,OCESN8450F1187_F:OUI:FR:Line::145aae45-17eb-45b5-b5b4-facb8b6490f3::87581009:87391003:7:2204:20260830,8450,1.0,23510,
FR:Line::145aae45-17eb-45b5-b5b4-facb8b6490f3:,6607,OCESN8450F1187_F:OUI:FR:Line::145aae45-17eb-45b5-b5b4-facb8b6490f3::87581009:87391003:7:2202:20260831,8450,1.0,23511,
FR:Line::145aae45-17eb-45b5-b5b4-facb8b6490f3:,6608,OCESN8450F1187_F:OUI:FR:Line::145aae45-17eb-45b5-b5b4-facb8b6490f3::87581009:87391003:7:2202:20260828,8450,1.0,23512,
FR:Line::145aae45-17eb-45b5-b5b4-facb8b6490f3:,210,OCESN8450F1187_F:OUI:FR:Line::145aae45-17eb-45b5-b5b4-facb8b6490f3::87581009:87391003:5:2202:20260530,8450,1.0,23513,
FR:Line::145aae45-17eb-45b5-b5b4-facb8b6490f3:,102,OCESN8450F1187_F:OUI:FR:Line::145aae45-17eb-45b5-b5b4-facb8b6490f3::87581009:87391003:5:2144:20260531,8450,1.0,23514,
FR:Line::145aae45-17eb-45b5-b5b4-facb8b6490f3:,5180,OCESN8450F1187_F:OUI:FR:Line::145aae45-17eb-45b5-b5b4-facb8b6490f3::87581009:87391003:7:2202:20260829,8450,1.0,23515,
FR:Line::145aae45-17eb-45b5-b5b4-facb8b6490f3:,2119,OCESN8450F1187_F:OUI:FR:Line::145aae45-17eb-45b5-b5b4-facb8b6490f3::87581009:87391003:7:2203:20260328,8450,1.0,23516,
FR:Line::145aae45-17eb-45b5-b5b4-facb8b6490f3:,380,OCESN8450F1187_F:OUI:FR:Line::145aae45-17eb-45b5-b5b4-facb8b6490f3::87581009:87391003:7:2204:20260329,8450,1.0,23517,
FR:Line::145aae45-17eb-45b5-b5b4-facb8b6490f3:,48,OCESN8450F1187_F:OUI:FR:Line::145aae45-17eb-45b5-b5b4-facb8b6490f3::87581009:87391003:7:2207:20260515,8450,1.0,23518,
FR:Line::145aae45-17eb-45b5-b5b4-facb8b6490f3:,293,OCESN8450F1187_F:OUI:FR:Line::145aae45-17eb-45b5-b5b4-facb8b6490f3::87581009:87391003:7:2204:20260517,8450,1.0,23519,
FR:Line::145aae45-17eb-45b5-b5b4-facb8b6490f3:,98,OCESN8450F1187_F:OUI:FR:Line::145aae45-17eb-45b5-b5b4-facb8b6490f3::87581009:87391003:7:2203:20260514,8450,1.0,23520,
FR:Line::145aae45-17eb-45b5-b5b4-facb8b6490f3:,6609,OCESN8450F1187_F:OUI:FR:Line::145aae45-17eb-45b5-b5b4-facb8b6490f3::87581009:87391003:7:2202:20260612,8450,1.0,23521,
FR:Line::145aae45-17eb-45b5-b5b4-facb8b6490f3:,371,OCESN8450F1187_F:OUI:FR:Line::145aae45-17eb-45b5-b5b4-facb8b6490f3::87581009:87391003:7:2202:20260417,8450,1.0,23522,
FR:Line::145aae45-17eb-45b5-b5b4-facb8b6490f3:,409,OCESN8450F1187_F:OUI:FR:Line::145aae45-17eb-45b5-b5b4-facb8b6490f3::87581009:87391003:7:2202:20260418,8450,1.0,23523,
FR:Line::145aae45-17eb-45b5-b5b4-facb8b6490f3:,341,OCESN8450F1187_F:OUI:FR:Line::145aae45-17eb-45b5-b5b4-facb8b6490f3::87581009:87391003:7:2203:20260513,8450,1.0,23524,
FR:Line::145aae45-17eb-45b5-b5b4-facb8b6490f3:,403,OCESN8450F1187_F:OUI:FR:Line::145aae45-17eb-45b5-b5b4-facb8b6490f3::87581009:87391003:7:2203:20260508,8450,1.0,23525,
FR:Line::145aae45-17eb-45b5-b5b4-facb8b6490f3:,4427,OCESN8450F1187_F:OUI:FR:Line::145aae45-17eb-45b5-b5b4-facb8b6490f3::87581009:87391003:7:2204:20260419,8450,1.0,23526,
FR:Line::145aae45-17eb-45b5-b5b4-facb8b6490f3:,5143,OCESN8450F1187_F:OUI:FR:Line::145aae45-17eb-45b5-b5b4-facb8b6490f3::87581009:87391003:7:2208:20260611,8450,1.0,23527,
FR:Line::145aae45-17eb-45b5-b5b4-facb8b6490f3:,5547,OCESN8450F1187_F:OUI:FR:Line::145aae45-17eb-45b5-b5b4-facb8b6490f3::87581009:87391003:7:2208:20260606,8450,1.0,23528,
FR:Line::145aae45-17eb-45b5-b5b4-facb8b6490f3:,214,OCESN8450F1187_F:OUI:FR:Line::145aae45-17eb-45b5-b5b4-facb8b6490f3::87581009:87391003:7:2203:20260327,8450,1.0,23529,
FR:Line::145aae45-17eb-45b5-b5b4-facb8b6490f3:,972,OCESN8454F1187_F:OUI:FR:Line::145aae45-17eb-45b5-b5b4-facb8b6490f3::87581009:87391003:5:2421:20260315,8454,1.0,23530,
FR:Line::145aae45-17eb-45b5-b5b4-facb8b6490f3:,2209,OCESN8454F1187_F:OUI:FR:Line::145aae45-17eb-45b5-b5b4-facb8b6490f3::87581009:87391003:5:2422:20260605,8454,1.0,23531,
FR:Line::145aae45-17eb-45b5-b5b4-facb8b6490f3:,1875,OCESN8454F1187_F:OUI:FR:Line::145aae45-17eb-45b5-b5b4-facb8b6490f3::87581009:87391003:5:2419:20260628,8454,1.0,23532,
FR:Line::145aae45-17eb-45b5-b5b4-facb8b6490f3:,36,OCESN8454F1187_F:OUI:FR:Line::145aae45-17eb-45b5-b5b4-facb8b6490f3::87581009:87391003:5:2419:20260830,8454,1.0,23533,
FR:Line::145aae45-17eb-45b5-b5b4-facb8b6490f3:,1183,OCESN8454F1187_F:OUI:FR:Line::145aae45-17eb-45b5-b5b4-facb8b6490f3::87581009:87391003:5:2419:20260327,8454,1.0,23534,
FR:Line::145aae45-17eb-45b5-b5b4-facb8b6490f3:,6610,OCESN8454F1187_F:OUI:FR:Line::145aae45-17eb-45b5-b5b4-facb8b6490f3::87581009:87391003:5:2419:20260329,8454,1.0,23535,
FR:Line::145aae45-17eb-45b5-b5b4-facb8b6490f3:,109,OCESN8454F1187_F:OUI:FR:Line::145aae45-17eb-45b5-b5b4-facb8b6490f3::87581009:87391003:5:2321:20260417,8454,1.0,23536,
FR:Line::145aae45-17eb-45b5-b5b4-facb8b6490f3:,111,OCESN8454F1187_F:OUI:FR:Line::145aae45-17eb-45b5-b5b4-facb8b6490f3::87581009:87391003:5:2423:20260313,8454,1.0,23537,
FR:Line::145aae45-17eb-45b5-b5b4-facb8b6490f3:,106,OCESN8454F1187_F:OUI:FR:Line::145aae45-17eb-45b5-b5b4-facb8b6490f3::87581009:87391003:5:2419:20260406,8454,1.0,23538,
FR:Line::145aae45-17eb-45b5-b5b4-facb8b6490f3:,2011,OCESN8454F1187_F:OUI:FR:Line::145aae45-17eb-45b5-b5b4-facb8b6490f3::87581009:87391003:5:2419:20260410,8454,1.0,23539,
FR:Line::145aae45-17eb-45b5-b5b4-facb8b6490f3:,198,OCESN8454F1187_F:OUI:FR:Line::145aae45-17eb-45b5-b5b4-facb8b6490f3::87581009:87391003:5:2420:20260403,8454,1.0,23540,
FR:Line::145aae45-17eb-45b5-b5b4-facb8b6490f3:,6611,OCESN8454F1187_F:OUI:FR:Line::145aae45-17eb-45b5-b5b4-facb8b6490f3::87581009:87391003:5:2419:20260513,8454,1.0,23541,
FR:Line::145aae45-17eb-45b5-b5b4-facb8b6490f3:,110,OCESN8454F1187_F:OUI:FR:Line::145aae45-17eb-45b5-b5b4-facb8b6490f3::87581009:87391003:5:2419:20260607,8454,1.0,23542,
FR:Line::145aae45-17eb-45b5-b5b4-facb8b6490f3:,102,OCESN8454F1187_F:OUI:FR:Line::145aae45-17eb-45b5-b5b4-facb8b6490f3::87581009:87391003:5:2420:20260531,8454,1.0,23543,
FR:Line::145aae45-17eb-45b5-b5b4-facb8b6490f3:,293,OCESN8454F1187_F:OUI:FR:Line::145aae45-17eb-45b5-b5b4-facb8b6490f3::87581009:87391003:5:2419:20260517,8454,1.0,23544,
FR:Line::145aae45-17eb-45b5-b5b4-facb8b6490f3:,3787,OCESN8454F1187_F:OUI:FR:Line::145aae45-17eb-45b5-b5b4-facb8b6490f3::87581009:87391003:5:2419:20260419,8454,1.0,23545,
FR:Line::145aae45-17eb-45b5-b5b4-facb8b6490f3:,6612,OCESN8454F1187_F:OUI:FR:Line::145aae45-17eb-45b5-b5b4-facb8b6490f3::87581009:87391003:5:2423:20260821,8454,1.0,23546,
FR:Line::145aae45-17eb-45b5-b5b4-facb8b6490f3:,318,OCESN8454F1187_F:OUI:FR:Line::145aae45-17eb-45b5-b5b4-facb8b6490f3::87581009:87391003:5:2423:20260731,8454,1.0,23547,
FR:Line::145aae45-17eb-45b5-b5b4-facb8b6490f3:,6613,OCESN8454F1187_F:OUI:FR:Line::145aae45-17eb-45b5-b5b4-facb8b6490f3::87581009:87391003:5:2419:20260828,8454,1.0,23548,
FR:Line::145aae45-17eb-45b5-b5b4-facb8b6490f3:,75,OCESN8454F1187_F:OUI:FR:Line::145aae45-17eb-45b5-b5b4-facb8b6490f3::87581009:87391003:5:2419:20260714,8454,1.0,23549,
FR:Line::145aae45-17eb-45b5-b5b4-facb8b6490f3:,6614,OCESN8454F1187_F:OUI:FR:Line::145aae45-17eb-45b5-b5b4-facb8b6490f3::87581009:87391003:5:2419:20260703,8454,1.0,23550,
FR:Line::145aae45-17eb-45b5-b5b4-facb8b6490f3:,108,OCESN8461F1187_F:OUI:FR:Line::145aae45-17eb-45b5-b5b4-facb8b6490f3::87391003:87581009:5:2448:20260320,8461,0.0,23551,
FR:Line::145aae45-17eb-45b5-b5b4-facb8b6490f3:,6615,OCESN8461F1187_F:OUI:FR:Line::145aae45-17eb-45b5-b5b4-facb8b6490f3::87391003:87581009:5:2444:20260714,8461,0.0,23552,
FR:Line::145aae45-17eb-45b5-b5b4-facb8b6490f3:,21,OCESN8461F1187_F:OUI:FR:Line::145aae45-17eb-45b5-b5b4-facb8b6490f3::87391003:87581009:5:2448:20260329,8461,0.0,23553,
FR:Line::145aae45-17eb-45b5-b5b4-facb8b6490f3:,5908,OCESN8461F1187_F:OUI:FR:Line::145aae45-17eb-45b5-b5b4-facb8b6490f3::87391003:87581009:5:2449:20260517,8461,0.0,23554,
FR:Line::145aae45-17eb-45b5-b5b4-facb8b6490f3:,325,OCESN8461F1187_F:OUI:FR:Line::145aae45-17eb-45b5-b5b4-facb8b6490f3::87391003:87581009:5:2421:20260703,8461,0.0,23555,
FR:Line::145aae45-17eb-45b5-b5b4-facb8b6490f3:,6616,OCESN8461F1187_F:OUI:FR:Line::145aae45-17eb-45b5-b5b4-facb8b6490f3::87391003:87581009:5:2447:20260830,8461,0.0,23556,
FR:Line::145aae45-17eb-45b5-b5b4-facb8b6490f3:,6617,OCESN8461F1187_F:OUI:FR:Line::145aae45-17eb-45b5-b5b4-facb8b6490f3::87391003:87581009:5:2421:20260814,8461,0.0,23557,
FR:Line::145aae45-17eb-45b5-b5b4-facb8b6490f3:,327,OCESN8461F1187_F:OUI:FR:Line::145aae45-17eb-45b5-b5b4-facb8b6490f3::87391003:87581009:5:2447:20260816,8461,0.0,23558,
FR:Line::145aae45-17eb-45b5-b5b4-facb8b6490f3:,73,OCESN8461F1187_F:OUI:FR:Line::145aae45-17eb-45b5-b5b4-facb8b6490f3::87391003:87581009:5:2421:20260327,8461,0.0,23559,
FR:Line::145aae45-17eb-45b5-b5b4-facb8b6490f3:,86,OCESN8461F1187_F:OUI:FR:Line::145aae45-17eb-45b5-b5b4-facb8b6490f3::87391003:87581009:5:2452:20260315,8461,0.0,23560,
FR:Line::145aae45-17eb-45b5-b5b4-facb8b6490f3:,543,OCESN8461F1187_F:OUI:FR:Line::145aae45-17eb-45b5-b5b4-facb8b6490f3::87391003:87581009:5:2424:20260522,8461,0.0,23561,
FR:Line::145aae45-17eb-45b5-b5b4-facb8b6490f3:,8,OCESN8461F1187_F:OUI:FR:Line::145aae45-17eb-45b5-b5b4-facb8b6490f3::87391003:87581009:5:2422:20260513,8461,0.0,23562,
FR:Line::145aae45-17eb-45b5-b5b4-facb8b6490f3:,257,OCESN8461F1187_F:OUI:FR:Line::145aae45-17eb-45b5-b5b4-facb8b6490f3::87391003:87581009:5:2423:20260619,8461,0.0,23563,
FR:Line::145aae45-17eb-45b5-b5b4-facb8b6490f3:,109,OCESN8461F1187_F:OUI:FR:Line::145aae45-17eb-45b5-b5b4-facb8b6490f3::87391003:87581009:5:2426:20260417,8461,0.0,23564,
FR:Line::145aae45-17eb-45b5-b5b4-facb8b6490f3:,11,OCESN8461F1187_F:OUI:FR:Line::145aae45-17eb-45b5-b5b4-facb8b6490f3::87391003:87581009:5:2428:20260306,8461,0.0,23565,
FR:Line::145aae45-17eb-45b5-b5b4-facb8b6490f3:,6618,OCESN8461F1187_F:OUI:FR:Line::145aae45-17eb-45b5-b5b4-facb8b6490f3::87391003:87581009:5:2424:20260612,8461,0.0,23566,
FR:Line::145aae45-17eb-45b5-b5b4-facb8b6490f3:,4989,OCESN8461F1187_F:OUI:FR:Line::145aae45-17eb-45b5-b5b4-facb8b6490f3::87391003:87581009:5:2515:20260726,8461,0.0,23567,
FR:Line::145aae45-17eb-45b5-b5b4-facb8b6490f3:,655,OCESN8461F1187_F:OUI:FR:Line::145aae45-17eb-45b5-b5b4-facb8b6490f3::87391003:87581009:5:2435:20260313,8461,0.0,23568,
FR:Line::145aae45-17eb-45b5-b5b4-facb8b6490f3:,313,OCESN8461F1187_F:OUI:FR:Line::145aae45-17eb-45b5-b5b4-facb8b6490f3::87391003:87581009:5:2425:20260507,8461,0.0,23569,
FR:Line::145aae45-17eb-45b5-b5b4-facb8b6490f3:,368,OCESN8461F1187_F:OUI:FR:Line::145aae45-17eb-45b5-b5b4-facb8b6490f3::87391003:87581009:5:2429:20260424,8461,0.0,23570,
FR:Line::145aae45-17eb-45b5-b5b4-facb8b6490f3:,6619,OCESN8461F1187_F:OUI:FR:Line::145aae45-17eb-45b5-b5b4-facb8b6490f3::87391003:87581009:5:2424:20260821,8461,0.0,23571,
FR:Line::145aae45-17eb-45b5-b5b4-facb8b6490f3:,1202,OCESN8461F1187_F:OUI:FR:Line::145aae45-17eb-45b5-b5b4-facb8b6490f3::87391003:87581009:5:2424:20260626,8461,0.0,23572,
FR:Line::145aae45-17eb-45b5-b5b4-facb8b6490f3:,106,OCESN8461F1187_F:OUI:FR:Line::145aae45-17eb-45b5-b5b4-facb8b6490f3::87391003:87581009:5:2443:20260406,8461,0.0,23573,
FR:Line::145aae45-17eb-45b5-b5b4-facb8b6490f3:,518,OCESN8461F1187_F:OUI:FR:Line::145aae45-17eb-45b5-b5b4-facb8b6490f3::87391003:87581009:5:2446:20260410,8461,0.0,23574,
FR:Line::145aae45-17eb-45b5-b5b4-facb8b6490f3:,4128,OCESN8461F1187_F:OUI:FR:Line::145aae45-17eb-45b5-b5b4-facb8b6490f3::87391003:87581009:5:2446:20260412,8461,0.0,23575,
FR:Line::145aae45-17eb-45b5-b5b4-facb8b6490f3:,506,OCESN8461F1187_F:OUI:FR:Line::145aae45-17eb-45b5-b5b4-facb8b6490f3::87391003:87581009:5:2444:20260828,8461,0.0,23576,
FR:Line::9684FBBE-75D8-461A-B8F4-44181F11CFBC:,3,OCESN8470F1187_F:OUI:FR:Line::9684FBBE-75D8-461A-B8F4-44181F11CFBC::87582668:87391003:6:1715:20260713,8470,0.0,23671,
FR:Line::9684FBBE-75D8-461A-B8F4-44181F11CFBC:,6629,OCESN8470F1187_F:OUI:FR:Line::9684FBBE-75D8-461A-B8F4-44181F11CFBC::87582668:87391003:6:1715:20260725,8470,0.0,23672,
FR:Line::9684FBBE-75D8-461A-B8F4-44181F11CFBC:,3321,OCESN8470F1187_F:OUI:FR:Line::9684FBBE-75D8-461A-B8F4-44181F11CFBC::87582668:87391003:6:1715:20260801,8470,0.0,23673,
FR:Line::9684FBBE-75D8-461A-B8F4-44181F11CFBC:,1261,OCESN8470F1187_F:OUI:FR:Line::9684FBBE-75D8-461A-B8F4-44181F11CFBC::87582668:87391003:6:1715:20260829,8470,0.0,23674,
FR:Line::9684FBBE-75D8-461A-B8F4-44181F11CFBC:,84,OCESN8470F1187_F:OUI:FR:Line::9684FBBE-75D8-461A-B8F4-44181F11CFBC::87582668:87391003:6:1715:20260718,8470,0.0,23675,
OCESN-87391003-87582668,6631,OCESN8471F1187_F:OUI:OCESN-87391003-87582668:87391003:87582668:6:1109:20260829,8471,0.0,23677,
OCESN-87391003-87582668,4103,OCESN8471F1187_F:OUI:OCESN-87391003-87582668:87391003:87582668:6:1109:20260808,8471,0.0,23678,
FR:Line::9684FBBE-75D8-461A-B8F4-44181F11CFBC:,879,OCESN8472F1187_F:OUI:FR:Line::9684FBBE-75D8-461A-B8F4-44181F11CFBC::87582668:87391003:5:1926:20260725,8472,0.0,23679,
FR:Line::9684FBBE-75D8-461A-B8F4-44181F11CFBC:,436,OCESN8472F1187_F:OUI:FR:Line::9684FBBE-75D8-461A-B8F4-44181F11CFBC::87582668:87391003:5:1926:20260628,8472,0.0,23680,
FR:Line::9684FBBE-75D8-461A-B8F4-44181F11CFBC:,977,OCESN8472F1187_F:OUI:FR:Line::9684FBBE-75D8-461A-B8F4-44181F11CFBC::87582668:87391003:5:1926:20260328,8472,0.0,23681,
FR:Line::9684FBBE-75D8-461A-B8F4-44181F11CFBC:,76,OCESN8472F1187_F:OUI:FR:Line::9684FBBE-75D8-461A-B8F4-44181F11CFBC::87582668:87391003:5:1926:20260307,8472,0.0,23682,
FR:Line::9684FBBE-75D8-461A-B8F4-44181F11CFBC:,380,OCESN8472F1187_F:OUI:FR:Line::9684FBBE-75D8-461A-B8F4-44181F11CFBC::87582668:87391003:5:1926:20260329,8472,0.0,23683,
FR:Line::9684FBBE-75D8-461A-B8F4-44181F11CFBC:,161,OCESN8472F1187_F:OUI:FR:Line::9684FBBE-75D8-461A-B8F4-44181F11CFBC::87581009:87391003:3:1930:20260524,8472,0.0,23684,
FR:Line::9684FBBE-75D8-461A-B8F4-44181F11CFBC:,410,OCESN8472F1187_F:OUI:FR:Line::9684FBBE-75D8-461A-B8F4-44181F11CFBC::87581009:87391003:3:1930:20260509,8472,0.0,23685,
FR:Line::9684FBBE-75D8-461A-B8F4-44181F11CFBC:,291,OCESN8472F1187_F:OUI:FR:Line::9684FBBE-75D8-461A-B8F4-44181F11CFBC::87582668:87391003:5:1930:20260517,8472,0.0,23686,
FR:Line::9684FBBE-75D8-461A-B8F4-44181F11CFBC:,48,OCESN8472F1187_F:OUI:FR:Line::9684FBBE-75D8-461A-B8F4-44181F11CFBC::87581009:87391003:3:1857:20260515,8472,0.0,23687,
FR:Line::9684FBBE-75D8-461A-B8F4-44181F11CFBC:,115,OCESN8472F1187_F:OUI:FR:Line::9684FBBE-75D8-461A-B8F4-44181F11CFBC::87582668:87391003:5:1930:20260525,8472,0.0,23688,
FR:Line::9684FBBE-75D8-461A-B8F4-44181F11CFBC:,106,OCESN8472F1187_F:OUI:FR:Line::9684FBBE-75D8-461A-B8F4-44181F11CFBC::87582668:87391003:5:1927:20260406,8472,0.0,23689,
FR:Line::9684FBBE-75D8-461A-B8F4-44181F11CFBC:,204,OCESN8472F1187_F:OUI:FR:Line::9684FBBE-75D8-461A-B8F4-44181F11CFBC::87581009:87391003:3:1907:20260516,8472,0.0,23690,
FR:Line::9684FBBE-75D8-461A-B8F4-44181F11CFBC:,345,OCESN8472F1187_F:OUI:FR:Line::9684FBBE-75D8-461A-B8F4-44181F11CFBC::87582668:87391003:5:1930:20260502,8472,0.0,23691,
FR:Line::9684FBBE-75D8-461A-B8F4-44181F11CFBC:,134,OCESN8472F1187_F:OUI:FR:Line::9684FBBE-75D8-461A-B8F4-44181F11CFBC::87582668:87391003:5:1930:20260426,8472,0.0,23692,
FR:Line::9684FBBE-75D8-461A-B8F4-44181F11CFBC:,95,OCESN8472F1187_F:OUI:FR:Line::9684FBBE-75D8-461A-B8F4-44181F11CFBC::87582668:87391003:5:1930:20260501,8472,0.0,23693,
FR:Line::9684FBBE-75D8-461A-B8F4-44181F11CFBC:,98,OCESN8472F1187_F:OUI:FR:Line::9684FBBE-75D8-461A-B8F4-44181F11CFBC::87582668:87391003:5:2016:20260514,8472,0.0,23694,
FR:Line::9684FBBE-75D8-461A-B8F4-44181F11CFBC:,6632,OCESN8472F1187_F:OUI:FR:Line::9684FBBE-75D8-461A-B8F4-44181F11CFBC::87582668:87391003:5:1926:20260808,8472,0.0,23695,
FR:Line::9684FBBE-75D8-461A-B8F4-44181F11CFBC:,3,OCESN8472F1187_F:OUI:FR:Line::9684FBBE-75D8-461A-B8F4-44181F11CFBC::87582668:87391003:5:1926:20260713,8472,0.0,23696,
FR:Line::9684FBBE-75D8-461A-B8F4-44181F11CFBC:,3787,OCESN8472F1187_F:OUI:FR:Line::9684FBBE-75D8-461A-B8F4-44181F11CFBC::87582668:87391003:5:1927:20260419,8472,0.0,23697,
FR:Line::9684FBBE-75D8-461A-B8F4-44181F11CFBC:,762,OCESN8472F1187_F:OUI:FR:Line::9684FBBE-75D8-461A-B8F4-44181F11CFBC::87582668:87391003:5:1927:20260411,8472,0.0,23698,
FR:Line::9684FBBE-75D8-461A-B8F4-44181F11CFBC:,739,OCESN8472F1187_F:OUI:FR:Line::9684FBBE-75D8-461A-B8F4-44181F11CFBC::87582668:87391003:5:1927:20260418,8472,0.0,23699,
FR:Line::9684FBBE-75D8-461A-B8F4-44181F11CFBC:,6633,OCESN8472F1187_F:OUI:FR:Line::9684FBBE-75D8-461A-B8F4-44181F11CFBC::87582668:87391003:5:1926:20260830,8472,0.0,23700,
FR:Line::9684FBBE-75D8-461A-B8F4-44181F11CFBC:,6634,OCESN8472F1187_F:OUI:FR:Line::9684FBBE-75D8-461A-B8F4-44181F11CFBC::87582668:87391003:5:1926:20260829,8472,0.0,23701,
FR:Line::9684FBBE-75D8-461A-B8F4-44181F11CFBC:,407,OCESN8472F1187_F:OUI:FR:Line::9684FBBE-75D8-461A-B8F4-44181F11CFBC::87582668:87391003:5:1930:20260620,8472,0.0,23702,
FR:Line::9684FBBE-75D8-461A-B8F4-44181F11CFBC:,3977,OCESN8472F1187_F:OUI:FR:Line::9684FBBE-75D8-461A-B8F4-44181F11CFBC::87582668:87391003:5:1930:20260621,8472,0.0,23703,
FR:Line::9684FBBE-75D8-461A-B8F4-44181F11CFBC:,412,OCESN8472F1187_F:OUI:FR:Line::9684FBBE-75D8-461A-B8F4-44181F11CFBC::87582668:87391003:5:1908:20260827,8472,0.0,23704,
FR:Line::9684FBBE-75D8-461A-B8F4-44181F11CFBC:,637,OCESN8472F1187_F:OUI:FR:Line::9684FBBE-75D8-461A-B8F4-44181F11CFBC::87582668:87391003:5:1900:20260828,8472,0.0,23705,
FR:Line::9684FBBE-75D8-461A-B8F4-44181F11CFBC:,6635,OCESN8472F1187_F:OUI:FR:Line::9684FBBE-75D8-461A-B8F4-44181F11CFBC::87582668:87391003:5:1908:20260824,8472,0.0,23706,
FR:Line::9684FBBE-75D8-461A-B8F4-44181F11CFBC:,6636,OCESN8472F1187_F:OUI:FR:Line::9684FBBE-75D8-461A-B8F4-44181F11CFBC::87582668:87391003:5:1900:20260814,8472,0.0,23707,
FR:Line::9684FBBE-75D8-461A-B8F4-44181F11CFBC:,318,OCESN8472F1187_F:OUI:FR:Line::9684FBBE-75D8-461A-B8F4-44181F11CFBC::87582668:87391003:5:1900:20260731,8472,0.0,23708,
FR:Line::9684FBBE-75D8-461A-B8F4-44181F11CFBC:,6637,OCESN8472F1187_F:OUI:FR:Line::9684FBBE-75D8-461A-B8F4-44181F11CFBC::87582668:87391003:5:1908:20260820,8472,0.0,23709,
FR:Line::9684FBBE-75D8-461A-B8F4-44181F11CFBC:,6638,OCESN8473F1187_F:OUI:FR:Line::9684FBBE-75D8-461A-B8F4-44181F11CFBC::87391003:87582668:4:1337:20260830,8473,1.0,23710,
FR:Line::9684FBBE-75D8-461A-B8F4-44181F11CFBC:,6639,OCESN8473F1187_F:OUI:FR:Line::9684FBBE-75D8-461A-B8F4-44181F11CFBC::87391003:87582668:4:1337:20260510,8473,1.0,23711,
FR:Line::9684FBBE-75D8-461A-B8F4-44181F11CFBC:,6640,OCESN8473F1187_F:OUI:FR:Line::9684FBBE-75D8-461A-B8F4-44181F11CFBC::87391003:87582668:4:1337:20260726,8473,1.0,23712,
FR:Line::9684FBBE-75D8-461A-B8F4-44181F11CFBC:,6641,OCESN8473F1187_F:OUI:FR:Line::9684FBBE-75D8-461A-B8F4-44181F11CFBC::87391003:87582668:4:1337:20260712,8473,1.0,23713,
FR:Line::9684FBBE-75D8-461A-B8F4-44181F11CFBC:,6642,OCESN8473F1187_F:OUI:FR:Line::9684FBBE-75D8-461A-B8F4-44181F11CFBC::87391003:87582668:4:1337:20260523,8473,1.0,23714,
FR:Line::9684FBBE-75D8-461A-B8F4-44181F11CFBC:,1726,OCESN8473F1187_F:OUI:FR:Line::9684FBBE-75D8-461A-B8F4-44181F11CFBC::87391003:87582668:4:1411:20260807,8473,1.0,23715,
FR:Line::9684FBBE-75D8-461A-B8F4-44181F11CFBC:,410,OCESN8473F1187_F:OUI:FR:Line::9684FBBE-75D8-461A-B8F4-44181F11CFBC::87391003:87581009:2:1248:20260509,8473,1.0,23716,
FR:Line::9684FBBE-75D8-461A-B8F4-44181F11CFBC:,6643,OCESN8473F1187_F:OUI:FR:Line::9684FBBE-75D8-461A-B8F4-44181F11CFBC::87391003:87582668:4:1411:20260827,8473,1.0,23717,
FR:Line::9684FBBE-75D8-461A-B8F4-44181F11CFBC:,422,OCESN8473F1187_F:OUI:FR:Line::9684FBBE-75D8-461A-B8F4-44181F11CFBC::87391003:87582668:4:1411:20260731,8473,1.0,23718,
FR:Line::9684FBBE-75D8-461A-B8F4-44181F11CFBC:,6644,OCESN8473F1187_F:OUI:FR:Line::9684FBBE-75D8-461A-B8F4-44181F11CFBC::87391003:87582668:4:1411:20260730,8473,1.0,23719,
FR:Line::9684FBBE-75D8-461A-B8F4-44181F11CFBC:,6645,OCESN8473F1187_F:OUI:FR:Line::9684FBBE-75D8-461A-B8F4-44181F11CFBC::87391003:87582668:4:1337:20260816,8473,1.0,23720,
FR:Line::9684FBBE-75D8-461A-B8F4-44181F11CFBC:,4103,OCESN8473F1187_F:OUI:FR:Line::9684FBBE-75D8-461A-B8F4-44181F11CFBC::87391003:87582668:4:1337:20260808,8473,1.0,23721,
FR:Line::9684FBBE-75D8-461A-B8F4-44181F11CFBC:,303,OCESN8473F1187_F:OUI:FR:Line::9684FBBE-75D8-461A-B8F4-44181F11CFBC::87391003:87582668:4:1411:20260828,8473,1.0,23722,
FR:Line::9684FBBE-75D8-461A-B8F4-44181F11CFBC:,1238,OCESN8473F1187_F:OUI:FR:Line::9684FBBE-75D8-461A-B8F4-44181F11CFBC::87391003:87582668:4:1337:20260829,8473,1.0,23723,
FR:Line::9684FBBE-75D8-461A-B8F4-44181F11CFBC:,789,OCESN8473F1187_F:OUI:FR:Line::9684FBBE-75D8-461A-B8F4-44181F11CFBC::87391003:87582668:4:1339:20260329,8473,1.0,23724,
FR:Line::9684FBBE-75D8-461A-B8F4-44181F11CFBC:,98,OCESN8473F1187_F:OUI:FR:Line::9684FBBE-75D8-461A-B8F4-44181F11CFBC::87391003:87582668:4:1337:20260514,8473,1.0,23725,
FR:Line::9684FBBE-75D8-461A-B8F4-44181F11CFBC:,204,OCESN8473F1187_F:OUI:FR:Line::9684FBBE-75D8-461A-B8F4-44181F11CFBC::87391003:87581009:2:1310:20260516,8473,1.0,23726,
FR:Line::9684FBBE-75D8-461A-B8F4-44181F11CFBC:,141,OCESN8473F1187_F:OUI:FR:Line::9684FBBE-75D8-461A-B8F4-44181F11CFBC::87391003:87582668:4:1337:20260425,8473,1.0,23727,
FR:Line::9684FBBE-75D8-461A-B8F4-44181F11CFBC:,95,OCESN8473F1187_F:OUI:FR:Line::9684FBBE-75D8-461A-B8F4-44181F11CFBC::87391003:87582668:4:1337:20260501,8473,1.0,23728,
FR:Line::9684FBBE-75D8-461A-B8F4-44181F11CFBC:,116,OCESN8473F1187_F:OUI:FR:Line::9684FBBE-75D8-461A-B8F4-44181F11CFBC::87391003:87582668:4:1337:20260517,8473,1.0,23729,
FR:Line::9684FBBE-75D8-461A-B8F4-44181F11CFBC:,6646,OCESN8473F1187_F:OUI:FR:Line::9684FBBE-75D8-461A-B8F4-44181F11CFBC::87391003:87582668:4:1337:20260525,8473,1.0,23730,
FR:Line::9684FBBE-75D8-461A-B8F4-44181F11CFBC:,161,OCESN8473F1187_F:OUI:FR:Line::9684FBBE-75D8-461A-B8F4-44181F11CFBC::87391003:87581009:2:1248:20260524,8473,1.0,23731,
FR:Line::9684FBBE-75D8-461A-B8F4-44181F11CFBC:,48,OCESN8473F1187_F:OUI:FR:Line::9684FBBE-75D8-461A-B8F4-44181F11CFBC::87391003:87581009:2:1223:20260515,8473,1.0,23732,
OCESN-87391003-87582668,778,OCESN8475F1187_F:OUI:OCESN-87391003-87582668:87391003:87582668:4:1803:20260412,8475,0.0,23857,
OCESN-87391003-87582668,291,OCESN8475F1187_F:OUI:OCESN-87391003-87582668:87391003:87582668:4:1803:20260517,8475,0.0,23858,
OCESN-87391003-87582668,6667,OCESN8475F1187_F:OUI:OCESN-87391003-87582668:87391003:87582668:4:1803:20260621,8475,0.0,23859,
OCESN-87391003-87581009,161,OCESN8475F1187_F:OUI:OCESN-87391003-87581009:87391003:87581009:2:1714:20260524,8475,0.0,23860,
OCESN-87391003-87582668,6668,OCESN8475F1187_F:OUI:OCESN-87391003-87582668:87391003:87582668:4:1803:20260628,8475,0.0,23861,
OCESN-87391003-87582668,380,OCESN8475F1187_F:OUI:OCESN-87391003-87582668:87391003:87582668:4:1808:20260329,8475,0.0,23862,
OCESN-87391003-87582668,134,OCESN8475F1187_F:OUI:OCESN-87391003-87582668:87391003:87582668:4:1803:20260426,8475,0.0,23863,
OCESN-87391003-87582668,57,OCESN8475F1187_F:OUI:OCESN-87391003-87582668:87391003:87582668:4:1804:20260705,8475,0.0,23864,
OCESN-87391003-87582668,6669,OCESN8475F1187_F:OUI:OCESN-87391003-87582668:87391003:87582668:4:1804:20260830,8475,0.0,23865,
OCESN-87391003-87582668,4586,OCESN8475F1187_F:OUI:OCESN-87391003-87582668:87391003:87582668:4:1804:20260714,8475,0.0,23866,
OCESN-87391003-87582668,327,OCESN8475F1187_F:OUI:OCESN-87391003-87582668:87391003:87582668:4:1804:20260816,8475,0.0,23867,
FR:Line::145aae45-17eb-45b5-b5b4-facb8b6490f3:,6702,OCESN8476F1187_F:OUI:FR:Line::145aae45-17eb-45b5-b5b4-facb8b6490f3::87582668:87391003:7:2240:20260830,8476,1.0,23983,
FR:Line::145aae45-17eb-45b5-b5b4-facb8b6490f3:,115,OCESN8476F1187_F:OUI:FR:Line::145aae45-17eb-45b5-b5b4-facb8b6490f3::87582668:87391003:7:2240:20260525,8476,1.0,23984,
FR:Line::145aae45-17eb-45b5-b5b4-facb8b6490f3:,6703,OCESN8476F1187_F:OUI:FR:Line::145aae45-17eb-45b5-b5b4-facb8b6490f3::87582668:87391003:7:2240:20260809,8476,1.0,23985,
FR:Line::145aae45-17eb-45b5-b5b4-facb8b6490f3:,6208,OCESN8476F1187_F:OUI:FR:Line::145aae45-17eb-45b5-b5b4-facb8b6490f3::87582668:87391003:7:2240:20260419,8476,1.0,23986,
FR:Line::145aae45-17eb-45b5-b5b4-facb8b6490f3:,106,OCESN8476F1187_F:OUI:FR:Line::145aae45-17eb-45b5-b5b4-facb8b6490f3::87582668:87391003:7:2240:20260406,8476,1.0,23987,
FR:Line::145aae45-17eb-45b5-b5b4-facb8b6490f3:,291,OCESN8476F1187_F:OUI:FR:Line::145aae45-17eb-45b5-b5b4-facb8b6490f3::87582668:87391003:7:2240:20260517,8476,1.0,23988,
FR:Line::145aae45-17eb-45b5-b5b4-facb8b6490f3:,134,OCESN8476F1187_F:OUI:FR:Line::145aae45-17eb-45b5-b5b4-facb8b6490f3::87582668:87391003:7:2240:20260426,8476,1.0,23989,
FR:Line::9684FBBE-75D8-461A-B8F4-44181F11CFBC:,2080,OCESN8477F1187_F:OUI:FR:Line::9684FBBE-75D8-461A-B8F4-44181F11CFBC::87391003:87582668:5:2144:20260327,8477,1.0,24088,
FR:Line::9684FBBE-75D8-461A-B8F4-44181F11CFBC:,368,OCESN8477F1187_F:OUI:FR:Line::9684FBBE-75D8-461A-B8F4-44181F11CFBC::87391003:87582668:5:2147:20260424,8477,1.0,24089,
FR:Line::9684FBBE-75D8-461A-B8F4-44181F11CFBC:,6732,OCESN8477F1187_F:OUI:FR:Line::9684FBBE-75D8-461A-B8F4-44181F11CFBC::87391003:87582668:5:2140:20260828,8477,1.0,24090,
FR:Line::9684FBBE-75D8-461A-B8F4-44181F11CFBC:,6733,OCESN8477F1187_F:OUI:FR:Line::9684FBBE-75D8-461A-B8F4-44181F11CFBC::87391003:87582668:4:2147:20260506,8477,1.0,24091,
FR:Line::9684FBBE-75D8-461A-B8F4-44181F11CFBC:,6734,OCESN8477F1187_F:OUI:FR:Line::9684FBBE-75D8-461A-B8F4-44181F11CFBC::87391003:87582668:4:2147:20260625,8477,1.0,24092,
FR:Line::9684FBBE-75D8-461A-B8F4-44181F11CFBC:,544,OCESN8477F1187_F:OUI:FR:Line::9684FBBE-75D8-461A-B8F4-44181F11CFBC::87391003:87582668:5:2147:20260513,8477,1.0,24093,
FR:Line::9684FBBE-75D8-461A-B8F4-44181F11CFBC:,6735,OCESN8477F1187_F:OUI:FR:Line::9684FBBE-75D8-461A-B8F4-44181F11CFBC::87391003:87582668:4:2137:20260827,8477,1.0,24094,
FR:Line::9684FBBE-75D8-461A-B8F4-44181F11CFBC:,6736,OCESN8477F1187_F:OUI:FR:Line::9684FBBE-75D8-461A-B8F4-44181F11CFBC::87391003:87582668:4:2147:20260624,8477,1.0,24095,
FR:Line::9684FBBE-75D8-461A-B8F4-44181F11CFBC:,6737,OCESN8477F1187_F:OUI:FR:Line::9684FBBE-75D8-461A-B8F4-44181F11CFBC::87391003:87582668:5:2140:20260731,8477,1.0,24096,
FR:Line::9684FBBE-75D8-461A-B8F4-44181F11CFBC:,6738,OCESN8477F1187_F:OUI:FR:Line::9684FBBE-75D8-461A-B8F4-44181F11CFBC::87391003:87582668:4:2137:20260730,8477,1.0,24097,
FR:Line::9684FBBE-75D8-461A-B8F4-44181F11CFBC:,6739,OCESN8477F1187_F:OUI:FR:Line::9684FBBE-75D8-461A-B8F4-44181F11CFBC::87391003:87582668:4:2147:20260512,8477,1.0,24098,
FR:Line::9684FBBE-75D8-461A-B8F4-44181F11CFBC:,128,OCESN8477F1187_F:OUI:FR:Line::9684FBBE-75D8-461A-B8F4-44181F11CFBC::87391003:87582668:4:2137:20260831,8477,1.0,24099,
FR:Line::9684FBBE-75D8-461A-B8F4-44181F11CFBC:,1091,OCESN8477F1187_F:OUI:FR:Line::9684FBBE-75D8-461A-B8F4-44181F11CFBC::87391003:87582668:4:2147:20260326,8477,1.0,24100,
OCESN-87582668-87391003,411,OCESN8478F1187_F:OUI:OCESN-87582668-87391003:87582668:87391003:4:855:20260502,8478,1.0,24154,
OCESN-87582668-87391003,6753,OCESN8478F1187_F:OUI:OCESN-87582668-87391003:87582668:87391003:4:855:20260828,8478,1.0,24155,
OCESN-87581009-87391003,50,OCESN8478F1187_F:OUI:OCESN-87581009-87391003:87581009:87391003:2:855:20260509:1,8478,1.0,24156,
OCESN-87582668-87391003,358,OCESN8478F1187_F:OUI:OCESN-87582668-87391003:87582668:87391003:4:855:20260831,8478,1.0,24157,
OCESN-87582668-87391003,2119,OCESN8478F1187_F:OUI:OCESN-87582668-87391003:87582668:87391003:4:855:20260328,8478,1.0,24158,
OCESN-87582668-87391003,48,OCESN8478F1187_F:OUI:OCESN-87582668-87391003:87582668:87391003:4:1016:20260515,8478,1.0,24159,
OCESN-87582668-87391003,98,OCESN8478F1187_F:OUI:OCESN-87582668-87391003:87582668:87391003:4:1014:20260514,8478,1.0,24160,
OCESN-87582668-87391003,6754,OCESN8478F1187_F:OUI:OCESN-87582668-87391003:87582668:87391003:4:855:20260513,8478,1.0,24161,
OCESN-87581009-87391003,204,OCESN8478F1187_F:OUI:OCESN-87581009-87391003:87581009:87391003:2:941:20260516,8478,1.0,24162,
OCESN-87582668-87391003,371,OCESN8478F1187_F:OUI:OCESN-87582668-87391003:87582668:87391003:4:855:20260417,8478,1.0,24163,
OCESN-87582668-87391003,6755,OCESN8478F1187_F:OUI:OCESN-87582668-87391003:87582668:87391003:4:855:20260626,8478,1.0,24164,
OCESN-87582668-87391003,214,OCESN8478F1187_F:OUI:OCESN-87582668-87391003:87582668:87391003:4:855:20260327,8478,1.0,24165,
OCESN-87391003-87582668,293,OCESN8479F1187_F:OUI:OCESN-87391003-87582668:87391003:87582668:4:2008:20260517,8479,0.0,24347,
OCESN-87391003-87582668,6794,OCESN8479F1187_F:OUI:OCESN-87391003-87582668:87391003:87582668:4:2008:20260830,8479,0.0,24348,
OCESN-87391003-87582668,57,OCESN8479F1187_F:OUI:OCESN-87391003-87582668:87391003:87582668:4:2008:20260705,8479,0.0,24349,
OCESN-87391003-87582668,327,OCESN8479F1187_F:OUI:OCESN-87391003-87582668:87391003:87582668:4:2008:20260816,8479,0.0,24350,
FR:Line::145aae45-17eb-45b5-b5b4-facb8b6490f3:,6868,OCESN8480F1187_F:OUI:FR:Line::145aae45-17eb-45b5-b5b4-facb8b6490f3::87581009:87391003:5:840:20260717,8480,1.0,24625,
FR:Line::145aae45-17eb-45b5-b5b4-facb8b6490f3:,6869,OCESN8480F1187_F:OUI:FR:Line::145aae45-17eb-45b5-b5b4-facb8b6490f3::87581009:87391003:5:840:20260629,8480,1.0,24626,
FR:Line::145aae45-17eb-45b5-b5b4-facb8b6490f3:,6870,OCESN8480F1187_F:OUI:FR:Line::145aae45-17eb-45b5-b5b4-facb8b6490f3::87581009:87391003:5:840:20260417,8480,1.0,24627,
FR:Line::145aae45-17eb-45b5-b5b4-facb8b6490f3:,6871,OCESN8480F1187_F:OUI:FR:Line::145aae45-17eb-45b5-b5b4-facb8b6490f3::87581009:87391003:5:840:20260511,8480,1.0,24628,
FR:Line::145aae45-17eb-45b5-b5b4-facb8b6490f3:,98,OCESN8480F1187_F:OUI:FR:Line::145aae45-17eb-45b5-b5b4-facb8b6490f3::87581009:87391003:5:840:20260514,8480,1.0,24629,
FR:Line::145aae45-17eb-45b5-b5b4-facb8b6490f3:,330,OCESN8480F1187_F:OUI:FR:Line::145aae45-17eb-45b5-b5b4-facb8b6490f3::87581009:87391003:5:846:20260516,8480,1.0,24630,
FR:Line::145aae45-17eb-45b5-b5b4-facb8b6490f3:,409,OCESN8480F1187_F:OUI:FR:Line::145aae45-17eb-45b5-b5b4-facb8b6490f3::87581009:87391003:5:840:20260418,8480,1.0,24631,
FR:Line::145aae45-17eb-45b5-b5b4-facb8b6490f3:,50,OCESN8480F1187_F:OUI:FR:Line::145aae45-17eb-45b5-b5b4-facb8b6490f3::87581009:87391003:4:846:20260509,8480,1.0,24632,
FR:Line::145aae45-17eb-45b5-b5b4-facb8b6490f3:,71,OCESN8480F1187_F:OUI:FR:Line::145aae45-17eb-45b5-b5b4-facb8b6490f3::87581009:87391003:5:847:20260523,8480,1.0,24633,
FR:Line::145aae45-17eb-45b5-b5b4-facb8b6490f3:,6872,OCESN8480F1187_F:OUI:FR:Line::145aae45-17eb-45b5-b5b4-facb8b6490f3::87581009:87391003:5:840:20260828,8480,1.0,24634,
FR:Line::145aae45-17eb-45b5-b5b4-facb8b6490f3:,5799,OCESN8480F1187_F:OUI:FR:Line::145aae45-17eb-45b5-b5b4-facb8b6490f3::87581009:87391003:5:840:20260430,8480,1.0,24635,
FR:Line::145aae45-17eb-45b5-b5b4-facb8b6490f3:,3462,OCESN8480F1187_F:OUI:FR:Line::145aae45-17eb-45b5-b5b4-facb8b6490f3::87581009:87391003:5:840:20260427,8480,1.0,24636,
FR:Line::145aae45-17eb-45b5-b5b4-facb8b6490f3:,141,OCESN8480F1187_F:OUI:FR:Line::145aae45-17eb-45b5-b5b4-facb8b6490f3::87581009:87391003:5:840:20260425,8480,1.0,24637,
FR:Line::145aae45-17eb-45b5-b5b4-facb8b6490f3:,6165,OCESN8480F1187_F:OUI:FR:Line::145aae45-17eb-45b5-b5b4-facb8b6490f3::87581009:87391003:5:846:20260508,8480,1.0,24638,
FR:Line::145aae45-17eb-45b5-b5b4-facb8b6490f3:,3074,OCESN8480F1187_F:OUI:FR:Line::145aae45-17eb-45b5-b5b4-facb8b6490f3::87581009:87391003:5:840:20260513,8480,1.0,24639,
FR:Line::145aae45-17eb-45b5-b5b4-facb8b6490f3:,6873,OCESN8480F1187_F:OUI:FR:Line::145aae45-17eb-45b5-b5b4-facb8b6490f3::87581009:87391003:5:840:20260413,8480,1.0,24640,
FR:Line::145aae45-17eb-45b5-b5b4-facb8b6490f3:,468,OCESN8480F1187_F:OUI:FR:Line::145aae45-17eb-45b5-b5b4-facb8b6490f3::87581009:87391003:4:840:20260323,8480,1.0,24641,
FR:Line::145aae45-17eb-45b5-b5b4-facb8b6490f3:,128,OCESN8480F1187_F:OUI:FR:Line::145aae45-17eb-45b5-b5b4-facb8b6490f3::87581009:87391003:5:840:20260831,8480,1.0,24642,
FR:Line::145aae45-17eb-45b5-b5b4-facb8b6490f3:,3070,OCESN8480F1187_F:OUI:FR:Line::145aae45-17eb-45b5-b5b4-facb8b6490f3::87581009:87391003:4:840:20260327,8480,1.0,24643,
FR:Line::145aae45-17eb-45b5-b5b4-facb8b6490f3:,6587,OCESN8483F1187_F:OUI:FR:Line::145aae45-17eb-45b5-b5b4-facb8b6490f3::87391003:87581009:5:1013:20260319,8483,0.0,24644,
FR:Line::145aae45-17eb-45b5-b5b4-facb8b6490f3:,108,OCESN8483F1187_F:OUI:FR:Line::145aae45-17eb-45b5-b5b4-facb8b6490f3::87391003:87581009:5:1013:20260320,8483,0.0,24645,
FR:Line::145aae45-17eb-45b5-b5b4-facb8b6490f3:,11,OCESN8483F1187_F:OUI:FR:Line::145aae45-17eb-45b5-b5b4-facb8b6490f3::87391003:87581009:5:1012:20260306,8483,0.0,24646,
FR:Line::145aae45-17eb-45b5-b5b4-facb8b6490f3:,2119,OCESN8483F1187_F:OUI:FR:Line::145aae45-17eb-45b5-b5b4-facb8b6490f3::87391003:87581009:5:1012:20260328,8483,0.0,24647,
FR:Line::145aae45-17eb-45b5-b5b4-facb8b6490f3:,6874,OCESN8483F1187_F:OUI:FR:Line::145aae45-17eb-45b5-b5b4-facb8b6490f3::87391003:87581009:5:1013:20260318,8483,0.0,24648,
FR:Line::145aae45-17eb-45b5-b5b4-facb8b6490f3:,655,OCESN8483F1187_F:OUI:FR:Line::145aae45-17eb-45b5-b5b4-facb8b6490f3::87391003:87581009:5:1013:20260313,8483,0.0,24649,
FR:Line::145aae45-17eb-45b5-b5b4-facb8b6490f3:,6875,OCESN8483F1187_F:OUI:FR:Line::145aae45-17eb-45b5-b5b4-facb8b6490f3::87391003:87581009:5:1010:20260829,8483,0.0,24650,
FR:Line::145aae45-17eb-45b5-b5b4-facb8b6490f3:,370,OCESN8483F1187_F:OUI:FR:Line::145aae45-17eb-45b5-b5b4-facb8b6490f3::87391003:87581009:5:1010:20260626,8483,0.0,24651,
FR:Line::145aae45-17eb-45b5-b5b4-facb8b6490f3:,210,OCESN8483F1187_F:OUI:FR:Line::145aae45-17eb-45b5-b5b4-facb8b6490f3::87391003:87581009:4:939:20260530,8483,0.0,24652,
FR:Line::145aae45-17eb-45b5-b5b4-facb8b6490f3:,140,OCESN8483F1187_F:OUI:FR:Line::145aae45-17eb-45b5-b5b4-facb8b6490f3::87391003:87581009:5:1010:20260704,8483,0.0,24653,
FR:Line::145aae45-17eb-45b5-b5b4-facb8b6490f3:,325,OCESN8483F1187_F:OUI:FR:Line::145aae45-17eb-45b5-b5b4-facb8b6490f3::87391003:87581009:5:1010:20260703,8483,0.0,24654,
FR:Line::145aae45-17eb-45b5-b5b4-facb8b6490f3:,50,OCESN8483F1187_F:OUI:FR:Line::145aae45-17eb-45b5-b5b4-facb8b6490f3::87391003:87581009:5:945:20260509,8483,0.0,24655,
FR:Line::145aae45-17eb-45b5-b5b4-facb8b6490f3:,204,OCESN8483F1187_F:OUI:FR:Line::145aae45-17eb-45b5-b5b4-facb8b6490f3::87391003:87581009:5:1015:20260516,8483,0.0,24656,
FR:Line::145aae45-17eb-45b5-b5b4-facb8b6490f3:,1255,OCESN8483F1187_F:OUI:FR:Line::145aae45-17eb-45b5-b5b4-facb8b6490f3::87391003:87581009:5:1015:20260331,8483,0.0,24657,
FR:Line::145aae45-17eb-45b5-b5b4-facb8b6490f3:,97,OCESN8483F1187_F:OUI:FR:Line::145aae45-17eb-45b5-b5b4-facb8b6490f3::87391003:87581009:5:1012:20260404,8483,0.0,24658,
FR:Line::145aae45-17eb-45b5-b5b4-facb8b6490f3:,48,OCESN8483F1187_F:OUI:FR:Line::145aae45-17eb-45b5-b5b4-facb8b6490f3::87391003:87581009:5:1021:20260515,8483,0.0,24659,
FR:Line::145aae45-17eb-45b5-b5b4-facb8b6490f3:,368,OCESN8483F1187_F:OUI:FR:Line::145aae45-17eb-45b5-b5b4-facb8b6490f3::87391003:87581009:5:1017:20260424,8483,0.0,24660,
FR:Line::145aae45-17eb-45b5-b5b4-facb8b6490f3:,1650,OCESN8483F1187_F:OUI:FR:Line::145aae45-17eb-45b5-b5b4-facb8b6490f3::87391003:87581009:5:1017:20260423,8483,0.0,24661,
FR:Line::145aae45-17eb-45b5-b5b4-facb8b6490f3:,6876,OCESN8483F1187_F:OUI:FR:Line::145aae45-17eb-45b5-b5b4-facb8b6490f3::87391003:87581009:5:1025:20260410,8483,0.0,24662,
FR:Line::145aae45-17eb-45b5-b5b4-facb8b6490f3:,6877,OCESN8483F1187_F:OUI:FR:Line::145aae45-17eb-45b5-b5b4-facb8b6490f3::87391003:87581009:5:1025:20260416,8483,0.0,24663,
FR:Line::145aae45-17eb-45b5-b5b4-facb8b6490f3:,109,OCESN8483F1187_F:OUI:FR:Line::145aae45-17eb-45b5-b5b4-facb8b6490f3::87391003:87581009:5:1025:20260417,8483,0.0,24664,
FR:Line::145aae45-17eb-45b5-b5b4-facb8b6490f3:,544,OCESN8483F1187_F:OUI:FR:Line::145aae45-17eb-45b5-b5b4-facb8b6490f3::87391003:87581009:5:1015:20260513,8483,0.0,24665,
FR:Line::145aae45-17eb-45b5-b5b4-facb8b6490f3:,6878,OCESN8483F1187_F:OUI:FR:Line::145aae45-17eb-45b5-b5b4-facb8b6490f3::87391003:87581009:5:1015:20260514,8483,0.0,24666,
FR:Line::145aae45-17eb-45b5-b5b4-facb8b6490f3:,6165,OCESN8483F1187_F:OUI:FR:Line::145aae45-17eb-45b5-b5b4-facb8b6490f3::87391003:87581009:6:1015:20260508,8483,0.0,24667,
FR:Line::145aae45-17eb-45b5-b5b4-facb8b6490f3:,128,OCESN8483F1187_F:OUI:FR:Line::145aae45-17eb-45b5-b5b4-facb8b6490f3::87391003:87581009:5:1010:20260831,8483,0.0,24668,
FR:Line::145aae45-17eb-45b5-b5b4-facb8b6490f3:,6879,OCESN8483F1187_F:OUI:FR:Line::145aae45-17eb-45b5-b5b4-facb8b6490f3::87391003:87581009:5:1012:20260311,8483,0.0,24669,
FR:Line::145aae45-17eb-45b5-b5b4-facb8b6490f3:,6888,OCESN8485F1187_F:OUI:FR:Line::145aae45-17eb-45b5-b5b4-facb8b6490f3::87391003:87581009:6:1746:20260318,8485,0.0,24775,
FR:Line::145aae45-17eb-45b5-b5b4-facb8b6490f3:,2119,OCESN8485F1187_F:OUI:FR:Line::145aae45-17eb-45b5-b5b4-facb8b6490f3::87391003:87581009:6:1746:20260328,8485,0.0,24776,
FR:Line::145aae45-17eb-45b5-b5b4-facb8b6490f3:,6889,OCESN8485F1187_F:OUI:FR:Line::145aae45-17eb-45b5-b5b4-facb8b6490f3::87391003:87581009:6:1742:20260703,8485,0.0,24777,
FR:Line::145aae45-17eb-45b5-b5b4-facb8b6490f3:,6890,OCESN8485F1187_F:OUI:FR:Line::145aae45-17eb-45b5-b5b4-facb8b6490f3::87391003:87581009:6:1742:20260627,8485,0.0,24778,
FR:Line::145aae45-17eb-45b5-b5b4-facb8b6490f3:,210,OCESN8485F1187_F:OUI:FR:Line::145aae45-17eb-45b5-b5b4-facb8b6490f3::87391003:87581009:5:1720:20260530,8485,0.0,24779,
FR:Line::145aae45-17eb-45b5-b5b4-facb8b6490f3:,102,OCESN8485F1187_F:OUI:FR:Line::145aae45-17eb-45b5-b5b4-facb8b6490f3::87391003:87581009:5:1720:20260531,8485,0.0,24780,
FR:Line::145aae45-17eb-45b5-b5b4-facb8b6490f3:,6891,OCESN8485F1187_F:OUI:FR:Line::145aae45-17eb-45b5-b5b4-facb8b6490f3::87391003:87581009:6:1742:20260830,8485,0.0,24781,
FR:Line::145aae45-17eb-45b5-b5b4-facb8b6490f3:,6892,OCESN8485F1187_F:OUI:FR:Line::145aae45-17eb-45b5-b5b4-facb8b6490f3::87391003:87581009:6:1742:20260829,8485,0.0,24782,
FR:Line::145aae45-17eb-45b5-b5b4-facb8b6490f3:,140,OCESN8485F1187_F:OUI:FR:Line::145aae45-17eb-45b5-b5b4-facb8b6490f3::87391003:87581009:6:1742:20260704,8485,0.0,24783,
FR:Line::145aae45-17eb-45b5-b5b4-facb8b6490f3:,57,OCESN8485F1187_F:OUI:FR:Line::145aae45-17eb-45b5-b5b4-facb8b6490f3::87391003:87581009:6:1742:20260705,8485,0.0,24784,
FR:Line::145aae45-17eb-45b5-b5b4-facb8b6490f3:,303,OCESN8485F1187_F:OUI:FR:Line::145aae45-17eb-45b5-b5b4-facb8b6490f3::87391003:87581009:6:1742:20260828,8485,0.0,24785,
FR:Line::145aae45-17eb-45b5-b5b4-facb8b6490f3:,48,OCESN8485F1187_F:OUI:FR:Line::145aae45-17eb-45b5-b5b4-facb8b6490f3::87391003:87581009:6:1804:20260515,8485,0.0,24786,
FR:Line::145aae45-17eb-45b5-b5b4-facb8b6490f3:,1255,OCESN8485F1187_F:OUI:FR:Line::145aae45-17eb-45b5-b5b4-facb8b6490f3::87391003:87581009:6:1745:20260331,8485,0.0,24787,
FR:Line::145aae45-17eb-45b5-b5b4-facb8b6490f3:,3430,OCESN8485F1187_F:OUI:FR:Line::145aae45-17eb-45b5-b5b4-facb8b6490f3::87391003:87581009:6:1747:20260516,8485,0.0,24788,
FR:Line::145aae45-17eb-45b5-b5b4-facb8b6490f3:,410,OCESN8485F1187_F:OUI:FR:Line::145aae45-17eb-45b5-b5b4-facb8b6490f3::87391003:87581009:5:1724:20260509,8485,0.0,24789,
FR:Line::145aae45-17eb-45b5-b5b4-facb8b6490f3:,293,OCESN8485F1187_F:OUI:FR:Line::145aae45-17eb-45b5-b5b4-facb8b6490f3::87391003:87581009:6:1747:20260517,8485,0.0,24790,
FR:Line::145aae45-17eb-45b5-b5b4-facb8b6490f3:,345,OCESN8485F1187_F:OUI:FR:Line::145aae45-17eb-45b5-b5b4-facb8b6490f3::87391003:87581009:6:1747:20260502,8485,0.0,24791,
FR:Line::145aae45-17eb-45b5-b5b4-facb8b6490f3:,739,OCESN8485F1187_F:OUI:FR:Line::145aae45-17eb-45b5-b5b4-facb8b6490f3::87391003:87581009:6:1745:20260418,8485,0.0,24792,
FR:Line::145aae45-17eb-45b5-b5b4-facb8b6490f3:,6893,OCESN8485F1187_F:OUI:FR:Line::145aae45-17eb-45b5-b5b4-facb8b6490f3::87391003:87581009:6:1745:20260416,8485,0.0,24793,
FR:Line::145aae45-17eb-45b5-b5b4-facb8b6490f3:,2631,OCESN8485F1187_F:OUI:FR:Line::145aae45-17eb-45b5-b5b4-facb8b6490f3::87391003:87581009:6:1745:20260419,8485,0.0,24794,
FR:Line::145aae45-17eb-45b5-b5b4-facb8b6490f3:,762,OCESN8485F1187_F:OUI:FR:Line::145aae45-17eb-45b5-b5b4-facb8b6490f3::87391003:87581009:6:1745:20260411,8485,0.0,24795,
FR:Line::145aae45-17eb-45b5-b5b4-facb8b6490f3:,6894,OCESN8485F1187_F:OUI:FR:Line::145aae45-17eb-45b5-b5b4-facb8b6490f3::87391003:87581009:6:1747:20260513,8485,0.0,24796,
FR:Line::145aae45-17eb-45b5-b5b4-facb8b6490f3:,3553,OCESN8485F1187_F:OUI:FR:Line::145aae45-17eb-45b5-b5b4-facb8b6490f3::87391003:87581009:6:1747:20260421,8485,0.0,24797,
FR:Line::145aae45-17eb-45b5-b5b4-facb8b6490f3:,95,OCESN8485F1187_F:OUI:FR:Line::145aae45-17eb-45b5-b5b4-facb8b6490f3::87391003:87581009:6:1747:20260501,8485,0.0,24798,
FR:Line::145aae45-17eb-45b5-b5b4-facb8b6490f3:,128,OCESN8485F1187_F:OUI:FR:Line::145aae45-17eb-45b5-b5b4-facb8b6490f3::87391003:87581009:6:1742:20260831,8485,0.0,24799,
FR:Line::145aae45-17eb-45b5-b5b4-facb8b6490f3:,6895,OCESN8485F1187_F:OUI:FR:Line::145aae45-17eb-45b5-b5b4-facb8b6490f3::87391003:87581009:6:1746:20260329,8485,0.0,24800,
FR:Line::145aae45-17eb-45b5-b5b4-facb8b6490f3:,11,OCESN8486F1187_F:OUI:FR:Line::145aae45-17eb-45b5-b5b4-facb8b6490f3::87581009:87391003:5:1344:20260306,8486,1.0,25172,
FR:Line::145aae45-17eb-45b5-b5b4-facb8b6490f3:,966,OCESN8486F1187_F:OUI:FR:Line::145aae45-17eb-45b5-b5b4-facb8b6490f3::87581009:87391003:5:1344:20260308,8486,1.0,25173,
FR:Line::145aae45-17eb-45b5-b5b4-facb8b6490f3:,1998,OCESN8486F1187_F:OUI:FR:Line::145aae45-17eb-45b5-b5b4-facb8b6490f3::87581009:87391003:5:1344:20260326,8486,1.0,25174,
FR:Line::145aae45-17eb-45b5-b5b4-facb8b6490f3:,73,OCESN8486F1187_F:OUI:FR:Line::145aae45-17eb-45b5-b5b4-facb8b6490f3::87581009:87391003:5:1344:20260327,8486,1.0,25175,
FR:Line::145aae45-17eb-45b5-b5b4-facb8b6490f3:,974,OCESN8486F1187_F:OUI:FR:Line::145aae45-17eb-45b5-b5b4-facb8b6490f3::87581009:87391003:5:1348:20260312,8486,1.0,25176,
FR:Line::145aae45-17eb-45b5-b5b4-facb8b6490f3:,6950,OCESN8486F1187_F:OUI:FR:Line::145aae45-17eb-45b5-b5b4-facb8b6490f3::87581009:87391003:5:1344:20260702,8486,1.0,25177,
FR:Line::145aae45-17eb-45b5-b5b4-facb8b6490f3:,3534,OCESN8486F1187_F:OUI:FR:Line::145aae45-17eb-45b5-b5b4-facb8b6490f3::87581009:87391003:5:1344:20260619,8486,1.0,25178,
FR:Line::145aae45-17eb-45b5-b5b4-facb8b6490f3:,6951,OCESN8486F1187_F:OUI:FR:Line::145aae45-17eb-45b5-b5b4-facb8b6490f3::87581009:87391003:5:1344:20260621,8486,1.0,25179,
FR:Line::145aae45-17eb-45b5-b5b4-facb8b6490f3:,1102,OCESN8486F1187_F:OUI:FR:Line::145aae45-17eb-45b5-b5b4-facb8b6490f3::87581009:87391003:4:1344:20260531,8486,1.0,25180,
FR:Line::145aae45-17eb-45b5-b5b4-facb8b6490f3:,2290,OCESN8486F1187_F:OUI:FR:Line::145aae45-17eb-45b5-b5b4-facb8b6490f3::87581009:87391003:5:1345:20260625,8486,1.0,25181,
FR:Line::145aae45-17eb-45b5-b5b4-facb8b6490f3:,1202,OCESN8486F1187_F:OUI:FR:Line::145aae45-17eb-45b5-b5b4-facb8b6490f3::87581009:87391003:5:1345:20260626,8486,1.0,25182,
FR:Line::145aae45-17eb-45b5-b5b4-facb8b6490f3:,810,OCESN8486F1187_F:OUI:FR:Line::145aae45-17eb-45b5-b5b4-facb8b6490f3::87581009:87391003:5:1344:20260628,8486,1.0,25183,
FR:Line::145aae45-17eb-45b5-b5b4-facb8b6490f3:,325,OCESN8486F1187_F:OUI:FR:Line::145aae45-17eb-45b5-b5b4-facb8b6490f3::87581009:87391003:5:1344:20260703,8486,1.0,25184,
FR:Line::145aae45-17eb-45b5-b5b4-facb8b6490f3:,244,OCESN8486F1187_F:OUI:FR:Line::145aae45-17eb-45b5-b5b4-facb8b6490f3::87581009:87391003:5:1344:20260705,8486,1.0,25185,
FR:Line::145aae45-17eb-45b5-b5b4-facb8b6490f3:,2511,OCESN8486F1187_F:OUI:FR:Line::145aae45-17eb-45b5-b5b4-facb8b6490f3::87581009:87391003:5:1344:20260320,8486,1.0,25186,
FR:Line::145aae45-17eb-45b5-b5b4-facb8b6490f3:,2250,OCESN8486F1187_F:OUI:FR:Line::145aae45-17eb-45b5-b5b4-facb8b6490f3::87581009:87391003:5:1348:20260506,8486,1.0,25187,
FR:Line::145aae45-17eb-45b5-b5b4-facb8b6490f3:,3553,OCESN8486F1187_F:OUI:FR:Line::145aae45-17eb-45b5-b5b4-facb8b6490f3::87581009:87391003:5:1348:20260421,8486,1.0,25188,
FR:Line::145aae45-17eb-45b5-b5b4-facb8b6490f3:,5811,OCESN8486F1187_F:OUI:FR:Line::145aae45-17eb-45b5-b5b4-facb8b6490f3::87581009:87391003:5:1348:20260505,8486,1.0,25189,
FR:Line::145aae45-17eb-45b5-b5b4-facb8b6490f3:,2681,OCESN8486F1187_F:OUI:FR:Line::145aae45-17eb-45b5-b5b4-facb8b6490f3::87581009:87391003:5:1345:20260424,8486,1.0,25190,
FR:Line::145aae45-17eb-45b5-b5b4-facb8b6490f3:,6952,OCESN8486F1187_F:OUI:FR:Line::145aae45-17eb-45b5-b5b4-facb8b6490f3::87581009:87391003:5:1345:20260423,8486,1.0,25191,
FR:Line::145aae45-17eb-45b5-b5b4-facb8b6490f3:,384,OCESN8486F1187_F:OUI:FR:Line::145aae45-17eb-45b5-b5b4-facb8b6490f3::87581009:87391003:5:1344:20260429,8486,1.0,25192,
FR:Line::145aae45-17eb-45b5-b5b4-facb8b6490f3:,859,OCESN8486F1187_F:OUI:FR:Line::145aae45-17eb-45b5-b5b4-facb8b6490f3::87581009:87391003:5:1344:20260428,8486,1.0,25193,
FR:Line::145aae45-17eb-45b5-b5b4-facb8b6490f3:,373,OCESN8486F1187_F:OUI:FR:Line::145aae45-17eb-45b5-b5b4-facb8b6490f3::87581009:87391003:5:1344:20260430,8486,1.0,25194,
FR:Line::145aae45-17eb-45b5-b5b4-facb8b6490f3:,1155,OCESN8486F1187_F:OUI:FR:Line::145aae45-17eb-45b5-b5b4-facb8b6490f3::87581009:87391003:4:1344:20260510,8486,1.0,25195,
FR:Line::145aae45-17eb-45b5-b5b4-facb8b6490f3:,3312,OCESN8486F1187_F:OUI:FR:Line::145aae45-17eb-45b5-b5b4-facb8b6490f3::87581009:87391003:5:1344:20260426,8486,1.0,25196,
FR:Line::145aae45-17eb-45b5-b5b4-facb8b6490f3:,6953,OCESN8486F1187_F:OUI:FR:Line::145aae45-17eb-45b5-b5b4-facb8b6490f3::87581009:87391003:5:1344:20260425,8486,1.0,25197,
FR:Line::145aae45-17eb-45b5-b5b4-facb8b6490f3:,6954,OCESN8486F1187_F:OUI:FR:Line::145aae45-17eb-45b5-b5b4-facb8b6490f3::87581009:87391003:5:1348:20260402,8486,1.0,25198,
FR:Line::145aae45-17eb-45b5-b5b4-facb8b6490f3:,198,OCESN8486F1187_F:OUI:FR:Line::145aae45-17eb-45b5-b5b4-facb8b6490f3::87581009:87391003:5:1348:20260403,8486,1.0,25199,
FR:Line::145aae45-17eb-45b5-b5b4-facb8b6490f3:,6955,OCESN8486F1187_F:OUI:FR:Line::145aae45-17eb-45b5-b5b4-facb8b6490f3::87581009:87391003:5:1348:20260416,8486,1.0,25200,
FR:Line::145aae45-17eb-45b5-b5b4-facb8b6490f3:,2092,OCESN8486F1187_F:OUI:FR:Line::145aae45-17eb-45b5-b5b4-facb8b6490f3::87581009:87391003:5:1348:20260409,8486,1.0,25201,
FR:Line::145aae45-17eb-45b5-b5b4-facb8b6490f3:,2011,OCESN8486F1187_F:OUI:FR:Line::145aae45-17eb-45b5-b5b4-facb8b6490f3::87581009:87391003:5:1348:20260410,8486,1.0,25202,
FR:Line::145aae45-17eb-45b5-b5b4-facb8b6490f3:,106,OCESN8486F1187_F:OUI:FR:Line::145aae45-17eb-45b5-b5b4-facb8b6490f3::87581009:87391003:5:1348:20260406,8486,1.0,25203,
FR:Line::145aae45-17eb-45b5-b5b4-facb8b6490f3:,6956,OCESN8486F1187_F:OUI:FR:Line::145aae45-17eb-45b5-b5b4-facb8b6490f3::87581009:87391003:5:1344:20260825,8486,1.0,25204,
FR:Line::145aae45-17eb-45b5-b5b4-facb8b6490f3:,6957,OCESN8486F1187_F:OUI:FR:Line::145aae45-17eb-45b5-b5b4-facb8b6490f3::87581009:87391003:5:1344:20260828,8486,1.0,25205,
FR:Line::145aae45-17eb-45b5-b5b4-facb8b6490f3:,353,OCESN8486F1187_F:OUI:FR:Line::145aae45-17eb-45b5-b5b4-facb8b6490f3::87581009:87391003:5:1344:20260513,8486,1.0,25206,
FR:Line::145aae45-17eb-45b5-b5b4-facb8b6490f3:,6958,OCESN8486F1187_F:OUI:FR:Line::145aae45-17eb-45b5-b5b4-facb8b6490f3::87581009:87391003:5:1344:20260831,8486,1.0,25207,
FR:Line::145aae45-17eb-45b5-b5b4-facb8b6490f3:,6959,OCESN8486F1187_F:OUI:FR:Line::145aae45-17eb-45b5-b5b4-facb8b6490f3::87581009:87391003:5:1344:20260830,8486,1.0,25208,
FR:Line::145aae45-17eb-45b5-b5b4-facb8b6490f3:,6960,OCESN8486F1187_F:OUI:FR:Line::145aae45-17eb-45b5-b5b4-facb8b6490f3::87581009:87391003:5:1344:20260712,8486,1.0,25209,
FR:Line::145aae45-17eb-45b5-b5b4-facb8b6490f3:,6961,OCESN8486F1187_F:OUI:FR:Line::145aae45-17eb-45b5-b5b4-facb8b6490f3::87581009:87391003:5:1344:20260329,8486,1.0,25210,
FR:Line::145aae45-17eb-45b5-b5b4-facb8b6490f3:,7009,OCESN8488F1187_F:OUI:FR:Line::145aae45-17eb-45b5-b5b4-facb8b6490f3::87581009:87391003:6:1949:20260702,8488,1.0,25344,
FR:Line::145aae45-17eb-45b5-b5b4-facb8b6490f3:,370,OCESN8488F1187_F:OUI:FR:Line::145aae45-17eb-45b5-b5b4-facb8b6490f3::87581009:87391003:5:1936:20260626,8488,1.0,25345,
FR:Line::145aae45-17eb-45b5-b5b4-facb8b6490f3:,3371,OCESN8488F1187_F:OUI:FR:Line::145aae45-17eb-45b5-b5b4-facb8b6490f3::87581009:87391003:5:1936:20260620,8488,1.0,25346,
FR:Line::145aae45-17eb-45b5-b5b4-facb8b6490f3:,210,OCESN8488F1187_F:OUI:FR:Line::145aae45-17eb-45b5-b5b4-facb8b6490f3::87581009:87391003:4:1936:20260530,8488,1.0,25347,
FR:Line::145aae45-17eb-45b5-b5b4-facb8b6490f3:,102,OCESN8488F1187_F:OUI:FR:Line::145aae45-17eb-45b5-b5b4-facb8b6490f3::87581009:87391003:4:1936:20260531,8488,1.0,25348,
FR:Line::145aae45-17eb-45b5-b5b4-facb8b6490f3:,7010,OCESN8488F1187_F:OUI:FR:Line::145aae45-17eb-45b5-b5b4-facb8b6490f3::87581009:87391003:5:1936:20260703,8488,1.0,25349,
FR:Line::145aae45-17eb-45b5-b5b4-facb8b6490f3:,7011,OCESN8488F1187_F:OUI:FR:Line::145aae45-17eb-45b5-b5b4-facb8b6490f3::87581009:87391003:5:1936:20260705,8488,1.0,25350,
FR:Line::145aae45-17eb-45b5-b5b4-facb8b6490f3:,4233,OCESN8488F1187_F:OUI:FR:Line::145aae45-17eb-45b5-b5b4-facb8b6490f3::87581009:87391003:6:1949:20260701,8488,1.0,25351,
FR:Line::145aae45-17eb-45b5-b5b4-facb8b6490f3:,161,OCESN8488F1187_F:OUI:FR:Line::145aae45-17eb-45b5-b5b4-facb8b6490f3::87581009:87391003:5:1936:20260524,8488,1.0,25352,
FR:Line::145aae45-17eb-45b5-b5b4-facb8b6490f3:,977,OCESN8488F1187_F:OUI:FR:Line::145aae45-17eb-45b5-b5b4-facb8b6490f3::87581009:87391003:5:1936:20260328,8488,1.0,25353,
FR:Line::145aae45-17eb-45b5-b5b4-facb8b6490f3:,2080,OCESN8488F1187_F:OUI:FR:Line::145aae45-17eb-45b5-b5b4-facb8b6490f3::87581009:87391003:5:1936:20260327,8488,1.0,25354,
FR:Line::145aae45-17eb-45b5-b5b4-facb8b6490f3:,76,OCESN8488F1187_F:OUI:FR:Line::145aae45-17eb-45b5-b5b4-facb8b6490f3::87581009:87391003:5:1936:20260307,8488,1.0,25355,
FR:Line::145aae45-17eb-45b5-b5b4-facb8b6490f3:,380,OCESN8488F1187_F:OUI:FR:Line::145aae45-17eb-45b5-b5b4-facb8b6490f3::87581009:87391003:5:1936:20260329,8488,1.0,25356,
FR:Line::145aae45-17eb-45b5-b5b4-facb8b6490f3:,3430,OCESN8488F1187_F:OUI:FR:Line::145aae45-17eb-45b5-b5b4-facb8b6490f3::87581009:87391003:5:1936:20260516,8488,1.0,25357,
FR:Line::145aae45-17eb-45b5-b5b4-facb8b6490f3:,410,OCESN8488F1187_F:OUI:FR:Line::145aae45-17eb-45b5-b5b4-facb8b6490f3::87581009:87391003:4:1936:20260509,8488,1.0,25358,
FR:Line::145aae45-17eb-45b5-b5b4-facb8b6490f3:,762,OCESN8488F1187_F:OUI:FR:Line::145aae45-17eb-45b5-b5b4-facb8b6490f3::87581009:87391003:5:1936:20260411,8488,1.0,25359,
FR:Line::145aae45-17eb-45b5-b5b4-facb8b6490f3:,778,OCESN8488F1187_F:OUI:FR:Line::145aae45-17eb-45b5-b5b4-facb8b6490f3::87581009:87391003:5:1936:20260412,8488,1.0,25360,
FR:Line::145aae45-17eb-45b5-b5b4-facb8b6490f3:,1171,OCESN8488F1187_F:OUI:FR:Line::145aae45-17eb-45b5-b5b4-facb8b6490f3::87581009:87391003:5:1936:20260417,8488,1.0,25361,
FR:Line::145aae45-17eb-45b5-b5b4-facb8b6490f3:,739,OCESN8488F1187_F:OUI:FR:Line::145aae45-17eb-45b5-b5b4-facb8b6490f3::87581009:87391003:5:1936:20260418,8488,1.0,25362,
FR:Line::145aae45-17eb-45b5-b5b4-facb8b6490f3:,394,OCESN8488F1187_F:OUI:FR:Line::145aae45-17eb-45b5-b5b4-facb8b6490f3::87581009:87391003:5:1936:20260419,8488,1.0,25363,
FR:Line::145aae45-17eb-45b5-b5b4-facb8b6490f3:,7012,OCESN8488F1187_F:OUI:FR:Line::145aae45-17eb-45b5-b5b4-facb8b6490f3::87581009:87391003:5:1936:20260813,8488,1.0,25364,
FR:Line::145aae45-17eb-45b5-b5b4-facb8b6490f3:,48,OCESN8488F1187_F:OUI:FR:Line::145aae45-17eb-45b5-b5b4-facb8b6490f3::87581009:87391003:5:1936:20260515,8488,1.0,25365,
FR:Line::145aae45-17eb-45b5-b5b4-facb8b6490f3:,5143,OCESN8488F1187_F:OUI:FR:Line::145aae45-17eb-45b5-b5b4-facb8b6490f3::87581009:87391003:6:1951:20260611,8488,1.0,25366,
FR:Line::145aae45-17eb-45b5-b5b4-facb8b6490f3:,95,OCESN8488F1187_F:OUI:FR:Line::145aae45-17eb-45b5-b5b4-facb8b6490f3::87581009:87391003:5:1936:20260501,8488,1.0,25367,
FR:Line::145aae45-17eb-45b5-b5b4-facb8b6490f3:,309,OCESN8488F1187_F:OUI:FR:Line::145aae45-17eb-45b5-b5b4-facb8b6490f3::87581009:87391003:5:1936:20260513,8488,1.0,25368,
FR:Line::145aae45-17eb-45b5-b5b4-facb8b6490f3:,293,OCESN8488F1187_F:OUI:FR:Line::145aae45-17eb-45b5-b5b4-facb8b6490f3::87581009:87391003:5:1936:20260517,8488,1.0,25369,
FR:Line::145aae45-17eb-45b5-b5b4-facb8b6490f3:,345,OCESN8488F1187_F:OUI:FR:Line::145aae45-17eb-45b5-b5b4-facb8b6490f3::87581009:87391003:5:1936:20260502,8488,1.0,25370,
FR:Line::145aae45-17eb-45b5-b5b4-facb8b6490f3:,352,OCESN8488F1187_F:OUI:FR:Line::145aae45-17eb-45b5-b5b4-facb8b6490f3::87581009:87391003:6:1950:20260512,8488,1.0,25371,
FR:Line::145aae45-17eb-45b5-b5b4-facb8b6490f3:,7013,OCESN8488F1187_F:OUI:FR:Line::145aae45-17eb-45b5-b5b4-facb8b6490f3::87581009:87391003:6:1949:20260415,8488,1.0,25372,
FR:Line::145aae45-17eb-45b5-b5b4-facb8b6490f3:,2710,OCESN8488F1187_F:OUI:FR:Line::145aae45-17eb-45b5-b5b4-facb8b6490f3::87581009:87391003:6:1949:20260416,8488,1.0,25373,
FR:Line::145aae45-17eb-45b5-b5b4-facb8b6490f3:,7014,OCESN8488F1187_F:OUI:FR:Line::145aae45-17eb-45b5-b5b4-facb8b6490f3::87581009:87391003:5:1936:20260830,8488,1.0,25374,
FR:Line::145aae45-17eb-45b5-b5b4-facb8b6490f3:,7015,OCESN8488F1187_F:OUI:FR:Line::145aae45-17eb-45b5-b5b4-facb8b6490f3::87581009:87391003:5:1936:20260829,8488,1.0,25375,
FR:Line::145aae45-17eb-45b5-b5b4-facb8b6490f3:,128,OCESN8488F1187_F:OUI:FR:Line::145aae45-17eb-45b5-b5b4-facb8b6490f3::87581009:87391003:6:1949:20260831,8488,1.0,25376,
FR:Line::145aae45-17eb-45b5-b5b4-facb8b6490f3:,1091,OCESN8488F1187_F:OUI:FR:Line::145aae45-17eb-45b5-b5b4-facb8b6490f3::87581009:87391003:6:1949:20260326,8488,1.0,25377,
FR:Line::145aae45-17eb-45b5-b5b4-facb8b6490f3:,2080,OCESN8491F1187_F:OUI:FR:Line::145aae45-17eb-45b5-b5b4-facb8b6490f3::87391003:87581009:5:2144:20260327,8491,0.0,25564,
FR:Line::145aae45-17eb-45b5-b5b4-facb8b6490f3:,380,OCESN8491F1187_F:OUI:FR:Line::145aae45-17eb-45b5-b5b4-facb8b6490f3::87391003:87581009:5:2144:20260329,8491,0.0,25565,
FR:Line::145aae45-17eb-45b5-b5b4-facb8b6490f3:,7057,OCESN8491F1187_F:OUI:FR:Line::145aae45-17eb-45b5-b5b4-facb8b6490f3::87391003:87581009:5:2141:20260828,8491,0.0,25566,
FR:Line::145aae45-17eb-45b5-b5b4-facb8b6490f3:,370,OCESN8491F1187_F:OUI:FR:Line::145aae45-17eb-45b5-b5b4-facb8b6490f3::87391003:87581009:5:2141:20260626,8491,0.0,25567,
FR:Line::145aae45-17eb-45b5-b5b4-facb8b6490f3:,6890,OCESN8491F1187_F:OUI:FR:Line::145aae45-17eb-45b5-b5b4-facb8b6490f3::87391003:87581009:5:2135:20260627,8491,0.0,25568,
FR:Line::145aae45-17eb-45b5-b5b4-facb8b6490f3:,7058,OCESN8491F1187_F:OUI:FR:Line::145aae45-17eb-45b5-b5b4-facb8b6490f3::87391003:87581009:5:2141:20260830,8491,0.0,25569,
FR:Line::145aae45-17eb-45b5-b5b4-facb8b6490f3:,210,OCESN8491F1187_F:OUI:FR:Line::145aae45-17eb-45b5-b5b4-facb8b6490f3::87391003:87581009:4:2107:20260530,8491,0.0,25570,
FR:Line::145aae45-17eb-45b5-b5b4-facb8b6490f3:,102,OCESN8491F1187_F:OUI:FR:Line::145aae45-17eb-45b5-b5b4-facb8b6490f3::87391003:87581009:4:2120:20260531,8491,0.0,25571,
FR:Line::145aae45-17eb-45b5-b5b4-facb8b6490f3:,338,OCESN8491F1187_F:OUI:FR:Line::145aae45-17eb-45b5-b5b4-facb8b6490f3::87391003:87581009:5:2139:20260829,8491,0.0,25572,
FR:Line::145aae45-17eb-45b5-b5b4-facb8b6490f3:,327,OCESN8491F1187_F:OUI:FR:Line::145aae45-17eb-45b5-b5b4-facb8b6490f3::87391003:87581009:5:2141:20260816,8491,0.0,25573,
FR:Line::145aae45-17eb-45b5-b5b4-facb8b6490f3:,2119,OCESN8491F1187_F:OUI:FR:Line::145aae45-17eb-45b5-b5b4-facb8b6490f3::87391003:87581009:5:2141:20260328,8491,0.0,25574,
FR:Line::145aae45-17eb-45b5-b5b4-facb8b6490f3:,410,OCESN8491F1187_F:OUI:FR:Line::145aae45-17eb-45b5-b5b4-facb8b6490f3::87391003:87581009:4:2112:20260509,8491,0.0,25575,
FR:Line::145aae45-17eb-45b5-b5b4-facb8b6490f3:,7059,OCESN8491F1187_F:OUI:FR:Line::145aae45-17eb-45b5-b5b4-facb8b6490f3::87391003:87581009:5:2143:20260512,8491,0.0,25576,
FR:Line::145aae45-17eb-45b5-b5b4-facb8b6490f3:,7060,OCESN8491F1187_F:OUI:FR:Line::145aae45-17eb-45b5-b5b4-facb8b6490f3::87391003:87581009:5:2143:20260517,8491,0.0,25577,
FR:Line::145aae45-17eb-45b5-b5b4-facb8b6490f3:,7061,OCESN8491F1187_F:OUI:FR:Line::145aae45-17eb-45b5-b5b4-facb8b6490f3::87391003:87581009:5:2143:20260513,8491,0.0,25578,
FR:Line::145aae45-17eb-45b5-b5b4-facb8b6490f3:,7062,OCESN8491F1187_F:OUI:FR:Line::145aae45-17eb-45b5-b5b4-facb8b6490f3::87391003:87581009:5:2141:20260516,8491,0.0,25579,
FR:Line::145aae45-17eb-45b5-b5b4-facb8b6490f3:,128,OCESN8491F1187_F:OUI:FR:Line::145aae45-17eb-45b5-b5b4-facb8b6490f3::87391003:87581009:5:2141:20260831,8491,0.0,25580,
FR:Line::145aae45-17eb-45b5-b5b4-facb8b6490f3:,1091,OCESN8491F1187_F:OUI:FR:Line::145aae45-17eb-45b5-b5b4-facb8b6490f3::87391003:87581009:5:2144:20260326,8491,0.0,25581,
FR:Line::145aae45-17eb-45b5-b5b4-facb8b6490f3:,95,OCESN8491F1187_F:OUI:FR:Line::145aae45-17eb-45b5-b5b4-facb8b6490f3::87391003:87581009:5:2141:20260501,8491,0.0,25582,
FR:Line::145aae45-17eb-45b5-b5b4-facb8b6490f3:,364,OCESN8495F1187_F:OUI:FR:Line::145aae45-17eb-45b5-b5b4-facb8b6490f3::87391003:87581009:5:2352:20260329,8495,0.0,25608,
FR:Line::145aae45-17eb-45b5-b5b4-facb8b6490f3:,115,OCESN8495F1187_F:OUI:FR:Line::145aae45-17eb-45b5-b5b4-facb8b6490f3::87391003:87581009:5:2345:20260525,8495,0.0,25609,
FR:Line::145aae45-17eb-45b5-b5b4-facb8b6490f3:,102,OCESN8495F1187_F:OUI:FR:Line::145aae45-17eb-45b5-b5b4-facb8b6490f3::87391003:87581009:4:2316:20260531,8495,0.0,25610,
FR:Line::145aae45-17eb-45b5-b5b4-facb8b6490f3:,75,OCESN8495F1187_F:OUI:FR:Line::145aae45-17eb-45b5-b5b4-facb8b6490f3::87391003:87581009:5:2345:20260714,8495,0.0,25611,
FR:Line::145aae45-17eb-45b5-b5b4-facb8b6490f3:,2080,OCESN8495F1187_F:OUI:FR:Line::145aae45-17eb-45b5-b5b4-facb8b6490f3::87391003:87581009:5:2354:20260327,8495,0.0,25612,
FR:Line::145aae45-17eb-45b5-b5b4-facb8b6490f3:,117,OCESN8495F1187_F:OUI:FR:Line::145aae45-17eb-45b5-b5b4-facb8b6490f3::87391003:87581009:5:2354:20260308,8495,0.0,25613,
FR:Line::145aae45-17eb-45b5-b5b4-facb8b6490f3:,1927,OCESN8495F1187_F:OUI:FR:Line::145aae45-17eb-45b5-b5b4-facb8b6490f3::87391003:87581009:5:2351:20260424,8495,0.0,25614,
FR:Line::145aae45-17eb-45b5-b5b4-facb8b6490f3:,106,OCESN8495F1187_F:OUI:FR:Line::145aae45-17eb-45b5-b5b4-facb8b6490f3::87391003:87581009:5:2351:20260406,8495,0.0,25615,
FR:Line::145aae45-17eb-45b5-b5b4-facb8b6490f3:,198,OCESN8495F1187_F:OUI:FR:Line::145aae45-17eb-45b5-b5b4-facb8b6490f3::87391003:87581009:5:2352:20260403,8495,0.0,25616,
FR:Line::145aae45-17eb-45b5-b5b4-facb8b6490f3:,544,OCESN8495F1187_F:OUI:FR:Line::145aae45-17eb-45b5-b5b4-facb8b6490f3::87391003:87581009:5:2352:20260513,8495,0.0,25617,
FR:Line::145aae45-17eb-45b5-b5b4-facb8b6490f3:,7076,OCESN8495F1187_F:OUI:FR:Line::145aae45-17eb-45b5-b5b4-facb8b6490f3::87391003:87581009:5:2351:20260828,8495,0.0,25618,
FR:Line::145aae45-17eb-45b5-b5b4-facb8b6490f3:,7077,OCESN8495F1187_F:OUI:FR:Line::145aae45-17eb-45b5-b5b4-facb8b6490f3::87391003:87581009:5:2351:20260628,8495,0.0,25619,
FR:Line::145aae45-17eb-45b5-b5b4-facb8b6490f3:,7078,OCESN8495F1187_F:OUI:FR:Line::145aae45-17eb-45b5-b5b4-facb8b6490f3::87391003:87581009:5:2351:20260830,8495,0.0,25620,
FR:Line::A74B127A-8882-4043-BAAA-F49A6703DE54:,7175,OCESN8500F1187_F:OUI:FR:Line::A74B127A-8882-4043-BAAA-F49A6703DE54::87586008:87391003:3:923:20260513,8500,1.0,26004,
FR:Line::A74B127A-8882-4043-BAAA-F49A6703DE54:,257,OCESN8500F1187_F:OUI:FR:Line::A74B127A-8882-4043-BAAA-F49A6703DE54::87586008:87391003:3:921:20260619,8500,1.0,26005,
FR:Line::A74B127A-8882-4043-BAAA-F49A6703DE54:,325,OCESN8500F1187_F:OUI:FR:Line::A74B127A-8882-4043-BAAA-F49A6703DE54::87586008:87391003:3:921:20260703,8500,1.0,26006,
FR:Line::A74B127A-8882-4043-BAAA-F49A6703DE54:,2493,OCESN8500F1187_F:OUI:FR:Line::A74B127A-8882-4043-BAAA-F49A6703DE54::87581009:87391003:2:923:20260430,8500,1.0,26007,
FR:Line::A74B127A-8882-4043-BAAA-F49A6703DE54:,7176,OCESN8500F1187_F:OUI:FR:Line::A74B127A-8882-4043-BAAA-F49A6703DE54::87586008:87391003:3:921:20260702,8500,1.0,26008,
FR:Line::A74B127A-8882-4043-BAAA-F49A6703DE54:,352,OCESN8501F1187_F:OUI:FR:Line::A74B127A-8882-4043-BAAA-F49A6703DE54::87391003:87611004:4:1044:20260512,8501,0.0,26016,
FR:Line::A74B127A-8882-4043-BAAA-F49A6703DE54:,309,OCESN8501F1187_F:OUI:FR:Line::A74B127A-8882-4043-BAAA-F49A6703DE54::87391003:87611004:4:1044:20260513,8501,0.0,26017,
FR:Line::A74B127A-8882-4043-BAAA-F49A6703DE54:,7178,OCESN8501F1187_F:OUI:FR:Line::A74B127A-8882-4043-BAAA-F49A6703DE54::87391003:87611004:4:1044:20260702,8501,0.0,26018,
FR:Line::A74B127A-8882-4043-BAAA-F49A6703DE54:,310,OCESN8501F1187_F:OUI:FR:Line::A74B127A-8882-4043-BAAA-F49A6703DE54::87391003:87611004:4:1044:20260703,8501,0.0,26019,
FR:Line::A74B127A-8882-4043-BAAA-F49A6703DE54:,128,OCESN8501F1187_F:OUI:FR:Line::A74B127A-8882-4043-BAAA-F49A6703DE54::87391003:87611004:4:1044:20260831,8501,0.0,26020,
FR:Line::A74B127A-8882-4043-BAAA-F49A6703DE54:,214,OCESN8501F1187_F:OUI:FR:Line::A74B127A-8882-4043-BAAA-F49A6703DE54::87391003:87611004:5:1044:20260327,8501,0.0,26021,
FR:Line::A74B127A-8882-4043-BAAA-F49A6703DE54:,341,OCESN8502F1187_F:OUI:FR:Line::A74B127A-8882-4043-BAAA-F49A6703DE54::87611004:87391003:6:1104:20260513,8502,1.0,26022,
FR:Line::A74B127A-8882-4043-BAAA-F49A6703DE54:,7179,OCESN8502F1187_F:OUI:FR:Line::A74B127A-8882-4043-BAAA-F49A6703DE54::87611004:87391003:6:1103:20260827,8502,1.0,26023,
FR:Line::A74B127A-8882-4043-BAAA-F49A6703DE54:,317,OCESN8502F1187_F:OUI:FR:Line::A74B127A-8882-4043-BAAA-F49A6703DE54::87611004:87391003:6:1103:20260831,8502,1.0,26024,
FR:Line::A74B127A-8882-4043-BAAA-F49A6703DE54:,637,OCESN8502F1187_F:OUI:FR:Line::A74B127A-8882-4043-BAAA-F49A6703DE54::87611004:87391003:6:1103:20260828,8502,1.0,26025,
FR:Line::A74B127A-8882-4043-BAAA-F49A6703DE54:,7180,OCESN8502F1187_F:OUI:FR:Line::A74B127A-8882-4043-BAAA-F49A6703DE54::87611004:87391003:5:1103:20260627,8502,1.0,26026,
FR:Line::A74B127A-8882-4043-BAAA-F49A6703DE54:,76,OCESN8502F1187_F:OUI:FR:Line::A74B127A-8882-4043-BAAA-F49A6703DE54::87611004:87391003:5:1103:20260307,8502,1.0,26027,
FR:Line::A74B127A-8882-4043-BAAA-F49A6703DE54:,71,OCESN8502F1187_F:OUI:FR:Line::A74B127A-8882-4043-BAAA-F49A6703DE54::87611004:87391003:5:1055:20260523,8502,1.0,26028,
FR:Line::A74B127A-8882-4043-BAAA-F49A6703DE54:,7181,OCESN8502F1187_F:OUI:FR:Line::A74B127A-8882-4043-BAAA-F49A6703DE54::87611004:87391003:6:1105:20260526,8502,1.0,26029,
FR:Line::A74B127A-8882-4043-BAAA-F49A6703DE54:,97,OCESN8502F1187_F:OUI:FR:Line::A74B127A-8882-4043-BAAA-F49A6703DE54::87581009:87391003:2:1103:20260404,8502,1.0,26030,
FR:Line::A74B127A-8882-4043-BAAA-F49A6703DE54:,48,OCESN8502F1187_F:OUI:FR:Line::A74B127A-8882-4043-BAAA-F49A6703DE54::87581009:87391003:2:1051:20260515,8502,1.0,26031,
FR:Line::A74B127A-8882-4043-BAAA-F49A6703DE54:,50,OCESN8502F1187_F:OUI:FR:Line::A74B127A-8882-4043-BAAA-F49A6703DE54::87581009:87391003:2:1047:20260509,8502,1.0,26032,
FR:Line::A74B127A-8882-4043-BAAA-F49A6703DE54:,344,OCESN8502F1187_F:OUI:FR:Line::A74B127A-8882-4043-BAAA-F49A6703DE54::87611004:87391003:5:1056:20260620,8502,1.0,26033,
FR:Line::A74B127A-8882-4043-BAAA-F49A6703DE54:,3430,OCESN8502F1187_F:OUI:FR:Line::A74B127A-8882-4043-BAAA-F49A6703DE54::87581009:87391003:2:1136:20260516,8502,1.0,26034,
FR:Line::A74B127A-8882-4043-BAAA-F49A6703DE54:,328,OCESN8502F1187_F:OUI:FR:Line::A74B127A-8882-4043-BAAA-F49A6703DE54::87611004:87391003:5:1103:20260725,8502,1.0,26035,
FR:Line::A74B127A-8882-4043-BAAA-F49A6703DE54:,329,OCESN8502F1187_F:OUI:FR:Line::A74B127A-8882-4043-BAAA-F49A6703DE54::87611004:87391003:5:1103:20260829,8502,1.0,26036,
FR:Line::A74B127A-8882-4043-BAAA-F49A6703DE54:,7182,OCESN8502F1187_F:OUI:FR:Line::A74B127A-8882-4043-BAAA-F49A6703DE54::87611004:87391003:6:1105:20260619,8502,1.0,26037,
FR:Line::A74B127A-8882-4043-BAAA-F49A6703DE54:,318,OCESN8502F1187_F:OUI:FR:Line::A74B127A-8882-4043-BAAA-F49A6703DE54::87611004:87391003:6:1103:20260731,8502,1.0,26038,
FR:Line::A74B127A-8882-4043-BAAA-F49A6703DE54:,7183,OCESN8502F1187_F:OUI:FR:Line::A74B127A-8882-4043-BAAA-F49A6703DE54::87611004:87391003:5:1105:20260508,8502,1.0,26039,
FR:Line::A74B127A-8882-4043-BAAA-F49A6703DE54:,7184,OCESN8502F1187_F:OUI:FR:Line::A74B127A-8882-4043-BAAA-F49A6703DE54::87611004:87391003:6:1103:20260702,8502,1.0,26040,
FR:Line::A74B127A-8882-4043-BAAA-F49A6703DE54:,97,OCESN8503F1187_F:OUI:FR:Line::A74B127A-8882-4043-BAAA-F49A6703DE54::87391003:87581009:3:848:20260404,8503,0.0,26041,
FR:Line::A74B127A-8882-4043-BAAA-F49A6703DE54:,480,OCESN8503F1187_F:OUI:FR:Line::A74B127A-8882-4043-BAAA-F49A6703DE54::87391003:87611004:5:1126:20260502,8503,0.0,26042,
FR:Line::A74B127A-8882-4043-BAAA-F49A6703DE54:,48,OCESN8503F1187_F:OUI:FR:Line::A74B127A-8882-4043-BAAA-F49A6703DE54::87391003:87581009:3:930:20260515,8503,0.0,26043,
FR:Line::A74B127A-8882-4043-BAAA-F49A6703DE54:,50,OCESN8503F1187_F:OUI:FR:Line::A74B127A-8882-4043-BAAA-F49A6703DE54::87391003:87581009:3:849:20260509,8503,0.0,26044,
FR:Line::A74B127A-8882-4043-BAAA-F49A6703DE54:,98,OCESN8503F1187_F:OUI:FR:Line::A74B127A-8882-4043-BAAA-F49A6703DE54::87391003:87581009:3:940:20260514,8503,0.0,26045,
FR:Line::A74B127A-8882-4043-BAAA-F49A6703DE54:,71,OCESN8503F1187_F:OUI:FR:Line::A74B127A-8882-4043-BAAA-F49A6703DE54::87391003:87611004:5:1126:20260523,8503,0.0,26046,
FR:Line::A74B127A-8882-4043-BAAA-F49A6703DE54:,141,OCESN8503F1187_F:OUI:FR:Line::A74B127A-8882-4043-BAAA-F49A6703DE54::87391003:87611004:5:1126:20260425,8503,0.0,26047,
FR:Line::A74B127A-8882-4043-BAAA-F49A6703DE54:,346,OCESN8503F1187_F:OUI:FR:Line::A74B127A-8882-4043-BAAA-F49A6703DE54::87391003:87611004:5:1126:20260508,8503,0.0,26048,
FR:Line::A74B127A-8882-4043-BAAA-F49A6703DE54:,7185,OCESN8503F1187_F:OUI:FR:Line::A74B127A-8882-4043-BAAA-F49A6703DE54::87391003:87611004:5:1126:20260829,8503,0.0,26049,
FR:Line::A74B127A-8882-4043-BAAA-F49A6703DE54:,7186,OCESN8503F1187_F:OUI:FR:Line::A74B127A-8882-4043-BAAA-F49A6703DE54::87391003:87611004:5:1126:20260808,8503,0.0,26050,
FR:Line::A74B127A-8882-4043-BAAA-F49A6703DE54:,5417,OCESN8503F1187_F:OUI:FR:Line::A74B127A-8882-4043-BAAA-F49A6703DE54::87391003:87611004:5:1126:20260707,8503,0.0,26051,
FR:Line::A74B127A-8882-4043-BAAA-F49A6703DE54:,7187,OCESN8503F1187_F:OUI:FR:Line::A74B127A-8882-4043-BAAA-F49A6703DE54::87391003:87611004:5:1126:20260828,8503,0.0,26052,
FR:Line::A74B127A-8882-4043-BAAA-F49A6703DE54:,7196,OCESN8504F1187_F:OUI:FR:Line::A74B127A-8882-4043-BAAA-F49A6703DE54::87581009:87391003:2:1255:20260406,8504,1.0,26107,
FR:Line::A74B127A-8882-4043-BAAA-F49A6703DE54:,7197,OCESN8504F1187_F:OUI:FR:Line::A74B127A-8882-4043-BAAA-F49A6703DE54::87611004:87391003:5:1258:20260513,8504,1.0,26108,
FR:Line::A74B127A-8882-4043-BAAA-F49A6703DE54:,115,OCESN8504F1187_F:OUI:FR:Line::A74B127A-8882-4043-BAAA-F49A6703DE54::87581009:87391003:2:1259:20260525,8504,1.0,26109,
FR:Line::A74B127A-8882-4043-BAAA-F49A6703DE54:,58,OCESN8504F1187_F:OUI:FR:Line::A74B127A-8882-4043-BAAA-F49A6703DE54::87581009:87391003:2:1258:20260510,8504,1.0,26110,
FR:Line::A74B127A-8882-4043-BAAA-F49A6703DE54:,7198,OCESN8504F1187_F:OUI:FR:Line::A74B127A-8882-4043-BAAA-F49A6703DE54::87611004:87391003:5:1258:20260502,8504,1.0,26111,
FR:Line::A74B127A-8882-4043-BAAA-F49A6703DE54:,391,OCESN8504F1187_F:OUI:FR:Line::A74B127A-8882-4043-BAAA-F49A6703DE54::87611004:87391003:5:1258:20260503,8504,1.0,26112,
FR:Line::A74B127A-8882-4043-BAAA-F49A6703DE54:,5193,OCESN8504F1187_F:OUI:FR:Line::A74B127A-8882-4043-BAAA-F49A6703DE54::87611004:87391003:5:1255:20260725,8504,1.0,26113,
FR:Line::A74B127A-8882-4043-BAAA-F49A6703DE54:,329,OCESN8504F1187_F:OUI:FR:Line::A74B127A-8882-4043-BAAA-F49A6703DE54::87611004:87391003:5:1255:20260829,8504,1.0,26114,
FR:Line::A74B127A-8882-4043-BAAA-F49A6703DE54:,102,OCESN8504F1187_F:OUI:FR:Line::A74B127A-8882-4043-BAAA-F49A6703DE54::87586008:87391003:3:1255:20260531,8504,1.0,26115,
FR:Line::A74B127A-8882-4043-BAAA-F49A6703DE54:,3430,OCESN8504F1187_F:OUI:FR:Line::A74B127A-8882-4043-BAAA-F49A6703DE54::87581009:87391003:2:1256:20260516,8504,1.0,26116,
FR:Line::A74B127A-8882-4043-BAAA-F49A6703DE54:,116,OCESN8504F1187_F:OUI:FR:Line::A74B127A-8882-4043-BAAA-F49A6703DE54::87581009:87391003:2:1256:20260517,8504,1.0,26117,
FR:Line::A74B127A-8882-4043-BAAA-F49A6703DE54:,161,OCESN8504F1187_F:OUI:FR:Line::A74B127A-8882-4043-BAAA-F49A6703DE54::87581009:87391003:2:1255:20260524,8504,1.0,26118,
FR:Line::A74B127A-8882-4043-BAAA-F49A6703DE54:,50,OCESN8504F1187_F:OUI:FR:Line::A74B127A-8882-4043-BAAA-F49A6703DE54::87581009:87391003:2:1258:20260509,8504,1.0,26119,
FR:Line::A74B127A-8882-4043-BAAA-F49A6703DE54:,1908,OCESN8504F1187_F:OUI:FR:Line::A74B127A-8882-4043-BAAA-F49A6703DE54::87611004:87391003:5:1255:20260830,8504,1.0,26120,
FR:Line::A74B127A-8882-4043-BAAA-F49A6703DE54:,576,OCESN8504F1187_F:OUI:FR:Line::A74B127A-8882-4043-BAAA-F49A6703DE54::87611004:87391003:5:1255:20260712,8504,1.0,26121,
FR:Line::A74B127A-8882-4043-BAAA-F49A6703DE54:,210,OCESN8504F1187_F:OUI:FR:Line::A74B127A-8882-4043-BAAA-F49A6703DE54::87611004:87391003:5:1255:20260530,8504,1.0,26122,
FR:Line::A74B127A-8882-4043-BAAA-F49A6703DE54:,7199,OCESN8504F1187_F:OUI:FR:Line::A74B127A-8882-4043-BAAA-F49A6703DE54::87611004:87391003:5:1255:20260828,8504,1.0,26123,
FR:Line::A74B127A-8882-4043-BAAA-F49A6703DE54:,436,OCESN8504F1187_F:OUI:FR:Line::A74B127A-8882-4043-BAAA-F49A6703DE54::87611004:87391003:5:1255:20260628,8504,1.0,26124,
FR:Line::A74B127A-8882-4043-BAAA-F49A6703DE54:,7200,OCESN8504F1187_F:OUI:FR:Line::A74B127A-8882-4043-BAAA-F49A6703DE54::87611004:87391003:5:1255:20260731,8504,1.0,26125,
FR:Line::A74B127A-8882-4043-BAAA-F49A6703DE54:,325,OCESN8504F1187_F:OUI:FR:Line::A74B127A-8882-4043-BAAA-F49A6703DE54::87611004:87391003:5:1255:20260703,8504,1.0,26126,
FR:Line::A74B127A-8882-4043-BAAA-F49A6703DE54:,48,OCESN8504F1187_F:OUI:FR:Line::A74B127A-8882-4043-BAAA-F49A6703DE54::87581009:87391003:2:1409:20260515,8504,1.0,26127,
FR:Line::A74B127A-8882-4043-BAAA-F49A6703DE54:,141,OCESN8504F1187_F:OUI:FR:Line::A74B127A-8882-4043-BAAA-F49A6703DE54::87611004:87391003:5:1258:20260425,8504,1.0,26128,
FR:Line::A74B127A-8882-4043-BAAA-F49A6703DE54:,128,OCESN8504F1187_F:OUI:FR:Line::A74B127A-8882-4043-BAAA-F49A6703DE54::87611004:87391003:5:1255:20260831,8504,1.0,26129,
FR:Line::A74B127A-8882-4043-BAAA-F49A6703DE54:,7201,OCESN8504F1187_F:OUI:FR:Line::A74B127A-8882-4043-BAAA-F49A6703DE54::87611004:87391003:5:1255:20260701,8504,1.0,26130,
FR:Line::A74B127A-8882-4043-BAAA-F49A6703DE54:,7202,OCESN8504F1187_F:OUI:FR:Line::A74B127A-8882-4043-BAAA-F49A6703DE54::87611004:87391003:5:1255:20260827,8504,1.0,26131,
FR:Line::A74B127A-8882-4043-BAAA-F49A6703DE54:,7208,OCESN8505F1187_F:OUI:FR:Line::A74B127A-8882-4043-BAAA-F49A6703DE54::87391003:87611004:5:1520:20260626,8505,0.0,26162,
FR:Line::A74B127A-8882-4043-BAAA-F49A6703DE54:,7209,OCESN8505F1187_F:OUI:FR:Line::A74B127A-8882-4043-BAAA-F49A6703DE54::87391003:87611004:5:1520:20260419,8505,0.0,26163,
FR:Line::A74B127A-8882-4043-BAAA-F49A6703DE54:,7210,OCESN8505F1187_F:OUI:FR:Line::A74B127A-8882-4043-BAAA-F49A6703DE54::87391003:87581009:2:1248:20260524,8505,0.0,26164,
FR:Line::A74B127A-8882-4043-BAAA-F49A6703DE54:,410,OCESN8505F1187_F:OUI:FR:Line::A74B127A-8882-4043-BAAA-F49A6703DE54::87391003:87581009:2:1248:20260509,8505,0.0,26165,
FR:Line::A74B127A-8882-4043-BAAA-F49A6703DE54:,368,OCESN8505F1187_F:OUI:FR:Line::A74B127A-8882-4043-BAAA-F49A6703DE54::87391003:87611004:5:1520:20260424,8505,0.0,26166,
FR:Line::A74B127A-8882-4043-BAAA-F49A6703DE54:,373,OCESN8505F1187_F:OUI:FR:Line::A74B127A-8882-4043-BAAA-F49A6703DE54::87391003:87611004:5:1520:20260430,8505,0.0,26167,
FR:Line::A74B127A-8882-4043-BAAA-F49A6703DE54:,7211,OCESN8505F1187_F:OUI:FR:Line::A74B127A-8882-4043-BAAA-F49A6703DE54::87391003:87611004:5:1520:20260503,8505,0.0,26168,
FR:Line::A74B127A-8882-4043-BAAA-F49A6703DE54:,95,OCESN8505F1187_F:OUI:FR:Line::A74B127A-8882-4043-BAAA-F49A6703DE54::87391003:87611004:5:1520:20260501,8505,0.0,26169,
FR:Line::A74B127A-8882-4043-BAAA-F49A6703DE54:,353,OCESN8505F1187_F:OUI:FR:Line::A74B127A-8882-4043-BAAA-F49A6703DE54::87391003:87611004:5:1520:20260513,8505,0.0,26170,
FR:Line::A74B127A-8882-4043-BAAA-F49A6703DE54:,7212,OCESN8505F1187_F:OUI:FR:Line::A74B127A-8882-4043-BAAA-F49A6703DE54::87391003:87611004:5:1520:20260814,8505,0.0,26171,
FR:Line::A74B127A-8882-4043-BAAA-F49A6703DE54:,7213,OCESN8505F1187_F:OUI:FR:Line::A74B127A-8882-4043-BAAA-F49A6703DE54::87391003:87611004:5:1520:20260830,8505,0.0,26172,
FR:Line::A74B127A-8882-4043-BAAA-F49A6703DE54:,179,OCESN8505F1187_F:OUI:FR:Line::A74B127A-8882-4043-BAAA-F49A6703DE54::87391003:87611004:5:1520:20260712,8505,0.0,26173,
FR:Line::A74B127A-8882-4043-BAAA-F49A6703DE54:,57,OCESN8505F1187_F:OUI:FR:Line::A74B127A-8882-4043-BAAA-F49A6703DE54::87391003:87611004:5:1520:20260705,8505,0.0,26174,
FR:Line::A74B127A-8882-4043-BAAA-F49A6703DE54:,325,OCESN8505F1187_F:OUI:FR:Line::A74B127A-8882-4043-BAAA-F49A6703DE54::87391003:87611004:5:1520:20260703,8505,0.0,26175,
FR:Line::A74B127A-8882-4043-BAAA-F49A6703DE54:,2209,OCESN8505F1187_F:OUI:FR:Line::A74B127A-8882-4043-BAAA-F49A6703DE54::87391003:87611004:5:1520:20260605,8505,0.0,26176,
FR:Line::A74B127A-8882-4043-BAAA-F49A6703DE54:,7214,OCESN8505F1187_F:OUI:FR:Line::A74B127A-8882-4043-BAAA-F49A6703DE54::87391003:87611004:5:1520:20260807,8505,0.0,26177,
FR:Line::A74B127A-8882-4043-BAAA-F49A6703DE54:,7186,OCESN8505F1187_F:OUI:FR:Line::A74B127A-8882-4043-BAAA-F49A6703DE54::87391003:87611004:5:1520:20260808,8505,0.0,26178,
FR:Line::A74B127A-8882-4043-BAAA-F49A6703DE54:,7215,OCESN8505F1187_F:OUI:FR:Line::A74B127A-8882-4043-BAAA-F49A6703DE54::87391003:87611004:5:1520:20260829,8505,0.0,26179,
FR:Line::A74B127A-8882-4043-BAAA-F49A6703DE54:,7216,OCESN8505F1187_F:OUI:FR:Line::A74B127A-8882-4043-BAAA-F49A6703DE54::87391003:87611004:5:1520:20260621,8505,0.0,26180,
FR:Line::A74B127A-8882-4043-BAAA-F49A6703DE54:,7217,OCESN8505F1187_F:OUI:FR:Line::A74B127A-8882-4043-BAAA-F49A6703DE54::87391003:87611004:5:1520:20260628,8505,0.0,26181,
FR:Line::A74B127A-8882-4043-BAAA-F49A6703DE54:,2323,OCESN8505F1187_F:OUI:FR:Line::A74B127A-8882-4043-BAAA-F49A6703DE54::87391003:87611004:5:1520:20260410,8505,0.0,26182,
FR:Line::A74B127A-8882-4043-BAAA-F49A6703DE54:,198,OCESN8505F1187_F:OUI:FR:Line::A74B127A-8882-4043-BAAA-F49A6703DE54::87391003:87611004:5:1520:20260403,8505,0.0,26183,
FR:Line::A74B127A-8882-4043-BAAA-F49A6703DE54:,109,OCESN8505F1187_F:OUI:FR:Line::A74B127A-8882-4043-BAAA-F49A6703DE54::87391003:87611004:5:1520:20260417,8505,0.0,26184,
FR:Line::A74B127A-8882-4043-BAAA-F49A6703DE54:,204,OCESN8505F1187_F:OUI:FR:Line::A74B127A-8882-4043-BAAA-F49A6703DE54::87391003:87581009:2:1310:20260516,8505,0.0,26185,
FR:Line::A74B127A-8882-4043-BAAA-F49A6703DE54:,98,OCESN8505F1187_F:OUI:FR:Line::A74B127A-8882-4043-BAAA-F49A6703DE54::87391003:87581009:2:1248:20260514,8505,0.0,26186,
FR:Line::A74B127A-8882-4043-BAAA-F49A6703DE54:,58,OCESN8505F1187_F:OUI:FR:Line::A74B127A-8882-4043-BAAA-F49A6703DE54::87391003:87611004:5:1520:20260510,8505,0.0,26187,
FR:Line::A74B127A-8882-4043-BAAA-F49A6703DE54:,48,OCESN8505F1187_F:OUI:FR:Line::A74B127A-8882-4043-BAAA-F49A6703DE54::87391003:87581009:2:1223:20260515,8505,0.0,26188,
FR:Line::A74B127A-8882-4043-BAAA-F49A6703DE54:,141,OCESN8505F1187_F:OUI:FR:Line::A74B127A-8882-4043-BAAA-F49A6703DE54::87391003:87611004:5:1520:20260425,8505,0.0,26189,
FR:Line::A74B127A-8882-4043-BAAA-F49A6703DE54:,7219,OCESN8507F1187_F:OUI:FR:Line::A74B127A-8882-4043-BAAA-F49A6703DE54::87391003:87611004:5:1548:20260512,8507,0.0,26244,
FR:Line::A74B127A-8882-4043-BAAA-F49A6703DE54:,7220,OCESN8507F1187_F:OUI:FR:Line::A74B127A-8882-4043-BAAA-F49A6703DE54::87391003:87611004:5:1548:20260730,8507,0.0,26245,
FR:Line::A74B127A-8882-4043-BAAA-F49A6703DE54:,7221,OCESN8507F1187_F:OUI:FR:Line::A74B127A-8882-4043-BAAA-F49A6703DE54::87391003:87611004:5:1548:20260506,8507,0.0,26246,
FR:Line::A74B127A-8882-4043-BAAA-F49A6703DE54:,277,OCESN8507F1187_F:OUI:FR:Line::A74B127A-8882-4043-BAAA-F49A6703DE54::87391003:87611004:5:1548:20260706,8507,0.0,26247,
FR:Line::A74B127A-8882-4043-BAAA-F49A6703DE54:,7222,OCESN8507F1187_F:OUI:FR:Line::A74B127A-8882-4043-BAAA-F49A6703DE54::87391003:87611004:5:1548:20260827,8507,0.0,26248,
FR:Line::A74B127A-8882-4043-BAAA-F49A6703DE54:,128,OCESN8507F1187_F:OUI:FR:Line::A74B127A-8882-4043-BAAA-F49A6703DE54::87391003:87611004:5:1548:20260831,8507,0.0,26249,
FR:Line::A74B127A-8882-4043-BAAA-F49A6703DE54:,7223,OCESN8507F1187_F:OUI:FR:Line::A74B127A-8882-4043-BAAA-F49A6703DE54::87391003:87611004:5:1548:20260826,8507,0.0,26250,
FR:Line::A74B127A-8882-4043-BAAA-F49A6703DE54:,3155,OCESN8508F1187_F:OUI:FR:Line::A74B127A-8882-4043-BAAA-F49A6703DE54::87581009:87391003:2:1455:20260525,8508,1.0,26251,
FR:Line::A74B127A-8882-4043-BAAA-F49A6703DE54:,7224,OCESN8508F1187_F:OUI:FR:Line::A74B127A-8882-4043-BAAA-F49A6703DE54::87611004:87391003:3:1508:20260513,8508,1.0,26252,
FR:Line::A74B127A-8882-4043-BAAA-F49A6703DE54:,134,OCESN8508F1187_F:OUI:FR:Line::A74B127A-8882-4043-BAAA-F49A6703DE54::87611004:87391003:3:1508:20260426,8508,1.0,26253,
FR:Line::A74B127A-8882-4043-BAAA-F49A6703DE54:,3480,OCESN8508F1187_F:OUI:FR:Line::A74B127A-8882-4043-BAAA-F49A6703DE54::87611004:87391003:3:1508:20260420,8508,1.0,26254,
FR:Line::A74B127A-8882-4043-BAAA-F49A6703DE54:,114,OCESN8508F1187_F:OUI:FR:Line::A74B127A-8882-4043-BAAA-F49A6703DE54::87611004:87391003:3:1508:20260503,8508,1.0,26255,
FR:Line::A74B127A-8882-4043-BAAA-F49A6703DE54:,7225,OCESN8508F1187_F:OUI:FR:Line::A74B127A-8882-4043-BAAA-F49A6703DE54::87611004:87391003:3:1455:20260820,8508,1.0,26256,
FR:Line::A74B127A-8882-4043-BAAA-F49A6703DE54:,7226,OCESN8508F1187_F:OUI:FR:Line::A74B127A-8882-4043-BAAA-F49A6703DE54::87611004:87391003:3:1455:20260712,8508,1.0,26257,
FR:Line::A74B127A-8882-4043-BAAA-F49A6703DE54:,972,OCESN8508F1187_F:OUI:FR:Line::A74B127A-8882-4043-BAAA-F49A6703DE54::87581009:87391003:2:1455:20260315,8508,1.0,26258,
FR:Line::A74B127A-8882-4043-BAAA-F49A6703DE54:,7227,OCESN8508F1187_F:OUI:FR:Line::A74B127A-8882-4043-BAAA-F49A6703DE54::87611004:87391003:3:1455:20260831,8508,1.0,26259,
FR:Line::A74B127A-8882-4043-BAAA-F49A6703DE54:,7228,OCESN8508F1187_F:OUI:FR:Line::A74B127A-8882-4043-BAAA-F49A6703DE54::87611004:87391003:3:1455:20260830,8508,1.0,26260,
FR:Line::A74B127A-8882-4043-BAAA-F49A6703DE54:,7229,OCESN8508F1187_F:OUI:FR:Line::A74B127A-8882-4043-BAAA-F49A6703DE54::87611004:87391003:3:1455:20260827,8508,1.0,26261,
FR:Line::A74B127A-8882-4043-BAAA-F49A6703DE54:,506,OCESN8508F1187_F:OUI:FR:Line::A74B127A-8882-4043-BAAA-F49A6703DE54::87611004:87391003:3:1455:20260828,8508,1.0,26262,
FR:Line::A74B127A-8882-4043-BAAA-F49A6703DE54:,7230,OCESN8509F1187_F:OUI:FR:Line::A74B127A-8882-4043-BAAA-F49A6703DE54::87391003:87611004:4:1849:20260809,8509,0.0,26263,
FR:Line::A74B127A-8882-4043-BAAA-F49A6703DE54:,7231,OCESN8509F1187_F:OUI:FR:Line::A74B127A-8882-4043-BAAA-F49A6703DE54::87391003:87611004:4:1849:20260830,8509,0.0,26264,
FR:Line::A74B127A-8882-4043-BAAA-F49A6703DE54:,327,OCESN8509F1187_F:OUI:FR:Line::A74B127A-8882-4043-BAAA-F49A6703DE54::87391003:87611004:4:1849:20260816,8509,0.0,26265,
FR:Line::A74B127A-8882-4043-BAAA-F49A6703DE54:,7232,OCESN8509F1187_F:OUI:FR:Line::A74B127A-8882-4043-BAAA-F49A6703DE54::87391003:87611004:4:1849:20260628,8509,0.0,26266,
FR:Line::A74B127A-8882-4043-BAAA-F49A6703DE54:,394,OCESN8509F1187_F:OUI:FR:Line::A74B127A-8882-4043-BAAA-F49A6703DE54::87391003:87611004:4:1849:20260419,8509,0.0,26267,
FR:Line::A74B127A-8882-4043-BAAA-F49A6703DE54:,391,OCESN8509F1187_F:OUI:FR:Line::A74B127A-8882-4043-BAAA-F49A6703DE54::87391003:87611004:4:1849:20260503,8509,0.0,26268,
FR:Line::A74B127A-8882-4043-BAAA-F49A6703DE54:,58,OCESN8509F1187_F:OUI:FR:Line::A74B127A-8882-4043-BAAA-F49A6703DE54::87391003:87611004:4:1849:20260510,8509,0.0,26269,
FR:Line::A74B127A-8882-4043-BAAA-F49A6703DE54:,948,OCESN8510F1187_F:OUI:FR:Line::A74B127A-8882-4043-BAAA-F49A6703DE54::87611004:87391003:5:1911:20260320,8510,1.0,26270,
FR:Line::A74B127A-8882-4043-BAAA-F49A6703DE54:,7237,OCESN8511F1187_F:OUI:FR:Line::A74B127A-8882-4043-BAAA-F49A6703DE54::87391003:87581009:2:1714:20260523,8511,0.0,26316,
FR:Line::A74B127A-8882-4043-BAAA-F49A6703DE54:,7238,OCESN8511F1187_F:OUI:FR:Line::A74B127A-8882-4043-BAAA-F49A6703DE54::87391003:87611004:3:1940:20260723,8511,0.0,26317,
FR:Line::A74B127A-8882-4043-BAAA-F49A6703DE54:,410,OCESN8511F1187_F:OUI:FR:Line::A74B127A-8882-4043-BAAA-F49A6703DE54::87391003:87581009:2:1717:20260509,8511,0.0,26318,
FR:Line::A74B127A-8882-4043-BAAA-F49A6703DE54:,7239,OCESN8511F1187_F:OUI:FR:Line::A74B127A-8882-4043-BAAA-F49A6703DE54::87391003:87611004:3:1940:20260512,8511,0.0,26319,
FR:Line::A74B127A-8882-4043-BAAA-F49A6703DE54:,368,OCESN8511F1187_F:OUI:FR:Line::A74B127A-8882-4043-BAAA-F49A6703DE54::87391003:87611004:3:1940:20260424,8511,0.0,26320,
FR:Line::A74B127A-8882-4043-BAAA-F49A6703DE54:,7240,OCESN8511F1187_F:OUI:FR:Line::A74B127A-8882-4043-BAAA-F49A6703DE54::87391003:87611004:3:1940:20260506,8511,0.0,26321,
FR:Line::A74B127A-8882-4043-BAAA-F49A6703DE54:,3480,OCESN8511F1187_F:OUI:FR:Line::A74B127A-8882-4043-BAAA-F49A6703DE54::87391003:87611004:3:1940:20260420,8511,0.0,26322,
FR:Line::A74B127A-8882-4043-BAAA-F49A6703DE54:,7241,OCESN8511F1187_F:OUI:FR:Line::A74B127A-8882-4043-BAAA-F49A6703DE54::87391003:87611004:3:1940:20260730,8511,0.0,26323,
FR:Line::A74B127A-8882-4043-BAAA-F49A6703DE54:,544,OCESN8511F1187_F:OUI:FR:Line::A74B127A-8882-4043-BAAA-F49A6703DE54::87391003:87611004:3:1940:20260513,8511,0.0,26324,
FR:Line::A74B127A-8882-4043-BAAA-F49A6703DE54:,141,OCESN8511F1187_F:OUI:FR:Line::A74B127A-8882-4043-BAAA-F49A6703DE54::87391003:87611004:3:1940:20260425,8511,0.0,26325,
FR:Line::A74B127A-8882-4043-BAAA-F49A6703DE54:,7242,OCESN8511F1187_F:OUI:FR:Line::A74B127A-8882-4043-BAAA-F49A6703DE54::87391003:87611004:3:1940:20260626,8511,0.0,26326,
FR:Line::A74B127A-8882-4043-BAAA-F49A6703DE54:,7243,OCESN8511F1187_F:OUI:FR:Line::A74B127A-8882-4043-BAAA-F49A6703DE54::87391003:87611004:3:1940:20260808,8511,0.0,26327,
FR:Line::A74B127A-8882-4043-BAAA-F49A6703DE54:,7244,OCESN8511F1187_F:OUI:FR:Line::A74B127A-8882-4043-BAAA-F49A6703DE54::87391003:87611004:3:1940:20260827,8511,0.0,26328,
FR:Line::A74B127A-8882-4043-BAAA-F49A6703DE54:,7245,OCESN8511F1187_F:OUI:FR:Line::A74B127A-8882-4043-BAAA-F49A6703DE54::87391003:87611004:3:1940:20260713,8511,0.0,26329,
FR:Line::A74B127A-8882-4043-BAAA-F49A6703DE54:,48,OCESN8511F1187_F:OUI:FR:Line::A74B127A-8882-4043-BAAA-F49A6703DE54::87391003:87581009:2:1816:20260515,8511,0.0,26330,
FR:Line::A74B127A-8882-4043-BAAA-F49A6703DE54:,3430,OCESN8511F1187_F:OUI:FR:Line::A74B127A-8882-4043-BAAA-F49A6703DE54::87391003:87581009:2:1806:20260516,8511,0.0,26331,
FR:Line::A74B127A-8882-4043-BAAA-F49A6703DE54:,7246,OCESN8511F1187_F:OUI:FR:Line::A74B127A-8882-4043-BAAA-F49A6703DE54::87391003:87611004:3:1940:20260829,8511,0.0,26332,
FR:Line::A74B127A-8882-4043-BAAA-F49A6703DE54:,128,OCESN8511F1187_F:OUI:FR:Line::A74B127A-8882-4043-BAAA-F49A6703DE54::87391003:87611004:3:1940:20260831,8511,0.0,26333,
FR:Line::A74B127A-8882-4043-BAAA-F49A6703DE54:,7247,OCESN8511F1187_F:OUI:FR:Line::A74B127A-8882-4043-BAAA-F49A6703DE54::87391003:87611004:3:1940:20260825,8511,0.0,26334,
FR:Line::A74B127A-8882-4043-BAAA-F49A6703DE54:,1170,OCESN8512F1187_F:OUI:FR:Line::A74B127A-8882-4043-BAAA-F49A6703DE54::87611004:87391003:5:1718:20260328,8512,1.0,26367,
FR:Line::A74B127A-8882-4043-BAAA-F49A6703DE54:,259,OCESN8512F1187_F:OUI:FR:Line::A74B127A-8882-4043-BAAA-F49A6703DE54::87581009:87391003:3:1718:20260314,8512,1.0,26368,
FR:Line::A74B127A-8882-4043-BAAA-F49A6703DE54:,363,OCESN8512F1187_F:OUI:FR:Line::A74B127A-8882-4043-BAAA-F49A6703DE54::87611004:87391003:5:1726:20260327,8512,1.0,26369,
FR:Line::A74B127A-8882-4043-BAAA-F49A6703DE54:,7259,OCESN8512F1187_F:OUI:FR:Line::A74B127A-8882-4043-BAAA-F49A6703DE54::87611004:87391003:5:1714:20260627,8512,1.0,26370,
FR:Line::A74B127A-8882-4043-BAAA-F49A6703DE54:,7260,OCESN8512F1187_F:OUI:FR:Line::A74B127A-8882-4043-BAAA-F49A6703DE54::87611004:87391003:5:1715:20260830,8512,1.0,26371,
FR:Line::A74B127A-8882-4043-BAAA-F49A6703DE54:,7261,OCESN8512F1187_F:OUI:FR:Line::A74B127A-8882-4043-BAAA-F49A6703DE54::87611004:87391003:5:1715:20260828,8512,1.0,26372,
FR:Line::A74B127A-8882-4043-BAAA-F49A6703DE54:,7262,OCESN8512F1187_F:OUI:FR:Line::A74B127A-8882-4043-BAAA-F49A6703DE54::87611004:87391003:5:1716:20260819,8512,1.0,26373,
FR:Line::A74B127A-8882-4043-BAAA-F49A6703DE54:,7263,OCESN8512F1187_F:OUI:FR:Line::A74B127A-8882-4043-BAAA-F49A6703DE54::87611004:87391003:5:1715:20260822,8512,1.0,26374,
FR:Line::A74B127A-8882-4043-BAAA-F49A6703DE54:,7264,OCESN8512F1187_F:OUI:FR:Line::A74B127A-8882-4043-BAAA-F49A6703DE54::87611004:87391003:5:1715:20260725,8512,1.0,26375,
FR:Line::A74B127A-8882-4043-BAAA-F49A6703DE54:,7265,OCESN8512F1187_F:OUI:FR:Line::A74B127A-8882-4043-BAAA-F49A6703DE54::87611004:87391003:5:1716:20260820,8512,1.0,26376,
FR:Line::A74B127A-8882-4043-BAAA-F49A6703DE54:,7266,OCESN8512F1187_F:OUI:FR:Line::A74B127A-8882-4043-BAAA-F49A6703DE54::87611004:87391003:5:1715:20260829,8512,1.0,26377,
FR:Line::A74B127A-8882-4043-BAAA-F49A6703DE54:,1239,OCESN8512F1187_F:OUI:FR:Line::A74B127A-8882-4043-BAAA-F49A6703DE54::87611004:87391003:5:1715:20260808,8512,1.0,26378,
FR:Line::A74B127A-8882-4043-BAAA-F49A6703DE54:,84,OCESN8512F1187_F:OUI:FR:Line::A74B127A-8882-4043-BAAA-F49A6703DE54::87611004:87391003:5:1715:20260718,8512,1.0,26379,
FR:Line::A74B127A-8882-4043-BAAA-F49A6703DE54:,7267,OCESN8512F1187_F:OUI:FR:Line::A74B127A-8882-4043-BAAA-F49A6703DE54::87611004:87391003:5:1716:20260827,8512,1.0,26380,
FR:Line::A74B127A-8882-4043-BAAA-F49A6703DE54:,75,OCESN8512F1187_F:OUI:FR:Line::A74B127A-8882-4043-BAAA-F49A6703DE54::87611004:87391003:5:1716:20260714,8512,1.0,26381,
FR:Line::A74B127A-8882-4043-BAAA-F49A6703DE54:,7268,OCESN8512F1187_F:OUI:FR:Line::A74B127A-8882-4043-BAAA-F49A6703DE54::87611004:87391003:5:1716:20260824,8512,1.0,26382,
FR:Line::A74B127A-8882-4043-BAAA-F49A6703DE54:,76,OCESN8512F1187_F:OUI:FR:Line::A74B127A-8882-4043-BAAA-F49A6703DE54::87611004:87391003:5:1718:20260307,8512,1.0,26383,
FR:Line::A74B127A-8882-4043-BAAA-F49A6703DE54:,117,OCESN8512F1187_F:OUI:FR:Line::A74B127A-8882-4043-BAAA-F49A6703DE54::87611004:87391003:5:1718:20260308,8512,1.0,26384,
FR:Line::A74B127A-8882-4043-BAAA-F49A6703DE54:,98,OCESN8512F1187_F:OUI:FR:Line::A74B127A-8882-4043-BAAA-F49A6703DE54::87581009:87391003:3:1716:20260514,8512,1.0,26385,
FR:Line::A74B127A-8882-4043-BAAA-F49A6703DE54:,114,OCESN8512F1187_F:OUI:FR:Line::A74B127A-8882-4043-BAAA-F49A6703DE54::87611004:87391003:5:1719:20260503,8512,1.0,26386,
FR:Line::A74B127A-8882-4043-BAAA-F49A6703DE54:,134,OCESN8512F1187_F:OUI:FR:Line::A74B127A-8882-4043-BAAA-F49A6703DE54::87611004:87391003:5:1719:20260426,8512,1.0,26387,
FR:Line::A74B127A-8882-4043-BAAA-F49A6703DE54:,161,OCESN8512F1187_F:OUI:FR:Line::A74B127A-8882-4043-BAAA-F49A6703DE54::87581009:87391003:3:1714:20260524,8512,1.0,26388,
FR:Line::A74B127A-8882-4043-BAAA-F49A6703DE54:,106,OCESN8512F1187_F:OUI:FR:Line::A74B127A-8882-4043-BAAA-F49A6703DE54::87581009:87391003:3:1716:20260406,8512,1.0,26389,
FR:Line::A74B127A-8882-4043-BAAA-F49A6703DE54:,142,OCESN8512F1187_F:OUI:FR:Line::A74B127A-8882-4043-BAAA-F49A6703DE54::87581009:87391003:3:1715:20260405,8512,1.0,26390,
FR:Line::A74B127A-8882-4043-BAAA-F49A6703DE54:,97,OCESN8512F1187_F:OUI:FR:Line::A74B127A-8882-4043-BAAA-F49A6703DE54::87581009:87391003:3:1715:20260404,8512,1.0,26391,
FR:Line::A74B127A-8882-4043-BAAA-F49A6703DE54:,330,OCESN8512F1187_F:OUI:FR:Line::A74B127A-8882-4043-BAAA-F49A6703DE54::87581009:87391003:3:1714:20260516,8512,1.0,26392,
FR:Line::A74B127A-8882-4043-BAAA-F49A6703DE54:,13,OCESN8512F1187_F:OUI:FR:Line::A74B127A-8882-4043-BAAA-F49A6703DE54::87611004:87391003:5:1716:20260518,8512,1.0,26393,
FR:Line::A74B127A-8882-4043-BAAA-F49A6703DE54:,410,OCESN8512F1187_F:OUI:FR:Line::A74B127A-8882-4043-BAAA-F49A6703DE54::87581009:87391003:3:1716:20260509,8512,1.0,26394,
FR:Line::A74B127A-8882-4043-BAAA-F49A6703DE54:,367,OCESN8512F1187_F:OUI:FR:Line::A74B127A-8882-4043-BAAA-F49A6703DE54::87581009:87391003:3:1716:20260517,8512,1.0,26395,
FR:Line::A74B127A-8882-4043-BAAA-F49A6703DE54:,7269,OCESN8512F1187_F:OUI:FR:Line::A74B127A-8882-4043-BAAA-F49A6703DE54::87611004:87391003:5:1718:20260513,8512,1.0,26396,
FR:Line::A74B127A-8882-4043-BAAA-F49A6703DE54:,3624,OCESN8512F1187_F:OUI:FR:Line::A74B127A-8882-4043-BAAA-F49A6703DE54::87611004:87391003:5:1718:20260430,8512,1.0,26397,
FR:Line::A74B127A-8882-4043-BAAA-F49A6703DE54:,7270,OCESN8512F1187_F:OUI:FR:Line::A74B127A-8882-4043-BAAA-F49A6703DE54::87611004:87391003:5:1719:20260501,8512,1.0,26398,
FR:Line::A74B127A-8882-4043-BAAA-F49A6703DE54:,345,OCESN8512F1187_F:OUI:FR:Line::A74B127A-8882-4043-BAAA-F49A6703DE54::87611004:87391003:5:1719:20260502,8512,1.0,26399,
FR:Line::A74B127A-8882-4043-BAAA-F49A6703DE54:,364,OCESN8512F1187_F:OUI:FR:Line::A74B127A-8882-4043-BAAA-F49A6703DE54::87611004:87391003:5:1718:20260329,8512,1.0,26400,
FR:Line::A74B127A-8882-4043-BAAA-F49A6703DE54:,7271,OCESN8512F1187_F:OUI:FR:Line::A74B127A-8882-4043-BAAA-F49A6703DE54::87611004:87391003:5:1717:20260417,8512,1.0,26401,
FR:Line::A74B127A-8882-4043-BAAA-F49A6703DE54:,394,OCESN8512F1187_F:OUI:FR:Line::A74B127A-8882-4043-BAAA-F49A6703DE54::87611004:87391003:5:1717:20260419,8512,1.0,26402,
FR:Line::A74B127A-8882-4043-BAAA-F49A6703DE54:,751,OCESN8512F1187_F:OUI:FR:Line::A74B127A-8882-4043-BAAA-F49A6703DE54::87611004:87391003:5:1717:20260412,8512,1.0,26403,
FR:Line::A74B127A-8882-4043-BAAA-F49A6703DE54:,739,OCESN8512F1187_F:OUI:FR:Line::A74B127A-8882-4043-BAAA-F49A6703DE54::87611004:87391003:5:1717:20260418,8512,1.0,26404,
FR:Line::A74B127A-8882-4043-BAAA-F49A6703DE54:,325,OCESN8512F1187_F:OUI:FR:Line::A74B127A-8882-4043-BAAA-F49A6703DE54::87611004:87391003:5:1714:20260703,8512,1.0,26405,
FR:Line::A74B127A-8882-4043-BAAA-F49A6703DE54:,379,OCESN8512F1187_F:OUI:FR:Line::A74B127A-8882-4043-BAAA-F49A6703DE54::87611004:87391003:5:1714:20260628,8512,1.0,26406,
FR:Line::A74B127A-8882-4043-BAAA-F49A6703DE54:,7272,OCESN8512F1187_F:OUI:FR:Line::A74B127A-8882-4043-BAAA-F49A6703DE54::87611004:87391003:5:1716:20260702,8512,1.0,26407,
FR:Line::A74B127A-8882-4043-BAAA-F49A6703DE54:,7273,OCESN8512F1187_F:OUI:FR:Line::A74B127A-8882-4043-BAAA-F49A6703DE54::87611004:87391003:5:1716:20260831,8512,1.0,26408,
FR:Line::A74B127A-8882-4043-BAAA-F49A6703DE54:,115,OCESN8512F1187_F:OUI:FR:Line::A74B127A-8882-4043-BAAA-F49A6703DE54::87611004:87391003:5:1716:20260525,8512,1.0,26409,
FR:Line::A74B127A-8882-4043-BAAA-F49A6703DE54:,274,OCESN8512F1187_F:OUI:FR:Line::A74B127A-8882-4043-BAAA-F49A6703DE54::87611004:87391003:5:1716:20260526,8512,1.0,26410,
FR:Line::A74B127A-8882-4043-BAAA-F49A6703DE54:,948,OCESN8512F1187_F:OUI:FR:Line::A74B127A-8882-4043-BAAA-F49A6703DE54::87611004:87391003:4:1655:20260320,8512,1.0,26411,
FR:Line::A74B127A-8882-4043-BAAA-F49A6703DE54:,7274,OCESN8514F1187_F:OUI:FR:Line::A74B127A-8882-4043-BAAA-F49A6703DE54::87611004:87391003:5:2103:20260613,8514,1.0,26412,
FR:Line::A74B127A-8882-4043-BAAA-F49A6703DE54:,7275,OCESN8514F1187_F:OUI:FR:Line::A74B127A-8882-4043-BAAA-F49A6703DE54::87581009:87391003:3:2103:20260523,8514,1.0,26413,
FR:Line::A74B127A-8882-4043-BAAA-F49A6703DE54:,16,OCESN8514F1187_F:OUI:FR:Line::A74B127A-8882-4043-BAAA-F49A6703DE54::87581009:87391003:3:2103:20260508,8514,1.0,26414,
FR:Line::A74B127A-8882-4043-BAAA-F49A6703DE54:,3322,OCESN8514F1187_F:OUI:FR:Line::A74B127A-8882-4043-BAAA-F49A6703DE54::87611004:87391003:5:2103:20260418,8514,1.0,26415,
FR:Line::A74B127A-8882-4043-BAAA-F49A6703DE54:,7276,OCESN8514F1187_F:OUI:FR:Line::A74B127A-8882-4043-BAAA-F49A6703DE54::87611004:87391003:5:2103:20260525,8514,1.0,26416,
FR:Line::A74B127A-8882-4043-BAAA-F49A6703DE54:,7277,OCESN8514F1187_F:OUI:FR:Line::A74B127A-8882-4043-BAAA-F49A6703DE54::87611004:87391003:5:2103:20260626,8514,1.0,26417,
FR:Line::A74B127A-8882-4043-BAAA-F49A6703DE54:,7278,OCESN8514F1187_F:OUI:FR:Line::A74B127A-8882-4043-BAAA-F49A6703DE54::87611004:87391003:5:2106:20260517,8514,1.0,26418,
FR:Line::A74B127A-8882-4043-BAAA-F49A6703DE54:,141,OCESN8514F1187_F:OUI:FR:Line::A74B127A-8882-4043-BAAA-F49A6703DE54::87611004:87391003:5:2106:20260425,8514,1.0,26419,
FR:Line::A74B127A-8882-4043-BAAA-F49A6703DE54:,161,OCESN8514F1187_F:OUI:FR:Line::A74B127A-8882-4043-BAAA-F49A6703DE54::87581009:87391003:3:1959:20260524,8514,1.0,26420,
FR:Line::A74B127A-8882-4043-BAAA-F49A6703DE54:,98,OCESN8514F1187_F:OUI:FR:Line::A74B127A-8882-4043-BAAA-F49A6703DE54::87581009:87391003:3:2148:20260514,8514,1.0,26421,
FR:Line::A74B127A-8882-4043-BAAA-F49A6703DE54:,114,OCESN8514F1187_F:OUI:FR:Line::A74B127A-8882-4043-BAAA-F49A6703DE54::87611004:87391003:5:2105:20260503,8514,1.0,26422,
FR:Line::A74B127A-8882-4043-BAAA-F49A6703DE54:,8,OCESN8514F1187_F:OUI:FR:Line::A74B127A-8882-4043-BAAA-F49A6703DE54::87581009:87391003:3:2106:20260513,8514,1.0,26423,
FR:Line::A74B127A-8882-4043-BAAA-F49A6703DE54:,5193,OCESN8514F1187_F:OUI:FR:Line::A74B127A-8882-4043-BAAA-F49A6703DE54::87611004:87391003:5:2103:20260725,8514,1.0,26424,
FR:Line::A74B127A-8882-4043-BAAA-F49A6703DE54:,7279,OCESN8514F1187_F:OUI:FR:Line::A74B127A-8882-4043-BAAA-F49A6703DE54::87611004:87391003:5:2103:20260829,8514,1.0,26425,
FR:Line::A74B127A-8882-4043-BAAA-F49A6703DE54:,7280,OCESN8514F1187_F:OUI:FR:Line::A74B127A-8882-4043-BAAA-F49A6703DE54::87611004:87391003:5:2103:20260822,8514,1.0,26426,
FR:Line::A74B127A-8882-4043-BAAA-F49A6703DE54:,7281,OCESN8514F1187_F:OUI:FR:Line::A74B127A-8882-4043-BAAA-F49A6703DE54::87611004:87391003:5:2103:20260627,8514,1.0,26427,
FR:Line::A74B127A-8882-4043-BAAA-F49A6703DE54:,142,OCESN8514F1187_F:OUI:FR:Line::A74B127A-8882-4043-BAAA-F49A6703DE54::87581009:87391003:3:2103:20260405,8514,1.0,26428,
FR:Line::A74B127A-8882-4043-BAAA-F49A6703DE54:,48,OCESN8514F1187_F:OUI:FR:Line::A74B127A-8882-4043-BAAA-F49A6703DE54::87581009:87391003:3:2103:20260515,8514,1.0,26429,
FR:Line::A74B127A-8882-4043-BAAA-F49A6703DE54:,179,OCESN8514F1187_F:OUI:FR:Line::A74B127A-8882-4043-BAAA-F49A6703DE54::87611004:87391003:5:2103:20260712,8514,1.0,26430,
FR:Line::A74B127A-8882-4043-BAAA-F49A6703DE54:,3,OCESN8514F1187_F:OUI:FR:Line::A74B127A-8882-4043-BAAA-F49A6703DE54::87611004:87391003:5:2103:20260713,8514,1.0,26431,
FR:Line::A74B127A-8882-4043-BAAA-F49A6703DE54:,3539,OCESN8514F1187_F:OUI:FR:Line::A74B127A-8882-4043-BAAA-F49A6703DE54::87611004:87391003:5:2105:20260828,8514,1.0,26432,
FR:Line::A74B127A-8882-4043-BAAA-F49A6703DE54:,7282,OCESN8514F1187_F:OUI:FR:Line::A74B127A-8882-4043-BAAA-F49A6703DE54::87611004:87391003:5:2105:20260814,8514,1.0,26433,
FR:Line::A74B127A-8882-4043-BAAA-F49A6703DE54:,318,OCESN8514F1187_F:OUI:FR:Line::A74B127A-8882-4043-BAAA-F49A6703DE54::87611004:87391003:5:2105:20260731,8514,1.0,26434,
FR:Line::A74B127A-8882-4043-BAAA-F49A6703DE54:,7283,OCESN8514F1187_F:OUI:FR:Line::A74B127A-8882-4043-BAAA-F49A6703DE54::87611004:87391003:5:2106:20260507,8514,1.0,26435,
FR:Line::A74B127A-8882-4043-BAAA-F49A6703DE54:,379,OCESN8514F1187_F:OUI:FR:Line::A74B127A-8882-4043-BAAA-F49A6703DE54::87611004:87391003:5:2103:20260628,8514,1.0,26436,
FR:Line::A74B127A-8882-4043-BAAA-F49A6703DE54:,106,OCESN8514F1187_F:OUI:FR:Line::A74B127A-8882-4043-BAAA-F49A6703DE54::87611004:87391003:5:2103:20260406,8514,1.0,26437,
FR:Line::A74B127A-8882-4043-BAAA-F49A6703DE54:,325,OCESN8514F1187_F:OUI:FR:Line::A74B127A-8882-4043-BAAA-F49A6703DE54::87611004:87391003:5:2103:20260703,8514,1.0,26438,
FR:Line::A74B127A-8882-4043-BAAA-F49A6703DE54:,57,OCESN8514F1187_F:OUI:FR:Line::A74B127A-8882-4043-BAAA-F49A6703DE54::87611004:87391003:5:2103:20260705,8514,1.0,26439,
FR:Line::A74B127A-8882-4043-BAAA-F49A6703DE54:,454,OCESN8514F1187_F:OUI:FR:Line::A74B127A-8882-4043-BAAA-F49A6703DE54::87611004:87391003:5:2103:20260830,8514,1.0,26440,
FR:Line::A74B127A-8882-4043-BAAA-F49A6703DE54:,380,OCESN8516F1187_F:OUI:FR:Line::A74B127A-8882-4043-BAAA-F49A6703DE54::87611004:87391003:5:2213:20260329,8516,1.0,26441,
FR:Line::A74B127A-8882-4043-BAAA-F49A6703DE54:,8,OCESN8516F1187_F:OUI:FR:Line::A74B127A-8882-4043-BAAA-F49A6703DE54::87581009:87391003:2:2158:20260513,8516,1.0,26442,
FR:Line::A74B127A-8882-4043-BAAA-F49A6703DE54:,293,OCESN8516F1187_F:OUI:FR:Line::A74B127A-8882-4043-BAAA-F49A6703DE54::87611004:87391003:5:2158:20260517,8516,1.0,26443,
FR:Line::A74B127A-8882-4043-BAAA-F49A6703DE54:,5016,OCESN8516F1187_F:OUI:FR:Line::A74B127A-8882-4043-BAAA-F49A6703DE54::87611004:87391003:5:2158:20260512,8516,1.0,26444,
FR:Line::A74B127A-8882-4043-BAAA-F49A6703DE54:,7284,OCESN8516F1187_F:OUI:FR:Line::A74B127A-8882-4043-BAAA-F49A6703DE54::87611004:87391003:5:2156:20260820,8516,1.0,26445,
FR:Line::A74B127A-8882-4043-BAAA-F49A6703DE54:,7285,OCESN8516F1187_F:OUI:FR:Line::A74B127A-8882-4043-BAAA-F49A6703DE54::87611004:87391003:5:2156:20260831,8516,1.0,26446,
FR:Line::A74B127A-8882-4043-BAAA-F49A6703DE54:,7286,OCESN8516F1187_F:OUI:FR:Line::A74B127A-8882-4043-BAAA-F49A6703DE54::87611004:87391003:5:2156:20260830,8516,1.0,26447,
FR:Line::A74B127A-8882-4043-BAAA-F49A6703DE54:,7287,OCESN8516F1187_F:OUI:FR:Line::A74B127A-8882-4043-BAAA-F49A6703DE54::87611004:87391003:5:2156:20260828,8516,1.0,26448,
FR:Line::A74B127A-8882-4043-BAAA-F49A6703DE54:,214,OCESN8516F1187_F:OUI:FR:Line::A74B127A-8882-4043-BAAA-F49A6703DE54::87611004:87391003:5:2213:20260327,8516,1.0,26449,
FR:Line::A74B127A-8882-4043-BAAA-F49A6703DE54:,11,OCESN8517F1187_F:OUI:FR:Line::A74B127A-8882-4043-BAAA-F49A6703DE54::87391003:87611004:5:2148:20260306,8517,0.0,26450,
FR:Line::A74B127A-8882-4043-BAAA-F49A6703DE54:,8,OCESN8517F1187_F:OUI:FR:Line::A74B127A-8882-4043-BAAA-F49A6703DE54::87391003:87581009:2:1916:20260513,8517,0.0,26451,
FR:Line::A74B127A-8882-4043-BAAA-F49A6703DE54:,7288,OCESN8517F1187_F:OUI:FR:Line::A74B127A-8882-4043-BAAA-F49A6703DE54::87391003:87611004:5:2148:20260517,8517,0.0,26452,
FR:Line::A74B127A-8882-4043-BAAA-F49A6703DE54:,7289,OCESN8517F1187_F:OUI:FR:Line::A74B127A-8882-4043-BAAA-F49A6703DE54::87391003:87611004:5:2148:20260702,8517,0.0,26453,
FR:Line::A74B127A-8882-4043-BAAA-F49A6703DE54:,198,OCESN8517F1187_F:OUI:FR:Line::A74B127A-8882-4043-BAAA-F49A6703DE54::87391003:87581009:2:1914:20260403,8517,0.0,26454,
FR:Line::A74B127A-8882-4043-BAAA-F49A6703DE54:,3165,OCESN8517F1187_F:OUI:FR:Line::A74B127A-8882-4043-BAAA-F49A6703DE54::87391003:87581009:2:1914:20260524,8517,0.0,26455,
FR:Line::A74B127A-8882-4043-BAAA-F49A6703DE54:,310,OCESN8517F1187_F:OUI:FR:Line::A74B127A-8882-4043-BAAA-F49A6703DE54::87391003:87611004:5:2148:20260703,8517,0.0,26456,
FR:Line::A74B127A-8882-4043-BAAA-F49A6703DE54:,370,OCESN8517F1187_F:OUI:FR:Line::A74B127A-8882-4043-BAAA-F49A6703DE54::87391003:87611004:5:2148:20260626,8517,0.0,26457,
FR:Line::A74B127A-8882-4043-BAAA-F49A6703DE54:,7290,OCESN8517F1187_F:OUI:FR:Line::A74B127A-8882-4043-BAAA-F49A6703DE54::87391003:87611004:5:2148:20260830,8517,0.0,26458,
FR:Line::A74B127A-8882-4043-BAAA-F49A6703DE54:,7291,OCESN8517F1187_F:OUI:FR:Line::A74B127A-8882-4043-BAAA-F49A6703DE54::87391003:87611004:5:2148:20260828,8517,0.0,26459,
FR:Line::A74B127A-8882-4043-BAAA-F49A6703DE54:,7292,OCESN8517F1187_F:OUI:FR:Line::A74B127A-8882-4043-BAAA-F49A6703DE54::87391003:87611004:5:2148:20260819,8517,0.0,26460,
FR:Line::A74B127A-8882-4043-BAAA-F49A6703DE54:,592,OCESN8517F1187_F:OUI:FR:Line::A74B127A-8882-4043-BAAA-F49A6703DE54::87391003:87611004:5:2148:20260731,8517,0.0,26461,
FR:Line::A74B127A-8882-4043-BAAA-F49A6703DE54:,7293,OCESN8517F1187_F:OUI:FR:Line::A74B127A-8882-4043-BAAA-F49A6703DE54::87391003:87611004:5:2148:20260730,8517,0.0,26462,
FR:Line::A74B127A-8882-4043-BAAA-F49A6703DE54:,7294,OCESN8517F1187_F:OUI:FR:Line::A74B127A-8882-4043-BAAA-F49A6703DE54::87391003:87611004:5:2148:20260723,8517,0.0,26463,
FR:Line::A74B127A-8882-4043-BAAA-F49A6703DE54:,152,OCESN8517F1187_F:OUI:FR:Line::A74B127A-8882-4043-BAAA-F49A6703DE54::87391003:87611004:5:2148:20260710,8517,0.0,26464,
FR:Line::A74B127A-8882-4043-BAAA-F49A6703DE54:,1226,OCESN8517F1187_F:OUI:FR:Line::A74B127A-8882-4043-BAAA-F49A6703DE54::87391003:87611004:5:2148:20260821,8517,0.0,26465,
FR:Line::A74B127A-8882-4043-BAAA-F49A6703DE54:,4660,OCESN8517F1187_F:OUI:FR:Line::A74B127A-8882-4043-BAAA-F49A6703DE54::87391003:87611004:5:2148:20260410,8517,0.0,26466,
FR:Line::A74B127A-8882-4043-BAAA-F49A6703DE54:,380,OCESN8517F1187_F:OUI:FR:Line::A74B127A-8882-4043-BAAA-F49A6703DE54::87391003:87611004:5:2148:20260329,8517,0.0,26467,
FR:Line::A74B127A-8882-4043-BAAA-F49A6703DE54:,2563,OCESN8517F1187_F:OUI:FR:Line::A74B127A-8882-4043-BAAA-F49A6703DE54::87391003:87611004:5:2148:20260829,8517,0.0,26468,
FR:Line::A74B127A-8882-4043-BAAA-F49A6703DE54:,795,OCESN8517F1187_F:OUI:FR:Line::A74B127A-8882-4043-BAAA-F49A6703DE54::87391003:87611004:5:2148:20260815,8517,0.0,26469,
FR:Line::A74B127A-8882-4043-BAAA-F49A6703DE54:,1239,OCESN8517F1187_F:OUI:FR:Line::A74B127A-8882-4043-BAAA-F49A6703DE54::87391003:87611004:5:2148:20260808,8517,0.0,26470,
FR:Line::A74B127A-8882-4043-BAAA-F49A6703DE54:,7295,OCESN8517F1187_F:OUI:FR:Line::A74B127A-8882-4043-BAAA-F49A6703DE54::87391003:87611004:5:2148:20260801,8517,0.0,26471,
FR:Line::A74B127A-8882-4043-BAAA-F49A6703DE54:,7296,OCESN8517F1187_F:OUI:FR:Line::A74B127A-8882-4043-BAAA-F49A6703DE54::87391003:87611004:5:2148:20260628,8517,0.0,26472,
FR:Line::A74B127A-8882-4043-BAAA-F49A6703DE54:,2157,OCESN8517F1187_F:OUI:FR:Line::A74B127A-8882-4043-BAAA-F49A6703DE54::87391003:87611004:5:2148:20260507,8517,0.0,26473,
FR:Line::A74B127A-8882-4043-BAAA-F49A6703DE54:,2250,OCESN8517F1187_F:OUI:FR:Line::A74B127A-8882-4043-BAAA-F49A6703DE54::87391003:87611004:5:2148:20260506,8517,0.0,26474,
FR:Line::A74B127A-8882-4043-BAAA-F49A6703DE54:,373,OCESN8517F1187_F:OUI:FR:Line::A74B127A-8882-4043-BAAA-F49A6703DE54::87391003:87611004:5:2148:20260430,8517,0.0,26475,
FR:Line::A74B127A-8882-4043-BAAA-F49A6703DE54:,7219,OCESN8517F1187_F:OUI:FR:Line::A74B127A-8882-4043-BAAA-F49A6703DE54::87391003:87611004:5:2148:20260512,8517,0.0,26476,
FR:Line::A74B127A-8882-4043-BAAA-F49A6703DE54:,368,OCESN8517F1187_F:OUI:FR:Line::A74B127A-8882-4043-BAAA-F49A6703DE54::87391003:87611004:5:2148:20260424,8517,0.0,26477,
FR:Line::A74B127A-8882-4043-BAAA-F49A6703DE54:,7297,OCESN8517F1187_F:OUI:FR:Line::A74B127A-8882-4043-BAAA-F49A6703DE54::87391003:87611004:5:2148:20260426,8517,0.0,26478,
FR:Line::A74B127A-8882-4043-BAAA-F49A6703DE54:,128,OCESN8517F1187_F:OUI:FR:Line::A74B127A-8882-4043-BAAA-F49A6703DE54::87391003:87611004:5:2148:20260831,8517,0.0,26479,
FR:Line::A74B127A-8882-4043-BAAA-F49A6703DE54:,7298,OCESN8517F1187_F:OUI:FR:Line::A74B127A-8882-4043-BAAA-F49A6703DE54::87391003:87611004:5:2148:20260701,8517,0.0,26480,
FR:Line::A74B127A-8882-4043-BAAA-F49A6703DE54:,142,OCESN8519F1187_F:OUI:FR:Line::A74B127A-8882-4043-BAAA-F49A6703DE54::87391003:87581009:2:2014:20260405,8519,0.0,26554,
FR:Line::A74B127A-8882-4043-BAAA-F49A6703DE54:,6739,OCESN8519F1187_F:OUI:FR:Line::A74B127A-8882-4043-BAAA-F49A6703DE54::87391003:87611004:5:2252:20260512,8519,0.0,26555,
FR:Line::A74B127A-8882-4043-BAAA-F49A6703DE54:,7308,OCESN8519F1187_F:OUI:FR:Line::A74B127A-8882-4043-BAAA-F49A6703DE54::87391003:87611004:5:2252:20260730,8519,0.0,26556,
FR:Line::A74B127A-8882-4043-BAAA-F49A6703DE54:,7309,OCESN8519F1187_F:OUI:FR:Line::A74B127A-8882-4043-BAAA-F49A6703DE54::87391003:87611004:5:2252:20260517,8519,0.0,26557,
FR:Line::A74B127A-8882-4043-BAAA-F49A6703DE54:,327,OCESN8519F1187_F:OUI:FR:Line::A74B127A-8882-4043-BAAA-F49A6703DE54::87391003:87611004:5:2252:20260816,8519,0.0,26558,
FR:Line::A74B127A-8882-4043-BAAA-F49A6703DE54:,128,OCESN8519F1187_F:OUI:FR:Line::A74B127A-8882-4043-BAAA-F49A6703DE54::87391003:87611004:5:2252:20260831,8519,0.0,26559,
FR:Line::A74B127A-8882-4043-BAAA-F49A6703DE54:,7310,OCESN8519F1187_F:OUI:FR:Line::A74B127A-8882-4043-BAAA-F49A6703DE54::87391003:87611004:5:2252:20260830,8519,0.0,26560,
FR:Line::A74B127A-8882-4043-BAAA-F49A6703DE54:,7237,OCESN8521F1187_F:OUI:FR:Line::A74B127A-8882-4043-BAAA-F49A6703DE54::87391003:87581009:2:2114:20260523,8521,0.0,26684,
FR:Line::A74B127A-8882-4043-BAAA-F49A6703DE54:,420,OCESN8521F1187_F:OUI:FR:Line::A74B127A-8882-4043-BAAA-F49A6703DE54::87391003:87611004:5:2352:20260501:1,8521,0.0,26685,
FR:Line::A74B127A-8882-4043-BAAA-F49A6703DE54:,368,OCESN8521F1187_F:OUI:FR:Line::A74B127A-8882-4043-BAAA-F49A6703DE54::87391003:87611004:5:2352:20260424,8521,0.0,26686,
FR:Line::A74B127A-8882-4043-BAAA-F49A6703DE54:,16,OCESN8521F1187_F:OUI:FR:Line::A74B127A-8882-4043-BAAA-F49A6703DE54::87391003:87581009:2:2117:20260508:1,8521,0.0,26687,
FR:Line::A74B127A-8882-4043-BAAA-F49A6703DE54:,7329,OCESN8521F1187_F:OUI:FR:Line::A74B127A-8882-4043-BAAA-F49A6703DE54::87391003:87581009:2:2114:20260713,8521,0.0,26688,
FR:Line::A74B127A-8882-4043-BAAA-F49A6703DE54:,7330,OCESN8521F1187_F:OUI:FR:Line::A74B127A-8882-4043-BAAA-F49A6703DE54::87391003:87611004:5:2352:20260731:1,8521,0.0,26689,
FR:Line::A74B127A-8882-4043-BAAA-F49A6703DE54:,7331,OCESN8521F1187_F:OUI:FR:Line::A74B127A-8882-4043-BAAA-F49A6703DE54::87391003:87611004:5:2352:20260829:1,8521,0.0,26690,
FR:Line::A74B127A-8882-4043-BAAA-F49A6703DE54:,423,OCESN8521F1187_F:OUI:FR:Line::A74B127A-8882-4043-BAAA-F49A6703DE54::87391003:87611004:5:2352:20260627:1,8521,0.0,26691,
FR:Line::A74B127A-8882-4043-BAAA-F49A6703DE54:,204,OCESN8521F1187_F:OUI:FR:Line::A74B127A-8882-4043-BAAA-F49A6703DE54::87391003:87581009:2:2108:20260516,8521,0.0,26692,
FR:Line::A74B127A-8882-4043-BAAA-F49A6703DE54:,480,OCESN8521F1187_F:OUI:FR:Line::A74B127A-8882-4043-BAAA-F49A6703DE54::87391003:87611004:5:2315:20260502,8521,0.0,26693,
FR:Line::A74B127A-8882-4043-BAAA-F49A6703DE54:,8,OCESN8521F1187_F:OUI:FR:Line::A74B127A-8882-4043-BAAA-F49A6703DE54::87391003:87581009:2:2117:20260513,8521,0.0,26694,
FR:Line::A74B127A-8882-4043-BAAA-F49A6703DE54:,424,OCESN8521F1187_F:OUI:FR:Line::A74B127A-8882-4043-BAAA-F49A6703DE54::87391003:87581009:2:2210:20260515:1,8521,0.0,26695,
FR:Line::A74B127A-8882-4043-BAAA-F49A6703DE54:,313,OCESN8521F1187_F:OUI:FR:Line::A74B127A-8882-4043-BAAA-F49A6703DE54::87391003:87611004:5:2352:20260507,8521,0.0,26696,
FR:Line::A74B127A-8882-4043-BAAA-F49A6703DE54:,210,OCESN8521F1187_F:OUI:FR:Line::A74B127A-8882-4043-BAAA-F49A6703DE54::87391003:87586008:3:2235:20260530,8521,0.0,26697,
FR:Line::A74B127A-8882-4043-BAAA-F49A6703DE54:,84,OCESN8521F1187_F:OUI:FR:Line::A74B127A-8882-4043-BAAA-F49A6703DE54::87391003:87586008:3:2235:20260718,8521,0.0,26698,
FR:Line::A74B127A-8882-4043-BAAA-F49A6703DE54:,7332,OCESN8522F1187_F:OUI:FR:Line::A74B127A-8882-4043-BAAA-F49A6703DE54::87611004:87391003:3:2427:20260830,8522,1.0,26699,
FR:Line::A74B127A-8882-4043-BAAA-F49A6703DE54:,7333,OCESN8522F1187_F:OUI:FR:Line::A74B127A-8882-4043-BAAA-F49A6703DE54::87611004:87391003:3:2427:20260809,8522,1.0,26700,
FR:Line::A74B127A-8882-4043-BAAA-F49A6703DE54:,134,OCESN8522F1187_F:OUI:FR:Line::A74B127A-8882-4043-BAAA-F49A6703DE54::87611004:87391003:3:2430:20260426,8522,1.0,26701,
FR:Line::A74B127A-8882-4043-BAAA-F49A6703DE54:,291,OCESN8522F1187_F:OUI:FR:Line::A74B127A-8882-4043-BAAA-F49A6703DE54::87611004:87391003:3:2430:20260517,8522,1.0,26702,
FR:Line::A74B127A-8882-4043-BAAA-F49A6703DE54:,7336,OCESN8523F1187_F:OUI:FR:Line::A74B127A-8882-4043-BAAA-F49A6703DE54::87391003:87611004:5:2451:20260828,8523,0.0,26717,
FR:Line::A74B127A-8882-4043-BAAA-F49A6703DE54:,198,OCESN8523F1187_F:OUI:FR:Line::A74B127A-8882-4043-BAAA-F49A6703DE54::87391003:87581009:3:2218:20260403,8523,0.0,26718,
FR:Line::A74B127A-8882-4043-BAAA-F49A6703DE54:,313,OCESN8523F1187_F:OUI:FR:Line::A74B127A-8882-4043-BAAA-F49A6703DE54::87391003:87611004:4:2451:20260507,8523,0.0,26719,
FR:Line::A74B127A-8882-4043-BAAA-F49A6703DE54:,368,OCESN8523F1187_F:OUI:FR:Line::A74B127A-8882-4043-BAAA-F49A6703DE54::87391003:87611004:4:2451:20260424,8523,0.0,26720,
FR:Line::A74B127A-8882-4043-BAAA-F49A6703DE54:,8,OCESN8523F1187_F:OUI:FR:Line::A74B127A-8882-4043-BAAA-F49A6703DE54::87391003:87581009:2:2218:20260513,8523,0.0,26721,
FR:Line::A74B127A-8882-4043-BAAA-F49A6703DE54:,7337,OCESN8523F1187_F:OUI:FR:Line::A74B127A-8882-4043-BAAA-F49A6703DE54::87391003:87611004:5:2451:20260731,8523,0.0,26722,
FR:Line::75E9980B-E8DF-4696-8E87-123692055B00:,58,OCESN8530F1187_F:OUI:FR:Line::75E9980B-E8DF-4696-8E87-123692055B00::87581009:87391003:2:1156:20260510,8530,0.0,26922,
FR:Line::75E9980B-E8DF-4696-8E87-123692055B00:,297,OCESN8530F1187_F:OUI:FR:Line::75E9980B-E8DF-4696-8E87-123692055B00::87581009:87391003:2:1156:20260525,8530,0.0,26923,
FR:Line::75E9980B-E8DF-4696-8E87-123692055B00:,2119,OCESN8530F1187_F:OUI:FR:Line::75E9980B-E8DF-4696-8E87-123692055B00::87677005:87391003:7:1156:20260328,8530,0.0,26924,
FR:Line::75E9980B-E8DF-4696-8E87-123692055B00:,7364,OCESN8530F1187_F:OUI:FR:Line::75E9980B-E8DF-4696-8E87-123692055B00::87677005:87391003:7:1156:20260712,8530,0.0,26925,
FR:Line::75E9980B-E8DF-4696-8E87-123692055B00:,116,OCESN8530F1187_F:OUI:FR:Line::75E9980B-E8DF-4696-8E87-123692055B00::87581009:87391003:2:1156:20260517,8530,0.0,26926,
FR:Line::75E9980B-E8DF-4696-8E87-123692055B00:,98,OCESN8530F1187_F:OUI:FR:Line::75E9980B-E8DF-4696-8E87-123692055B00::87677005:87391003:7:1441:20260514,8530,0.0,26927,
FR:Line::75E9980B-E8DF-4696-8E87-123692055B00:,114,OCESN8530F1187_F:OUI:FR:Line::75E9980B-E8DF-4696-8E87-123692055B00::87677005:87391003:7:1156:20260503,8530,0.0,26928,
FR:Line::75E9980B-E8DF-4696-8E87-123692055B00:,48,OCESN8530F1187_F:OUI:FR:Line::75E9980B-E8DF-4696-8E87-123692055B00::87677005:87391003:7:1256:20260515,8530,0.0,26929,
FR:Line::75E9980B-E8DF-4696-8E87-123692055B00:,134,OCESN8530F1187_F:OUI:FR:Line::75E9980B-E8DF-4696-8E87-123692055B00::87677005:87391003:7:1156:20260426,8530,0.0,26930,
FR:Line::75E9980B-E8DF-4696-8E87-123692055B00:,346,OCESN8530F1187_F:OUI:FR:Line::75E9980B-E8DF-4696-8E87-123692055B00::87677005:87391003:7:1204:20260508,8530,0.0,26931,
FR:Line::75E9980B-E8DF-4696-8E87-123692055B00:,7365,OCESN8530F1187_F:OUI:FR:Line::75E9980B-E8DF-4696-8E87-123692055B00::87677005:87391003:7:1156:20260830,8530,0.0,26932,
FR:Line::75E9980B-E8DF-4696-8E87-123692055B00:,7366,OCESN8530F1187_F:OUI:FR:Line::75E9980B-E8DF-4696-8E87-123692055B00::87677005:87391003:7:1156:20260705,8530,0.0,26933,
FR:Line::75E9980B-E8DF-4696-8E87-123692055B00:,50,OCESN8530F1187_F:OUI:FR:Line::75E9980B-E8DF-4696-8E87-123692055B00::87581009:87391003:2:1155:20260509,8530,0.0,26934,
FR:Line::75E9980B-E8DF-4696-8E87-123692055B00:,1176,OCESN8530F1187_F:OUI:FR:Line::75E9980B-E8DF-4696-8E87-123692055B00::87677005:87391003:7:1155:20260522,8530,0.0,26935,
FR:Line::75E9980B-E8DF-4696-8E87-123692055B00:,409,OCESN8530F1187_F:OUI:FR:Line::75E9980B-E8DF-4696-8E87-123692055B00::87677005:87391003:7:1155:20260418,8530,0.0,26936,
FR:Line::75E9980B-E8DF-4696-8E87-123692055B00:,345,OCESN8530F1187_F:OUI:FR:Line::75E9980B-E8DF-4696-8E87-123692055B00::87677005:87391003:7:1204:20260502,8530,0.0,26937,
FR:Line::75E9980B-E8DF-4696-8E87-123692055B00:,1177,OCESN8530F1187_F:OUI:FR:Line::75E9980B-E8DF-4696-8E87-123692055B00::87677005:87391003:7:1155:20260619,8530,0.0,26938,
FR:Line::75E9980B-E8DF-4696-8E87-123692055B00:,7367,OCESN8530F1187_F:OUI:FR:Line::75E9980B-E8DF-4696-8E87-123692055B00::87677005:87391003:7:1155:20260828,8530,0.0,26939,
FR:Line::75E9980B-E8DF-4696-8E87-123692055B00:,6632,OCESN8530F1187_F:OUI:FR:Line::75E9980B-E8DF-4696-8E87-123692055B00::87677005:87391003:7:1155:20260808,8530,0.0,26940,
FR:Line::75E9980B-E8DF-4696-8E87-123692055B00:,341,OCESN8530F1187_F:OUI:FR:Line::75E9980B-E8DF-4696-8E87-123692055B00::87677005:87391003:7:1204:20260513,8530,0.0,26941,
FR:Line::75E9980B-E8DF-4696-8E87-123692055B00:,7368,OCESN8530F1187_F:OUI:FR:Line::75E9980B-E8DF-4696-8E87-123692055B00::87677005:87391003:7:1155:20260827,8530,0.0,26942,
FR:Line::75E9980B-E8DF-4696-8E87-123692055B00:,7369,OCESN8530F1187_F:OUI:FR:Line::75E9980B-E8DF-4696-8E87-123692055B00::87677005:87391003:7:1155:20260829,8530,0.0,26943,
FR:Line::75E9980B-E8DF-4696-8E87-123692055B00:,4131,OCESN8530F1187_F:OUI:FR:Line::75E9980B-E8DF-4696-8E87-123692055B00::87677005:87391003:7:1156:20260809,8530,0.0,26944,
FR:Line::75E9980B-E8DF-4696-8E87-123692055B00:,128,OCESN8530F1187_F:OUI:FR:Line::75E9980B-E8DF-4696-8E87-123692055B00::87677005:87391003:7:1155:20260831,8530,0.0,26945,
FR:Line::75E9980B-E8DF-4696-8E87-123692055B00:,214,OCESN8530F1187_F:OUI:FR:Line::75E9980B-E8DF-4696-8E87-123692055B00::87677005:87391003:7:1156:20260327,8530,0.0,26946,
FR:Line::75E9980B-E8DF-4696-8E87-123692055B00:,7370,OCESN8531F1187_F:OUI:FR:Line::75E9980B-E8DF-4696-8E87-123692055B00::87391003:87677005:7:1148:20260731,8531,1.0,26947,
FR:Line::75E9980B-E8DF-4696-8E87-123692055B00:,380,OCESN8531F1187_F:OUI:FR:Line::75E9980B-E8DF-4696-8E87-123692055B00::87391003:87677005:8:1147:20260329,8531,1.0,26948,
FR:Line::75E9980B-E8DF-4696-8E87-123692055B00:,7371,OCESN8531F1187_F:OUI:FR:Line::75E9980B-E8DF-4696-8E87-123692055B00::87391003:87677005:7:1148:20260627,8531,1.0,26949,
FR:Line::75E9980B-E8DF-4696-8E87-123692055B00:,204,OCESN8531F1187_F:OUI:FR:Line::75E9980B-E8DF-4696-8E87-123692055B00::87391003:87581009:2:1004:20260516,8531,1.0,26950,
FR:Line::75E9980B-E8DF-4696-8E87-123692055B00:,161,OCESN8531F1187_F:OUI:FR:Line::75E9980B-E8DF-4696-8E87-123692055B00::87391003:87581009:3:906:20260524,8531,1.0,26951,
FR:Line::75E9980B-E8DF-4696-8E87-123692055B00:,142,OCESN8531F1187_F:OUI:FR:Line::75E9980B-E8DF-4696-8E87-123692055B00::87391003:87677005:8:1147:20260405,8531,1.0,26952,
FR:Line::75E9980B-E8DF-4696-8E87-123692055B00:,48,OCESN8531F1187_F:OUI:FR:Line::75E9980B-E8DF-4696-8E87-123692055B00::87391003:87677005:7:1232:20260515,8531,1.0,26953,
FR:Line::75E9980B-E8DF-4696-8E87-123692055B00:,2014,OCESN8531F1187_F:OUI:FR:Line::75E9980B-E8DF-4696-8E87-123692055B00::87391003:87677005:8:1147:20260412,8531,1.0,26954,
FR:Line::75E9980B-E8DF-4696-8E87-123692055B00:,394,OCESN8531F1187_F:OUI:FR:Line::75E9980B-E8DF-4696-8E87-123692055B00::87391003:87677005:8:1147:20260419,8531,1.0,26955,
FR:Line::75E9980B-E8DF-4696-8E87-123692055B00:,6165,OCESN8531F1187_F:OUI:FR:Line::75E9980B-E8DF-4696-8E87-123692055B00::87391003:87677005:7:1150:20260508,8531,1.0,26956,
FR:Line::75E9980B-E8DF-4696-8E87-123692055B00:,98,OCESN8531F1187_F:OUI:FR:Line::75E9980B-E8DF-4696-8E87-123692055B00::87391003:87677005:7:1150:20260514,8531,1.0,26957,
FR:Line::75E9980B-E8DF-4696-8E87-123692055B00:,75,OCESN8531F1187_F:OUI:FR:Line::75E9980B-E8DF-4696-8E87-123692055B00::87391003:87677005:8:1147:20260714,8531,1.0,26958,
FR:Line::75E9980B-E8DF-4696-8E87-123692055B00:,7372,OCESN8531F1187_F:OUI:FR:Line::75E9980B-E8DF-4696-8E87-123692055B00::87391003:87677005:8:1147:20260830,8531,1.0,26959,
FR:Line::75E9980B-E8DF-4696-8E87-123692055B00:,7373,OCESN8531F1187_F:OUI:FR:Line::75E9980B-E8DF-4696-8E87-123692055B00::87391003:87677005:8:1147:20260802,8531,1.0,26960,
FR:Line::75E9980B-E8DF-4696-8E87-123692055B00:,327,OCESN8531F1187_F:OUI:FR:Line::75E9980B-E8DF-4696-8E87-123692055B00::87391003:87677005:8:1147:20260816,8531,1.0,26961,
FR:Line::75E9980B-E8DF-4696-8E87-123692055B00:,134,OCESN8531F1187_F:OUI:FR:Line::75E9980B-E8DF-4696-8E87-123692055B00::87391003:87677005:8:1146:20260426,8531,1.0,26962,
FR:Line::75E9980B-E8DF-4696-8E87-123692055B00:,7374,OCESN8531F1187_F:OUI:FR:Line::75E9980B-E8DF-4696-8E87-123692055B00::87391003:87677005:7:1150:20260512,8531,1.0,26963,
FR:Line::75E9980B-E8DF-4696-8E87-123692055B00:,141,OCESN8531F1187_F:OUI:FR:Line::75E9980B-E8DF-4696-8E87-123692055B00::87391003:87677005:7:1150:20260425,8531,1.0,26964,
FR:Line::75E9980B-E8DF-4696-8E87-123692055B00:,368,OCESN8531F1187_F:OUI:FR:Line::75E9980B-E8DF-4696-8E87-123692055B00::87391003:87677005:7:1150:20260424,8531,1.0,26965,
FR:Line::75E9980B-E8DF-4696-8E87-123692055B00:,3480,OCESN8531F1187_F:OUI:FR:Line::75E9980B-E8DF-4696-8E87-123692055B00::87391003:87677005:7:1150:20260420,8531,1.0,26966,
FR:Line::75E9980B-E8DF-4696-8E87-123692055B00:,544,OCESN8531F1187_F:OUI:FR:Line::75E9980B-E8DF-4696-8E87-123692055B00::87391003:87677005:7:1150:20260513,8531,1.0,26967,
FR:Line::75E9980B-E8DF-4696-8E87-123692055B00:,50,OCESN8531F1187_F:OUI:FR:Line::75E9980B-E8DF-4696-8E87-123692055B00::87391003:87581009:2:917:20260509,8531,1.0,26968,
FR:Line::75E9980B-E8DF-4696-8E87-123692055B00:,7375,OCESN8531F1187_F:OUI:FR:Line::75E9980B-E8DF-4696-8E87-123692055B00::87391003:87677005:7:1148:20260730,8531,1.0,26969,
FR:Line::75E9980B-E8DF-4696-8E87-123692055B00:,739,OCESN8531F1187_F:OUI:FR:Line::75E9980B-E8DF-4696-8E87-123692055B00::87391003:87677005:7:1148:20260418,8531,1.0,26970,
FR:Line::75E9980B-E8DF-4696-8E87-123692055B00:,4103,OCESN8531F1187_F:OUI:FR:Line::75E9980B-E8DF-4696-8E87-123692055B00::87391003:87677005:7:1148:20260808,8531,1.0,26971,
FR:Line::75E9980B-E8DF-4696-8E87-123692055B00:,1238,OCESN8531F1187_F:OUI:FR:Line::75E9980B-E8DF-4696-8E87-123692055B00::87391003:87677005:7:1148:20260829,8531,1.0,26972,
FR:Line::75E9980B-E8DF-4696-8E87-123692055B00:,7214,OCESN8531F1187_F:OUI:FR:Line::75E9980B-E8DF-4696-8E87-123692055B00::87391003:87677005:7:1148:20260807,8531,1.0,26973,
FR:Line::75E9980B-E8DF-4696-8E87-123692055B00:,128,OCESN8531F1187_F:OUI:FR:Line::75E9980B-E8DF-4696-8E87-123692055B00::87391003:87677005:7:1148:20260831,8531,1.0,26974,
FR:Line::75E9980B-E8DF-4696-8E87-123692055B00:,7376,OCESN8531F1187_F:OUI:FR:Line::75E9980B-E8DF-4696-8E87-123692055B00::87391003:87677005:7:1148:20260828,8531,1.0,26975,
FR:Line::75E9980B-E8DF-4696-8E87-123692055B00:,5113,OCESN8533F1187_F:OUI:FR:Line::75E9980B-E8DF-4696-8E87-123692055B00::87391003:87677005:8:1248:20260708,8533,1.0,26980,
FR:Line::75E9980B-E8DF-4696-8E87-123692055B00:,7377,OCESN8533F1187_F:OUI:FR:Line::75E9980B-E8DF-4696-8E87-123692055B00::87391003:87677005:8:1251:20260730,8533,1.0,26981,
FR:Line::75E9980B-E8DF-4696-8E87-123692055B00:,422,OCESN8533F1187_F:OUI:FR:Line::75E9980B-E8DF-4696-8E87-123692055B00::87391003:87677005:8:1251:20260731,8533,1.0,26982,
FR:Line::75E9980B-E8DF-4696-8E87-123692055B00:,7378,OCESN8533F1187_F:OUI:FR:Line::75E9980B-E8DF-4696-8E87-123692055B00::87391003:87677005:8:1248:20260826,8533,1.0,26983,
FR:Line::75E9980B-E8DF-4696-8E87-123692055B00:,7379,OCESN8533F1187_F:OUI:FR:Line::75E9980B-E8DF-4696-8E87-123692055B00::87391003:87677005:8:1251:20260830,8533,1.0,26984,
FR:Line::75E9980B-E8DF-4696-8E87-123692055B00:,7380,OCESN8533F1187_F:OUI:FR:Line::75E9980B-E8DF-4696-8E87-123692055B00::87391003:87677005:8:1251:20260816,8533,1.0,26985,
FR:Line::75E9980B-E8DF-4696-8E87-123692055B00:,1212,OCESN8534F1187_F:OUI:FR:Line::75E9980B-E8DF-4696-8E87-123692055B00::87677005:87391003:7:1429:20260321,8534,0.0,26986,
FR:Line::75E9980B-E8DF-4696-8E87-123692055B00:,7381,OCESN8534F1187_F:OUI:FR:Line::75E9980B-E8DF-4696-8E87-123692055B00::87677005:87391003:7:1429:20260328,8534,0.0,26987,
FR:Line::75E9980B-E8DF-4696-8E87-123692055B00:,1195,OCESN8534F1187_F:OUI:FR:Line::75E9980B-E8DF-4696-8E87-123692055B00::87677005:87391003:7:1429:20260327,8534,0.0,26988,
FR:Line::75E9980B-E8DF-4696-8E87-123692055B00:,50,OCESN8534F1187_F:OUI:FR:Line::75E9980B-E8DF-4696-8E87-123692055B00::87581009:87391003:2:1421:20260509,8534,0.0,26989,
FR:Line::75E9980B-E8DF-4696-8E87-123692055B00:,2125,OCESN8534F1187_F:OUI:FR:Line::75E9980B-E8DF-4696-8E87-123692055B00::87677005:87391003:7:1422:20260329,8534,0.0,26990,
FR:Line::75E9980B-E8DF-4696-8E87-123692055B00:,116,OCESN8534F1187_F:OUI:FR:Line::75E9980B-E8DF-4696-8E87-123692055B00::87581009:87391003:2:1427:20260517,8534,0.0,26991,
FR:Line::75E9980B-E8DF-4696-8E87-123692055B00:,134,OCESN8534F1187_F:OUI:FR:Line::75E9980B-E8DF-4696-8E87-123692055B00::87677005:87391003:7:1427:20260426,8534,0.0,26992,
FR:Line::75E9980B-E8DF-4696-8E87-123692055B00:,114,OCESN8534F1187_F:OUI:FR:Line::75E9980B-E8DF-4696-8E87-123692055B00::87677005:87391003:7:1427:20260503,8534,0.0,26993,
FR:Line::75E9980B-E8DF-4696-8E87-123692055B00:,1723,OCESN8534F1187_F:OUI:FR:Line::75E9980B-E8DF-4696-8E87-123692055B00::87677005:87391003:7:1422:20260525,8534,0.0,26994,
FR:Line::75E9980B-E8DF-4696-8E87-123692055B00:,95,OCESN8534F1187_F:OUI:FR:Line::75E9980B-E8DF-4696-8E87-123692055B00::87677005:87391003:7:1431:20260501,8534,0.0,26995,
FR:Line::75E9980B-E8DF-4696-8E87-123692055B00:,480,OCESN8534F1187_F:OUI:FR:Line::75E9980B-E8DF-4696-8E87-123692055B00::87677005:87391003:7:1431:20260502,8534,0.0,26996,
FR:Line::75E9980B-E8DF-4696-8E87-123692055B00:,119,OCESN8534F1187_F:OUI:FR:Line::75E9980B-E8DF-4696-8E87-123692055B00::87677005:87391003:7:1422:20260322,8534,0.0,26997,
FR:Line::75E9980B-E8DF-4696-8E87-123692055B00:,76,OCESN8534F1187_F:OUI:FR:Line::75E9980B-E8DF-4696-8E87-123692055B00::87677005:87391003:7:1423:20260307,8534,0.0,26998,
FR:Line::75E9980B-E8DF-4696-8E87-123692055B00:,3430,OCESN8534F1187_F:OUI:FR:Line::75E9980B-E8DF-4696-8E87-123692055B00::87581009:87391003:2:1421:20260516,8534,0.0,26999,
FR:Line::75E9980B-E8DF-4696-8E87-123692055B00:,1826,OCESN8534F1187_F:OUI:FR:Line::75E9980B-E8DF-4696-8E87-123692055B00::87677005:87391003:7:1422:20260829,8534,0.0,27000,
FR:Line::75E9980B-E8DF-4696-8E87-123692055B00:,7382,OCESN8534F1187_F:OUI:FR:Line::75E9980B-E8DF-4696-8E87-123692055B00::87677005:87391003:7:1422:20260828,8534,0.0,27001,
FR:Line::75E9980B-E8DF-4696-8E87-123692055B00:,140,OCESN8534F1187_F:OUI:FR:Line::75E9980B-E8DF-4696-8E87-123692055B00::87677005:87391003:7:1422:20260704,8534,0.0,27002,
FR:Line::75E9980B-E8DF-4696-8E87-123692055B00:,75,OCESN8534F1187_F:OUI:FR:Line::75E9980B-E8DF-4696-8E87-123692055B00::87677005:87391003:7:1422:20260714,8534,0.0,27003,
FR:Line::75E9980B-E8DF-4696-8E87-123692055B00:,576,OCESN8534F1187_F:OUI:FR:Line::75E9980B-E8DF-4696-8E87-123692055B00::87677005:87391003:7:1422:20260712,8534,0.0,27004,
FR:Line::75E9980B-E8DF-4696-8E87-123692055B00:,1908,OCESN8534F1187_F:OUI:FR:Line::75E9980B-E8DF-4696-8E87-123692055B00::87677005:87391003:7:1422:20260830,8534,0.0,27005,
FR:Line::75E9980B-E8DF-4696-8E87-123692055B00:,7181,OCESN8534F1187_F:OUI:FR:Line::75E9980B-E8DF-4696-8E87-123692055B00::87677005:87391003:7:1422:20260526,8534,0.0,27006,
FR:Line::75E9980B-E8DF-4696-8E87-123692055B00:,7383,OCESN8534F1187_F:OUI:FR:Line::75E9980B-E8DF-4696-8E87-123692055B00::87677005:87391003:7:1422:20260820,8534,0.0,27007,
FR:Line::75E9980B-E8DF-4696-8E87-123692055B00:,318,OCESN8534F1187_F:OUI:FR:Line::75E9980B-E8DF-4696-8E87-123692055B00::87677005:87391003:7:1422:20260731,8534,0.0,27008,
FR:Line::75E9980B-E8DF-4696-8E87-123692055B00:,6754,OCESN8534F1187_F:OUI:FR:Line::75E9980B-E8DF-4696-8E87-123692055B00::87677005:87391003:7:1426:20260513,8534,0.0,27009,
FR:Line::75E9980B-E8DF-4696-8E87-123692055B00:,141,OCESN8534F1187_F:OUI:FR:Line::75E9980B-E8DF-4696-8E87-123692055B00::87677005:87391003:7:1426:20260425,8534,0.0,27010,
FR:Line::75E9980B-E8DF-4696-8E87-123692055B00:,7384,OCESN8534F1187_F:OUI:FR:Line::75E9980B-E8DF-4696-8E87-123692055B00::87677005:87391003:7:1422:20260702,8534,0.0,27011,
FR:Line::75E9980B-E8DF-4696-8E87-123692055B00:,762,OCESN8534F1187_F:OUI:FR:Line::75E9980B-E8DF-4696-8E87-123692055B00::87677005:87391003:7:1422:20260411,8534,0.0,27012,
FR:Line::75E9980B-E8DF-4696-8E87-123692055B00:,325,OCESN8534F1187_F:OUI:FR:Line::75E9980B-E8DF-4696-8E87-123692055B00::87677005:87391003:7:1422:20260703,8534,0.0,27013,
FR:Line::75E9980B-E8DF-4696-8E87-123692055B00:,7385,OCESN8534F1187_F:OUI:FR:Line::75E9980B-E8DF-4696-8E87-123692055B00::87677005:87391003:7:1422:20260621,8534,0.0,27014,
FR:Line::75E9980B-E8DF-4696-8E87-123692055B00:,7386,OCESN8534F1187_F:OUI:FR:Line::75E9980B-E8DF-4696-8E87-123692055B00::87677005:87391003:7:1422:20260628,8534,0.0,27015,
FR:Line::75E9980B-E8DF-4696-8E87-123692055B00:,128,OCESN8534F1187_F:OUI:FR:Line::75E9980B-E8DF-4696-8E87-123692055B00::87677005:87391003:7:1422:20260831,8534,0.0,27016,
FR:Line::75E9980B-E8DF-4696-8E87-123692055B00:,11,OCESN8534F1187_F:OUI:FR:Line::75E9980B-E8DF-4696-8E87-123692055B00::87677005:87391003:7:1423:20260306,8534,0.0,27017,
FR:Line::75E9980B-E8DF-4696-8E87-123692055B00:,161,OCESN8536F1187_F:OUI:FR:Line::75E9980B-E8DF-4696-8E87-123692055B00::87581009:87391003:2:1556:20260524,8536,0.0,27052,
FR:Line::75E9980B-E8DF-4696-8E87-123692055B00:,977,OCESN8536F1187_F:OUI:FR:Line::75E9980B-E8DF-4696-8E87-123692055B00::87677005:87391003:7:1604:20260328,8536,0.0,27053,
FR:Line::75E9980B-E8DF-4696-8E87-123692055B00:,76,OCESN8536F1187_F:OUI:FR:Line::75E9980B-E8DF-4696-8E87-123692055B00::87677005:87391003:7:1604:20260307,8536,0.0,27054,
FR:Line::75E9980B-E8DF-4696-8E87-123692055B00:,98,OCESN8536F1187_F:OUI:FR:Line::75E9980B-E8DF-4696-8E87-123692055B00::87677005:87391003:7:1711:20260514,8536,0.0,27055,
FR:Line::75E9980B-E8DF-4696-8E87-123692055B00:,330,OCESN8536F1187_F:OUI:FR:Line::75E9980B-E8DF-4696-8E87-123692055B00::87581009:87391003:2:1556:20260516,8536,0.0,27056,
FR:Line::75E9980B-E8DF-4696-8E87-123692055B00:,762,OCESN8536F1187_F:OUI:FR:Line::75E9980B-E8DF-4696-8E87-123692055B00::87677005:87391003:7:1555:20260411,8536,0.0,27057,
FR:Line::75E9980B-E8DF-4696-8E87-123692055B00:,739,OCESN8536F1187_F:OUI:FR:Line::75E9980B-E8DF-4696-8E87-123692055B00::87677005:87391003:7:1555:20260418,8536,0.0,27058,
FR:Line::75E9980B-E8DF-4696-8E87-123692055B00:,410,OCESN8536F1187_F:OUI:FR:Line::75E9980B-E8DF-4696-8E87-123692055B00::87581009:87391003:2:1556:20260509,8536,0.0,27059,
FR:Line::75E9980B-E8DF-4696-8E87-123692055B00:,345,OCESN8536F1187_F:OUI:FR:Line::75E9980B-E8DF-4696-8E87-123692055B00::87677005:87391003:7:1604:20260502,8536,0.0,27060,
FR:Line::75E9980B-E8DF-4696-8E87-123692055B00:,95,OCESN8536F1187_F:OUI:FR:Line::75E9980B-E8DF-4696-8E87-123692055B00::87677005:87391003:7:1604:20260501,8536,0.0,27061,
FR:Line::75E9980B-E8DF-4696-8E87-123692055B00:,7393,OCESN8536F1187_F:OUI:FR:Line::75E9980B-E8DF-4696-8E87-123692055B00::87677005:87391003:7:1603:20260827,8536,0.0,27062,
FR:Line::75E9980B-E8DF-4696-8E87-123692055B00:,7394,OCESN8536F1187_F:OUI:FR:Line::75E9980B-E8DF-4696-8E87-123692055B00::87677005:87391003:7:1604:20260628,8536,0.0,27063,
FR:Line::75E9980B-E8DF-4696-8E87-123692055B00:,114,OCESN8536F1187_F:OUI:FR:Line::75E9980B-E8DF-4696-8E87-123692055B00::87677005:87391003:7:1604:20260503,8536,0.0,27064,
FR:Line::75E9980B-E8DF-4696-8E87-123692055B00:,407,OCESN8536F1187_F:OUI:FR:Line::75E9980B-E8DF-4696-8E87-123692055B00::87677005:87391003:7:1555:20260620,8536,0.0,27065,
FR:Line::75E9980B-E8DF-4696-8E87-123692055B00:,7395,OCESN8536F1187_F:OUI:FR:Line::75E9980B-E8DF-4696-8E87-123692055B00::87677005:87391003:7:1604:20260802,8536,0.0,27066,
FR:Line::75E9980B-E8DF-4696-8E87-123692055B00:,7396,OCESN8536F1187_F:OUI:FR:Line::75E9980B-E8DF-4696-8E87-123692055B00::87677005:87391003:7:1603:20260828,8536,0.0,27067,
FR:Line::75E9980B-E8DF-4696-8E87-123692055B00:,5193,OCESN8536F1187_F:OUI:FR:Line::75E9980B-E8DF-4696-8E87-123692055B00::87677005:87391003:7:1603:20260725,8536,0.0,27068,
FR:Line::75E9980B-E8DF-4696-8E87-123692055B00:,329,OCESN8536F1187_F:OUI:FR:Line::75E9980B-E8DF-4696-8E87-123692055B00::87677005:87391003:7:1603:20260829,8536,0.0,27069,
FR:Line::75E9980B-E8DF-4696-8E87-123692055B00:,318,OCESN8536F1187_F:OUI:FR:Line::75E9980B-E8DF-4696-8E87-123692055B00::87677005:87391003:7:1603:20260731,8536,0.0,27070,
FR:Line::75E9980B-E8DF-4696-8E87-123692055B00:,7397,OCESN8536F1187_F:OUI:FR:Line::75E9980B-E8DF-4696-8E87-123692055B00::87677005:87391003:7:1604:20260830,8536,0.0,27071,
FR:Line::75E9980B-E8DF-4696-8E87-123692055B00:,50,OCESN8537F1187_F:OUI:FR:Line::75E9980B-E8DF-4696-8E87-123692055B00::87391003:87581009:2:1215:20260509,8537,1.0,27093,
FR:Line::75E9980B-E8DF-4696-8E87-123692055B00:,789,OCESN8537F1187_F:OUI:FR:Line::75E9980B-E8DF-4696-8E87-123692055B00::87391003:87677005:7:1447:20260329,8537,1.0,27094,
FR:Line::75E9980B-E8DF-4696-8E87-123692055B00:,98,OCESN8537F1187_F:OUI:FR:Line::75E9980B-E8DF-4696-8E87-123692055B00::87391003:87677005:7:1447:20260514,8537,1.0,27095,
FR:Line::75E9980B-E8DF-4696-8E87-123692055B00:,204,OCESN8537F1187_F:OUI:FR:Line::75E9980B-E8DF-4696-8E87-123692055B00::87391003:87581009:2:1304:20260516,8537,1.0,27096,
FR:Line::75E9980B-E8DF-4696-8E87-123692055B00:,7400,OCESN8537F1187_F:OUI:FR:Line::75E9980B-E8DF-4696-8E87-123692055B00::87391003:87677005:7:1447:20260520,8537,1.0,27097,
FR:Line::75E9980B-E8DF-4696-8E87-123692055B00:,751,OCESN8537F1187_F:OUI:FR:Line::75E9980B-E8DF-4696-8E87-123692055B00::87391003:87677005:7:1447:20260412,8537,1.0,27098,
FR:Line::75E9980B-E8DF-4696-8E87-123692055B00:,48,OCESN8537F1187_F:OUI:FR:Line::75E9980B-E8DF-4696-8E87-123692055B00::87391003:87677005:7:1447:20260515,8537,1.0,27099,
FR:Line::75E9980B-E8DF-4696-8E87-123692055B00:,7401,OCESN8537F1187_F:OUI:FR:Line::75E9980B-E8DF-4696-8E87-123692055B00::87391003:87677005:7:1447:20260512,8537,1.0,27100,
FR:Line::75E9980B-E8DF-4696-8E87-123692055B00:,134,OCESN8537F1187_F:OUI:FR:Line::75E9980B-E8DF-4696-8E87-123692055B00::87391003:87677005:7:1447:20260426,8537,1.0,27101,
FR:Line::75E9980B-E8DF-4696-8E87-123692055B00:,368,OCESN8537F1187_F:OUI:FR:Line::75E9980B-E8DF-4696-8E87-123692055B00::87391003:87677005:7:1447:20260424,8537,1.0,27102,
FR:Line::75E9980B-E8DF-4696-8E87-123692055B00:,544,OCESN8537F1187_F:OUI:FR:Line::75E9980B-E8DF-4696-8E87-123692055B00::87391003:87677005:7:1447:20260513,8537,1.0,27103,
FR:Line::75E9980B-E8DF-4696-8E87-123692055B00:,346,OCESN8537F1187_F:OUI:FR:Line::75E9980B-E8DF-4696-8E87-123692055B00::87391003:87677005:7:1447:20260508,8537,1.0,27104,
FR:Line::75E9980B-E8DF-4696-8E87-123692055B00:,141,OCESN8537F1187_F:OUI:FR:Line::75E9980B-E8DF-4696-8E87-123692055B00::87391003:87677005:7:1447:20260425,8537,1.0,27105,
FR:Line::75E9980B-E8DF-4696-8E87-123692055B00:,7402,OCESN8537F1187_F:OUI:FR:Line::75E9980B-E8DF-4696-8E87-123692055B00::87391003:87677005:7:1447:20260830,8537,1.0,27106,
FR:Line::75E9980B-E8DF-4696-8E87-123692055B00:,7403,OCESN8537F1187_F:OUI:FR:Line::75E9980B-E8DF-4696-8E87-123692055B00::87391003:87677005:7:1447:20260816,8537,1.0,27107,
FR:Line::75E9980B-E8DF-4696-8E87-123692055B00:,1238,OCESN8537F1187_F:OUI:FR:Line::75E9980B-E8DF-4696-8E87-123692055B00::87391003:87677005:7:1447:20260829,8537,1.0,27108,
FR:Line::75E9980B-E8DF-4696-8E87-123692055B00:,613,OCESN8537F1187_F:OUI:FR:Line::75E9980B-E8DF-4696-8E87-123692055B00::87391003:87677005:7:1447:20260627,8537,1.0,27109,
FR:Line::75E9980B-E8DF-4696-8E87-123692055B00:,7404,OCESN8537F1187_F:OUI:FR:Line::75E9980B-E8DF-4696-8E87-123692055B00::87391003:87677005:7:1447:20260522,8537,1.0,27110,
FR:Line::75E9980B-E8DF-4696-8E87-123692055B00:,552,OCESN8537F1187_F:OUI:FR:Line::75E9980B-E8DF-4696-8E87-123692055B00::87391003:87677005:7:1447:20260418,8537,1.0,27111,
FR:Line::75E9980B-E8DF-4696-8E87-123692055B00:,109,OCESN8537F1187_F:OUI:FR:Line::75E9980B-E8DF-4696-8E87-123692055B00::87391003:87677005:7:1447:20260417,8537,1.0,27112,
FR:Line::75E9980B-E8DF-4696-8E87-123692055B00:,7405,OCESN8537F1187_F:OUI:FR:Line::75E9980B-E8DF-4696-8E87-123692055B00::87391003:87677005:7:1447:20260730,8537,1.0,27113,
FR:Line::75E9980B-E8DF-4696-8E87-123692055B00:,422,OCESN8537F1187_F:OUI:FR:Line::75E9980B-E8DF-4696-8E87-123692055B00::87391003:87677005:7:1447:20260731,8537,1.0,27114,
FR:Line::75E9980B-E8DF-4696-8E87-123692055B00:,7406,OCESN8537F1187_F:OUI:FR:Line::75E9980B-E8DF-4696-8E87-123692055B00::87391003:87677005:7:1447:20260808,8537,1.0,27115,
FR:Line::75E9980B-E8DF-4696-8E87-123692055B00:,114,OCESN8537F1187_F:OUI:FR:Line::75E9980B-E8DF-4696-8E87-123692055B00::87391003:87677005:7:1450:20260503,8537,1.0,27116,
FR:Line::75E9980B-E8DF-4696-8E87-123692055B00:,128,OCESN8537F1187_F:OUI:FR:Line::75E9980B-E8DF-4696-8E87-123692055B00::87391003:87677005:7:1448:20260831,8537,1.0,27117,
FR:Line::75E9980B-E8DF-4696-8E87-123692055B00:,7407,OCESN8537F1187_F:OUI:FR:Line::75E9980B-E8DF-4696-8E87-123692055B00::87391003:87581009:2:1214:20260524,8537,1.0,27118,
FR:Line::75E9980B-E8DF-4696-8E87-123692055B00:,977,OCESN8540F1187_F:OUI:FR:Line::75E9980B-E8DF-4696-8E87-123692055B00::87677005:87391003:7:1758:20260328,8540,0.0,27122,
FR:Line::75E9980B-E8DF-4696-8E87-123692055B00:,380,OCESN8540F1187_F:OUI:FR:Line::75E9980B-E8DF-4696-8E87-123692055B00::87677005:87391003:7:1758:20260329,8540,0.0,27123,
FR:Line::75E9980B-E8DF-4696-8E87-123692055B00:,16,OCESN8540F1187_F:OUI:FR:Line::75E9980B-E8DF-4696-8E87-123692055B00::87581009:87391003:2:1754:20260508,8540,0.0,27124,
FR:Line::75E9980B-E8DF-4696-8E87-123692055B00:,161,OCESN8540F1187_F:OUI:FR:Line::75E9980B-E8DF-4696-8E87-123692055B00::87581009:87391003:2:1754:20260524,8540,0.0,27125,
FR:Line::75E9980B-E8DF-4696-8E87-123692055B00:,48,OCESN8540F1187_F:OUI:FR:Line::75E9980B-E8DF-4696-8E87-123692055B00::87581009:87391003:2:1754:20260515,8540,0.0,27126,
FR:Line::75E9980B-E8DF-4696-8E87-123692055B00:,204,OCESN8540F1187_F:OUI:FR:Line::75E9980B-E8DF-4696-8E87-123692055B00::87581009:87391003:2:1754:20260516,8540,0.0,27127,
FR:Line::75E9980B-E8DF-4696-8E87-123692055B00:,98,OCESN8540F1187_F:OUI:FR:Line::75E9980B-E8DF-4696-8E87-123692055B00::87677005:87391003:7:2047:20260514,8540,0.0,27128,
FR:Line::75E9980B-E8DF-4696-8E87-123692055B00:,13,OCESN8540F1187_F:OUI:FR:Line::75E9980B-E8DF-4696-8E87-123692055B00::87677005:87391003:7:1802:20260518,8540,0.0,27129,
FR:Line::75E9980B-E8DF-4696-8E87-123692055B00:,1140,OCESN8540F1187_F:OUI:FR:Line::75E9980B-E8DF-4696-8E87-123692055B00::87677005:87391003:7:1802:20260522,8540,0.0,27130,
FR:Line::75E9980B-E8DF-4696-8E87-123692055B00:,7408,OCESN8540F1187_F:OUI:FR:Line::75E9980B-E8DF-4696-8E87-123692055B00::87677005:87391003:7:1756:20260621,8540,0.0,27131,
FR:Line::75E9980B-E8DF-4696-8E87-123692055B00:,436,OCESN8540F1187_F:OUI:FR:Line::75E9980B-E8DF-4696-8E87-123692055B00::87677005:87391003:7:1756:20260628,8540,0.0,27132,
FR:Line::75E9980B-E8DF-4696-8E87-123692055B00:,76,OCESN8540F1187_F:OUI:FR:Line::75E9980B-E8DF-4696-8E87-123692055B00::87677005:87391003:7:1758:20260307,8540,0.0,27133,
FR:Line::75E9980B-E8DF-4696-8E87-123692055B00:,7409,OCESN8540F1187_F:OUI:FR:Line::75E9980B-E8DF-4696-8E87-123692055B00::87677005:87391003:7:1802:20260531,8540,0.0,27134,
FR:Line::75E9980B-E8DF-4696-8E87-123692055B00:,134,OCESN8540F1187_F:OUI:FR:Line::75E9980B-E8DF-4696-8E87-123692055B00::87677005:87391003:7:1802:20260426,8540,0.0,27135,
FR:Line::75E9980B-E8DF-4696-8E87-123692055B00:,7410,OCESN8540F1187_F:OUI:FR:Line::75E9980B-E8DF-4696-8E87-123692055B00::87677005:87391003:7:1756:20260827,8540,0.0,27136,
FR:Line::75E9980B-E8DF-4696-8E87-123692055B00:,3321,OCESN8540F1187_F:OUI:FR:Line::75E9980B-E8DF-4696-8E87-123692055B00::87677005:87391003:7:1756:20260801,8540,0.0,27137,
FR:Line::75E9980B-E8DF-4696-8E87-123692055B00:,7411,OCESN8540F1187_F:OUI:FR:Line::75E9980B-E8DF-4696-8E87-123692055B00::87677005:87391003:7:1756:20260809,8540,0.0,27138,
FR:Line::75E9980B-E8DF-4696-8E87-123692055B00:,6629,OCESN8540F1187_F:OUI:FR:Line::75E9980B-E8DF-4696-8E87-123692055B00::87677005:87391003:7:1756:20260725,8540,0.0,27139,
FR:Line::75E9980B-E8DF-4696-8E87-123692055B00:,2693,OCESN8540F1187_F:OUI:FR:Line::75E9980B-E8DF-4696-8E87-123692055B00::87677005:87391003:7:1802:20260513,8540,0.0,27140,
FR:Line::75E9980B-E8DF-4696-8E87-123692055B00:,7412,OCESN8540F1187_F:OUI:FR:Line::75E9980B-E8DF-4696-8E87-123692055B00::87677005:87391003:7:1802:20260530,8540,0.0,27141,
FR:Line::75E9980B-E8DF-4696-8E87-123692055B00:,480,OCESN8540F1187_F:OUI:FR:Line::75E9980B-E8DF-4696-8E87-123692055B00::87677005:87391003:7:1802:20260502,8540,0.0,27142,
FR:Line::75E9980B-E8DF-4696-8E87-123692055B00:,274,OCESN8540F1187_F:OUI:FR:Line::75E9980B-E8DF-4696-8E87-123692055B00::87677005:87391003:7:1802:20260526,8540,0.0,27143,
FR:Line::75E9980B-E8DF-4696-8E87-123692055B00:,7413,OCESN8540F1187_F:OUI:FR:Line::75E9980B-E8DF-4696-8E87-123692055B00::87677005:87391003:7:1756:20260702,8540,0.0,27144,
FR:Line::75E9980B-E8DF-4696-8E87-123692055B00:,7414,OCESN8540F1187_F:OUI:FR:Line::75E9980B-E8DF-4696-8E87-123692055B00::87677005:87391003:7:1756:20260831,8540,0.0,27145,
FR:Line::75E9980B-E8DF-4696-8E87-123692055B00:,751,OCESN8540F1187_F:OUI:FR:Line::75E9980B-E8DF-4696-8E87-123692055B00::87677005:87391003:7:1756:20260412,8540,0.0,27146,
FR:Line::75E9980B-E8DF-4696-8E87-123692055B00:,97,OCESN8540F1187_F:OUI:FR:Line::75E9980B-E8DF-4696-8E87-123692055B00::87677005:87391003:7:1756:20260404,8540,0.0,27147,
FR:Line::75E9980B-E8DF-4696-8E87-123692055B00:,7415,OCESN8540F1187_F:OUI:FR:Line::75E9980B-E8DF-4696-8E87-123692055B00::87677005:87391003:7:1802:20260605,8540,0.0,27148,
FR:Line::75E9980B-E8DF-4696-8E87-123692055B00:,7416,OCESN8540F1187_F:OUI:FR:Line::75E9980B-E8DF-4696-8E87-123692055B00::87677005:87391003:7:1756:20260828,8540,0.0,27149,
FR:Line::75E9980B-E8DF-4696-8E87-123692055B00:,7417,OCESN8540F1187_F:OUI:FR:Line::75E9980B-E8DF-4696-8E87-123692055B00::87677005:87391003:7:1756:20260830,8540,0.0,27150,
FR:Line::75E9980B-E8DF-4696-8E87-123692055B00:,1261,OCESN8540F1187_F:OUI:FR:Line::75E9980B-E8DF-4696-8E87-123692055B00::87677005:87391003:7:1756:20260829,8540,0.0,27151,
FR:Line::75E9980B-E8DF-4696-8E87-123692055B00:,7418,OCESN8540F1187_F:OUI:FR:Line::75E9980B-E8DF-4696-8E87-123692055B00::87677005:87391003:7:1756:20260718,8540,0.0,27152,
FR:Line::75E9980B-E8DF-4696-8E87-123692055B00:,214,OCESN8540F1187_F:OUI:FR:Line::75E9980B-E8DF-4696-8E87-123692055B00::87677005:87391003:7:1759:20260327,8540,0.0,27153,
FR:Line::75E9980B-E8DF-4696-8E87-123692055B00:,380,OCESN8542F1187_F:OUI:FR:Line::75E9980B-E8DF-4696-8E87-123692055B00::87677005:87391003:7:1956:20260329,8542,0.0,27312,
FR:Line::75E9980B-E8DF-4696-8E87-123692055B00:,161,OCESN8542F1187_F:OUI:FR:Line::75E9980B-E8DF-4696-8E87-123692055B00::87581009:87391003:2:1955:20260524,8542,0.0,27313,
FR:Line::75E9980B-E8DF-4696-8E87-123692055B00:,3787,OCESN8542F1187_F:OUI:FR:Line::75E9980B-E8DF-4696-8E87-123692055B00::87677005:87391003:7:1955:20260419,8542,0.0,27314,
FR:Line::75E9980B-E8DF-4696-8E87-123692055B00:,7437,OCESN8542F1187_F:OUI:FR:Line::75E9980B-E8DF-4696-8E87-123692055B00::87677005:87391003:7:1955:20260628,8542,0.0,27315,
FR:Line::75E9980B-E8DF-4696-8E87-123692055B00:,7438,OCESN8542F1187_F:OUI:FR:Line::75E9980B-E8DF-4696-8E87-123692055B00::87677005:87391003:7:1956:20260829,8542,0.0,27316,
FR:Line::75E9980B-E8DF-4696-8E87-123692055B00:,7439,OCESN8542F1187_F:OUI:FR:Line::75E9980B-E8DF-4696-8E87-123692055B00::87677005:87391003:7:1956:20260827,8542,0.0,27317,
FR:Line::75E9980B-E8DF-4696-8E87-123692055B00:,7440,OCESN8542F1187_F:OUI:FR:Line::75E9980B-E8DF-4696-8E87-123692055B00::87677005:87391003:7:1956:20260826,8542,0.0,27318,
FR:Line::75E9980B-E8DF-4696-8E87-123692055B00:,7441,OCESN8542F1187_F:OUI:FR:Line::75E9980B-E8DF-4696-8E87-123692055B00::87677005:87391003:7:1956:20260830,8542,0.0,27319,
FR:Line::75E9980B-E8DF-4696-8E87-123692055B00:,293,OCESN8542F1187_F:OUI:FR:Line::75E9980B-E8DF-4696-8E87-123692055B00::87677005:87391003:7:1955:20260517,8542,0.0,27320,
FR:Line::75E9980B-E8DF-4696-8E87-123692055B00:,316,OCESN8542F1187_F:OUI:FR:Line::75E9980B-E8DF-4696-8E87-123692055B00::87677005:87391003:7:2004:20260828,8542,0.0,27321,
FR:Line::75E9980B-E8DF-4696-8E87-123692055B00:,318,OCESN8542F1187_F:OUI:FR:Line::75E9980B-E8DF-4696-8E87-123692055B00::87677005:87391003:7:2004:20260731,8542,0.0,27322,
FR:Line::75E9980B-E8DF-4696-8E87-123692055B00:,16,OCESN8544F1187_F:OUI:FR:Line::75E9980B-E8DF-4696-8E87-123692055B00::87581009:87391003:3:2103:20260508,8544,0.0,27649,
FR:Line::75E9980B-E8DF-4696-8E87-123692055B00:,7437,OCESN8544F1187_F:OUI:FR:Line::75E9980B-E8DF-4696-8E87-123692055B00::87677005:87391003:8:2103:20260628,8544,0.0,27650,
FR:Line::75E9980B-E8DF-4696-8E87-123692055B00:,7458,OCESN8544F1187_F:OUI:FR:Line::75E9980B-E8DF-4696-8E87-123692055B00::87677005:87391003:8:2103:20260627,8544,0.0,27651,
FR:Line::75E9980B-E8DF-4696-8E87-123692055B00:,7459,OCESN8544F1187_F:OUI:FR:Line::75E9980B-E8DF-4696-8E87-123692055B00::87677005:87391003:8:2103:20260703,8544,0.0,27652,
FR:Line::75E9980B-E8DF-4696-8E87-123692055B00:,48,OCESN8544F1187_F:OUI:FR:Line::75E9980B-E8DF-4696-8E87-123692055B00::87581009:87391003:3:2103:20260515,8544,0.0,27653,
FR:Line::75E9980B-E8DF-4696-8E87-123692055B00:,7278,OCESN8544F1187_F:OUI:FR:Line::75E9980B-E8DF-4696-8E87-123692055B00::87677005:87391003:8:2106:20260517,8544,0.0,27654,
FR:Line::75E9980B-E8DF-4696-8E87-123692055B00:,161,OCESN8544F1187_F:OUI:FR:Line::75E9980B-E8DF-4696-8E87-123692055B00::87581009:87391003:3:1959:20260524,8544,0.0,27655,
FR:Line::75E9980B-E8DF-4696-8E87-123692055B00:,98,OCESN8544F1187_F:OUI:FR:Line::75E9980B-E8DF-4696-8E87-123692055B00::87677005:87391003:8:2148:20260514,8544,0.0,27656,
FR:Line::75E9980B-E8DF-4696-8E87-123692055B00:,114,OCESN8544F1187_F:OUI:FR:Line::75E9980B-E8DF-4696-8E87-123692055B00::87677005:87391003:8:2105:20260503,8544,0.0,27657,
FR:Line::75E9980B-E8DF-4696-8E87-123692055B00:,412,OCESN8544F1187_F:OUI:FR:Line::75E9980B-E8DF-4696-8E87-123692055B00::87677005:87391003:8:2100:20260827,8544,0.0,27658,
FR:Line::75E9980B-E8DF-4696-8E87-123692055B00:,328,OCESN8544F1187_F:OUI:FR:Line::75E9980B-E8DF-4696-8E87-123692055B00::87677005:87391003:8:2103:20260725,8544,0.0,27659,
FR:Line::75E9980B-E8DF-4696-8E87-123692055B00:,329,OCESN8544F1187_F:OUI:FR:Line::75E9980B-E8DF-4696-8E87-123692055B00::87677005:87391003:8:2103:20260829,8544,0.0,27660,
FR:Line::75E9980B-E8DF-4696-8E87-123692055B00:,7181,OCESN8544F1187_F:OUI:FR:Line::75E9980B-E8DF-4696-8E87-123692055B00::87677005:87391003:8:2100:20260526,8544,0.0,27661,
FR:Line::75E9980B-E8DF-4696-8E87-123692055B00:,7460,OCESN8544F1187_F:OUI:FR:Line::75E9980B-E8DF-4696-8E87-123692055B00::87677005:87391003:8:2106:20260513,8544,0.0,27662,
FR:Line::75E9980B-E8DF-4696-8E87-123692055B00:,352,OCESN8544F1187_F:OUI:FR:Line::75E9980B-E8DF-4696-8E87-123692055B00::87677005:87391003:8:2100:20260512,8544,0.0,27663,
FR:Line::75E9980B-E8DF-4696-8E87-123692055B00:,7461,OCESN8544F1187_F:OUI:FR:Line::75E9980B-E8DF-4696-8E87-123692055B00::87677005:87391003:8:2100:20260824,8544,0.0,27664,
FR:Line::75E9980B-E8DF-4696-8E87-123692055B00:,7462,OCESN8544F1187_F:OUI:FR:Line::75E9980B-E8DF-4696-8E87-123692055B00::87677005:87391003:8:2100:20260618,8544,0.0,27665,
FR:Line::75E9980B-E8DF-4696-8E87-123692055B00:,430,OCESN8544F1187_F:OUI:FR:Line::75E9980B-E8DF-4696-8E87-123692055B00::87677005:87391003:8:2103:20260830,8544,0.0,27666,
FR:Line::75E9980B-E8DF-4696-8E87-123692055B00:,6636,OCESN8544F1187_F:OUI:FR:Line::75E9980B-E8DF-4696-8E87-123692055B00::87677005:87391003:8:2105:20260814,8544,0.0,27667,
FR:Line::75E9980B-E8DF-4696-8E87-123692055B00:,318,OCESN8544F1187_F:OUI:FR:Line::75E9980B-E8DF-4696-8E87-123692055B00::87677005:87391003:8:2105:20260731,8544,0.0,27668,
FR:Line::75E9980B-E8DF-4696-8E87-123692055B00:,637,OCESN8544F1187_F:OUI:FR:Line::75E9980B-E8DF-4696-8E87-123692055B00::87677005:87391003:8:2105:20260828,8544,0.0,27669,
FR:Line::75E9980B-E8DF-4696-8E87-123692055B00:,128,OCESN8544F1187_F:OUI:FR:Line::75E9980B-E8DF-4696-8E87-123692055B00::87677005:87391003:8:2100:20260831,8544,0.0,27670,
FR:Line::75E9980B-E8DF-4696-8E87-123692055B00:,1091,OCESN8544F1187_F:OUI:FR:Line::75E9980B-E8DF-4696-8E87-123692055B00::87677005:87391003:8:2100:20260326,8544,0.0,27671,
FR:Line::75E9980B-E8DF-4696-8E87-123692055B00:,4734,OCESN8547F1187_F:OUI:FR:Line::75E9980B-E8DF-4696-8E87-123692055B00::87391003:87677005:8:1851:20260328,8547,1.0,27829,
FR:Line::75E9980B-E8DF-4696-8E87-123692055B00:,48,OCESN8547F1187_F:OUI:FR:Line::75E9980B-E8DF-4696-8E87-123692055B00::87391003:87581009:3:1713:20260515,8547,1.0,27830,
FR:Line::75E9980B-E8DF-4696-8E87-123692055B00:,98,OCESN8547F1187_F:OUI:FR:Line::75E9980B-E8DF-4696-8E87-123692055B00::87391003:87677005:8:1851:20260514,8547,1.0,27831,
FR:Line::75E9980B-E8DF-4696-8E87-123692055B00:,204,OCESN8547F1187_F:OUI:FR:Line::75E9980B-E8DF-4696-8E87-123692055B00::87391003:87581009:3:1704:20260516,8547,1.0,27832,
FR:Line::75E9980B-E8DF-4696-8E87-123692055B00:,544,OCESN8547F1187_F:OUI:FR:Line::75E9980B-E8DF-4696-8E87-123692055B00::87391003:87677005:8:1851:20260513,8547,1.0,27833,
FR:Line::75E9980B-E8DF-4696-8E87-123692055B00:,410,OCESN8547F1187_F:OUI:FR:Line::75E9980B-E8DF-4696-8E87-123692055B00::87391003:87581009:3:1617:20260509,8547,1.0,27834,
FR:Line::75E9980B-E8DF-4696-8E87-123692055B00:,109,OCESN8547F1187_F:OUI:FR:Line::75E9980B-E8DF-4696-8E87-123692055B00::87391003:87677005:8:1851:20260417,8547,1.0,27835,
FR:Line::75E9980B-E8DF-4696-8E87-123692055B00:,7485,OCESN8547F1187_F:OUI:FR:Line::75E9980B-E8DF-4696-8E87-123692055B00::87391003:87677005:8:1851:20260522,8547,1.0,27836,
FR:Line::75E9980B-E8DF-4696-8E87-123692055B00:,7486,OCESN8547F1187_F:OUI:FR:Line::75E9980B-E8DF-4696-8E87-123692055B00::87391003:87677005:8:1851:20260411,8547,1.0,27837,
FR:Line::75E9980B-E8DF-4696-8E87-123692055B00:,739,OCESN8547F1187_F:OUI:FR:Line::75E9980B-E8DF-4696-8E87-123692055B00::87391003:87677005:8:1851:20260418,8547,1.0,27838,
FR:Line::75E9980B-E8DF-4696-8E87-123692055B00:,4063,OCESN8547F1187_F:OUI:FR:Line::75E9980B-E8DF-4696-8E87-123692055B00::87391003:87677005:8:1851:20260626,8547,1.0,27839,
FR:Line::75E9980B-E8DF-4696-8E87-123692055B00:,325,OCESN8547F1187_F:OUI:FR:Line::75E9980B-E8DF-4696-8E87-123692055B00::87391003:87677005:8:1851:20260703,8547,1.0,27840,
FR:Line::75E9980B-E8DF-4696-8E87-123692055B00:,388,OCESN8547F1187_F:OUI:FR:Line::75E9980B-E8DF-4696-8E87-123692055B00::87391003:87677005:8:1851:20260502,8547,1.0,27841,
FR:Line::75E9980B-E8DF-4696-8E87-123692055B00:,368,OCESN8547F1187_F:OUI:FR:Line::75E9980B-E8DF-4696-8E87-123692055B00::87391003:87677005:8:1851:20260424,8547,1.0,27842,
FR:Line::75E9980B-E8DF-4696-8E87-123692055B00:,141,OCESN8547F1187_F:OUI:FR:Line::75E9980B-E8DF-4696-8E87-123692055B00::87391003:87677005:8:1851:20260425,8547,1.0,27843,
FR:Line::75E9980B-E8DF-4696-8E87-123692055B00:,7487,OCESN8547F1187_F:OUI:FR:Line::75E9980B-E8DF-4696-8E87-123692055B00::87391003:87677005:8:1851:20260828,8547,1.0,27844,
FR:Line::75E9980B-E8DF-4696-8E87-123692055B00:,7488,OCESN8547F1187_F:OUI:FR:Line::75E9980B-E8DF-4696-8E87-123692055B00::87391003:87677005:8:1851:20260829,8547,1.0,27845,
FR:Line::75E9980B-E8DF-4696-8E87-123692055B00:,7489,OCESN8547F1187_F:OUI:FR:Line::75E9980B-E8DF-4696-8E87-123692055B00::87391003:87677005:8:1851:20260822,8547,1.0,27846,
FR:Line::75E9980B-E8DF-4696-8E87-123692055B00:,277,OCESN8547F1187_F:OUI:FR:Line::75E9980B-E8DF-4696-8E87-123692055B00::87391003:87677005:8:1851:20260706,8547,1.0,27847,
FR:Line::75E9980B-E8DF-4696-8E87-123692055B00:,2119,OCESN8549F1187_F:OUI:FR:Line::75E9980B-E8DF-4696-8E87-123692055B00::87391003:87677005:8:2048:20260328,8549,1.0,28023,
FR:Line::75E9980B-E8DF-4696-8E87-123692055B00:,7499,OCESN8549F1187_F:OUI:FR:Line::75E9980B-E8DF-4696-8E87-123692055B00::87391003:87677005:8:2048:20260620,8549,1.0,28024,
FR:Line::75E9980B-E8DF-4696-8E87-123692055B00:,161,OCESN8549F1187_F:OUI:FR:Line::75E9980B-E8DF-4696-8E87-123692055B00::87391003:87581009:3:1813:20260524,8549,1.0,28025,
FR:Line::75E9980B-E8DF-4696-8E87-123692055B00:,613,OCESN8549F1187_F:OUI:FR:Line::75E9980B-E8DF-4696-8E87-123692055B00::87391003:87677005:8:2048:20260627,8549,1.0,28026,
FR:Line::75E9980B-E8DF-4696-8E87-123692055B00:,379,OCESN8549F1187_F:OUI:FR:Line::75E9980B-E8DF-4696-8E87-123692055B00::87391003:87677005:8:2048:20260628,8549,1.0,28027,
FR:Line::75E9980B-E8DF-4696-8E87-123692055B00:,71,OCESN8549F1187_F:OUI:FR:Line::75E9980B-E8DF-4696-8E87-123692055B00::87391003:87677005:8:2048:20260523,8549,1.0,28028,
FR:Line::75E9980B-E8DF-4696-8E87-123692055B00:,115,OCESN8549F1187_F:OUI:FR:Line::75E9980B-E8DF-4696-8E87-123692055B00::87391003:87677005:8:2048:20260525,8549,1.0,28029,
FR:Line::75E9980B-E8DF-4696-8E87-123692055B00:,1733,OCESN8549F1187_F:OUI:FR:Line::75E9980B-E8DF-4696-8E87-123692055B00::87391003:87677005:8:2048:20260828,8549,1.0,28030,
FR:Line::75E9980B-E8DF-4696-8E87-123692055B00:,422,OCESN8549F1187_F:OUI:FR:Line::75E9980B-E8DF-4696-8E87-123692055B00::87391003:87677005:8:2048:20260731,8549,1.0,28031,
FR:Line::75E9980B-E8DF-4696-8E87-123692055B00:,7500,OCESN8549F1187_F:OUI:FR:Line::75E9980B-E8DF-4696-8E87-123692055B00::87391003:87677005:7:2048:20260424,8549,1.0,28032,
FR:Line::75E9980B-E8DF-4696-8E87-123692055B00:,380,OCESN8549F1187_F:OUI:FR:Line::75E9980B-E8DF-4696-8E87-123692055B00::87391003:87677005:8:2048:20260329,8549,1.0,28033,
FR:Line::75E9980B-E8DF-4696-8E87-123692055B00:,142,OCESN8549F1187_F:OUI:FR:Line::75E9980B-E8DF-4696-8E87-123692055B00::87391003:87677005:8:2048:20260405,8549,1.0,28034,
FR:Line::75E9980B-E8DF-4696-8E87-123692055B00:,106,OCESN8549F1187_F:OUI:FR:Line::75E9980B-E8DF-4696-8E87-123692055B00::87391003:87677005:8:2048:20260406,8549,1.0,28035,
FR:Line::75E9980B-E8DF-4696-8E87-123692055B00:,7501,OCESN8549F1187_F:OUI:FR:Line::75E9980B-E8DF-4696-8E87-123692055B00::87391003:87677005:8:2048:20260517,8549,1.0,28036,
FR:Line::75E9980B-E8DF-4696-8E87-123692055B00:,480,OCESN8549F1187_F:OUI:FR:Line::75E9980B-E8DF-4696-8E87-123692055B00::87391003:87677005:8:2048:20260502,8549,1.0,28037,
FR:Line::75E9980B-E8DF-4696-8E87-123692055B00:,98,OCESN8549F1187_F:OUI:FR:Line::75E9980B-E8DF-4696-8E87-123692055B00::87391003:87677005:8:2134:20260514,8549,1.0,28038,
FR:Line::75E9980B-E8DF-4696-8E87-123692055B00:,75,OCESN8549F1187_F:OUI:FR:Line::75E9980B-E8DF-4696-8E87-123692055B00::87391003:87677005:7:2048:20260714,8549,1.0,28039,
FR:Line::75E9980B-E8DF-4696-8E87-123692055B00:,383,OCESN8549F1187_F:OUI:FR:Line::75E9980B-E8DF-4696-8E87-123692055B00::87391003:87677005:8:2048:20260606,8549,1.0,28040,
FR:Line::75E9980B-E8DF-4696-8E87-123692055B00:,133,OCESN8549F1187_F:OUI:FR:Line::75E9980B-E8DF-4696-8E87-123692055B00::87391003:87677005:8:2048:20260419,8549,1.0,28041,
FR:Line::75E9980B-E8DF-4696-8E87-123692055B00:,410,OCESN8549F1187_F:OUI:FR:Line::75E9980B-E8DF-4696-8E87-123692055B00::87391003:87581009:3:1818:20260509,8549,1.0,28042,
FR:Line::75E9980B-E8DF-4696-8E87-123692055B00:,7502,OCESN8549F1187_F:OUI:FR:Line::75E9980B-E8DF-4696-8E87-123692055B00::87391003:87677005:7:2048:20260626,8549,1.0,28043,
FR:Line::75E9980B-E8DF-4696-8E87-123692055B00:,325,OCESN8549F1187_F:OUI:FR:Line::75E9980B-E8DF-4696-8E87-123692055B00::87391003:87677005:7:2048:20260703,8549,1.0,28044,
FR:Line::75E9980B-E8DF-4696-8E87-123692055B00:,7503,OCESN8549F1187_F:OUI:FR:Line::75E9980B-E8DF-4696-8E87-123692055B00::87391003:87677005:8:2048:20260510,8549,1.0,28045,
FR:Line::75E9980B-E8DF-4696-8E87-123692055B00:,95,OCESN8549F1187_F:OUI:FR:Line::75E9980B-E8DF-4696-8E87-123692055B00::87391003:87677005:8:2048:20260501,8549,1.0,28046,
FR:Line::75E9980B-E8DF-4696-8E87-123692055B00:,7377,OCESN8549F1187_F:OUI:FR:Line::75E9980B-E8DF-4696-8E87-123692055B00::87391003:87677005:7:2048:20260730,8549,1.0,28047,
FR:Line::75E9980B-E8DF-4696-8E87-123692055B00:,57,OCESN8549F1187_F:OUI:FR:Line::75E9980B-E8DF-4696-8E87-123692055B00::87391003:87677005:7:2048:20260705,8549,1.0,28048,
FR:Line::75E9980B-E8DF-4696-8E87-123692055B00:,97,OCESN8549F1187_F:OUI:FR:Line::75E9980B-E8DF-4696-8E87-123692055B00::87391003:87677005:8:2048:20260404,8549,1.0,28049,
FR:Line::75E9980B-E8DF-4696-8E87-123692055B00:,330,OCESN8549F1187_F:OUI:FR:Line::75E9980B-E8DF-4696-8E87-123692055B00::87391003:87581009:3:1842:20260516,8549,1.0,28050,
FR:Line::75E9980B-E8DF-4696-8E87-123692055B00:,7504,OCESN8549F1187_F:OUI:FR:Line::75E9980B-E8DF-4696-8E87-123692055B00::87391003:87677005:7:2048:20260830,8549,1.0,28051,
FR:Line::75E9980B-E8DF-4696-8E87-123692055B00:,327,OCESN8549F1187_F:OUI:FR:Line::75E9980B-E8DF-4696-8E87-123692055B00::87391003:87677005:7:2048:20260816,8549,1.0,28052,
FR:Line::75E9980B-E8DF-4696-8E87-123692055B00:,7505,OCESN8549F1187_F:OUI:FR:Line::75E9980B-E8DF-4696-8E87-123692055B00::87391003:87677005:7:2048:20260702,8549,1.0,28053,
FR:Line::75E9980B-E8DF-4696-8E87-123692055B00:,544,OCESN8549F1187_F:OUI:FR:Line::75E9980B-E8DF-4696-8E87-123692055B00::87391003:87677005:7:2048:20260513,8549,1.0,28054,
FR:Line::75E9980B-E8DF-4696-8E87-123692055B00:,128,OCESN8549F1187_F:OUI:FR:Line::75E9980B-E8DF-4696-8E87-123692055B00::87391003:87677005:7:2048:20260831,8549,1.0,28055,
FR:Line::75E9980B-E8DF-4696-8E87-123692055B00:,7506,OCESN8549F1187_F:OUI:FR:Line::75E9980B-E8DF-4696-8E87-123692055B00::87391003:87677005:7:2048:20260701,8549,1.0,28056,
FR:Line::75E9980B-E8DF-4696-8E87-123692055B00:,2080,OCESN8551F1187_F:OUI:FR:Line::75E9980B-E8DF-4696-8E87-123692055B00::87391003:87677005:7:2323:20260327,8551,1.0,28103,
FR:Line::75E9980B-E8DF-4696-8E87-123692055B00:,161,OCESN8551F1187_F:OUI:FR:Line::75E9980B-E8DF-4696-8E87-123692055B00::87391003:87581009:2:2047:20260524,8551,1.0,28104,
FR:Line::75E9980B-E8DF-4696-8E87-123692055B00:,380,OCESN8551F1187_F:OUI:FR:Line::75E9980B-E8DF-4696-8E87-123692055B00::87391003:87677005:7:2323:20260329,8551,1.0,28105,
FR:Line::75E9980B-E8DF-4696-8E87-123692055B00:,543,OCESN8551F1187_F:OUI:FR:Line::75E9980B-E8DF-4696-8E87-123692055B00::87391003:87677005:7:2323:20260522,8551,1.0,28106,
FR:Line::75E9980B-E8DF-4696-8E87-123692055B00:,838,OCESN8551F1187_F:OUI:FR:Line::75E9980B-E8DF-4696-8E87-123692055B00::87391003:87677005:7:2323:20260521,8551,1.0,28107,
FR:Line::75E9980B-E8DF-4696-8E87-123692055B00:,6540,OCESN8551F1187_F:OUI:FR:Line::75E9980B-E8DF-4696-8E87-123692055B00::87391003:87677005:7:2323:20260417,8551,1.0,28108,
FR:Line::75E9980B-E8DF-4696-8E87-123692055B00:,7508,OCESN8551F1187_F:OUI:FR:Line::75E9980B-E8DF-4696-8E87-123692055B00::87391003:87677005:7:2323:20260419,8551,1.0,28109,
FR:Line::75E9980B-E8DF-4696-8E87-123692055B00:,7509,OCESN8551F1187_F:OUI:FR:Line::75E9980B-E8DF-4696-8E87-123692055B00::87391003:87677005:7:2323:20260415,8551,1.0,28110,
FR:Line::75E9980B-E8DF-4696-8E87-123692055B00:,2011,OCESN8551F1187_F:OUI:FR:Line::75E9980B-E8DF-4696-8E87-123692055B00::87391003:87677005:7:2323:20260410,8551,1.0,28111,
FR:Line::75E9980B-E8DF-4696-8E87-123692055B00:,544,OCESN8551F1187_F:OUI:FR:Line::75E9980B-E8DF-4696-8E87-123692055B00::87391003:87677005:7:2321:20260513,8551,1.0,28112,
FR:Line::75E9980B-E8DF-4696-8E87-123692055B00:,7309,OCESN8551F1187_F:OUI:FR:Line::75E9980B-E8DF-4696-8E87-123692055B00::87391003:87677005:7:2321:20260517,8551,1.0,28113,
FR:Line::75E9980B-E8DF-4696-8E87-123692055B00:,7510,OCESN8551F1187_F:OUI:FR:Line::75E9980B-E8DF-4696-8E87-123692055B00::87391003:87677005:7:2323:20260520,8551,1.0,28114,
FR:Line::75E9980B-E8DF-4696-8E87-123692055B00:,7511,OCESN8551F1187_F:OUI:FR:Line::75E9980B-E8DF-4696-8E87-123692055B00::87391003:87677005:7:2323:20260731,8551,1.0,28115,
FR:Line::75E9980B-E8DF-4696-8E87-123692055B00:,7512,OCESN8551F1187_F:OUI:FR:Line::75E9980B-E8DF-4696-8E87-123692055B00::87391003:87677005:7:2323:20260730,8551,1.0,28116,
FR:Line::75E9980B-E8DF-4696-8E87-123692055B00:,7513,OCESN8551F1187_F:OUI:FR:Line::75E9980B-E8DF-4696-8E87-123692055B00::87391003:87677005:7:2323:20260830,8551,1.0,28117,
FR:Line::75E9980B-E8DF-4696-8E87-123692055B00:,7514,OCESN8551F1187_F:OUI:FR:Line::75E9980B-E8DF-4696-8E87-123692055B00::87391003:87677005:7:2323:20260828,8551,1.0,28118,
FR:Line::75E9980B-E8DF-4696-8E87-123692055B00:,6739,OCESN8551F1187_F:OUI:FR:Line::75E9980B-E8DF-4696-8E87-123692055B00::87391003:87677005:7:2321:20260512,8551,1.0,28119,
FR:Line::75E9980B-E8DF-4696-8E87-123692055B00:,368,OCESN8551F1187_F:OUI:FR:Line::75E9980B-E8DF-4696-8E87-123692055B00::87391003:87677005:7:2321:20260424,8551,1.0,28120,
FR:Line::75E9980B-E8DF-4696-8E87-123692055B00:,128,OCESN8551F1187_F:OUI:FR:Line::75E9980B-E8DF-4696-8E87-123692055B00::87391003:87677005:7:2324:20260831,8551,1.0,28121,
FR:Line::75E9980B-E8DF-4696-8E87-123692055B00:,1091,OCESN8551F1187_F:OUI:FR:Line::75E9980B-E8DF-4696-8E87-123692055B00::87391003:87677005:7:2323:20260326,8551,1.0,28122,
FR:Line::75E9980B-E8DF-4696-8E87-123692055B00:,3,OCESN8552F1187_F:OUI:FR:Line::75E9980B-E8DF-4696-8E87-123692055B00::87677005:87391003:7:2131:20260713,8552,0.0,28127,
FR:Line::75E9980B-E8DF-4696-8E87-123692055B00:,329,OCESN8552F1187_F:OUI:FR:Line::75E9980B-E8DF-4696-8E87-123692055B00::87677005:87391003:7:2206:20260829,8552,0.0,28128,
FR:Line::75E9980B-E8DF-4696-8E87-123692055B00:,5193,OCESN8552F1187_F:OUI:FR:Line::75E9980B-E8DF-4696-8E87-123692055B00::87677005:87391003:7:2206:20260725,8552,0.0,28129,
FR:Line::75E9980B-E8DF-4696-8E87-123692055B00:,7528,OCESN8553F1187_F:OUI:FR:Line::75E9980B-E8DF-4696-8E87-123692055B00::87391003:87677005:8:2452:20260703,8553,1.0,28228,
FR:Line::75E9980B-E8DF-4696-8E87-123692055B00:,543,OCESN8553F1187_F:OUI:FR:Line::75E9980B-E8DF-4696-8E87-123692055B00::87391003:87677005:8:2452:20260522,8553,1.0,28229,
FR:Line::75E9980B-E8DF-4696-8E87-123692055B00:,198,OCESN8553F1187_F:OUI:FR:Line::75E9980B-E8DF-4696-8E87-123692055B00::87391003:87677005:8:2452:20260403,8553,1.0,28230,
FR:Line::75E9980B-E8DF-4696-8E87-123692055B00:,544,OCESN8553F1187_F:OUI:FR:Line::75E9980B-E8DF-4696-8E87-123692055B00::87391003:87677005:7:2452:20260513,8553,1.0,28231,
FR:Line::75E9980B-E8DF-4696-8E87-123692055B00:,1733,OCESN8553F1187_F:OUI:FR:Line::75E9980B-E8DF-4696-8E87-123692055B00::87391003:87677005:8:2452:20260828,8553,1.0,28232,
FR:Line::75E9980B-E8DF-4696-8E87-123692055B00:,422,OCESN8553F1187_F:OUI:FR:Line::75E9980B-E8DF-4696-8E87-123692055B00::87391003:87677005:8:2452:20260731,8553,1.0,28233,
FR:Line::75E9980B-E8DF-4696-8E87-123692055B00:,2022,OCESN8553F1187_F:OUI:FR:Line::75E9980B-E8DF-4696-8E87-123692055B00::87391003:87677005:8:2452:20260417,8553,1.0,28234,
FR:Line::75E9980B-E8DF-4696-8E87-123692055B00:,368,OCESN8553F1187_F:OUI:FR:Line::75E9980B-E8DF-4696-8E87-123692055B00::87391003:87677005:7:2452:20260424,8553,1.0,28235,
FR:Line::75E9980B-E8DF-4696-8E87-123692055B00:,57,OCESN8555F1187_F:OUI:FR:Line::75E9980B-E8DF-4696-8E87-123692055B00::87391003:87677005:7:2009:20260705,8555,1.0,28379,
FR:Line::75E9980B-E8DF-4696-8E87-123692055B00:,7548,OCESN8555F1187_F:OUI:FR:Line::75E9980B-E8DF-4696-8E87-123692055B00::87391003:87677005:7:2009:20260830,8555,1.0,28380,
FR:Line::75E9980B-E8DF-4696-8E87-123692055B00:,327,OCESN8555F1187_F:OUI:FR:Line::75E9980B-E8DF-4696-8E87-123692055B00::87391003:87677005:7:2009:20260816,8555,1.0,28381,
FR:Line::75E9980B-E8DF-4696-8E87-123692055B00:,410,OCESN8557F1187_F:OUI:FR:Line::75E9980B-E8DF-4696-8E87-123692055B00::87391003:87581009:2:2014:20260509,8557,1.0,28545,
FR:Line::75E9980B-E8DF-4696-8E87-123692055B00:,411,OCESN8557F1187_F:OUI:FR:Line::75E9980B-E8DF-4696-8E87-123692055B00::87391003:87677005:7:2251:20260502,8557,1.0,28546,
FR:Line::75E9980B-E8DF-4696-8E87-123692055B00:,98,OCESN8557F1187_F:OUI:FR:Line::75E9980B-E8DF-4696-8E87-123692055B00::87391003:87677005:7:2251:20260514,8557,1.0,28547,
FR:Line::75E9980B-E8DF-4696-8E87-123692055B00:,7556,OCESN8557F1187_F:OUI:FR:Line::75E9980B-E8DF-4696-8E87-123692055B00::87391003:87677005:7:2251:20260627,8557,1.0,28548,
FR:Line::75E9980B-E8DF-4696-8E87-123692055B00:,330,OCESN8557F1187_F:OUI:FR:Line::75E9980B-E8DF-4696-8E87-123692055B00::87391003:87581009:2:2058:20260516,8557,1.0,28549,
FR:Line::75E9980B-E8DF-4696-8E87-123692055B00:,4103,OCESN8557F1187_F:OUI:FR:Line::75E9980B-E8DF-4696-8E87-123692055B00::87391003:87677005:7:2251:20260808,8557,1.0,28550,
FR:Line::75E9980B-E8DF-4696-8E87-123692055B00:,6631,OCESN8557F1187_F:OUI:FR:Line::75E9980B-E8DF-4696-8E87-123692055B00::87391003:87677005:7:2251:20260829,8557,1.0,28551,
FR:Line::2881AC3D-A347-4440-BEF8-23ACAB159588:,2119,OCESN8560F1187_F:OUI:FR:Line::2881AC3D-A347-4440-BEF8-23ACAB159588::87671008:87391003:7:1156:20260328,8560,0.0,28743,
FR:Line::2881AC3D-A347-4440-BEF8-23ACAB159588:,48,OCESN8560F1187_F:OUI:FR:Line::2881AC3D-A347-4440-BEF8-23ACAB159588::87671008:87391003:7:1256:20260515,8560,0.0,28744,
FR:Line::2881AC3D-A347-4440-BEF8-23ACAB159588:,795,OCESN8560F1187_F:OUI:FR:Line::2881AC3D-A347-4440-BEF8-23ACAB159588::87671008:87391003:7:1155:20260815,8560,0.0,28745,
FR:Line::2881AC3D-A347-4440-BEF8-23ACAB159588:,204,OCESN8560F1187_F:OUI:FR:Line::2881AC3D-A347-4440-BEF8-23ACAB159588::87581009:87391003:2:1155:20260516,8560,0.0,28746,
FR:Line::2881AC3D-A347-4440-BEF8-23ACAB159588:,1135,OCESN8560F1187_F:OUI:FR:Line::2881AC3D-A347-4440-BEF8-23ACAB159588::87671008:87391003:7:1155:20260715,8560,0.0,28747,
FR:Line::2881AC3D-A347-4440-BEF8-23ACAB159588:,50,OCESN8560F1187_F:OUI:FR:Line::2881AC3D-A347-4440-BEF8-23ACAB159588::87581009:87391003:2:1155:20260509,8560,0.0,28748,
FR:Line::2881AC3D-A347-4440-BEF8-23ACAB159588:,7572,OCESN8560F1187_F:OUI:FR:Line::2881AC3D-A347-4440-BEF8-23ACAB159588::87671008:87391003:7:1155:20260627,8560,0.0,28749,
FR:Line::2881AC3D-A347-4440-BEF8-23ACAB159588:,409,OCESN8560F1187_F:OUI:FR:Line::2881AC3D-A347-4440-BEF8-23ACAB159588::87671008:87391003:7:1155:20260418,8560,0.0,28750,
FR:Line::2881AC3D-A347-4440-BEF8-23ACAB159588:,84,OCESN8560F1187_F:OUI:FR:Line::2881AC3D-A347-4440-BEF8-23ACAB159588::87671008:87391003:7:1155:20260718,8560,0.0,28751,
FR:Line::2881AC3D-A347-4440-BEF8-23ACAB159588:,1458,OCESN8560F1187_F:OUI:FR:Line::2881AC3D-A347-4440-BEF8-23ACAB159588::87671008:87391003:7:1155:20260801,8560,0.0,28752,
FR:Line::2881AC3D-A347-4440-BEF8-23ACAB159588:,2847,OCESN8560F1187_F:OUI:FR:Line::2881AC3D-A347-4440-BEF8-23ACAB159588::87671008:87391003:7:1155:20260829,8560,0.0,28753,
FR:Line::2881AC3D-A347-4440-BEF8-23ACAB159588:,7573,OCESN8560F1187_F:OUI:FR:Line::2881AC3D-A347-4440-BEF8-23ACAB159588::87671008:87391003:7:1155:20260828,8560,0.0,28754,
FR:Line::2881AC3D-A347-4440-BEF8-23ACAB159588:,98,OCESN8560F1187_F:OUI:FR:Line::2881AC3D-A347-4440-BEF8-23ACAB159588::87671008:87391003:7:1441:20260514,8560,0.0,28755,
FR:Line::2881AC3D-A347-4440-BEF8-23ACAB159588:,7574,OCESN8560F1187_F:OUI:FR:Line::2881AC3D-A347-4440-BEF8-23ACAB159588::87671008:87391003:7:1155:20260730,8560,0.0,28756,
FR:Line::2881AC3D-A347-4440-BEF8-23ACAB159588:,7575,OCESN8560F1187_F:OUI:FR:Line::2881AC3D-A347-4440-BEF8-23ACAB159588::87671008:87391003:7:1155:20260731,8560,0.0,28757,
FR:Line::2881AC3D-A347-4440-BEF8-23ACAB159588:,346,OCESN8560F1187_F:OUI:FR:Line::2881AC3D-A347-4440-BEF8-23ACAB159588::87671008:87391003:7:1204:20260508,8560,0.0,28758,
FR:Line::2881AC3D-A347-4440-BEF8-23ACAB159588:,1177,OCESN8560F1187_F:OUI:FR:Line::2881AC3D-A347-4440-BEF8-23ACAB159588::87671008:87391003:7:1155:20260619,8560,0.0,28759,
FR:Line::2881AC3D-A347-4440-BEF8-23ACAB159588:,345,OCESN8560F1187_F:OUI:FR:Line::2881AC3D-A347-4440-BEF8-23ACAB159588::87671008:87391003:7:1204:20260502,8560,0.0,28760,
FR:Line::2881AC3D-A347-4440-BEF8-23ACAB159588:,7576,OCESN8560F1187_F:OUI:FR:Line::2881AC3D-A347-4440-BEF8-23ACAB159588::87671008:87391003:7:1155:20260827,8560,0.0,28761,
FR:Line::2881AC3D-A347-4440-BEF8-23ACAB159588:,1176,OCESN8560F1187_F:OUI:FR:Line::2881AC3D-A347-4440-BEF8-23ACAB159588::87671008:87391003:7:1155:20260522,8560,0.0,28762,
FR:Line::2881AC3D-A347-4440-BEF8-23ACAB159588:,371,OCESN8560F1187_F:OUI:FR:Line::2881AC3D-A347-4440-BEF8-23ACAB159588::87671008:87391003:7:1155:20260417,8560,0.0,28763,
FR:Line::2881AC3D-A347-4440-BEF8-23ACAB159588:,341,OCESN8560F1187_F:OUI:FR:Line::2881AC3D-A347-4440-BEF8-23ACAB159588::87671008:87391003:7:1204:20260513,8560,0.0,28764,
FR:Line::2881AC3D-A347-4440-BEF8-23ACAB159588:,6629,OCESN8560F1187_F:OUI:FR:Line::2881AC3D-A347-4440-BEF8-23ACAB159588::87671008:87391003:7:1155:20260725,8560,0.0,28765,
FR:Line::2881AC3D-A347-4440-BEF8-23ACAB159588:,140,OCESN8560F1187_F:OUI:FR:Line::2881AC3D-A347-4440-BEF8-23ACAB159588::87671008:87391003:7:1155:20260704,8560,0.0,28766,
FR:Line::2881AC3D-A347-4440-BEF8-23ACAB159588:,128,OCESN8560F1187_F:OUI:FR:Line::2881AC3D-A347-4440-BEF8-23ACAB159588::87671008:87391003:7:1155:20260831,8560,0.0,28767,
FR:Line::2881AC3D-A347-4440-BEF8-23ACAB159588:,214,OCESN8560F1187_F:OUI:FR:Line::2881AC3D-A347-4440-BEF8-23ACAB159588::87671008:87391003:7:1156:20260327,8560,0.0,28768,
FR:Line::2881AC3D-A347-4440-BEF8-23ACAB159588:,117,OCESN8562F1187_F:OUI:FR:Line::2881AC3D-A347-4440-BEF8-23ACAB159588::87671008:87391003:6:1422:20260308,8562,0.0,28935,
FR:Line::2881AC3D-A347-4440-BEF8-23ACAB159588:,116,OCESN8562F1187_F:OUI:FR:Line::2881AC3D-A347-4440-BEF8-23ACAB159588::87581009:87391003:2:1427:20260517,8562,0.0,28936,
FR:Line::2881AC3D-A347-4440-BEF8-23ACAB159588:,161,OCESN8562F1187_F:OUI:FR:Line::2881AC3D-A347-4440-BEF8-23ACAB159588::87581009:87391003:2:1422:20260524,8562,0.0,28937,
FR:Line::2881AC3D-A347-4440-BEF8-23ACAB159588:,58,OCESN8562F1187_F:OUI:FR:Line::2881AC3D-A347-4440-BEF8-23ACAB159588::87581009:87391003:2:1427:20260510,8562,0.0,28938,
FR:Line::2881AC3D-A347-4440-BEF8-23ACAB159588:,134,OCESN8562F1187_F:OUI:FR:Line::2881AC3D-A347-4440-BEF8-23ACAB159588::87671008:87391003:6:1427:20260426,8562,0.0,28939,
FR:Line::2881AC3D-A347-4440-BEF8-23ACAB159588:,364,OCESN8562F1187_F:OUI:FR:Line::2881AC3D-A347-4440-BEF8-23ACAB159588::87671008:87391003:6:1422:20260329,8562,0.0,28940,
FR:Line::2881AC3D-A347-4440-BEF8-23ACAB159588:,7584,OCESN8562F1187_F:OUI:FR:Line::2881AC3D-A347-4440-BEF8-23ACAB159588::87671008:87391003:6:1422:20260830,8562,0.0,28941,
FR:Line::2881AC3D-A347-4440-BEF8-23ACAB159588:,1723,OCESN8562F1187_F:OUI:FR:Line::2881AC3D-A347-4440-BEF8-23ACAB159588::87671008:87391003:6:1422:20260525,8562,0.0,28942,
FR:Line::2881AC3D-A347-4440-BEF8-23ACAB159588:,1749,OCESN8562F1187_F:OUI:FR:Line::2881AC3D-A347-4440-BEF8-23ACAB159588::87671008:87391003:6:1422:20260726,8562,0.0,28943,
FR:Line::2881AC3D-A347-4440-BEF8-23ACAB159588:,379,OCESN8562F1187_F:OUI:FR:Line::2881AC3D-A347-4440-BEF8-23ACAB159588::87671008:87391003:6:1422:20260628,8562,0.0,28944,
FR:Line::2881AC3D-A347-4440-BEF8-23ACAB159588:,75,OCESN8562F1187_F:OUI:FR:Line::2881AC3D-A347-4440-BEF8-23ACAB159588::87671008:87391003:6:1422:20260714,8562,0.0,28945,
FR:Line::2881AC3D-A347-4440-BEF8-23ACAB159588:,7585,OCESN8562F1187_F:OUI:FR:Line::2881AC3D-A347-4440-BEF8-23ACAB159588::87671008:87391003:6:1422:20260712,8562,0.0,28946,
FR:Line::2881AC3D-A347-4440-BEF8-23ACAB159588:,114,OCESN8562F1187_F:OUI:FR:Line::2881AC3D-A347-4440-BEF8-23ACAB159588::87671008:87391003:6:1427:20260503,8562,0.0,28947,
FR:Line::2881AC3D-A347-4440-BEF8-23ACAB159588:,7626,OCESN8571F1187_F:OUI:FR:Line::2881AC3D-A347-4440-BEF8-23ACAB159588::87391003:87671008:7:1151:20260506,8571,1.0,29178,
FR:Line::2881AC3D-A347-4440-BEF8-23ACAB159588:,204,OCESN8571F1187_F:OUI:FR:Line::2881AC3D-A347-4440-BEF8-23ACAB159588::87391003:87581009:3:930:20260516,8571,1.0,29179,
FR:Line::2881AC3D-A347-4440-BEF8-23ACAB159588:,98,OCESN8571F1187_F:OUI:FR:Line::2881AC3D-A347-4440-BEF8-23ACAB159588::87391003:87671008:7:1320:20260514,8571,1.0,29180,
FR:Line::2881AC3D-A347-4440-BEF8-23ACAB159588:,480,OCESN8571F1187_F:OUI:FR:Line::2881AC3D-A347-4440-BEF8-23ACAB159588::87391003:87671008:7:1151:20260502,8571,1.0,29181,
FR:Line::2881AC3D-A347-4440-BEF8-23ACAB159588:,346,OCESN8571F1187_F:OUI:FR:Line::2881AC3D-A347-4440-BEF8-23ACAB159588::87391003:87671008:7:1151:20260508,8571,1.0,29182,
FR:Line::2881AC3D-A347-4440-BEF8-23ACAB159588:,48,OCESN8571F1187_F:OUI:FR:Line::2881AC3D-A347-4440-BEF8-23ACAB159588::87391003:87671008:7:1233:20260515,8571,1.0,29183,
FR:Line::2881AC3D-A347-4440-BEF8-23ACAB159588:,2455,OCESN8571F1187_F:OUI:FR:Line::2881AC3D-A347-4440-BEF8-23ACAB159588::87391003:87581009:3:848:20260512,8571,1.0,29184,
FR:Line::2881AC3D-A347-4440-BEF8-23ACAB159588:,8,OCESN8571F1187_F:OUI:FR:Line::2881AC3D-A347-4440-BEF8-23ACAB159588::87391003:87581009:3:848:20260513,8571,1.0,29185,
FR:Line::2881AC3D-A347-4440-BEF8-23ACAB159588:,50,OCESN8571F1187_F:OUI:FR:Line::2881AC3D-A347-4440-BEF8-23ACAB159588::87391003:87581009:3:849:20260509,8571,1.0,29186,
FR:Line::2881AC3D-A347-4440-BEF8-23ACAB159588:,323,OCESN8571F1187_F:OUI:FR:Line::2881AC3D-A347-4440-BEF8-23ACAB159588::87391003:87671008:7:1151:20260507,8571,1.0,29187,
FR:Line::2881AC3D-A347-4440-BEF8-23ACAB159588:,7627,OCESN8571F1187_F:OUI:FR:Line::2881AC3D-A347-4440-BEF8-23ACAB159588::87391003:87671008:7:1151:20260808,8571,1.0,29188,
FR:Line::2881AC3D-A347-4440-BEF8-23ACAB159588:,3,OCESN8571F1187_F:OUI:FR:Line::2881AC3D-A347-4440-BEF8-23ACAB159588::87391003:87671008:7:1152:20260713,8571,1.0,29189,
FR:Line::2881AC3D-A347-4440-BEF8-23ACAB159588:,7628,OCESN8571F1187_F:OUI:FR:Line::2881AC3D-A347-4440-BEF8-23ACAB159588::87391003:87671008:7:1152:20260723,8571,1.0,29190,
FR:Line::2881AC3D-A347-4440-BEF8-23ACAB159588:,1054,OCESN8571F1187_F:OUI:FR:Line::2881AC3D-A347-4440-BEF8-23ACAB159588::87391003:87581009:3:848:20260605,8571,1.0,29191,
FR:Line::2881AC3D-A347-4440-BEF8-23ACAB159588:,71,OCESN8571F1187_F:OUI:FR:Line::2881AC3D-A347-4440-BEF8-23ACAB159588::87391003:87671008:7:1151:20260523,8571,1.0,29192,
FR:Line::2881AC3D-A347-4440-BEF8-23ACAB159588:,7629,OCESN8571F1187_F:OUI:FR:Line::2881AC3D-A347-4440-BEF8-23ACAB159588::87391003:87671008:7:1152:20260724,8571,1.0,29193,
FR:Line::2881AC3D-A347-4440-BEF8-23ACAB159588:,5417,OCESN8571F1187_F:OUI:FR:Line::2881AC3D-A347-4440-BEF8-23ACAB159588::87391003:87671008:7:1152:20260707,8571,1.0,29194,
FR:Line::2881AC3D-A347-4440-BEF8-23ACAB159588:,7630,OCESN8571F1187_F:OUI:FR:Line::2881AC3D-A347-4440-BEF8-23ACAB159588::87391003:87671008:7:1151:20260829,8571,1.0,29195,
FR:Line::2881AC3D-A347-4440-BEF8-23ACAB159588:,7631,OCESN8571F1187_F:OUI:FR:Line::2881AC3D-A347-4440-BEF8-23ACAB159588::87391003:87671008:7:1151:20260828,8571,1.0,29196,
FR:Line::2881AC3D-A347-4440-BEF8-23ACAB159588:,128,OCESN8571F1187_F:OUI:FR:Line::2881AC3D-A347-4440-BEF8-23ACAB159588::87391003:87671008:7:1151:20260831,8571,1.0,29197,
FR:Line::2881AC3D-A347-4440-BEF8-23ACAB159588:,7639,OCESN8572F1187_F:OUI:FR:Line::2881AC3D-A347-4440-BEF8-23ACAB159588::87391003:87671008:7:1525:20260520,8572,1.0,29282,
FR:Line::2881AC3D-A347-4440-BEF8-23ACAB159588:,732,OCESN8572F1187_F:OUI:FR:Line::2881AC3D-A347-4440-BEF8-23ACAB159588::87391003:87671008:7:1524:20260321,8572,1.0,29283,
FR:Line::2881AC3D-A347-4440-BEF8-23ACAB159588:,50,OCESN8572F1187_F:OUI:FR:Line::2881AC3D-A347-4440-BEF8-23ACAB159588::87391003:87581009:2:1215:20260509,8572,1.0,29284,
FR:Line::2881AC3D-A347-4440-BEF8-23ACAB159588:,352,OCESN8572F1187_F:OUI:FR:Line::2881AC3D-A347-4440-BEF8-23ACAB159588::87391003:87671008:7:1525:20260512,8572,1.0,29285,
FR:Line::2881AC3D-A347-4440-BEF8-23ACAB159588:,7640,OCESN8572F1187_F:OUI:FR:Line::2881AC3D-A347-4440-BEF8-23ACAB159588::87391003:87671008:7:1525:20260405,8572,1.0,29286,
FR:Line::2881AC3D-A347-4440-BEF8-23ACAB159588:,114,OCESN8572F1187_F:OUI:FR:Line::2881AC3D-A347-4440-BEF8-23ACAB159588::87391003:87671008:7:1528:20260503,8572,1.0,29287,
FR:Line::2881AC3D-A347-4440-BEF8-23ACAB159588:,3,OCESN8572F1187_F:OUI:FR:Line::2881AC3D-A347-4440-BEF8-23ACAB159588::87391003:87671339:6:1500:20260713,8572,1.0,29288,
FR:Line::2881AC3D-A347-4440-BEF8-23ACAB159588:,7641,OCESN8572F1187_F:OUI:FR:Line::2881AC3D-A347-4440-BEF8-23ACAB159588::87391003:87671008:7:1525:20260502,8572,1.0,29289,
FR:Line::2881AC3D-A347-4440-BEF8-23ACAB159588:,2493,OCESN8572F1187_F:OUI:FR:Line::2881AC3D-A347-4440-BEF8-23ACAB159588::87391003:87671008:7:1525:20260430,8572,1.0,29290,
FR:Line::2881AC3D-A347-4440-BEF8-23ACAB159588:,204,OCESN8572F1187_F:OUI:FR:Line::2881AC3D-A347-4440-BEF8-23ACAB159588::87391003:87581009:2:1304:20260516,8572,1.0,29291,
FR:Line::2881AC3D-A347-4440-BEF8-23ACAB159588:,7642,OCESN8572F1187_F:OUI:FR:Line::2881AC3D-A347-4440-BEF8-23ACAB159588::87391003:87671008:7:1525:20260522,8572,1.0,29292,
FR:Line::2881AC3D-A347-4440-BEF8-23ACAB159588:,7643,OCESN8572F1187_F:OUI:FR:Line::2881AC3D-A347-4440-BEF8-23ACAB159588::87391003:87671008:7:1525:20260419,8572,1.0,29293,
FR:Line::2881AC3D-A347-4440-BEF8-23ACAB159588:,109,OCESN8572F1187_F:OUI:FR:Line::2881AC3D-A347-4440-BEF8-23ACAB159588::87391003:87671008:7:1525:20260417,8572,1.0,29294,
FR:Line::2881AC3D-A347-4440-BEF8-23ACAB159588:,98,OCESN8572F1187_F:OUI:FR:Line::2881AC3D-A347-4440-BEF8-23ACAB159588::87391003:87671008:7:1525:20260514,8572,1.0,29295,
FR:Line::2881AC3D-A347-4440-BEF8-23ACAB159588:,7644,OCESN8572F1187_F:OUI:FR:Line::2881AC3D-A347-4440-BEF8-23ACAB159588::87391003:87671008:7:1525:20260801,8572,1.0,29296,
FR:Line::2881AC3D-A347-4440-BEF8-23ACAB159588:,7645,OCESN8572F1187_F:OUI:FR:Line::2881AC3D-A347-4440-BEF8-23ACAB159588::87391003:87671008:7:1525:20260730,8572,1.0,29297,
FR:Line::2881AC3D-A347-4440-BEF8-23ACAB159588:,7646,OCESN8572F1187_F:OUI:FR:Line::2881AC3D-A347-4440-BEF8-23ACAB159588::87391003:87671008:7:1525:20260808,8572,1.0,29298,
FR:Line::2881AC3D-A347-4440-BEF8-23ACAB159588:,57,OCESN8572F1187_F:OUI:FR:Line::2881AC3D-A347-4440-BEF8-23ACAB159588::87391003:87671008:7:1525:20260705,8572,1.0,29299,
FR:Line::2881AC3D-A347-4440-BEF8-23ACAB159588:,7647,OCESN8572F1187_F:OUI:FR:Line::2881AC3D-A347-4440-BEF8-23ACAB159588::87391003:87671008:7:1526:20260723,8572,1.0,29300,
FR:Line::2881AC3D-A347-4440-BEF8-23ACAB159588:,2921,OCESN8572F1187_F:OUI:FR:Line::2881AC3D-A347-4440-BEF8-23ACAB159588::87391003:87671008:7:1526:20260718,8572,1.0,29301,
FR:Line::2881AC3D-A347-4440-BEF8-23ACAB159588:,505,OCESN8572F1187_F:OUI:FR:Line::2881AC3D-A347-4440-BEF8-23ACAB159588::87391003:87671008:7:1526:20260724,8572,1.0,29302,
FR:Line::2881AC3D-A347-4440-BEF8-23ACAB159588:,179,OCESN8572F1187_F:OUI:FR:Line::2881AC3D-A347-4440-BEF8-23ACAB159588::87391003:87671008:7:1526:20260712,8572,1.0,29303,
FR:Line::2881AC3D-A347-4440-BEF8-23ACAB159588:,48,OCESN8572F1187_F:OUI:FR:Line::2881AC3D-A347-4440-BEF8-23ACAB159588::87391003:87671008:7:1525:20260515,8572,1.0,29304,
FR:Line::2881AC3D-A347-4440-BEF8-23ACAB159588:,346,OCESN8572F1187_F:OUI:FR:Line::2881AC3D-A347-4440-BEF8-23ACAB159588::87391003:87671008:7:1525:20260508,8572,1.0,29305,
FR:Line::2881AC3D-A347-4440-BEF8-23ACAB159588:,141,OCESN8572F1187_F:OUI:FR:Line::2881AC3D-A347-4440-BEF8-23ACAB159588::87391003:87671008:7:1525:20260425,8572,1.0,29306,
FR:Line::2881AC3D-A347-4440-BEF8-23ACAB159588:,353,OCESN8572F1187_F:OUI:FR:Line::2881AC3D-A347-4440-BEF8-23ACAB159588::87391003:87671008:7:1525:20260513,8572,1.0,29307,
FR:Line::2881AC3D-A347-4440-BEF8-23ACAB159588:,7648,OCESN8572F1187_F:OUI:FR:Line::2881AC3D-A347-4440-BEF8-23ACAB159588::87391003:87671008:7:1526:20260722,8572,1.0,29308,
FR:Line::2881AC3D-A347-4440-BEF8-23ACAB159588:,123,OCESN8572F1187_F:OUI:FR:Line::2881AC3D-A347-4440-BEF8-23ACAB159588::87391003:87671008:7:1526:20260719,8572,1.0,29309,
FR:Line::2881AC3D-A347-4440-BEF8-23ACAB159588:,7649,OCESN8572F1187_F:OUI:FR:Line::2881AC3D-A347-4440-BEF8-23ACAB159588::87391003:87671008:7:1525:20260830,8572,1.0,29310,
FR:Line::2881AC3D-A347-4440-BEF8-23ACAB159588:,7650,OCESN8572F1187_F:OUI:FR:Line::2881AC3D-A347-4440-BEF8-23ACAB159588::87391003:87671008:7:1525:20260823,8572,1.0,29311,
FR:Line::2881AC3D-A347-4440-BEF8-23ACAB159588:,7651,OCESN8572F1187_F:OUI:FR:Line::2881AC3D-A347-4440-BEF8-23ACAB159588::87391003:87671008:7:1525:20260829,8572,1.0,29312,
FR:Line::2881AC3D-A347-4440-BEF8-23ACAB159588:,7652,OCESN8572F1187_F:OUI:FR:Line::2881AC3D-A347-4440-BEF8-23ACAB159588::87391003:87671008:7:1525:20260815,8572,1.0,29313,
FR:Line::2881AC3D-A347-4440-BEF8-23ACAB159588:,128,OCESN8572F1187_F:OUI:FR:Line::2881AC3D-A347-4440-BEF8-23ACAB159588::87391003:87671008:7:1525:20260831,8572,1.0,29314,
FR:Line::2881AC3D-A347-4440-BEF8-23ACAB159588:,7407,OCESN8572F1187_F:OUI:FR:Line::2881AC3D-A347-4440-BEF8-23ACAB159588::87391003:87581009:2:1214:20260524,8572,1.0,29315,
FR:Line::2881AC3D-A347-4440-BEF8-23ACAB159588:,141,OCESN8575F1187_F:OUI:FR:Line::2881AC3D-A347-4440-BEF8-23ACAB159588::87391003:87671008:7:1846:20260425,8575,1.0,29710,
FR:Line::2881AC3D-A347-4440-BEF8-23ACAB159588:,2080,OCESN8575F1187_F:OUI:FR:Line::2881AC3D-A347-4440-BEF8-23ACAB159588::87391003:87671008:8:1925:20260327,8575,1.0,29711,
FR:Line::2881AC3D-A347-4440-BEF8-23ACAB159588:,2289,OCESN8575F1187_F:OUI:FR:Line::2881AC3D-A347-4440-BEF8-23ACAB159588::87391003:87671008:7:1848:20260502,8575,1.0,29712,
FR:Line::2881AC3D-A347-4440-BEF8-23ACAB159588:,881,OCESN8575F1187_F:OUI:FR:Line::2881AC3D-A347-4440-BEF8-23ACAB159588::87391003:87671008:7:1848:20260411,8575,1.0,29713,
FR:Line::2881AC3D-A347-4440-BEF8-23ACAB159588:,7702,OCESN8575F1187_F:OUI:FR:Line::2881AC3D-A347-4440-BEF8-23ACAB159588::87391003:87671008:8:1925:20260705,8575,1.0,29714,
FR:Line::2881AC3D-A347-4440-BEF8-23ACAB159588:,50,OCESN8575F1187_F:OUI:FR:Line::2881AC3D-A347-4440-BEF8-23ACAB159588::87391003:87581009:2:1512:20260509,8575,1.0,29715,
FR:Line::2881AC3D-A347-4440-BEF8-23ACAB159588:,732,OCESN8575F1187_F:OUI:FR:Line::2881AC3D-A347-4440-BEF8-23ACAB159588::87391003:87671008:7:1848:20260321,8575,1.0,29716,
FR:Line::2881AC3D-A347-4440-BEF8-23ACAB159588:,161,OCESN8575F1187_F:OUI:FR:Line::2881AC3D-A347-4440-BEF8-23ACAB159588::87391003:87581009:3:1614:20260524,8575,1.0,29717,
FR:Line::2881AC3D-A347-4440-BEF8-23ACAB159588:,1202,OCESN8575F1187_F:OUI:FR:Line::2881AC3D-A347-4440-BEF8-23ACAB159588::87391003:87671008:8:1925:20260626,8575,1.0,29718,
FR:Line::2881AC3D-A347-4440-BEF8-23ACAB159588:,7572,OCESN8575F1187_F:OUI:FR:Line::2881AC3D-A347-4440-BEF8-23ACAB159588::87391003:87671008:7:1848:20260627,8575,1.0,29719,
FR:Line::2881AC3D-A347-4440-BEF8-23ACAB159588:,739,OCESN8575F1187_F:OUI:FR:Line::2881AC3D-A347-4440-BEF8-23ACAB159588::87391003:87671008:7:1848:20260418,8575,1.0,29720,
FR:Line::2881AC3D-A347-4440-BEF8-23ACAB159588:,98,OCESN8575F1187_F:OUI:FR:Line::2881AC3D-A347-4440-BEF8-23ACAB159588::87391003:87671008:8:1925:20260514,8575,1.0,29721,
FR:Line::2881AC3D-A347-4440-BEF8-23ACAB159588:,309,OCESN8575F1187_F:OUI:FR:Line::2881AC3D-A347-4440-BEF8-23ACAB159588::87391003:87671008:8:1925:20260513,8575,1.0,29722,
FR:Line::2881AC3D-A347-4440-BEF8-23ACAB159588:,7703,OCESN8575F1187_F:OUI:FR:Line::2881AC3D-A347-4440-BEF8-23ACAB159588::87391003:87671008:8:1925:20260702,8575,1.0,29723,
FR:Line::2881AC3D-A347-4440-BEF8-23ACAB159588:,95,OCESN8575F1187_F:OUI:FR:Line::2881AC3D-A347-4440-BEF8-23ACAB159588::87391003:87671008:7:1848:20260501,8575,1.0,29724,
FR:Line::2881AC3D-A347-4440-BEF8-23ACAB159588:,7126,OCESN8575F1187_F:OUI:FR:Line::2881AC3D-A347-4440-BEF8-23ACAB159588::87391003:87671008:8:1926:20260719,8575,1.0,29725,
FR:Line::2881AC3D-A347-4440-BEF8-23ACAB159588:,7704,OCESN8575F1187_F:OUI:FR:Line::2881AC3D-A347-4440-BEF8-23ACAB159588::87391003:87671008:8:1926:20260722,8575,1.0,29726,
FR:Line::2881AC3D-A347-4440-BEF8-23ACAB159588:,5795,OCESN8575F1187_F:OUI:FR:Line::2881AC3D-A347-4440-BEF8-23ACAB159588::87391003:87671008:8:1926:20260723,8575,1.0,29727,
FR:Line::2881AC3D-A347-4440-BEF8-23ACAB159588:,3,OCESN8575F1187_F:OUI:FR:Line::2881AC3D-A347-4440-BEF8-23ACAB159588::87391003:87671008:8:1926:20260713,8575,1.0,29728,
FR:Line::2881AC3D-A347-4440-BEF8-23ACAB159588:,7629,OCESN8575F1187_F:OUI:FR:Line::2881AC3D-A347-4440-BEF8-23ACAB159588::87391003:87671008:8:1926:20260724,8575,1.0,29729,
FR:Line::2881AC3D-A347-4440-BEF8-23ACAB159588:,7705,OCESN8575F1187_F:OUI:FR:Line::2881AC3D-A347-4440-BEF8-23ACAB159588::87391003:87671008:8:1924:20260506,8575,1.0,29730,
FR:Line::2881AC3D-A347-4440-BEF8-23ACAB159588:,327,OCESN8575F1187_F:OUI:FR:Line::2881AC3D-A347-4440-BEF8-23ACAB159588::87391003:87671008:8:1925:20260816,8575,1.0,29731,
FR:Line::2881AC3D-A347-4440-BEF8-23ACAB159588:,7706,OCESN8575F1187_F:OUI:FR:Line::2881AC3D-A347-4440-BEF8-23ACAB159588::87391003:87671008:8:1925:20260828,8575,1.0,29732,
FR:Line::2881AC3D-A347-4440-BEF8-23ACAB159588:,7707,OCESN8575F1187_F:OUI:FR:Line::2881AC3D-A347-4440-BEF8-23ACAB159588::87391003:87671008:8:1925:20260826,8575,1.0,29733,
FR:Line::2881AC3D-A347-4440-BEF8-23ACAB159588:,7708,OCESN8575F1187_F:OUI:FR:Line::2881AC3D-A347-4440-BEF8-23ACAB159588::87391003:87671008:8:1925:20260829,8575,1.0,29734,
FR:Line::2881AC3D-A347-4440-BEF8-23ACAB159588:,4160,OCESN8575F1187_F:OUI:FR:Line::2881AC3D-A347-4440-BEF8-23ACAB159588::87391003:87671008:8:1925:20260807,8575,1.0,29735,
FR:Line::2881AC3D-A347-4440-BEF8-23ACAB159588:,7709,OCESN8575F1187_F:OUI:FR:Line::2881AC3D-A347-4440-BEF8-23ACAB159588::87391003:87671008:8:1924:20260517,8575,1.0,29736,
FR:Line::2881AC3D-A347-4440-BEF8-23ACAB159588:,114,OCESN8575F1187_F:OUI:FR:Line::2881AC3D-A347-4440-BEF8-23ACAB159588::87391003:87671008:8:1924:20260503,8575,1.0,29737,
FR:Line::2881AC3D-A347-4440-BEF8-23ACAB159588:,7710,OCESN8575F1187_F:OUI:FR:Line::2881AC3D-A347-4440-BEF8-23ACAB159588::87391003:87671008:8:1925:20260522,8575,1.0,29738,
FR:Line::2881AC3D-A347-4440-BEF8-23ACAB159588:,109,OCESN8575F1187_F:OUI:FR:Line::2881AC3D-A347-4440-BEF8-23ACAB159588::87391003:87671008:8:1925:20260417,8575,1.0,29739,
FR:Line::2881AC3D-A347-4440-BEF8-23ACAB159588:,128,OCESN8575F1187_F:OUI:FR:Line::2881AC3D-A347-4440-BEF8-23ACAB159588::87391003:87671008:8:1925:20260831,8575,1.0,29740,
FR:Line::2881AC3D-A347-4440-BEF8-23ACAB159588:,7711,OCESN8575F1187_F:OUI:FR:Line::2881AC3D-A347-4440-BEF8-23ACAB159588::87391003:87671008:8:1925:20260830,8575,1.0,29741,
FR:Line::2881AC3D-A347-4440-BEF8-23ACAB159588:,76,OCESN8580F1187_F:OUI:FR:Line::2881AC3D-A347-4440-BEF8-23ACAB159588::87671008:87391003:6:1604:20260307,8580,0.0,30276,
FR:Line::2881AC3D-A347-4440-BEF8-23ACAB159588:,98,OCESN8580F1187_F:OUI:FR:Line::2881AC3D-A347-4440-BEF8-23ACAB159588::87671008:87391003:6:1711:20260514,8580,0.0,30277,
FR:Line::2881AC3D-A347-4440-BEF8-23ACAB159588:,13,OCESN8580F1187_F:OUI:FR:Line::2881AC3D-A347-4440-BEF8-23ACAB159588::87671008:87391003:6:1555:20260518,8580,0.0,30278,
FR:Line::2881AC3D-A347-4440-BEF8-23ACAB159588:,1135,OCESN8580F1187_F:OUI:FR:Line::2881AC3D-A347-4440-BEF8-23ACAB159588::87671008:87391003:6:1603:20260715,8580,0.0,30279,
FR:Line::2881AC3D-A347-4440-BEF8-23ACAB159588:,274,OCESN8580F1187_F:OUI:FR:Line::2881AC3D-A347-4440-BEF8-23ACAB159588::87671008:87391003:6:1555:20260526,8580,0.0,30280,
FR:Line::2881AC3D-A347-4440-BEF8-23ACAB159588:,330,OCESN8580F1187_F:OUI:FR:Line::2881AC3D-A347-4440-BEF8-23ACAB159588::87581009:87391003:2:1556:20260516,8580,0.0,30281,
FR:Line::2881AC3D-A347-4440-BEF8-23ACAB159588:,1140,OCESN8580F1187_F:OUI:FR:Line::2881AC3D-A347-4440-BEF8-23ACAB159588::87671008:87391003:6:1555:20260522,8580,0.0,30282,
FR:Line::2881AC3D-A347-4440-BEF8-23ACAB159588:,7782,OCESN8580F1187_F:OUI:FR:Line::2881AC3D-A347-4440-BEF8-23ACAB159588::87671008:87391003:6:1603:20260820,8580,0.0,30283,
FR:Line::2881AC3D-A347-4440-BEF8-23ACAB159588:,7783,OCESN8580F1187_F:OUI:FR:Line::2881AC3D-A347-4440-BEF8-23ACAB159588::87671008:87391003:6:1603:20260831,8580,0.0,30284,
FR:Line::2881AC3D-A347-4440-BEF8-23ACAB159588:,7784,OCESN8580F1187_F:OUI:FR:Line::2881AC3D-A347-4440-BEF8-23ACAB159588::87671008:87391003:6:1603:20260730,8580,0.0,30285,
FR:Line::2881AC3D-A347-4440-BEF8-23ACAB159588:,7575,OCESN8580F1187_F:OUI:FR:Line::2881AC3D-A347-4440-BEF8-23ACAB159588::87671008:87391003:6:1603:20260731,8580,0.0,30286,
FR:Line::2881AC3D-A347-4440-BEF8-23ACAB159588:,140,OCESN8580F1187_F:OUI:FR:Line::2881AC3D-A347-4440-BEF8-23ACAB159588::87671008:87391003:6:1603:20260704,8580,0.0,30287,
FR:Line::2881AC3D-A347-4440-BEF8-23ACAB159588:,444,OCESN8580F1187_F:OUI:FR:Line::2881AC3D-A347-4440-BEF8-23ACAB159588::87671008:87391003:6:1603:20260706,8580,0.0,30288,
FR:Line::2881AC3D-A347-4440-BEF8-23ACAB159588:,7785,OCESN8580F1187_F:OUI:FR:Line::2881AC3D-A347-4440-BEF8-23ACAB159588::87671008:87391003:6:1555:20260620,8580,0.0,30289,
FR:Line::2881AC3D-A347-4440-BEF8-23ACAB159588:,7786,OCESN8580F1187_F:OUI:FR:Line::2881AC3D-A347-4440-BEF8-23ACAB159588::87671008:87391003:6:1604:20260513,8580,0.0,30290,
FR:Line::2881AC3D-A347-4440-BEF8-23ACAB159588:,345,OCESN8580F1187_F:OUI:FR:Line::2881AC3D-A347-4440-BEF8-23ACAB159588::87671008:87391003:6:1604:20260502,8580,0.0,30291,
FR:Line::2881AC3D-A347-4440-BEF8-23ACAB159588:,371,OCESN8580F1187_F:OUI:FR:Line::2881AC3D-A347-4440-BEF8-23ACAB159588::87671008:87391003:6:1555:20260417,8580,0.0,30292,
FR:Line::2881AC3D-A347-4440-BEF8-23ACAB159588:,409,OCESN8580F1187_F:OUI:FR:Line::2881AC3D-A347-4440-BEF8-23ACAB159588::87671008:87391003:6:1555:20260418,8580,0.0,30293,
FR:Line::2881AC3D-A347-4440-BEF8-23ACAB159588:,410,OCESN8580F1187_F:OUI:FR:Line::2881AC3D-A347-4440-BEF8-23ACAB159588::87581009:87391003:2:1556:20260509,8580,0.0,30294,
FR:Line::2881AC3D-A347-4440-BEF8-23ACAB159588:,1238,OCESN8580F1187_F:OUI:FR:Line::2881AC3D-A347-4440-BEF8-23ACAB159588::87671008:87391003:6:1603:20260829,8580,0.0,30295,
FR:Line::2881AC3D-A347-4440-BEF8-23ACAB159588:,7787,OCESN8580F1187_F:OUI:FR:Line::2881AC3D-A347-4440-BEF8-23ACAB159588::87671008:87391003:6:1603:20260828,8580,0.0,30296,
FR:Line::2881AC3D-A347-4440-BEF8-23ACAB159588:,977,OCESN8580F1187_F:OUI:FR:Line::2881AC3D-A347-4440-BEF8-23ACAB159588::87671008:87391003:6:1604:20260328,8580,0.0,30297,
FR:Line::2881AC3D-A347-4440-BEF8-23ACAB159588:,214,OCESN8580F1187_F:OUI:FR:Line::2881AC3D-A347-4440-BEF8-23ACAB159588::87581009:87391003:2:1556:20260327,8580,0.0,30298,
FR:Line::2881AC3D-A347-4440-BEF8-23ACAB159588:,204,OCESN8582F1187_F:OUI:FR:Line::2881AC3D-A347-4440-BEF8-23ACAB159588::87581009:87391003:2:1754:20260516,8582,0.0,30624,
FR:Line::2881AC3D-A347-4440-BEF8-23ACAB159588:,161,OCESN8582F1187_F:OUI:FR:Line::2881AC3D-A347-4440-BEF8-23ACAB159588::87581009:87391003:2:1754:20260524,8582,0.0,30625,
FR:Line::2881AC3D-A347-4440-BEF8-23ACAB159588:,16,OCESN8582F1187_F:OUI:FR:Line::2881AC3D-A347-4440-BEF8-23ACAB159588::87581009:87391003:2:1754:20260508,8582,0.0,30626,
FR:Line::2881AC3D-A347-4440-BEF8-23ACAB159588:,2693,OCESN8582F1187_F:OUI:FR:Line::2881AC3D-A347-4440-BEF8-23ACAB159588::87581009:87391003:2:1802:20260513,8582,0.0,30627,
FR:Line::2881AC3D-A347-4440-BEF8-23ACAB159588:,977,OCESN8582F1187_F:OUI:FR:Line::2881AC3D-A347-4440-BEF8-23ACAB159588::87671008:87391003:7:1758:20260328,8582,0.0,30628,
FR:Line::2881AC3D-A347-4440-BEF8-23ACAB159588:,117,OCESN8582F1187_F:OUI:FR:Line::2881AC3D-A347-4440-BEF8-23ACAB159588::87671008:87391003:7:1758:20260308,8582,0.0,30629,
FR:Line::2881AC3D-A347-4440-BEF8-23ACAB159588:,76,OCESN8582F1187_F:OUI:FR:Line::2881AC3D-A347-4440-BEF8-23ACAB159588::87671008:87391003:7:1758:20260307,8582,0.0,30630,
FR:Line::2881AC3D-A347-4440-BEF8-23ACAB159588:,98,OCESN8582F1187_F:OUI:FR:Line::2881AC3D-A347-4440-BEF8-23ACAB159588::87671008:87391003:7:2047:20260514,8582,0.0,30631,
FR:Line::2881AC3D-A347-4440-BEF8-23ACAB159588:,364,OCESN8582F1187_F:OUI:FR:Line::2881AC3D-A347-4440-BEF8-23ACAB159588::87671008:87391003:7:1758:20260329,8582,0.0,30632,
FR:Line::2881AC3D-A347-4440-BEF8-23ACAB159588:,7843,OCESN8582F1187_F:OUI:FR:Line::2881AC3D-A347-4440-BEF8-23ACAB159588::87671008:87391003:7:1756:20260628,8582,0.0,30633,
FR:Line::2881AC3D-A347-4440-BEF8-23ACAB159588:,1135,OCESN8582F1187_F:OUI:FR:Line::2881AC3D-A347-4440-BEF8-23ACAB159588::87671008:87391003:7:1756:20260715,8582,0.0,30634,
FR:Line::2881AC3D-A347-4440-BEF8-23ACAB159588:,7844,OCESN8582F1187_F:OUI:FR:Line::2881AC3D-A347-4440-BEF8-23ACAB159588::87671008:87391003:7:1756:20260827,8582,0.0,30635,
FR:Line::2881AC3D-A347-4440-BEF8-23ACAB159588:,1238,OCESN8582F1187_F:OUI:FR:Line::2881AC3D-A347-4440-BEF8-23ACAB159588::87671008:87391003:7:1756:20260829,8582,0.0,30636,
FR:Line::2881AC3D-A347-4440-BEF8-23ACAB159588:,4131,OCESN8582F1187_F:OUI:FR:Line::2881AC3D-A347-4440-BEF8-23ACAB159588::87671008:87391003:7:1756:20260809,8582,0.0,30637,
FR:Line::2881AC3D-A347-4440-BEF8-23ACAB159588:,1785,OCESN8582F1187_F:OUI:FR:Line::2881AC3D-A347-4440-BEF8-23ACAB159588::87671008:87391003:7:1756:20260826,8582,0.0,30638,
FR:Line::2881AC3D-A347-4440-BEF8-23ACAB159588:,48,OCESN8582F1187_F:OUI:FR:Line::2881AC3D-A347-4440-BEF8-23ACAB159588::87581009:87391003:2:1754:20260515,8582,0.0,30639,
FR:Line::2881AC3D-A347-4440-BEF8-23ACAB159588:,6178,OCESN8582F1187_F:OUI:FR:Line::2881AC3D-A347-4440-BEF8-23ACAB159588::87581009:87391003:2:1802:20260605,8582,0.0,30640,
FR:Line::2881AC3D-A347-4440-BEF8-23ACAB159588:,7845,OCESN8582F1187_F:OUI:FR:Line::2881AC3D-A347-4440-BEF8-23ACAB159588::87671008:87391003:7:1802:20260531,8582,0.0,30641,
FR:Line::2881AC3D-A347-4440-BEF8-23ACAB159588:,114,OCESN8582F1187_F:OUI:FR:Line::2881AC3D-A347-4440-BEF8-23ACAB159588::87671008:87391003:7:1802:20260503,8582,0.0,30642,
FR:Line::2881AC3D-A347-4440-BEF8-23ACAB159588:,1176,OCESN8582F1187_F:OUI:FR:Line::2881AC3D-A347-4440-BEF8-23ACAB159588::87581009:87391003:2:1802:20260522,8582,0.0,30643,
FR:Line::2881AC3D-A347-4440-BEF8-23ACAB159588:,7846,OCESN8582F1187_F:OUI:FR:Line::2881AC3D-A347-4440-BEF8-23ACAB159588::87671008:87391003:7:1802:20260530,8582,0.0,30644,
FR:Line::2881AC3D-A347-4440-BEF8-23ACAB159588:,7847,OCESN8582F1187_F:OUI:FR:Line::2881AC3D-A347-4440-BEF8-23ACAB159588::87671008:87391003:7:1802:20260502,8582,0.0,30645,
FR:Line::2881AC3D-A347-4440-BEF8-23ACAB159588:,7848,OCESN8582F1187_F:OUI:FR:Line::2881AC3D-A347-4440-BEF8-23ACAB159588::87671008:87391003:7:1756:20260821,8582,0.0,30646,
FR:Line::2881AC3D-A347-4440-BEF8-23ACAB159588:,7849,OCESN8582F1187_F:OUI:FR:Line::2881AC3D-A347-4440-BEF8-23ACAB159588::87671008:87391003:7:1756:20260823,8582,0.0,30647,
FR:Line::2881AC3D-A347-4440-BEF8-23ACAB159588:,7850,OCESN8582F1187_F:OUI:FR:Line::2881AC3D-A347-4440-BEF8-23ACAB159588::87671008:87391003:7:1756:20260831,8582,0.0,30648,
FR:Line::2881AC3D-A347-4440-BEF8-23ACAB159588:,7851,OCESN8582F1187_F:OUI:FR:Line::2881AC3D-A347-4440-BEF8-23ACAB159588::87671008:87391003:7:1756:20260729,8582,0.0,30649,
FR:Line::2881AC3D-A347-4440-BEF8-23ACAB159588:,7852,OCESN8582F1187_F:OUI:FR:Line::2881AC3D-A347-4440-BEF8-23ACAB159588::87671008:87391003:7:1756:20260730,8582,0.0,30650,
FR:Line::2881AC3D-A347-4440-BEF8-23ACAB159588:,7853,OCESN8582F1187_F:OUI:FR:Line::2881AC3D-A347-4440-BEF8-23ACAB159588::87671008:87391003:7:1756:20260731,8582,0.0,30651,
FR:Line::2881AC3D-A347-4440-BEF8-23ACAB159588:,7854,OCESN8582F1187_F:OUI:FR:Line::2881AC3D-A347-4440-BEF8-23ACAB159588::87671008:87391003:7:1756:20260726,8582,0.0,30652,
FR:Line::2881AC3D-A347-4440-BEF8-23ACAB159588:,506,OCESN8582F1187_F:OUI:FR:Line::2881AC3D-A347-4440-BEF8-23ACAB159588::87671008:87391003:7:1756:20260828,8582,0.0,30653,
FR:Line::2881AC3D-A347-4440-BEF8-23ACAB159588:,214,OCESN8582F1187_F:OUI:FR:Line::2881AC3D-A347-4440-BEF8-23ACAB159588::87581009:87391003:2:1759:20260327,8582,0.0,30654,
FR:Line::2881AC3D-A347-4440-BEF8-23ACAB159588:,732,OCESN8584F1187_F:OUI:FR:Line::2881AC3D-A347-4440-BEF8-23ACAB159588::87671008:87391003:7:2159:20260321,8584,0.0,30969,
FR:Line::2881AC3D-A347-4440-BEF8-23ACAB159588:,48,OCESN8584F1187_F:OUI:FR:Line::2881AC3D-A347-4440-BEF8-23ACAB159588::87581009:87391003:2:2202:20260515,8584,0.0,30970,
FR:Line::2881AC3D-A347-4440-BEF8-23ACAB159588:,4131,OCESN8584F1187_F:OUI:FR:Line::2881AC3D-A347-4440-BEF8-23ACAB159588::87671008:87391003:7:2156:20260809,8584,0.0,30971,
FR:Line::2881AC3D-A347-4440-BEF8-23ACAB159588:,16,OCESN8584F1187_F:OUI:FR:Line::2881AC3D-A347-4440-BEF8-23ACAB159588::87581009:87391003:2:2158:20260508,8584,0.0,30972,
FR:Line::2881AC3D-A347-4440-BEF8-23ACAB159588:,380,OCESN8584F1187_F:OUI:FR:Line::2881AC3D-A347-4440-BEF8-23ACAB159588::87671008:87391003:7:2213:20260329,8584,0.0,30973,
FR:Line::2881AC3D-A347-4440-BEF8-23ACAB159588:,1723,OCESN8584F1187_F:OUI:FR:Line::2881AC3D-A347-4440-BEF8-23ACAB159588::87671008:87391003:7:2156:20260525,8584,0.0,30974,
FR:Line::2881AC3D-A347-4440-BEF8-23ACAB159588:,7181,OCESN8584F1187_F:OUI:FR:Line::2881AC3D-A347-4440-BEF8-23ACAB159588::87671008:87391003:7:2156:20260526,8584,0.0,30975,
FR:Line::2881AC3D-A347-4440-BEF8-23ACAB159588:,291,OCESN8584F1187_F:OUI:FR:Line::2881AC3D-A347-4440-BEF8-23ACAB159588::87671008:87391003:7:2158:20260517,8584,0.0,30976,
FR:Line::2881AC3D-A347-4440-BEF8-23ACAB159588:,98,OCESN8584F1187_F:OUI:FR:Line::2881AC3D-A347-4440-BEF8-23ACAB159588::87671008:87391003:7:2158:20260514,8584,0.0,30977,
FR:Line::2881AC3D-A347-4440-BEF8-23ACAB159588:,3,OCESN8584F1187_F:OUI:FR:Line::2881AC3D-A347-4440-BEF8-23ACAB159588::87671339:87391003:6:2131:20260713,8584,0.0,30978,
FR:Line::2881AC3D-A347-4440-BEF8-23ACAB159588:,5193,OCESN8584F1187_F:OUI:FR:Line::2881AC3D-A347-4440-BEF8-23ACAB159588::87671008:87391003:7:2206:20260725,8584,0.0,30979,
FR:Line::2881AC3D-A347-4440-BEF8-23ACAB159588:,140,OCESN8584F1187_F:OUI:FR:Line::2881AC3D-A347-4440-BEF8-23ACAB159588::87671008:87391003:7:2206:20260704,8584,0.0,30980,
FR:Line::2881AC3D-A347-4440-BEF8-23ACAB159588:,1716,OCESN8584F1187_F:OUI:FR:Line::2881AC3D-A347-4440-BEF8-23ACAB159588::87671008:87391003:7:2156:20260828,8584,0.0,30981,
FR:Line::2881AC3D-A347-4440-BEF8-23ACAB159588:,7895,OCESN8584F1187_F:OUI:FR:Line::2881AC3D-A347-4440-BEF8-23ACAB159588::87671008:87391003:7:2156:20260831,8584,0.0,30982,
FR:Line::2881AC3D-A347-4440-BEF8-23ACAB159588:,1826,OCESN8584F1187_F:OUI:FR:Line::2881AC3D-A347-4440-BEF8-23ACAB159588::87671008:87391003:7:2206:20260829,8584,0.0,30983,
FR:Line::2881AC3D-A347-4440-BEF8-23ACAB159588:,7896,OCESN8584F1187_F:OUI:FR:Line::2881AC3D-A347-4440-BEF8-23ACAB159588::87671008:87391003:7:2156:20260730,8584,0.0,30984,
FR:Line::2881AC3D-A347-4440-BEF8-23ACAB159588:,7897,OCESN8584F1187_F:OUI:FR:Line::2881AC3D-A347-4440-BEF8-23ACAB159588::87671008:87391003:7:2156:20260731,8584,0.0,30985,
FR:Line::2881AC3D-A347-4440-BEF8-23ACAB159588:,7898,OCESN8584F1187_F:OUI:FR:Line::2881AC3D-A347-4440-BEF8-23ACAB159588::87671008:87391003:7:2158:20260513,8584,0.0,30986,
FR:Line::2881AC3D-A347-4440-BEF8-23ACAB159588:,134,OCESN8584F1187_F:OUI:FR:Line::2881AC3D-A347-4440-BEF8-23ACAB159588::87671008:87391003:7:2158:20260426,8584,0.0,30987,
FR:Line::2881AC3D-A347-4440-BEF8-23ACAB159588:,7899,OCESN8584F1187_F:OUI:FR:Line::2881AC3D-A347-4440-BEF8-23ACAB159588::87671008:87391003:7:2213:20260328,8584,0.0,30988,
FR:Line::2881AC3D-A347-4440-BEF8-23ACAB159588:,2377,OCESN8588F1187_F:OUI:FR:Line::2881AC3D-A347-4440-BEF8-23ACAB159588::87671008:87391003:6:2427:20260714,8588,0.0,31113,
FR:Line::2881AC3D-A347-4440-BEF8-23ACAB159588:,7908,OCESN8588F1187_F:OUI:FR:Line::2881AC3D-A347-4440-BEF8-23ACAB159588::87671008:87391003:6:2427:20260809,8588,0.0,31114,
FR:Line::2881AC3D-A347-4440-BEF8-23ACAB159588:,751,OCESN8588F1187_F:OUI:FR:Line::2881AC3D-A347-4440-BEF8-23ACAB159588::87671008:87391003:6:2427:20260412,8588,0.0,31115,
FR:Line::2881AC3D-A347-4440-BEF8-23ACAB159588:,134,OCESN8588F1187_F:OUI:FR:Line::2881AC3D-A347-4440-BEF8-23ACAB159588::87671339:87391003:5:2430:20260426,8588,0.0,31116,
FR:Line::2881AC3D-A347-4440-BEF8-23ACAB159588:,142,OCESN8588F1187_F:OUI:FR:Line::2881AC3D-A347-4440-BEF8-23ACAB159588::87671008:87391003:6:2428:20260405,8588,0.0,31117,
FR:Line::2881AC3D-A347-4440-BEF8-23ACAB159588:,6782,OCESN8588F1187_F:OUI:FR:Line::2881AC3D-A347-4440-BEF8-23ACAB159588::87671008:87391003:6:2427:20260712,8588,0.0,31118,
FR:Line::2881AC3D-A347-4440-BEF8-23ACAB159588:,7909,OCESN8588F1187_F:OUI:FR:Line::2881AC3D-A347-4440-BEF8-23ACAB159588::87671008:87391003:6:2427:20260726,8588,0.0,31119,
FR:Line::2881AC3D-A347-4440-BEF8-23ACAB159588:,394,OCESN8588F1187_F:OUI:FR:Line::2881AC3D-A347-4440-BEF8-23ACAB159588::87671339:87391003:5:2427:20260419,8588,0.0,31120,
FR:Line::2881AC3D-A347-4440-BEF8-23ACAB159588:,291,OCESN8588F1187_F:OUI:FR:Line::2881AC3D-A347-4440-BEF8-23ACAB159588::87671008:87391003:6:2430:20260517,8588,0.0,31121,
FR:Line::2881AC3D-A347-4440-BEF8-23ACAB159588:,1744,OCESN8588F1187_F:OUI:FR:Line::2881AC3D-A347-4440-BEF8-23ACAB159588::87671008:87391003:6:2427:20260830,8588,0.0,31122,
FR:Line::2881AC3D-A347-4440-BEF8-23ACAB159588:,3977,OCESN8588F1187_F:OUI:FR:Line::2881AC3D-A347-4440-BEF8-23ACAB159588::87671008:87391003:6:2427:20260621,8588,0.0,31123,
FR:Line::2881AC3D-A347-4440-BEF8-23ACAB159588:,7932,OCESN8590F1187_F:OUI:FR:Line::2881AC3D-A347-4440-BEF8-23ACAB159588::87391003:87671008:6:2122:20260703,8590,1.0,31394,
FR:Line::2881AC3D-A347-4440-BEF8-23ACAB159588:,1733,OCESN8590F1187_F:OUI:FR:Line::2881AC3D-A347-4440-BEF8-23ACAB159588::87391003:87671008:7:2122:20260828,8590,1.0,31395,
FR:Line::2881AC3D-A347-4440-BEF8-23ACAB159588:,318,OCESN8590F1187_F:OUI:FR:Line::2881AC3D-A347-4440-BEF8-23ACAB159588::87391003:87671008:7:2122:20260731,8590,1.0,31396,
FR:Line::2881AC3D-A347-4440-BEF8-23ACAB159588:,7686,OCESN8590F1187_F:OUI:FR:Line::2881AC3D-A347-4440-BEF8-23ACAB159588::87391003:87671008:6:2122:20260424,8590,1.0,31397,
FR:Line::2881AC3D-A347-4440-BEF8-23ACAB159588:,505,OCESN8590F1187_F:OUI:FR:Line::2881AC3D-A347-4440-BEF8-23ACAB159588::87391003:87671008:7:2123:20260724,8590,1.0,31398,
FR:Line::2881AC3D-A347-4440-BEF8-23ACAB159588:,544,OCESN8590F1187_F:OUI:FR:Line::2881AC3D-A347-4440-BEF8-23ACAB159588::87391003:87671008:6:2122:20260513,8590,1.0,31399,
FR:Line::2881AC3D-A347-4440-BEF8-23ACAB159588:,410,OCESN8593F1187_F:OUI:FR:Line::2881AC3D-A347-4440-BEF8-23ACAB159588::87391003:87581009:2:2014:20260509,8593,1.0,31833,
FR:Line::2881AC3D-A347-4440-BEF8-23ACAB159588:,411,OCESN8593F1187_F:OUI:FR:Line::2881AC3D-A347-4440-BEF8-23ACAB159588::87391003:87671008:7:2327:20260502,8593,1.0,31834,
FR:Line::2881AC3D-A347-4440-BEF8-23ACAB159588:,7953,OCESN8593F1187_F:OUI:FR:Line::2881AC3D-A347-4440-BEF8-23ACAB159588::87391003:87671008:7:2327:20260606,8593,1.0,31835,
FR:Line::2881AC3D-A347-4440-BEF8-23ACAB159588:,98,OCESN8593F1187_F:OUI:FR:Line::2881AC3D-A347-4440-BEF8-23ACAB159588::87391003:87671008:7:2327:20260514,8593,1.0,31836,
FR:Line::2881AC3D-A347-4440-BEF8-23ACAB159588:,7954,OCESN8593F1187_F:OUI:FR:Line::2881AC3D-A347-4440-BEF8-23ACAB159588::87391003:87671008:7:2327:20260627,8593,1.0,31837,
FR:Line::2881AC3D-A347-4440-BEF8-23ACAB159588:,7955,OCESN8593F1187_F:OUI:FR:Line::2881AC3D-A347-4440-BEF8-23ACAB159588::87391003:87671008:7:2323:20260828,8593,1.0,31838,
FR:Line::2881AC3D-A347-4440-BEF8-23ACAB159588:,330,OCESN8593F1187_F:OUI:FR:Line::2881AC3D-A347-4440-BEF8-23ACAB159588::87391003:87581009:2:2058:20260516,8593,1.0,31839,
FR:Line::2881AC3D-A347-4440-BEF8-23ACAB159588:,2921,OCESN8593F1187_F:OUI:FR:Line::2881AC3D-A347-4440-BEF8-23ACAB159588::87391003:87671008:7:2328:20260718,8593,1.0,31840,
FR:Line::2881AC3D-A347-4440-BEF8-23ACAB159588:,5896,OCESN8593F1187_F:OUI:FR:Line::2881AC3D-A347-4440-BEF8-23ACAB159588::87391003:87671008:7:2327:20260808,8593,1.0,31841,
FR:Line::2881AC3D-A347-4440-BEF8-23ACAB159588:,3,OCESN8593F1187_F:OUI:FR:Line::2881AC3D-A347-4440-BEF8-23ACAB159588::87391003:87671008:7:2328:20260713,8593,1.0,31842,
FR:Line::2881AC3D-A347-4440-BEF8-23ACAB159588:,373,OCESN8593F1187_F:OUI:FR:Line::2881AC3D-A347-4440-BEF8-23ACAB159588::87391003:87671008:7:2323:20260430,8593,1.0,31843,
FR:Line::2881AC3D-A347-4440-BEF8-23ACAB159588:,353,OCESN8593F1187_F:OUI:FR:Line::2881AC3D-A347-4440-BEF8-23ACAB159588::87391003:87671008:7:2323:20260513,8593,1.0,31844,
FR:Line::2881AC3D-A347-4440-BEF8-23ACAB159588:,368,OCESN8593F1187_F:OUI:FR:Line::2881AC3D-A347-4440-BEF8-23ACAB159588::87391003:87671008:7:2323:20260424,8593,1.0,31845,
FR:Line::2881AC3D-A347-4440-BEF8-23ACAB159588:,161,OCESN8593F1187_F:OUI:FR:Line::2881AC3D-A347-4440-BEF8-23ACAB159588::87391003:87581009:2:2014:20260524,8593,1.0,31846,
FR:Line::2881AC3D-A347-4440-BEF8-23ACAB159588:,7647,OCESN8593F1187_F:OUI:FR:Line::2881AC3D-A347-4440-BEF8-23ACAB159588::87391003:87671008:7:2323:20260723,8593,1.0,31847,
FR:Line::2881AC3D-A347-4440-BEF8-23ACAB159588:,505,OCESN8593F1187_F:OUI:FR:Line::2881AC3D-A347-4440-BEF8-23ACAB159588::87391003:87671008:7:2323:20260724,8593,1.0,31848,
FR:Line::2881AC3D-A347-4440-BEF8-23ACAB159588:,7956,OCESN8593F1187_F:OUI:FR:Line::2881AC3D-A347-4440-BEF8-23ACAB159588::87391003:87671008:7:2323:20260722,8593,1.0,31849,
FR:Line::2881AC3D-A347-4440-BEF8-23ACAB159588:,7957,OCESN8593F1187_F:OUI:FR:Line::2881AC3D-A347-4440-BEF8-23ACAB159588::87391003:87671008:7:2323:20260731,8593,1.0,31850,
FR:Line::2881AC3D-A347-4440-BEF8-23ACAB159588:,7242,OCESN8593F1187_F:OUI:FR:Line::2881AC3D-A347-4440-BEF8-23ACAB159588::87391003:87671008:7:2323:20260626,8593,1.0,31851,
FR:Line::2881AC3D-A347-4440-BEF8-23ACAB159588:,1238,OCESN8593F1187_F:OUI:FR:Line::2881AC3D-A347-4440-BEF8-23ACAB159588::87391003:87671008:7:2327:20260829,8593,1.0,31852,
FR:Line::2881AC3D-A347-4440-BEF8-23ACAB159588:,7958,OCESN8593F1187_F:OUI:FR:Line::2881AC3D-A347-4440-BEF8-23ACAB159588::87391003:87671008:7:2325:20260512,8593,1.0,31853,
FR:Line::2881AC3D-A347-4440-BEF8-23ACAB159588:,7959,OCESN8593F1187_F:OUI:FR:Line::2881AC3D-A347-4440-BEF8-23ACAB159588::87391003:87671008:7:2325:20260517,8593,1.0,31854,
FR:Line::2881AC3D-A347-4440-BEF8-23ACAB159588:,7960,OCESN8593F1187_F:OUI:FR:Line::2881AC3D-A347-4440-BEF8-23ACAB159588::87391003:87671008:7:2322:20260730,8593,1.0,31855,
FR:Line::2881AC3D-A347-4440-BEF8-23ACAB159588:,327,OCESN8593F1187_F:OUI:FR:Line::2881AC3D-A347-4440-BEF8-23ACAB159588::87391003:87671008:7:2322:20260816,8593,1.0,31856,
FR:Line::2881AC3D-A347-4440-BEF8-23ACAB159588:,4660,OCESN8593F1187_F:OUI:FR:Line::2881AC3D-A347-4440-BEF8-23ACAB159588::87391003:87671008:7:2323:20260410,8593,1.0,31857,
FR:Line::2881AC3D-A347-4440-BEF8-23ACAB159588:,128,OCESN8593F1187_F:OUI:FR:Line::2881AC3D-A347-4440-BEF8-23ACAB159588::87391003:87671008:7:2322:20260831,8593,1.0,31858,
FR:Line::2881AC3D-A347-4440-BEF8-23ACAB159588:,7961,OCESN8593F1187_F:OUI:FR:Line::2881AC3D-A347-4440-BEF8-23ACAB159588::87391003:87671008:7:2322:20260830,8593,1.0,31859,
FR:Line::4887f9fc-de66-44ff-a5fe-199a0de1ca9e:,1236,OCESN864200F1187_F:TER:FR:Line::4887f9fc-de66-44ff-a5fe-199a0de1ca9e::87581009:87491001:8:731:20260831,864200,0.0,36320,
FR:Line::4887f9fc-de66-44ff-a5fe-199a0de1ca9e:,48,OCESN864201F1187_F:TER:FR:Line::4887f9fc-de66-44ff-a5fe-199a0de1ca9e::87491001:87581009:8:723:20260515,864201,1.0,36321,
FR:Line::4887f9fc-de66-44ff-a5fe-199a0de1ca9e:,6000,OCESN864201F1187_F:TER:FR:Line::4887f9fc-de66-44ff-a5fe-199a0de1ca9e::87491001:87581009:8:722:20260831,864201,1.0,36322,
FR:Line::4887f9fc-de66-44ff-a5fe-199a0de1ca9e:,1236,OCESN864203F1187_F:TER:FR:Line::4887f9fc-de66-44ff-a5fe-199a0de1ca9e::87491001:87581009:8:903:20260831,864203,1.0,36323,
FR:Line::4887f9fc-de66-44ff-a5fe-199a0de1ca9e:,1236,OCESN864211F1187_F:TER:FR:Line::4887f9fc-de66-44ff-a5fe-199a0de1ca9e::87491001:87581009:8:1800:20260831,864211,1.0,36324,
FR:Line::4887f9fc-de66-44ff-a5fe-199a0de1ca9e:,1236,OCESN864212F1187_F:TER:FR:Line::4887f9fc-de66-44ff-a5fe-199a0de1ca9e::87581009:87491001:8:1629:20260831,864212,0.0,36325,
FR:Line::4887f9fc-de66-44ff-a5fe-199a0de1ca9e:,9167,OCESN864215F1187_F:TER:FR:Line::4887f9fc-de66-44ff-a5fe-199a0de1ca9e::87491001:87581009:8:1703:20260515,864215,1.0,36326,
FR:Line::4887f9fc-de66-44ff-a5fe-199a0de1ca9e:,7076,OCESN864215F1187_F:TER:FR:Line::4887f9fc-de66-44ff-a5fe-199a0de1ca9e::87491001:87581009:8:1700:20260828,864215,1.0,36327,
FR:Line::4887f9fc-de66-44ff-a5fe-199a0de1ca9e:,1236,OCESN864216F1187_F:TER:FR:Line::4887f9fc-de66-44ff-a5fe-199a0de1ca9e::87581009:87491001:8:1730:20260831,864216,0.0,36328,
FR:Line::dac9d85e-6b33-4d12-ac55-f9c9a330c1a0:,499,OCESN864336F1187_F:TER:FR:Line::dac9d85e-6b33-4d12-ac55-f9c9a330c1a0::87491803:87581009:10:1905:20260830,864336,1.0,36337,
FR:Line::dac9d85e-6b33-4d12-ac55-f9c9a330c1a0:,1388,OCESN864337F1187_F:TER:FR:Line::dac9d85e-6b33-4d12-ac55-f9c9a330c1a0::87581009:87491803:10:1906:20260828,864337,0.0,36338,
FR:Line::e27d87a9-efd7-4218-bf71-50601354df88:,1236,OCESN864800F1187_F:TER:FR:Line::e27d87a9-efd7-4218-bf71-50601354df88::87581009:87485003:11:924:20260831,864800,0.0,36526,
FR:Line::e27d87a9-efd7-4218-bf71-50601354df88:,46,OCESN864801F1187_F:TER:FR:Line::e27d87a9-efd7-4218-bf71-50601354df88::87485003:87581009:11:805:20260831,864801,1.0,36527,
FR:Line::e27d87a9-efd7-4218-bf71-50601354df88:,1957,OCESN864802F1187_F:TER:FR:Line::e27d87a9-efd7-4218-bf71-50601354df88::87581009:87485003:11:1125:20260829,864802,0.0,36528,
FR:Line::e27d87a9-efd7-4218-bf71-50601354df88:,1,OCESN864803F1187_F:TER:FR:Line::e27d87a9-efd7-4218-bf71-50601354df88::87485003:87581009:12:1014:20260828,864803,1.0,36529,
FR:Line::e27d87a9-efd7-4218-bf71-50601354df88:,4839,OCESN864803F1187_F:TER:FR:Line::e27d87a9-efd7-4218-bf71-50601354df88::87437798:87581009:13:1014:20260831,864803,1.0,36530,
FR:Line::e27d87a9-efd7-4218-bf71-50601354df88:,1449,OCESN864805F1187_F:TER:FR:Line::e27d87a9-efd7-4218-bf71-50601354df88::87485003:87581009:11:1801:20260830,864805,1.0,36531,
FR:Line::e27d87a9-efd7-4218-bf71-50601354df88:,0,OCESN864806F1187_F:TER:FR:Line::e27d87a9-efd7-4218-bf71-50601354df88::87581009:87485003:11:1527:20260831,864806,0.0,36532,
FR:Line::e27d87a9-efd7-4218-bf71-50601354df88:,0,OCESN864807F1187_F:TER:FR:Line::e27d87a9-efd7-4218-bf71-50601354df88::87485003:87581009:11:1402:20260831,864807,1.0,36533,
FR:Line::e27d87a9-efd7-4218-bf71-50601354df88:,993,OCESN864808F1187_F:TER:FR:Line::e27d87a9-efd7-4218-bf71-50601354df88::87581009:87485003:11:1924:20260831,864808,0.0,36534,
FR:Line::4887f9fc-de66-44ff-a5fe-199a0de1ca9e:,499,OCESN864809F1187_F:TER:FR:Line::4887f9fc-de66-44ff-a5fe-199a0de1ca9e::87437798:87581009:18:1905:20260830,864809,1.0,36535,
FR:Line::e27d87a9-efd7-4218-bf71-50601354df88:,9216,OCESN864810F1187_F:TER:FR:Line::e27d87a9-efd7-4218-bf71-50601354df88::87581009:87437798:12:1838:20260829,864810,0.0,36536,
FR:Line::e27d87a9-efd7-4218-bf71-50601354df88:,430,OCESN864810F1187_F:TER:FR:Line::e27d87a9-efd7-4218-bf71-50601354df88::87581009:87485003:11:1831:20260830,864810,0.0,36537,
FR:Line::e27d87a9-efd7-4218-bf71-50601354df88:,1236,OCESN864811F1187_F:TER:FR:Line::e27d87a9-efd7-4218-bf71-50601354df88::87485003:87581009:11:1901:20260831,864811,1.0,36538,
FR:Line::e27d87a9-efd7-4218-bf71-50601354df88:,1388,OCESN864812F1187_F:TER:FR:Line::e27d87a9-efd7-4218-bf71-50601354df88::87581009:87485003:11:1924:20260828,864812,0.0,36539,
FR:Line::e27d87a9-efd7-4218-bf71-50601354df88:,499,OCESN864813F1187_F:TER:FR:Line::e27d87a9-efd7-4218-bf71-50601354df88::87485003:87581009:11:2101:20260830,864813,1.0,36540,
FR:Line::e27d87a9-efd7-4218-bf71-50601354df88:,1449,OCESN864814F1187_F:TER:FR:Line::e27d87a9-efd7-4218-bf71-50601354df88::87581009:87485003:11:2128:20260830,864814,0.0,36541,
FR:Line::e27d87a9-efd7-4218-bf71-50601354df88:,1449,OCESN864815F1187_F:TER:FR:Line::e27d87a9-efd7-4218-bf71-50601354df88::87485003:87581009:11:946:20260830,864815,1.0,36542,
FR:Line::e27d87a9-efd7-4218-bf71-50601354df88:,2028,OCESN864816F1187_F:TER:FR:Line::e27d87a9-efd7-4218-bf71-50601354df88::87581009:87485003:11:2224:20260831,864816,0.0,36543,
FR:Line::e27d87a9-efd7-4218-bf71-50601354df88:,1236,OCESN864818F1187_F:TER:FR:Line::e27d87a9-efd7-4218-bf71-50601354df88::87581009:87485003:12:2137:20260831,864818,0.0,36544,
FR:Line::6973a1d6-1ab5-447c-b47e-d20af934f64d:,6228,OCESN865010F1187_F:TER:FR:Line::6973a1d6-1ab5-447c-b47e-d20af934f64d::87581009:87583005:10:714:20260831,865010,1.0,36547,
FR:Line::6973a1d6-1ab5-447c-b47e-d20af934f64d:,371,OCESN865010F1187_F:TER:FR:Line::6973a1d6-1ab5-447c-b47e-d20af934f64d::87581009:87583005:11:719:20260417,865010,1.0,36548,
FR:Line::6973a1d6-1ab5-447c-b47e-d20af934f64d:,347,OCESN865010F1187_F:TER:FR:Line::6973a1d6-1ab5-447c-b47e-d20af934f64d::87581009:87583005:11:714:20260619,865010,1.0,36549,
FR:Line::6973a1d6-1ab5-447c-b47e-d20af934f64d:,6880,OCESN865010F1187_F:TER:FR:Line::6973a1d6-1ab5-447c-b47e-d20af934f64d::87581009:87583005:11:717:20260515,865010,1.0,36550,
FR:Line::6973a1d6-1ab5-447c-b47e-d20af934f64d:,214,OCESN865010F1187_F:TER:FR:Line::6973a1d6-1ab5-447c-b47e-d20af934f64d::87581009:87583005:11:717:20260327,865010,1.0,36551,
FR:Line::6973a1d6-1ab5-447c-b47e-d20af934f64d:,9172,OCESN865011F1187_F:TER:FR:Line::6973a1d6-1ab5-447c-b47e-d20af934f64d::87583005:87581009:11:814:20260515,865011,0.0,36552,
FR:Line::6973a1d6-1ab5-447c-b47e-d20af934f64d:,6228,OCESN865011F1187_F:TER:FR:Line::6973a1d6-1ab5-447c-b47e-d20af934f64d::87583005:87581009:10:810:20260831,865011,0.0,36553,
FR:Line::6973a1d6-1ab5-447c-b47e-d20af934f64d:,347,OCESN865011F1187_F:TER:FR:Line::6973a1d6-1ab5-447c-b47e-d20af934f64d::87583005:87581009:11:810:20260619,865011,0.0,36554,
FR:Line::6973a1d6-1ab5-447c-b47e-d20af934f64d:,214,OCESN865011F1187_F:TER:FR:Line::6973a1d6-1ab5-447c-b47e-d20af934f64d::87583005:87581009:11:814:20260327,865011,0.0,36555,
FR:Line::6973a1d6-1ab5-447c-b47e-d20af934f64d:,48,OCESN865012F1187_F:TER:FR:Line::6973a1d6-1ab5-447c-b47e-d20af934f64d::87581009:87583005:11:820:20260515,865012,1.0,36556,
FR:Line::6973a1d6-1ab5-447c-b47e-d20af934f64d:,371,OCESN865012F1187_F:TER:FR:Line::6973a1d6-1ab5-447c-b47e-d20af934f64d::87581009:87583005:11:820:20260417,865012,1.0,36557,
FR:Line::6973a1d6-1ab5-447c-b47e-d20af934f64d:,341,OCESN865012F1187_F:TER:FR:Line::6973a1d6-1ab5-447c-b47e-d20af934f64d::87581009:87583005:11:820:20260513,865012,1.0,36558,
FR:Line::6973a1d6-1ab5-447c-b47e-d20af934f64d:,6228,OCESN865012F1187_F:TER:FR:Line::6973a1d6-1ab5-447c-b47e-d20af934f64d::87581009:87583005:10:817:20260831,865012,1.0,36559,
FR:Line::6973a1d6-1ab5-447c-b47e-d20af934f64d:,347,OCESN865012F1187_F:TER:FR:Line::6973a1d6-1ab5-447c-b47e-d20af934f64d::87581009:87583005:11:817:20260619,865012,1.0,36560,
FR:Line::6973a1d6-1ab5-447c-b47e-d20af934f64d:,1195,OCESN865012F1187_F:TER:FR:Line::6973a1d6-1ab5-447c-b47e-d20af934f64d::87581009:87583005:11:820:20260327,865012,1.0,36561,
FR:Line::6973a1d6-1ab5-447c-b47e-d20af934f64d:,940,OCESN865012F1187_F:TER:FR:Line::6973a1d6-1ab5-447c-b47e-d20af934f64d::87581009:87583005:11:820:20260313,865012,1.0,36562,
FR:Line::6973a1d6-1ab5-447c-b47e-d20af934f64d:,50,OCESN865014F1187_F:TER:FR:Line::6973a1d6-1ab5-447c-b47e-d20af934f64d::87584052:87583005:9:919:20260509,865014,1.0,36563,
FR:Line::6973a1d6-1ab5-447c-b47e-d20af934f64d:,7183,OCESN865014F1187_F:TER:FR:Line::6973a1d6-1ab5-447c-b47e-d20af934f64d::87581009:87583005:11:919:20260508,865014,1.0,36564,
FR:Line::6973a1d6-1ab5-447c-b47e-d20af934f64d:,407,OCESN865014F1187_F:TER:FR:Line::6973a1d6-1ab5-447c-b47e-d20af934f64d::87581009:87583005:11:913:20260620,865014,1.0,36565,
FR:Line::6973a1d6-1ab5-447c-b47e-d20af934f64d:,2119,OCESN865014F1187_F:TER:FR:Line::6973a1d6-1ab5-447c-b47e-d20af934f64d::87581009:87583005:11:913:20260328,865014,1.0,36566,
FR:Line::6973a1d6-1ab5-447c-b47e-d20af934f64d:,9033,OCESN865014F1187_F:TER:FR:Line::6973a1d6-1ab5-447c-b47e-d20af934f64d::87581009:87583005:10:913:20260829,865014,1.0,36567,
FR:Line::6973a1d6-1ab5-447c-b47e-d20af934f64d:,3430,OCESN865014F1187_F:TER:FR:Line::6973a1d6-1ab5-447c-b47e-d20af934f64d::87581009:87583005:11:918:20260516,865014,1.0,36568,
FR:Line::6973a1d6-1ab5-447c-b47e-d20af934f64d:,409,OCESN865014F1187_F:TER:FR:Line::6973a1d6-1ab5-447c-b47e-d20af934f64d::87581009:87583005:11:916:20260418,865014,1.0,36569,
FR:Line::6973a1d6-1ab5-447c-b47e-d20af934f64d:,50,OCESN865015F1187_F:TER:FR:Line::6973a1d6-1ab5-447c-b47e-d20af934f64d::87583005:87584052:9:849:20260509,865015,0.0,36570,
FR:Line::6973a1d6-1ab5-447c-b47e-d20af934f64d:,210,OCESN865015F1187_F:TER:FR:Line::6973a1d6-1ab5-447c-b47e-d20af934f64d::87583005:87584052:9:849:20260530,865015,0.0,36571,
FR:Line::6973a1d6-1ab5-447c-b47e-d20af934f64d:,9218,OCESN865015F1187_F:TER:FR:Line::6973a1d6-1ab5-447c-b47e-d20af934f64d::87583005:87581009:11:910:20260620,865015,0.0,36572,
FR:Line::6973a1d6-1ab5-447c-b47e-d20af934f64d:,9219,OCESN865015F1187_F:TER:FR:Line::6973a1d6-1ab5-447c-b47e-d20af934f64d::87583005:87581009:11:914:20260516,865015,0.0,36573,
FR:Line::6973a1d6-1ab5-447c-b47e-d20af934f64d:,9220,OCESN865015F1187_F:TER:FR:Line::6973a1d6-1ab5-447c-b47e-d20af934f64d::87583005:87581009:10:910:20260831,865015,0.0,36574,
FR:Line::6973a1d6-1ab5-447c-b47e-d20af934f64d:,4703,OCESN865015F1187_F:TER:FR:Line::6973a1d6-1ab5-447c-b47e-d20af934f64d::87583005:87581009:11:914:20260328,865015,0.0,36575,
FR:Line::6973a1d6-1ab5-447c-b47e-d20af934f64d:,4427,OCESN865018F1187_F:TER:FR:Line::6973a1d6-1ab5-447c-b47e-d20af934f64d::87581009:87583005:11:1056:20260419,865018,1.0,36576,
FR:Line::6973a1d6-1ab5-447c-b47e-d20af934f64d:,102,OCESN865018F1187_F:TER:FR:Line::6973a1d6-1ab5-447c-b47e-d20af934f64d::87584052:87583005:9:1051:20260531,865018,1.0,36577,
FR:Line::6973a1d6-1ab5-447c-b47e-d20af934f64d:,1465,OCESN865018F1187_F:TER:FR:Line::6973a1d6-1ab5-447c-b47e-d20af934f64d::87581009:87583005:11:1059:20260517,865018,1.0,36578,
FR:Line::6973a1d6-1ab5-447c-b47e-d20af934f64d:,380,OCESN865018F1187_F:TER:FR:Line::6973a1d6-1ab5-447c-b47e-d20af934f64d::87581009:87583005:11:1055:20260329,865018,1.0,36579,
FR:Line::6973a1d6-1ab5-447c-b47e-d20af934f64d:,9221,OCESN865018F1187_F:TER:FR:Line::6973a1d6-1ab5-447c-b47e-d20af934f64d::87581009:87583005:11:1051:20260621,865018,1.0,36580,
FR:Line::6973a1d6-1ab5-447c-b47e-d20af934f64d:,58,OCESN865018F1187_F:TER:FR:Line::6973a1d6-1ab5-447c-b47e-d20af934f64d::87584052:87583005:9:1059:20260510,865018,1.0,36581,
FR:Line::6973a1d6-1ab5-447c-b47e-d20af934f64d:,4837,OCESN865018F1187_F:TER:FR:Line::6973a1d6-1ab5-447c-b47e-d20af934f64d::87581009:87583005:10:1051:20260830,865018,1.0,36582,
FR:Line::6973a1d6-1ab5-447c-b47e-d20af934f64d:,380,OCESN865019F1187_F:TER:FR:Line::6973a1d6-1ab5-447c-b47e-d20af934f64d::87583005:87581009:11:1111:20260329,865019,0.0,36583,
FR:Line::6973a1d6-1ab5-447c-b47e-d20af934f64d:,9221,OCESN865019F1187_F:TER:FR:Line::6973a1d6-1ab5-447c-b47e-d20af934f64d::87583005:87581009:11:1110:20260621,865019,0.0,36584,
FR:Line::6973a1d6-1ab5-447c-b47e-d20af934f64d:,1465,OCESN865019F1187_F:TER:FR:Line::6973a1d6-1ab5-447c-b47e-d20af934f64d::87583005:87581009:11:1113:20260517,865019,0.0,36585,
FR:Line::6973a1d6-1ab5-447c-b47e-d20af934f64d:,102,OCESN865019F1187_F:TER:FR:Line::6973a1d6-1ab5-447c-b47e-d20af934f64d::87583005:87584052:9:1048:20260531,865019,0.0,36586,
FR:Line::6973a1d6-1ab5-447c-b47e-d20af934f64d:,58,OCESN865019F1187_F:TER:FR:Line::6973a1d6-1ab5-447c-b47e-d20af934f64d::87583005:87584052:9:1048:20260510,865019,0.0,36587,
FR:Line::6973a1d6-1ab5-447c-b47e-d20af934f64d:,4837,OCESN865019F1187_F:TER:FR:Line::6973a1d6-1ab5-447c-b47e-d20af934f64d::87583005:87581009:10:1110:20260830,865019,0.0,36588,
FR:Line::6973a1d6-1ab5-447c-b47e-d20af934f64d:,4427,OCESN865019F1187_F:TER:FR:Line::6973a1d6-1ab5-447c-b47e-d20af934f64d::87583005:87581009:11:1111:20260419,865019,0.0,36589,
FR:Line::6973a1d6-1ab5-447c-b47e-d20af934f64d:,347,OCESN865024F1187_F:TER:FR:Line::6973a1d6-1ab5-447c-b47e-d20af934f64d::87581009:87583005:11:1423:20260619,865024,1.0,36590,
FR:Line::6973a1d6-1ab5-447c-b47e-d20af934f64d:,8170,OCESN865024F1187_F:TER:FR:Line::6973a1d6-1ab5-447c-b47e-d20af934f64d::87581009:87583005:11:1426:20260515,865024,1.0,36591,
FR:Line::6973a1d6-1ab5-447c-b47e-d20af934f64d:,6228,OCESN865024F1187_F:TER:FR:Line::6973a1d6-1ab5-447c-b47e-d20af934f64d::87581009:87583005:10:1423:20260831,865024,1.0,36592,
FR:Line::6973a1d6-1ab5-447c-b47e-d20af934f64d:,789,OCESN865025F1187_F:TER:FR:Line::6973a1d6-1ab5-447c-b47e-d20af934f64d::87583005:87581009:11:1407:20260329,865025,0.0,36593,
FR:Line::6973a1d6-1ab5-447c-b47e-d20af934f64d:,1102,OCESN865025F1187_F:TER:FR:Line::6973a1d6-1ab5-447c-b47e-d20af934f64d::87583005:87584052:9:1342:20260531,865025,0.0,36594,
FR:Line::6973a1d6-1ab5-447c-b47e-d20af934f64d:,410,OCESN865025F1187_F:TER:FR:Line::6973a1d6-1ab5-447c-b47e-d20af934f64d::87583005:87584052:9:1342:20260509,865025,0.0,36595,
FR:Line::6973a1d6-1ab5-447c-b47e-d20af934f64d:,4539,OCESN865025F1187_F:TER:FR:Line::6973a1d6-1ab5-447c-b47e-d20af934f64d::87583005:87581009:11:1409:20260516,865025,0.0,36596,
FR:Line::6973a1d6-1ab5-447c-b47e-d20af934f64d:,9222,OCESN865025F1187_F:TER:FR:Line::6973a1d6-1ab5-447c-b47e-d20af934f64d::87583005:87581009:11:1410:20260517,865025,0.0,36597,
FR:Line::6973a1d6-1ab5-447c-b47e-d20af934f64d:,865,OCESN865025F1187_F:TER:FR:Line::6973a1d6-1ab5-447c-b47e-d20af934f64d::87583005:87581009:11:1407:20260419,865025,0.0,36598,
FR:Line::6973a1d6-1ab5-447c-b47e-d20af934f64d:,2529,OCESN865025F1187_F:TER:FR:Line::6973a1d6-1ab5-447c-b47e-d20af934f64d::87583005:87581009:10:1407:20260831,865025,0.0,36599,
FR:Line::6973a1d6-1ab5-447c-b47e-d20af934f64d:,9223,OCESN865025F1187_F:TER:FR:Line::6973a1d6-1ab5-447c-b47e-d20af934f64d::87583005:87581009:11:1407:20260621,865025,0.0,36600,
FR:Line::6973a1d6-1ab5-447c-b47e-d20af934f64d:,865,OCESN865026F1187_F:TER:FR:Line::6973a1d6-1ab5-447c-b47e-d20af934f64d::87581009:87583005:11:1454:20260419,865026,1.0,36601,
FR:Line::6973a1d6-1ab5-447c-b47e-d20af934f64d:,1102,OCESN865026F1187_F:TER:FR:Line::6973a1d6-1ab5-447c-b47e-d20af934f64d::87584052:87583005:9:1451:20260531,865026,1.0,36602,
FR:Line::6973a1d6-1ab5-447c-b47e-d20af934f64d:,789,OCESN865026F1187_F:TER:FR:Line::6973a1d6-1ab5-447c-b47e-d20af934f64d::87581009:87583005:11:1452:20260329,865026,1.0,36603,
FR:Line::6973a1d6-1ab5-447c-b47e-d20af934f64d:,9224,OCESN865026F1187_F:TER:FR:Line::6973a1d6-1ab5-447c-b47e-d20af934f64d::87581009:87583005:11:1455:20260517,865026,1.0,36604,
FR:Line::6973a1d6-1ab5-447c-b47e-d20af934f64d:,9225,OCESN865026F1187_F:TER:FR:Line::6973a1d6-1ab5-447c-b47e-d20af934f64d::87581009:87583005:11:1451:20260621,865026,1.0,36605,
FR:Line::6973a1d6-1ab5-447c-b47e-d20af934f64d:,410,OCESN865026F1187_F:TER:FR:Line::6973a1d6-1ab5-447c-b47e-d20af934f64d::87584052:87583005:9:1454:20260509,865026,1.0,36606,
FR:Line::6973a1d6-1ab5-447c-b47e-d20af934f64d:,9226,OCESN865026F1187_F:TER:FR:Line::6973a1d6-1ab5-447c-b47e-d20af934f64d::87581009:87583005:10:1451:20260830,865026,1.0,36607,
FR:Line::6973a1d6-1ab5-447c-b47e-d20af934f64d:,347,OCESN865030F1187_F:TER:FR:Line::6973a1d6-1ab5-447c-b47e-d20af934f64d::87581009:87583005:11:1818:20260619,865030,1.0,36608,
FR:Line::6973a1d6-1ab5-447c-b47e-d20af934f64d:,9172,OCESN865030F1187_F:TER:FR:Line::6973a1d6-1ab5-447c-b47e-d20af934f64d::87581009:87583005:11:1821:20260515,865030,1.0,36609,
FR:Line::6973a1d6-1ab5-447c-b47e-d20af934f64d:,6228,OCESN865030F1187_F:TER:FR:Line::6973a1d6-1ab5-447c-b47e-d20af934f64d::87581009:87583005:10:1818:20260831,865030,1.0,36610,
FR:Line::6973a1d6-1ab5-447c-b47e-d20af934f64d:,214,OCESN865030F1187_F:TER:FR:Line::6973a1d6-1ab5-447c-b47e-d20af934f64d::87581009:87583005:11:1819:20260327,865030,1.0,36611,
FR:Line::6973a1d6-1ab5-447c-b47e-d20af934f64d:,410,OCESN865034F1187_F:TER:FR:Line::6973a1d6-1ab5-447c-b47e-d20af934f64d::87584052:87583005:9:2023:20260509,865034,1.0,36612,
FR:Line::6973a1d6-1ab5-447c-b47e-d20af934f64d:,1102,OCESN865034F1187_F:TER:FR:Line::6973a1d6-1ab5-447c-b47e-d20af934f64d::87584052:87583005:9:2015:20260531,865034,1.0,36613,
FR:Line::6973a1d6-1ab5-447c-b47e-d20af934f64d:,9227,OCESN865034F1187_F:TER:FR:Line::6973a1d6-1ab5-447c-b47e-d20af934f64d::87581009:87583005:11:2019:20260419,865034,1.0,36614,
FR:Line::6973a1d6-1ab5-447c-b47e-d20af934f64d:,9228,OCESN865034F1187_F:TER:FR:Line::6973a1d6-1ab5-447c-b47e-d20af934f64d::87581009:87583005:11:2022:20260517,865034,1.0,36615,
FR:Line::6973a1d6-1ab5-447c-b47e-d20af934f64d:,9223,OCESN865034F1187_F:TER:FR:Line::6973a1d6-1ab5-447c-b47e-d20af934f64d::87581009:87583005:11:2015:20260621,865034,1.0,36616,
FR:Line::6973a1d6-1ab5-447c-b47e-d20af934f64d:,2529,OCESN865034F1187_F:TER:FR:Line::6973a1d6-1ab5-447c-b47e-d20af934f64d::87581009:87583005:10:2015:20260831,865034,1.0,36617,
FR:Line::6973a1d6-1ab5-447c-b47e-d20af934f64d:,737,OCESN865034F1187_F:TER:FR:Line::6973a1d6-1ab5-447c-b47e-d20af934f64d::87581009:87583005:11:2017:20260329,865034,1.0,36618,
FR:Line::6973a1d6-1ab5-447c-b47e-d20af934f64d:,347,OCESN865035F1187_F:TER:FR:Line::6973a1d6-1ab5-447c-b47e-d20af934f64d::87583005:87581009:11:1808:20260619,865035,0.0,36619,
FR:Line::6973a1d6-1ab5-447c-b47e-d20af934f64d:,6228,OCESN865035F1187_F:TER:FR:Line::6973a1d6-1ab5-447c-b47e-d20af934f64d::87583005:87581009:10:1808:20260831,865035,0.0,36620,
FR:Line::6973a1d6-1ab5-447c-b47e-d20af934f64d:,9172,OCESN865035F1187_F:TER:FR:Line::6973a1d6-1ab5-447c-b47e-d20af934f64d::87583005:87581009:11:1813:20260515,865035,0.0,36621,
FR:Line::6973a1d6-1ab5-447c-b47e-d20af934f64d:,214,OCESN865035F1187_F:TER:FR:Line::6973a1d6-1ab5-447c-b47e-d20af934f64d::87583005:87581009:11:1813:20260327,865035,0.0,36622,
FR:Line::6973a1d6-1ab5-447c-b47e-d20af934f64d:,6880,OCESN865037F1187_F:TER:FR:Line::6973a1d6-1ab5-447c-b47e-d20af934f64d::87583005:87581009:11:1913:20260515,865037,0.0,36623,
FR:Line::6973a1d6-1ab5-447c-b47e-d20af934f64d:,371,OCESN865037F1187_F:TER:FR:Line::6973a1d6-1ab5-447c-b47e-d20af934f64d::87583005:87581009:11:1910:20260417,865037,0.0,36624,
FR:Line::6973a1d6-1ab5-447c-b47e-d20af934f64d:,347,OCESN865037F1187_F:TER:FR:Line::6973a1d6-1ab5-447c-b47e-d20af934f64d::87583005:87581009:11:1910:20260619,865037,0.0,36625,
FR:Line::6973a1d6-1ab5-447c-b47e-d20af934f64d:,6228,OCESN865037F1187_F:TER:FR:Line::6973a1d6-1ab5-447c-b47e-d20af934f64d::87583005:87581009:10:1910:20260831,865037,0.0,36626,
FR:Line::6973a1d6-1ab5-447c-b47e-d20af934f64d:,214,OCESN865037F1187_F:TER:FR:Line::6973a1d6-1ab5-447c-b47e-d20af934f64d::87583005:87581009:11:1910:20260327,865037,0.0,36627,
FR:Line::6973a1d6-1ab5-447c-b47e-d20af934f64d:,410,OCESN865039F1187_F:TER:FR:Line::6973a1d6-1ab5-447c-b47e-d20af934f64d::87583005:87584052:9:1946:20260509,865039,0.0,36628,
FR:Line::6973a1d6-1ab5-447c-b47e-d20af934f64d:,2080,OCESN865039F1187_F:TER:FR:Line::6973a1d6-1ab5-447c-b47e-d20af934f64d::87583005:87581009:11:2010:20260327,865039,0.0,36629,
FR:Line::6973a1d6-1ab5-447c-b47e-d20af934f64d:,1102,OCESN865039F1187_F:TER:FR:Line::6973a1d6-1ab5-447c-b47e-d20af934f64d::87583005:87584052:9:1946:20260531,865039,0.0,36630,
FR:Line::6973a1d6-1ab5-447c-b47e-d20af934f64d:,9198,OCESN865039F1187_F:TER:FR:Line::6973a1d6-1ab5-447c-b47e-d20af934f64d::87583005:87581009:11:2010:20260515,865039,0.0,36631,
FR:Line::6973a1d6-1ab5-447c-b47e-d20af934f64d:,9223,OCESN865039F1187_F:TER:FR:Line::6973a1d6-1ab5-447c-b47e-d20af934f64d::87583005:87581009:11:2009:20260621,865039,0.0,36632,
FR:Line::6973a1d6-1ab5-447c-b47e-d20af934f64d:,9229,OCESN865039F1187_F:TER:FR:Line::6973a1d6-1ab5-447c-b47e-d20af934f64d::87583005:87581009:11:2011:20260517,865039,0.0,36633,
FR:Line::6973a1d6-1ab5-447c-b47e-d20af934f64d:,2529,OCESN865039F1187_F:TER:FR:Line::6973a1d6-1ab5-447c-b47e-d20af934f64d::87583005:87581009:10:2009:20260831,865039,0.0,36634,
FR:Line::6973a1d6-1ab5-447c-b47e-d20af934f64d:,9230,OCESN865039F1187_F:TER:FR:Line::6973a1d6-1ab5-447c-b47e-d20af934f64d::87583005:87581009:11:2011:20260329,865039,0.0,36635,
FR:Line::6831fb72-94d3-417c-915f-b9656db78b1a:,1,OCESN865040F1187_F:TER:FR:Line::6831fb72-94d3-417c-915f-b9656db78b1a::87581009:87584052:7:703:20260828,865040,0.0,36636,
FR:Line::6831fb72-94d3-417c-915f-b9656db78b1a:,48,OCESN865051F1187_F:TER:FR:Line::6831fb72-94d3-417c-915f-b9656db78b1a::87584052:87581009:5:1731:20260515,865051,1.0,36637,
FR:Line::6831fb72-94d3-417c-915f-b9656db78b1a:,926,OCESN865051F1187_F:TER:FR:Line::6831fb72-94d3-417c-915f-b9656db78b1a::87584052:87581009:7:1730:20260703,865051,1.0,36638,
FR:Line::6831fb72-94d3-417c-915f-b9656db78b1a:,947,OCESN865051F1187_F:TER:FR:Line::6831fb72-94d3-417c-915f-b9656db78b1a::87584052:87581009:7:1731:20260424,865051,1.0,36639,
FR:Line::6831fb72-94d3-417c-915f-b9656db78b1a:,371,OCESN865051F1187_F:TER:FR:Line::6831fb72-94d3-417c-915f-b9656db78b1a::87584052:87581009:7:1730:20260417,865051,1.0,36640,
FR:Line::6831fb72-94d3-417c-915f-b9656db78b1a:,347,OCESN865051F1187_F:TER:FR:Line::6831fb72-94d3-417c-915f-b9656db78b1a::87584052:87581009:6:1730:20260619,865051,1.0,36641,
FR:Line::6831fb72-94d3-417c-915f-b9656db78b1a:,3863,OCESN865051F1187_F:TER:FR:Line::6831fb72-94d3-417c-915f-b9656db78b1a::87584052:87581009:6:1731:20260513,865051,1.0,36642,
FR:Line::6831fb72-94d3-417c-915f-b9656db78b1a:,9231,OCESN865051F1187_F:TER:FR:Line::6831fb72-94d3-417c-915f-b9656db78b1a::87584052:87581009:8:1730:20260831,865051,1.0,36643,
FR:Line::6831fb72-94d3-417c-915f-b9656db78b1a:,9232,OCESN865071F1187_F:TER:FR:Line::6831fb72-94d3-417c-915f-b9656db78b1a::87584052:87581009:7:2227:20260828,865071,1.0,36644,
FR:Line::6831fb72-94d3-417c-915f-b9656db78b1a:,228,OCESN865071F1187_F:TER:FR:Line::6831fb72-94d3-417c-915f-b9656db78b1a::87584052:87581009:8:2227:20260829,865071,1.0,36645,
FR:Line::c89f00c3-5bb6-4806-b9a0-44724544e64b:,2011,OCESN865101F1187_F:TER:FR:Line::c89f00c3-5bb6-4806-b9a0-44724544e64b::87491209:87581009:10:650:20260410,865101,0.0,36649,
FR:Line::c89f00c3-5bb6-4806-b9a0-44724544e64b:,9234,OCESN865101F1187_F:TER:FR:Line::c89f00c3-5bb6-4806-b9a0-44724544e64b::87491209:87581009:10:651:20260831,865101,0.0,36650,
FR:Line::c89f00c3-5bb6-4806-b9a0-44724544e64b:,1236,OCESN865102F1187_F:TER:FR:Line::c89f00c3-5bb6-4806-b9a0-44724544e64b::87581009:87491209:10:652:20260831,865102,1.0,36651,
FR:Line::c89f00c3-5bb6-4806-b9a0-44724544e64b:,46,OCESN865103F1187_F:TER:FR:Line::c89f00c3-5bb6-4806-b9a0-44724544e64b::87491209:87581009:10:713:20260831,865103,0.0,36652,
FR:Line::c89f00c3-5bb6-4806-b9a0-44724544e64b:,1236,OCESN865104F1187_F:TER:FR:Line::c89f00c3-5bb6-4806-b9a0-44724544e64b::87581009:87491209:10:752:20260831,865104,1.0,36653,
FR:Line::c89f00c3-5bb6-4806-b9a0-44724544e64b:,1236,OCESN865105F1187_F:TER:FR:Line::c89f00c3-5bb6-4806-b9a0-44724544e64b::87491209:87581009:10:751:20260831,865105,0.0,36654,
FR:Line::c89f00c3-5bb6-4806-b9a0-44724544e64b:,1236,OCESN865106F1187_F:TER:FR:Line::c89f00c3-5bb6-4806-b9a0-44724544e64b::87581009:87491209:10:852:20260831,865106,1.0,36655,
FR:Line::c89f00c3-5bb6-4806-b9a0-44724544e64b:,46,OCESN865107F1187_F:TER:FR:Line::c89f00c3-5bb6-4806-b9a0-44724544e64b::87491209:87581009:10:829:20260831,865107,0.0,36656,
FR:Line::c89f00c3-5bb6-4806-b9a0-44724544e64b:,9235,OCESN865109F1187_F:TER:FR:Line::c89f00c3-5bb6-4806-b9a0-44724544e64b::87491209:87581009:10:853:20260515,865109,0.0,36657,
FR:Line::c89f00c3-5bb6-4806-b9a0-44724544e64b:,9236,OCESN865109F1187_F:TER:FR:Line::c89f00c3-5bb6-4806-b9a0-44724544e64b::87491209:87581009:10:851:20260831,865109,0.0,36658,
FR:Line::c89f00c3-5bb6-4806-b9a0-44724544e64b:,1236,OCESN865110F1187_F:TER:FR:Line::c89f00c3-5bb6-4806-b9a0-44724544e64b::87581009:87491209:10:1052:20260831,865110,1.0,36659,
FR:Line::c89f00c3-5bb6-4806-b9a0-44724544e64b:,1236,OCESN865112F1187_F:TER:FR:Line::c89f00c3-5bb6-4806-b9a0-44724544e64b::87581009:87491209:10:1152:20260831,865112,1.0,36660,
FR:Line::c89f00c3-5bb6-4806-b9a0-44724544e64b:,1236,OCESN865113F1187_F:TER:FR:Line::c89f00c3-5bb6-4806-b9a0-44724544e64b::87491209:87581009:10:951:20260831,865113,0.0,36661,
FR:Line::c89f00c3-5bb6-4806-b9a0-44724544e64b:,0,OCESN865114F1187_F:TER:FR:Line::c89f00c3-5bb6-4806-b9a0-44724544e64b::87581009:87491209:10:1252:20260831,865114,1.0,36662,
FR:Line::c89f00c3-5bb6-4806-b9a0-44724544e64b:,1236,OCESN865117F1187_F:TER:FR:Line::c89f00c3-5bb6-4806-b9a0-44724544e64b::87491209:87581009:10:1151:20260831,865117,0.0,36663,
FR:Line::c89f00c3-5bb6-4806-b9a0-44724544e64b:,1236,OCESN865118F1187_F:TER:FR:Line::c89f00c3-5bb6-4806-b9a0-44724544e64b::87581009:87491209:10:1452:20260831,865118,1.0,36664,
FR:Line::c89f00c3-5bb6-4806-b9a0-44724544e64b:,0,OCESN865120F1187_F:TER:FR:Line::c89f00c3-5bb6-4806-b9a0-44724544e64b::87581009:87491209:10:1552:20260831,865120,1.0,36665,
FR:Line::c89f00c3-5bb6-4806-b9a0-44724544e64b:,1236,OCESN865121F1187_F:TER:FR:Line::c89f00c3-5bb6-4806-b9a0-44724544e64b::87491209:87581009:10:1251:20260831,865121,0.0,36666,
FR:Line::c89f00c3-5bb6-4806-b9a0-44724544e64b:,1236,OCESN865122F1187_F:TER:FR:Line::c89f00c3-5bb6-4806-b9a0-44724544e64b::87581009:87491209:10:1652:20260831,865122,1.0,36667,
FR:Line::c89f00c3-5bb6-4806-b9a0-44724544e64b:,1449,OCESN865123F1187_F:TER:FR:Line::c89f00c3-5bb6-4806-b9a0-44724544e64b::87491209:87581009:10:1451:20260830,865123,0.0,36668,
FR:Line::c89f00c3-5bb6-4806-b9a0-44724544e64b:,1236,OCESN865125F1187_F:TER:FR:Line::c89f00c3-5bb6-4806-b9a0-44724544e64b::87491209:87581009:10:1351:20260831,865125,0.0,36669,
FR:Line::c89f00c3-5bb6-4806-b9a0-44724544e64b:,1236,OCESN865126F1187_F:TER:FR:Line::c89f00c3-5bb6-4806-b9a0-44724544e64b::87581009:87491209:10:1752:20260831,865126,1.0,36670,
FR:Line::c89f00c3-5bb6-4806-b9a0-44724544e64b:,1236,OCESN865127F1187_F:TER:FR:Line::c89f00c3-5bb6-4806-b9a0-44724544e64b::87491209:87581009:10:1551:20260831,865127,0.0,36671,
FR:Line::c89f00c3-5bb6-4806-b9a0-44724544e64b:,1236,OCESN865128F1187_F:TER:FR:Line::c89f00c3-5bb6-4806-b9a0-44724544e64b::87581009:87491209:10:1817:20260831,865128,1.0,36672,
FR:Line::c89f00c3-5bb6-4806-b9a0-44724544e64b:,0,OCESN865129F1187_F:TER:FR:Line::c89f00c3-5bb6-4806-b9a0-44724544e64b::87491209:87581009:10:1651:20260831,865129,0.0,36673,
FR:Line::c89f00c3-5bb6-4806-b9a0-44724544e64b:,0,OCESN865130F1187_F:TER:FR:Line::c89f00c3-5bb6-4806-b9a0-44724544e64b::87581009:87491209:10:1853:20260831,865130,1.0,36674,
FR:Line::c89f00c3-5bb6-4806-b9a0-44724544e64b:,1236,OCESN865133F1187_F:TER:FR:Line::c89f00c3-5bb6-4806-b9a0-44724544e64b::87491209:87581009:10:1751:20260831,865133,0.0,36675,
FR:Line::c89f00c3-5bb6-4806-b9a0-44724544e64b:,1236,OCESN865134F1187_F:TER:FR:Line::c89f00c3-5bb6-4806-b9a0-44724544e64b::87581009:87491209:10:1952:20260831,865134,1.0,36676,
FR:Line::c89f00c3-5bb6-4806-b9a0-44724544e64b:,1236,OCESN865137F1187_F:TER:FR:Line::c89f00c3-5bb6-4806-b9a0-44724544e64b::87491209:87581009:10:1851:20260831,865137,0.0,36677,
FR:Line::c89f00c3-5bb6-4806-b9a0-44724544e64b:,0,OCESN865138F1187_F:TER:FR:Line::c89f00c3-5bb6-4806-b9a0-44724544e64b::87581009:87491209:10:2052:20260831,865138,1.0,36678,
FR:Line::c89f00c3-5bb6-4806-b9a0-44724544e64b:,9237,OCESN865139F1187_F:TER:FR:Line::c89f00c3-5bb6-4806-b9a0-44724544e64b::87491209:87581009:10:1953:20260831,865139,0.0,36679,
FR:Line::c89f00c3-5bb6-4806-b9a0-44724544e64b:,3557,OCESN865139F1187_F:TER:FR:Line::c89f00c3-5bb6-4806-b9a0-44724544e64b::87491209:87581009:10:1953:20260308,865139,0.0,36680,
FR:Line::c89f00c3-5bb6-4806-b9a0-44724544e64b:,1236,OCESN865140F1187_F:TER:FR:Line::c89f00c3-5bb6-4806-b9a0-44724544e64b::87581009:87491209:10:2152:20260831,865140,1.0,36681,
FR:Line::c89f00c3-5bb6-4806-b9a0-44724544e64b:,1236,OCESN865141F1187_F:TER:FR:Line::c89f00c3-5bb6-4806-b9a0-44724544e64b::87491209:87581009:10:2051:20260831,865141,0.0,36682,
FR:Line::fe22a529-93ed-4301-8a97-e1c5e11abfa1:,9239,OCESN865202F1187_F:TER:FR:Line::fe22a529-93ed-4301-8a97-e1c5e11abfa1::87581009:87594499:21:931:20260703,865202,1.0,36686,
FR:Line::fe22a529-93ed-4301-8a97-e1c5e11abfa1:,2011,OCESN865202F1187_F:TER:FR:Line::fe22a529-93ed-4301-8a97-e1c5e11abfa1::87581009:87594002:18:900:20260410,865202,1.0,36687,
FR:Line::fe22a529-93ed-4301-8a97-e1c5e11abfa1:,2092,OCESN865202F1187_F:TER:FR:Line::fe22a529-93ed-4301-8a97-e1c5e11abfa1::87581009:87594002:18:900:20260409,865202,1.0,36688,
FR:Line::fe22a529-93ed-4301-8a97-e1c5e11abfa1:,9240,OCESN865202F1187_F:TER:FR:Line::fe22a529-93ed-4301-8a97-e1c5e11abfa1::87581009:87594499:21:931:20260515,865202,1.0,36689,
FR:Line::fe22a529-93ed-4301-8a97-e1c5e11abfa1:,1243,OCESN865202F1187_F:TER:FR:Line::fe22a529-93ed-4301-8a97-e1c5e11abfa1::87581009:87594499:21:931:20260731,865202,1.0,36690,
FR:Line::fe22a529-93ed-4301-8a97-e1c5e11abfa1:,9241,OCESN865202F1187_F:TER:FR:Line::fe22a529-93ed-4301-8a97-e1c5e11abfa1::87581009:87594499:21:931:20260831,865202,1.0,36691,
FR:Line::fe22a529-93ed-4301-8a97-e1c5e11abfa1:,784,OCESN865202F1187_F:TER:FR:Line::fe22a529-93ed-4301-8a97-e1c5e11abfa1::87581009:87594002:18:859:20260417,865202,1.0,36692,
FR:Line::fe22a529-93ed-4301-8a97-e1c5e11abfa1:,948,OCESN865202F1187_F:TER:FR:Line::fe22a529-93ed-4301-8a97-e1c5e11abfa1::87581009:87595009:13:759:20260320,865202,1.0,36693,
FR:Line::fe22a529-93ed-4301-8a97-e1c5e11abfa1:,233,OCESN865204F1187_F:TER:FR:Line::fe22a529-93ed-4301-8a97-e1c5e11abfa1::87581009:87594499:17:1117:20260411,865204,1.0,36694,
FR:Line::fe22a529-93ed-4301-8a97-e1c5e11abfa1:,9242,OCESN865204F1187_F:TER:FR:Line::fe22a529-93ed-4301-8a97-e1c5e11abfa1::87581009:87594499:17:1117:20260516,865204,1.0,36695,
FR:Line::fe22a529-93ed-4301-8a97-e1c5e11abfa1:,5599,OCESN865204F1187_F:TER:FR:Line::fe22a529-93ed-4301-8a97-e1c5e11abfa1::87584052:87594499:15:1117:20260530,865204,1.0,36696,
FR:Line::fe22a529-93ed-4301-8a97-e1c5e11abfa1:,5508,OCESN865204F1187_F:TER:FR:Line::fe22a529-93ed-4301-8a97-e1c5e11abfa1::87581009:87594499:17:1117:20260725,865204,1.0,36697,
FR:Line::fe22a529-93ed-4301-8a97-e1c5e11abfa1:,9243,OCESN865204F1187_F:TER:FR:Line::fe22a529-93ed-4301-8a97-e1c5e11abfa1::87581009:87594499:17:1117:20260829,865204,1.0,36698,
FR:Line::fe22a529-93ed-4301-8a97-e1c5e11abfa1:,227,OCESN865204F1187_F:TER:FR:Line::fe22a529-93ed-4301-8a97-e1c5e11abfa1::87581009:87595009:10:952:20260321,865204,1.0,36699,
FR:Line::fe22a529-93ed-4301-8a97-e1c5e11abfa1:,752,OCESN865206F1187_F:TER:FR:Line::fe22a529-93ed-4301-8a97-e1c5e11abfa1::87594002:87581009:15:800:20260410,865206,0.0,36700,
FR:Line::fe22a529-93ed-4301-8a97-e1c5e11abfa1:,9244,OCESN865206F1187_F:TER:FR:Line::fe22a529-93ed-4301-8a97-e1c5e11abfa1::87594002:87581009:15:800:20260515,865206,0.0,36701,
FR:Line::fe22a529-93ed-4301-8a97-e1c5e11abfa1:,948,OCESN865206F1187_F:TER:FR:Line::fe22a529-93ed-4301-8a97-e1c5e11abfa1::87595009:87581009:11:759:20260320,865206,0.0,36702,
FR:Line::fe22a529-93ed-4301-8a97-e1c5e11abfa1:,5758,OCESN865206F1187_F:TER:FR:Line::fe22a529-93ed-4301-8a97-e1c5e11abfa1::87594002:87581009:15:759:20260831,865206,0.0,36703,
FR:Line::fe22a529-93ed-4301-8a97-e1c5e11abfa1:,233,OCESN865208F1187_F:TER:FR:Line::fe22a529-93ed-4301-8a97-e1c5e11abfa1::87594499:87581009:17:959:20260411,865208,0.0,36704,
FR:Line::fe22a529-93ed-4301-8a97-e1c5e11abfa1:,5599,OCESN865208F1187_F:TER:FR:Line::fe22a529-93ed-4301-8a97-e1c5e11abfa1::87594499:87584052:15:932:20260530,865208,0.0,36705,
FR:Line::fe22a529-93ed-4301-8a97-e1c5e11abfa1:,5508,OCESN865208F1187_F:TER:FR:Line::fe22a529-93ed-4301-8a97-e1c5e11abfa1::87594499:87581009:17:958:20260725,865208,0.0,36706,
FR:Line::fe22a529-93ed-4301-8a97-e1c5e11abfa1:,227,OCESN865208F1187_F:TER:FR:Line::fe22a529-93ed-4301-8a97-e1c5e11abfa1::87595009:87581009:10:958:20260321,865208,0.0,36707,
FR:Line::fe22a529-93ed-4301-8a97-e1c5e11abfa1:,9245,OCESN865208F1187_F:TER:FR:Line::fe22a529-93ed-4301-8a97-e1c5e11abfa1::87594499:87581009:17:958:20260829,865208,0.0,36708,
FR:Line::fe22a529-93ed-4301-8a97-e1c5e11abfa1:,9239,OCESN865214F1187_F:TER:FR:Line::fe22a529-93ed-4301-8a97-e1c5e11abfa1::87581009:87594499:17:1520:20260703,865214,1.0,36709,
FR:Line::fe22a529-93ed-4301-8a97-e1c5e11abfa1:,752,OCESN865214F1187_F:TER:FR:Line::fe22a529-93ed-4301-8a97-e1c5e11abfa1::87581009:87595009:10:1355:20260410,865214,1.0,36710,
FR:Line::fe22a529-93ed-4301-8a97-e1c5e11abfa1:,9246,OCESN865214F1187_F:TER:FR:Line::fe22a529-93ed-4301-8a97-e1c5e11abfa1::87581009:87594499:17:1520:20260515,865214,1.0,36711,
FR:Line::fe22a529-93ed-4301-8a97-e1c5e11abfa1:,9241,OCESN865214F1187_F:TER:FR:Line::fe22a529-93ed-4301-8a97-e1c5e11abfa1::87581009:87594499:17:1520:20260831,865214,1.0,36712,
FR:Line::fe22a529-93ed-4301-8a97-e1c5e11abfa1:,1243,OCESN865214F1187_F:TER:FR:Line::fe22a529-93ed-4301-8a97-e1c5e11abfa1::87581009:87594499:17:1520:20260731,865214,1.0,36713,
FR:Line::fe22a529-93ed-4301-8a97-e1c5e11abfa1:,1748,OCESN865214F1187_F:TER:FR:Line::fe22a529-93ed-4301-8a97-e1c5e11abfa1::87581009:87595009:10:1353:20260424,865214,1.0,36714,
FR:Line::fe22a529-93ed-4301-8a97-e1c5e11abfa1:,948,OCESN865214F1187_F:TER:FR:Line::fe22a529-93ed-4301-8a97-e1c5e11abfa1::87581009:87595009:10:1353:20260320,865214,1.0,36715,
FR:Line::fe22a529-93ed-4301-8a97-e1c5e11abfa1:,48,OCESN865216F1187_F:TER:FR:Line::fe22a529-93ed-4301-8a97-e1c5e11abfa1::87594499:87581009:17:1336:20260515,865216,0.0,36716,
FR:Line::fe22a529-93ed-4301-8a97-e1c5e11abfa1:,3863,OCESN865216F1187_F:TER:FR:Line::fe22a529-93ed-4301-8a97-e1c5e11abfa1::87594499:87581009:17:1336:20260513,865216,0.0,36717,
FR:Line::fe22a529-93ed-4301-8a97-e1c5e11abfa1:,752,OCESN865216F1187_F:TER:FR:Line::fe22a529-93ed-4301-8a97-e1c5e11abfa1::87595009:87581009:10:1333:20260410,865216,0.0,36718,
FR:Line::fe22a529-93ed-4301-8a97-e1c5e11abfa1:,784,OCESN865216F1187_F:TER:FR:Line::fe22a529-93ed-4301-8a97-e1c5e11abfa1::87595009:87581009:10:1333:20260417,865216,0.0,36719,
FR:Line::fe22a529-93ed-4301-8a97-e1c5e11abfa1:,947,OCESN865216F1187_F:TER:FR:Line::fe22a529-93ed-4301-8a97-e1c5e11abfa1::87595009:87581009:10:1336:20260424,865216,0.0,36720,
FR:Line::fe22a529-93ed-4301-8a97-e1c5e11abfa1:,2654,OCESN865216F1187_F:TER:FR:Line::fe22a529-93ed-4301-8a97-e1c5e11abfa1::87594499:87581009:17:1333:20260403,865216,0.0,36721,
FR:Line::fe22a529-93ed-4301-8a97-e1c5e11abfa1:,1243,OCESN865216F1187_F:TER:FR:Line::fe22a529-93ed-4301-8a97-e1c5e11abfa1::87594499:87581009:17:1331:20260731,865216,0.0,36722,
FR:Line::fe22a529-93ed-4301-8a97-e1c5e11abfa1:,948,OCESN865216F1187_F:TER:FR:Line::fe22a529-93ed-4301-8a97-e1c5e11abfa1::87595009:87581009:10:1331:20260320,865216,0.0,36723,
FR:Line::fe22a529-93ed-4301-8a97-e1c5e11abfa1:,9247,OCESN865216F1187_F:TER:FR:Line::fe22a529-93ed-4301-8a97-e1c5e11abfa1::87594499:87581009:17:1331:20260831,865216,0.0,36724,
FR:Line::fe22a529-93ed-4301-8a97-e1c5e11abfa1:,2092,OCESN865226F1187_F:TER:FR:Line::fe22a529-93ed-4301-8a97-e1c5e11abfa1::87594002:87581009:16:1940:20260409,865226,0.0,36725,
FR:Line::fe22a529-93ed-4301-8a97-e1c5e11abfa1:,9248,OCESN865226F1187_F:TER:FR:Line::fe22a529-93ed-4301-8a97-e1c5e11abfa1::87594002:87584052:14:1916:20260531,865226,0.0,36726,
FR:Line::fe22a529-93ed-4301-8a97-e1c5e11abfa1:,9249,OCESN865226F1187_F:TER:FR:Line::fe22a529-93ed-4301-8a97-e1c5e11abfa1::87594002:87581009:16:1942:20260412,865226,0.0,36727,
FR:Line::fe22a529-93ed-4301-8a97-e1c5e11abfa1:,9250,OCESN865226F1187_F:TER:FR:Line::fe22a529-93ed-4301-8a97-e1c5e11abfa1::87594002:87581009:16:1939:20260512,865226,0.0,36728,
FR:Line::fe22a529-93ed-4301-8a97-e1c5e11abfa1:,9251,OCESN865226F1187_F:TER:FR:Line::fe22a529-93ed-4301-8a97-e1c5e11abfa1::87594002:87581009:16:1941:20260517,865226,0.0,36729,
FR:Line::fe22a529-93ed-4301-8a97-e1c5e11abfa1:,9252,OCESN865226F1187_F:TER:FR:Line::fe22a529-93ed-4301-8a97-e1c5e11abfa1::87594002:87581009:16:1940:20260830,865226,0.0,36730,
FR:Line::fe22a529-93ed-4301-8a97-e1c5e11abfa1:,1334,OCESN865226F1187_F:TER:FR:Line::fe22a529-93ed-4301-8a97-e1c5e11abfa1::87595009:87581009:12:1939:20260319,865226,0.0,36731,
FR:Line::fe22a529-93ed-4301-8a97-e1c5e11abfa1:,9253,OCESN865226F1187_F:TER:FR:Line::fe22a529-93ed-4301-8a97-e1c5e11abfa1::87594002:87581009:16:1938:20260831,865226,0.0,36732,
FR:Line::fe22a529-93ed-4301-8a97-e1c5e11abfa1:,9254,OCESN865226F1187_F:TER:FR:Line::fe22a529-93ed-4301-8a97-e1c5e11abfa1::87595009:87581009:12:1940:20260321,865226,0.0,36733,
FR:Line::fe22a529-93ed-4301-8a97-e1c5e11abfa1:,9239,OCESN865230F1187_F:TER:FR:Line::fe22a529-93ed-4301-8a97-e1c5e11abfa1::87581009:87594002:14:2023:20260703,865230,1.0,36734,
FR:Line::fe22a529-93ed-4301-8a97-e1c5e11abfa1:,9244,OCESN865230F1187_F:TER:FR:Line::fe22a529-93ed-4301-8a97-e1c5e11abfa1::87581009:87594002:14:2023:20260515,865230,1.0,36735,
FR:Line::fe22a529-93ed-4301-8a97-e1c5e11abfa1:,2379,OCESN865230F1187_F:TER:FR:Line::fe22a529-93ed-4301-8a97-e1c5e11abfa1::87581009:87594002:14:2023:20260831,865230,1.0,36736,
FR:Line::fe22a529-93ed-4301-8a97-e1c5e11abfa1:,752,OCESN865230F1187_F:TER:FR:Line::fe22a529-93ed-4301-8a97-e1c5e11abfa1::87581009:87594002:14:2023:20260410,865230,1.0,36737,
FR:Line::fe22a529-93ed-4301-8a97-e1c5e11abfa1:,948,OCESN865230F1187_F:TER:FR:Line::fe22a529-93ed-4301-8a97-e1c5e11abfa1::87581009:87595009:10:1922:20260320,865230,1.0,36738,
FR:Line::fe22a529-93ed-4301-8a97-e1c5e11abfa1:,9255,OCESN865232F1187_F:TER:FR:Line::fe22a529-93ed-4301-8a97-e1c5e11abfa1::87581009:87594002:14:2146:20260705,865232,1.0,36739,
FR:Line::fe22a529-93ed-4301-8a97-e1c5e11abfa1:,102,OCESN865232F1187_F:TER:FR:Line::fe22a529-93ed-4301-8a97-e1c5e11abfa1::87584052:87594002:12:2146:20260531,865232,1.0,36740,
FR:Line::fe22a529-93ed-4301-8a97-e1c5e11abfa1:,2014,OCESN865232F1187_F:TER:FR:Line::fe22a529-93ed-4301-8a97-e1c5e11abfa1::87581009:87594002:14:2149:20260412,865232,1.0,36741,
FR:Line::fe22a529-93ed-4301-8a97-e1c5e11abfa1:,9256,OCESN865232F1187_F:TER:FR:Line::fe22a529-93ed-4301-8a97-e1c5e11abfa1::87581009:87594002:14:2147:20260517,865232,1.0,36742,
FR:Line::fe22a529-93ed-4301-8a97-e1c5e11abfa1:,1652,OCESN865232F1187_F:TER:FR:Line::fe22a529-93ed-4301-8a97-e1c5e11abfa1::87581009:87594002:14:2147:20260830,865232,1.0,36743,
FR:Line::fe22a529-93ed-4301-8a97-e1c5e11abfa1:,86,OCESN865232F1187_F:TER:FR:Line::fe22a529-93ed-4301-8a97-e1c5e11abfa1::87581009:87595009:10:2049:20260315,865232,1.0,36744,
FR:Line::fe22a529-93ed-4301-8a97-e1c5e11abfa1:,9257,OCESN865234F1187_F:TER:FR:Line::fe22a529-93ed-4301-8a97-e1c5e11abfa1::87581009:87594002:14:2246:20260704,865234,1.0,36745,
FR:Line::fe22a529-93ed-4301-8a97-e1c5e11abfa1:,233,OCESN865234F1187_F:TER:FR:Line::fe22a529-93ed-4301-8a97-e1c5e11abfa1::87581009:87594002:14:2247:20260411,865234,1.0,36746,
FR:Line::fe22a529-93ed-4301-8a97-e1c5e11abfa1:,9258,OCESN865234F1187_F:TER:FR:Line::fe22a529-93ed-4301-8a97-e1c5e11abfa1::87581009:87594002:14:2246:20260516,865234,1.0,36747,
FR:Line::fe22a529-93ed-4301-8a97-e1c5e11abfa1:,8027,OCESN865234F1187_F:TER:FR:Line::fe22a529-93ed-4301-8a97-e1c5e11abfa1::87584052:87594002:12:2246:20260530,865234,1.0,36748,
FR:Line::fe22a529-93ed-4301-8a97-e1c5e11abfa1:,3648,OCESN865234F1187_F:TER:FR:Line::fe22a529-93ed-4301-8a97-e1c5e11abfa1::87581009:87594002:14:2246:20260829,865234,1.0,36749,
FR:Line::fe22a529-93ed-4301-8a97-e1c5e11abfa1:,227,OCESN865234F1187_F:TER:FR:Line::fe22a529-93ed-4301-8a97-e1c5e11abfa1::87581009:87595009:10:2149:20260321,865234,1.0,36750,
FR:Line::4f784834-828d-4bbf-a65d-d21599ce8dc2:,752,OCESN865301F1187_F:TER:FR:Line::4f784834-828d-4bbf-a65d-d21599ce8dc2::87595009:87581009:10:615:20260410,865301,0.0,36751,
FR:Line::4f784834-828d-4bbf-a65d-d21599ce8dc2:,9259,OCESN865301F1187_F:TER:FR:Line::4f784834-828d-4bbf-a65d-d21599ce8dc2::87595009:87581009:10:616:20260515,865301,0.0,36752,
FR:Line::4f784834-828d-4bbf-a65d-d21599ce8dc2:,9260,OCESN865301F1187_F:TER:FR:Line::4f784834-828d-4bbf-a65d-d21599ce8dc2::87595009:87581009:10:614:20260831,865301,0.0,36753,
FR:Line::4f784834-828d-4bbf-a65d-d21599ce8dc2:,11,OCESN865301F1187_F:TER:FR:Line::4f784834-828d-4bbf-a65d-d21599ce8dc2::87595009:87581009:10:616:20260306,865301,0.0,36754,
FR:Line::4f784834-828d-4bbf-a65d-d21599ce8dc2:,50,OCESN865303F1187_F:TER:FR:Line::4f784834-828d-4bbf-a65d-d21599ce8dc2::87595009:87584052:8:633:20260509,865303,0.0,36755,
FR:Line::4f784834-828d-4bbf-a65d-d21599ce8dc2:,9261,OCESN865303F1187_F:TER:FR:Line::4f784834-828d-4bbf-a65d-d21599ce8dc2::87595009:87581009:10:659:20260411,865303,0.0,36756,
FR:Line::4f784834-828d-4bbf-a65d-d21599ce8dc2:,9262,OCESN865303F1187_F:TER:FR:Line::4f784834-828d-4bbf-a65d-d21599ce8dc2::87595009:87581009:10:659:20260831,865303,0.0,36757,
FR:Line::4f784834-828d-4bbf-a65d-d21599ce8dc2:,9263,OCESN865303F1187_F:TER:FR:Line::4f784834-828d-4bbf-a65d-d21599ce8dc2::87595009:87581009:10:659:20260516,865303,0.0,36758,
FR:Line::4f784834-828d-4bbf-a65d-d21599ce8dc2:,752,OCESN865305F1187_F:TER:FR:Line::4f784834-828d-4bbf-a65d-d21599ce8dc2::87595009:87581009:11:729:20260410,865305,0.0,36759,
FR:Line::4f784834-828d-4bbf-a65d-d21599ce8dc2:,9264,OCESN865305F1187_F:TER:FR:Line::4f784834-828d-4bbf-a65d-d21599ce8dc2::87595009:87581009:11:729:20260515,865305,0.0,36760,
FR:Line::4f784834-828d-4bbf-a65d-d21599ce8dc2:,5758,OCESN865305F1187_F:TER:FR:Line::4f784834-828d-4bbf-a65d-d21599ce8dc2::87595009:87581009:11:728:20260831,865305,0.0,36761,
FR:Line::4f784834-828d-4bbf-a65d-d21599ce8dc2:,9239,OCESN865306F1187_F:TER:FR:Line::4f784834-828d-4bbf-a65d-d21599ce8dc2::87581009:87595009:10:945:20260703,865306,1.0,36762,
FR:Line::4f784834-828d-4bbf-a65d-d21599ce8dc2:,752,OCESN865306F1187_F:TER:FR:Line::4f784834-828d-4bbf-a65d-d21599ce8dc2::87581009:87595009:10:950:20260410,865306,1.0,36763,
FR:Line::4f784834-828d-4bbf-a65d-d21599ce8dc2:,2379,OCESN865306F1187_F:TER:FR:Line::4f784834-828d-4bbf-a65d-d21599ce8dc2::87581009:87595009:10:947:20260831,865306,1.0,36764,
FR:Line::4f784834-828d-4bbf-a65d-d21599ce8dc2:,9264,OCESN865306F1187_F:TER:FR:Line::4f784834-828d-4bbf-a65d-d21599ce8dc2::87581009:87595009:10:948:20260515,865306,1.0,36765,
FR:Line::4f784834-828d-4bbf-a65d-d21599ce8dc2:,233,OCESN865307F1187_F:TER:FR:Line::4f784834-828d-4bbf-a65d-d21599ce8dc2::87595009:87581009:10:728:20260411,865307,0.0,36766,
FR:Line::4f784834-828d-4bbf-a65d-d21599ce8dc2:,50,OCESN865307F1187_F:TER:FR:Line::4f784834-828d-4bbf-a65d-d21599ce8dc2::87595009:87584052:8:703:20260509,865307,0.0,36767,
FR:Line::4f784834-828d-4bbf-a65d-d21599ce8dc2:,9265,OCESN865307F1187_F:TER:FR:Line::4f784834-828d-4bbf-a65d-d21599ce8dc2::87595009:87581009:10:728:20260516,865307,0.0,36768,
FR:Line::4f784834-828d-4bbf-a65d-d21599ce8dc2:,9266,OCESN865307F1187_F:TER:FR:Line::4f784834-828d-4bbf-a65d-d21599ce8dc2::87595009:87581009:10:727:20260829,865307,0.0,36769,
FR:Line::4f784834-828d-4bbf-a65d-d21599ce8dc2:,215,OCESN865309F1187_F:TER:FR:Line::4f784834-828d-4bbf-a65d-d21599ce8dc2::87595009:87581009:10:858:20260407,865309,0.0,36770,
FR:Line::4f784834-828d-4bbf-a65d-d21599ce8dc2:,4857,OCESN865309F1187_F:TER:FR:Line::4f784834-828d-4bbf-a65d-d21599ce8dc2::87595009:87581009:10:858:20260410,865309,0.0,36771,
FR:Line::4f784834-828d-4bbf-a65d-d21599ce8dc2:,9267,OCESN865309F1187_F:TER:FR:Line::4f784834-828d-4bbf-a65d-d21599ce8dc2::87595009:87581009:10:858:20260831,865309,0.0,36772,
FR:Line::4f784834-828d-4bbf-a65d-d21599ce8dc2:,3073,OCESN865309F1187_F:TER:FR:Line::4f784834-828d-4bbf-a65d-d21599ce8dc2::87595009:87581009:10:858:20260703,865309,0.0,36773,
FR:Line::4f784834-828d-4bbf-a65d-d21599ce8dc2:,9268,OCESN865309F1187_F:TER:FR:Line::4f784834-828d-4bbf-a65d-d21599ce8dc2::87595009:87581009:10:858:20260515,865309,0.0,36774,
FR:Line::4f784834-828d-4bbf-a65d-d21599ce8dc2:,9269,OCESN865310F1187_F:TER:FR:Line::4f784834-828d-4bbf-a65d-d21599ce8dc2::87581009:87595009:10:1150:20260705,865310,1.0,36775,
FR:Line::4f784834-828d-4bbf-a65d-d21599ce8dc2:,8030,OCESN865310F1187_F:TER:FR:Line::4f784834-828d-4bbf-a65d-d21599ce8dc2::87581009:87595009:10:1150:20260830,865310,1.0,36776,
FR:Line::4f784834-828d-4bbf-a65d-d21599ce8dc2:,2626,OCESN865310F1187_F:TER:FR:Line::4f784834-828d-4bbf-a65d-d21599ce8dc2::87581009:87595009:10:1151:20260412,865310,1.0,36777,
FR:Line::4f784834-828d-4bbf-a65d-d21599ce8dc2:,9270,OCESN865310F1187_F:TER:FR:Line::4f784834-828d-4bbf-a65d-d21599ce8dc2::87584052:87595009:8:1150:20260531,865310,1.0,36778,
FR:Line::4f784834-828d-4bbf-a65d-d21599ce8dc2:,9271,OCESN865310F1187_F:TER:FR:Line::4f784834-828d-4bbf-a65d-d21599ce8dc2::87581009:87595009:10:1150:20260517,865310,1.0,36779,
FR:Line::4f784834-828d-4bbf-a65d-d21599ce8dc2:,2300,OCESN865311F1187_F:TER:FR:Line::4f784834-828d-4bbf-a65d-d21599ce8dc2::87595009:87584052:8:909:20260531,865311,0.0,36780,
FR:Line::4f784834-828d-4bbf-a65d-d21599ce8dc2:,48,OCESN865311F1187_F:TER:FR:Line::4f784834-828d-4bbf-a65d-d21599ce8dc2::87595009:87581009:10:937:20260515,865311,0.0,36781,
FR:Line::4f784834-828d-4bbf-a65d-d21599ce8dc2:,9272,OCESN865311F1187_F:TER:FR:Line::4f784834-828d-4bbf-a65d-d21599ce8dc2::87595009:87581009:10:934:20260412,865311,0.0,36782,
FR:Line::4f784834-828d-4bbf-a65d-d21599ce8dc2:,9273,OCESN865311F1187_F:TER:FR:Line::4f784834-828d-4bbf-a65d-d21599ce8dc2::87595009:87581009:10:932:20260831,865311,0.0,36783,
FR:Line::4f784834-828d-4bbf-a65d-d21599ce8dc2:,9274,OCESN865311F1187_F:TER:FR:Line::4f784834-828d-4bbf-a65d-d21599ce8dc2::87595009:87581009:10:934:20260517,865311,0.0,36784,
FR:Line::4f784834-828d-4bbf-a65d-d21599ce8dc2:,9239,OCESN865312F1187_F:TER:FR:Line::4f784834-828d-4bbf-a65d-d21599ce8dc2::87581009:87595009:10:1248:20260703,865312,1.0,36785,
FR:Line::4f784834-828d-4bbf-a65d-d21599ce8dc2:,48,OCESN865312F1187_F:TER:FR:Line::4f784834-828d-4bbf-a65d-d21599ce8dc2::87581009:87595009:10:1247:20260515,865312,1.0,36786,
FR:Line::4f784834-828d-4bbf-a65d-d21599ce8dc2:,341,OCESN865312F1187_F:TER:FR:Line::4f784834-828d-4bbf-a65d-d21599ce8dc2::87581009:87595009:10:1253:20260513,865312,1.0,36787,
FR:Line::4f784834-828d-4bbf-a65d-d21599ce8dc2:,2379,OCESN865312F1187_F:TER:FR:Line::4f784834-828d-4bbf-a65d-d21599ce8dc2::87581009:87595009:10:1250:20260831,865312,1.0,36788,
FR:Line::4f784834-828d-4bbf-a65d-d21599ce8dc2:,752,OCESN865312F1187_F:TER:FR:Line::4f784834-828d-4bbf-a65d-d21599ce8dc2::87581009:87595009:10:1251:20260410,865312,1.0,36789,
FR:Line::4f784834-828d-4bbf-a65d-d21599ce8dc2:,9275,OCESN865312F1187_F:TER:FR:Line::4f784834-828d-4bbf-a65d-d21599ce8dc2::87581009:87595009:10:1250:20260417,865312,1.0,36790,
FR:Line::4f784834-828d-4bbf-a65d-d21599ce8dc2:,9261,OCESN865313F1187_F:TER:FR:Line::4f784834-828d-4bbf-a65d-d21599ce8dc2::87595009:87581009:10:1133:20260411,865313,0.0,36791,
FR:Line::4f784834-828d-4bbf-a65d-d21599ce8dc2:,5599,OCESN865313F1187_F:TER:FR:Line::4f784834-828d-4bbf-a65d-d21599ce8dc2::87595009:87584052:8:1107:20260530,865313,0.0,36792,
FR:Line::4f784834-828d-4bbf-a65d-d21599ce8dc2:,9263,OCESN865313F1187_F:TER:FR:Line::4f784834-828d-4bbf-a65d-d21599ce8dc2::87595009:87581009:10:1133:20260516,865313,0.0,36793,
FR:Line::4f784834-828d-4bbf-a65d-d21599ce8dc2:,9276,OCESN865313F1187_F:TER:FR:Line::4f784834-828d-4bbf-a65d-d21599ce8dc2::87595009:87581009:10:1131:20260831,865313,0.0,36794,
FR:Line::4f784834-828d-4bbf-a65d-d21599ce8dc2:,9277,OCESN865316F1187_F:TER:FR:Line::4f784834-828d-4bbf-a65d-d21599ce8dc2::87581009:87595009:10:1552:20260705,865316,1.0,36795,
FR:Line::4f784834-828d-4bbf-a65d-d21599ce8dc2:,106,OCESN865316F1187_F:TER:FR:Line::4f784834-828d-4bbf-a65d-d21599ce8dc2::87581009:87595009:10:1554:20260406,865316,1.0,36796,
FR:Line::4f784834-828d-4bbf-a65d-d21599ce8dc2:,9248,OCESN865316F1187_F:TER:FR:Line::4f784834-828d-4bbf-a65d-d21599ce8dc2::87584052:87595009:8:1552:20260531,865316,1.0,36797,
FR:Line::4f784834-828d-4bbf-a65d-d21599ce8dc2:,752,OCESN865316F1187_F:TER:FR:Line::4f784834-828d-4bbf-a65d-d21599ce8dc2::87581009:87595009:10:1555:20260410,865316,1.0,36798,
FR:Line::4f784834-828d-4bbf-a65d-d21599ce8dc2:,9278,OCESN865316F1187_F:TER:FR:Line::4f784834-828d-4bbf-a65d-d21599ce8dc2::87581009:87595009:10:1553:20260831,865316,1.0,36799,
FR:Line::4f784834-828d-4bbf-a65d-d21599ce8dc2:,790,OCESN865316F1187_F:TER:FR:Line::4f784834-828d-4bbf-a65d-d21599ce8dc2::87581009:87595009:10:1552:20260412,865316,1.0,36800,
FR:Line::4f784834-828d-4bbf-a65d-d21599ce8dc2:,9279,OCESN865316F1187_F:TER:FR:Line::4f784834-828d-4bbf-a65d-d21599ce8dc2::87581009:87595009:10:1554:20260517,865316,1.0,36801,
FR:Line::4f784834-828d-4bbf-a65d-d21599ce8dc2:,752,OCESN865319F1187_F:TER:FR:Line::4f784834-828d-4bbf-a65d-d21599ce8dc2::87595009:87581009:10:1443:20260410,865319,0.0,36802,
FR:Line::4f784834-828d-4bbf-a65d-d21599ce8dc2:,9264,OCESN865319F1187_F:TER:FR:Line::4f784834-828d-4bbf-a65d-d21599ce8dc2::87595009:87581009:10:1443:20260515,865319,0.0,36803,
FR:Line::4f784834-828d-4bbf-a65d-d21599ce8dc2:,5758,OCESN865319F1187_F:TER:FR:Line::4f784834-828d-4bbf-a65d-d21599ce8dc2::87595009:87581009:10:1443:20260831,865319,0.0,36804,
FR:Line::4f784834-828d-4bbf-a65d-d21599ce8dc2:,9239,OCESN865320F1187_F:TER:FR:Line::4f784834-828d-4bbf-a65d-d21599ce8dc2::87581009:87595009:10:1650:20260703,865320,1.0,36805,
FR:Line::4f784834-828d-4bbf-a65d-d21599ce8dc2:,752,OCESN865320F1187_F:TER:FR:Line::4f784834-828d-4bbf-a65d-d21599ce8dc2::87581009:87595009:10:1653:20260410,865320,1.0,36806,
FR:Line::4f784834-828d-4bbf-a65d-d21599ce8dc2:,2379,OCESN865320F1187_F:TER:FR:Line::4f784834-828d-4bbf-a65d-d21599ce8dc2::87581009:87595009:10:1652:20260831,865320,1.0,36807,
FR:Line::4f784834-828d-4bbf-a65d-d21599ce8dc2:,9264,OCESN865320F1187_F:TER:FR:Line::4f784834-828d-4bbf-a65d-d21599ce8dc2::87581009:87595009:10:1652:20260515,865320,1.0,36808,
FR:Line::4f784834-828d-4bbf-a65d-d21599ce8dc2:,9248,OCESN865321F1187_F:TER:FR:Line::4f784834-828d-4bbf-a65d-d21599ce8dc2::87595009:87584052:8:1509:20260531,865321,0.0,36809,
FR:Line::4f784834-828d-4bbf-a65d-d21599ce8dc2:,2626,OCESN865321F1187_F:TER:FR:Line::4f784834-828d-4bbf-a65d-d21599ce8dc2::87595009:87581009:10:1534:20260412,865321,0.0,36810,
FR:Line::4f784834-828d-4bbf-a65d-d21599ce8dc2:,9280,OCESN865321F1187_F:TER:FR:Line::4f784834-828d-4bbf-a65d-d21599ce8dc2::87595009:87581009:10:1534:20260517,865321,0.0,36811,
FR:Line::4f784834-828d-4bbf-a65d-d21599ce8dc2:,9281,OCESN865321F1187_F:TER:FR:Line::4f784834-828d-4bbf-a65d-d21599ce8dc2::87595009:87581009:10:1532:20260830,865321,0.0,36812,
FR:Line::4f784834-828d-4bbf-a65d-d21599ce8dc2:,752,OCESN865323F1187_F:TER:FR:Line::4f784834-828d-4bbf-a65d-d21599ce8dc2::87595009:87581009:10:1734:20260410,865323,0.0,36813,
FR:Line::4f784834-828d-4bbf-a65d-d21599ce8dc2:,9248,OCESN865323F1187_F:TER:FR:Line::4f784834-828d-4bbf-a65d-d21599ce8dc2::87595009:87584052:8:1710:20260531,865323,0.0,36814,
FR:Line::4f784834-828d-4bbf-a65d-d21599ce8dc2:,9282,OCESN865323F1187_F:TER:FR:Line::4f784834-828d-4bbf-a65d-d21599ce8dc2::87595009:87581009:10:1738:20260419,865323,0.0,36815,
FR:Line::4f784834-828d-4bbf-a65d-d21599ce8dc2:,9283,OCESN865323F1187_F:TER:FR:Line::4f784834-828d-4bbf-a65d-d21599ce8dc2::87595009:87581009:10:1738:20260517,865323,0.0,36816,
FR:Line::4f784834-828d-4bbf-a65d-d21599ce8dc2:,9281,OCESN865323F1187_F:TER:FR:Line::4f784834-828d-4bbf-a65d-d21599ce8dc2::87595009:87581009:10:1737:20260830,865323,0.0,36817,
FR:Line::4f784834-828d-4bbf-a65d-d21599ce8dc2:,9264,OCESN865323F1187_F:TER:FR:Line::4f784834-828d-4bbf-a65d-d21599ce8dc2::87595009:87581009:10:1733:20260515,865323,0.0,36818,
FR:Line::4f784834-828d-4bbf-a65d-d21599ce8dc2:,5758,OCESN865323F1187_F:TER:FR:Line::4f784834-828d-4bbf-a65d-d21599ce8dc2::87595009:87581009:10:1732:20260831,865323,0.0,36819,
FR:Line::4f784834-828d-4bbf-a65d-d21599ce8dc2:,9284,OCESN865324F1187_F:TER:FR:Line::4f784834-828d-4bbf-a65d-d21599ce8dc2::87581009:87595009:10:1751:20260705,865324,1.0,36820,
FR:Line::4f784834-828d-4bbf-a65d-d21599ce8dc2:,9285,OCESN865324F1187_F:TER:FR:Line::4f784834-828d-4bbf-a65d-d21599ce8dc2::87581009:87595009:10:1754:20260412,865324,1.0,36821,
FR:Line::4f784834-828d-4bbf-a65d-d21599ce8dc2:,410,OCESN865324F1187_F:TER:FR:Line::4f784834-828d-4bbf-a65d-d21599ce8dc2::87584052:87595009:8:1753:20260509,865324,1.0,36822,
FR:Line::4f784834-828d-4bbf-a65d-d21599ce8dc2:,9278,OCESN865324F1187_F:TER:FR:Line::4f784834-828d-4bbf-a65d-d21599ce8dc2::87581009:87595009:10:1753:20260831,865324,1.0,36823,
FR:Line::4f784834-828d-4bbf-a65d-d21599ce8dc2:,9286,OCESN865324F1187_F:TER:FR:Line::4f784834-828d-4bbf-a65d-d21599ce8dc2::87584052:87595009:8:1751:20260601,865324,1.0,36824,
FR:Line::4f784834-828d-4bbf-a65d-d21599ce8dc2:,9279,OCESN865324F1187_F:TER:FR:Line::4f784834-828d-4bbf-a65d-d21599ce8dc2::87581009:87595009:10:1753:20260517,865324,1.0,36825,
FR:Line::4f784834-828d-4bbf-a65d-d21599ce8dc2:,9287,OCESN865325F1187_F:TER:FR:Line::4f784834-828d-4bbf-a65d-d21599ce8dc2::87595009:87581009:12:1832:20260628,865325,0.0,36826,
FR:Line::4f784834-828d-4bbf-a65d-d21599ce8dc2:,102,OCESN865325F1187_F:TER:FR:Line::4f784834-828d-4bbf-a65d-d21599ce8dc2::87595009:87584052:10:1808:20260531,865325,0.0,36827,
FR:Line::4f784834-828d-4bbf-a65d-d21599ce8dc2:,9288,OCESN865325F1187_F:TER:FR:Line::4f784834-828d-4bbf-a65d-d21599ce8dc2::87595009:87581009:12:1834:20260517,865325,0.0,36828,
FR:Line::4f784834-828d-4bbf-a65d-d21599ce8dc2:,9260,OCESN865326F1187_F:TER:FR:Line::4f784834-828d-4bbf-a65d-d21599ce8dc2::87581009:87595009:12:1834:20260831,865326,1.0,36829,
FR:Line::4f784834-828d-4bbf-a65d-d21599ce8dc2:,9235,OCESN865326F1187_F:TER:FR:Line::4f784834-828d-4bbf-a65d-d21599ce8dc2::87581009:87595009:12:1834:20260515,865326,1.0,36830,
FR:Line::4f784834-828d-4bbf-a65d-d21599ce8dc2:,9289,OCESN865328F1187_F:TER:FR:Line::4f784834-828d-4bbf-a65d-d21599ce8dc2::87581009:87595009:10:1849:20260705,865328,1.0,36831,
FR:Line::4f784834-828d-4bbf-a65d-d21599ce8dc2:,102,OCESN865328F1187_F:TER:FR:Line::4f784834-828d-4bbf-a65d-d21599ce8dc2::87584052:87595009:8:1849:20260531,865328,1.0,36832,
FR:Line::4f784834-828d-4bbf-a65d-d21599ce8dc2:,2014,OCESN865328F1187_F:TER:FR:Line::4f784834-828d-4bbf-a65d-d21599ce8dc2::87581009:87595009:10:1850:20260412,865328,1.0,36833,
FR:Line::4f784834-828d-4bbf-a65d-d21599ce8dc2:,293,OCESN865328F1187_F:TER:FR:Line::4f784834-828d-4bbf-a65d-d21599ce8dc2::87581009:87595009:10:1851:20260517,865328,1.0,36834,
FR:Line::4f784834-828d-4bbf-a65d-d21599ce8dc2:,1652,OCESN865328F1187_F:TER:FR:Line::4f784834-828d-4bbf-a65d-d21599ce8dc2::87581009:87595009:10:1851:20260830,865328,1.0,36835,
FR:Line::4f784834-828d-4bbf-a65d-d21599ce8dc2:,9248,OCESN865331F1187_F:TER:FR:Line::4f784834-828d-4bbf-a65d-d21599ce8dc2::87595009:87584052:8:2136:20260531,865331,0.0,36836,
FR:Line::4f784834-828d-4bbf-a65d-d21599ce8dc2:,9285,OCESN865331F1187_F:TER:FR:Line::4f784834-828d-4bbf-a65d-d21599ce8dc2::87595009:87581009:10:2201:20260412,865331,0.0,36837,
FR:Line::4f784834-828d-4bbf-a65d-d21599ce8dc2:,9279,OCESN865331F1187_F:TER:FR:Line::4f784834-828d-4bbf-a65d-d21599ce8dc2::87595009:87581009:10:2201:20260517,865331,0.0,36838,
FR:Line::4f784834-828d-4bbf-a65d-d21599ce8dc2:,9290,OCESN865331F1187_F:TER:FR:Line::4f784834-828d-4bbf-a65d-d21599ce8dc2::87595009:87581009:10:2159:20260831,865331,0.0,36839,
FR:Line::4f784834-828d-4bbf-a65d-d21599ce8dc2:,215,OCESN865332F1187_F:TER:FR:Line::4f784834-828d-4bbf-a65d-d21599ce8dc2::87581009:87595009:11:1957:20260407,865332,1.0,36840,
FR:Line::4f784834-828d-4bbf-a65d-d21599ce8dc2:,4847,OCESN865332F1187_F:TER:FR:Line::4f784834-828d-4bbf-a65d-d21599ce8dc2::87581009:87595009:11:1956:20260828,865332,1.0,36841,
FR:Line::4f784834-828d-4bbf-a65d-d21599ce8dc2:,4857,OCESN865332F1187_F:TER:FR:Line::4f784834-828d-4bbf-a65d-d21599ce8dc2::87581009:87595009:11:1956:20260410,865332,1.0,36842,
FR:Line::4f784834-828d-4bbf-a65d-d21599ce8dc2:,9291,OCESN865332F1187_F:TER:FR:Line::4f784834-828d-4bbf-a65d-d21599ce8dc2::87581009:87595009:11:1955:20260831,865332,1.0,36843,
FR:Line::4f784834-828d-4bbf-a65d-d21599ce8dc2:,9292,OCESN865332F1187_F:TER:FR:Line::4f784834-828d-4bbf-a65d-d21599ce8dc2::87581009:87595009:11:1955:20260703,865332,1.0,36844,
FR:Line::4f784834-828d-4bbf-a65d-d21599ce8dc2:,9239,OCESN865336F1187_F:TER:FR:Line::4f784834-828d-4bbf-a65d-d21599ce8dc2::87581009:87595009:10:2052:20260703,865336,1.0,36845,
FR:Line::4f784834-828d-4bbf-a65d-d21599ce8dc2:,2379,OCESN865336F1187_F:TER:FR:Line::4f784834-828d-4bbf-a65d-d21599ce8dc2::87581009:87595009:10:2054:20260831,865336,1.0,36846,
FR:Line::4f784834-828d-4bbf-a65d-d21599ce8dc2:,752,OCESN865336F1187_F:TER:FR:Line::4f784834-828d-4bbf-a65d-d21599ce8dc2::87581009:87595009:10:2055:20260410,865336,1.0,36847,
FR:Line::4f784834-828d-4bbf-a65d-d21599ce8dc2:,9264,OCESN865336F1187_F:TER:FR:Line::4f784834-828d-4bbf-a65d-d21599ce8dc2::87581009:87595009:10:2053:20260515,865336,1.0,36848,
FR:Line::4f784834-828d-4bbf-a65d-d21599ce8dc2:,9293,OCESN865340F1187_F:TER:FR:Line::4f784834-828d-4bbf-a65d-d21599ce8dc2::87581009:87595009:10:2152:20260705,865340,1.0,36849,
FR:Line::4f784834-828d-4bbf-a65d-d21599ce8dc2:,9272,OCESN865340F1187_F:TER:FR:Line::4f784834-828d-4bbf-a65d-d21599ce8dc2::87581009:87595009:10:2153:20260412,865340,1.0,36850,
FR:Line::4f784834-828d-4bbf-a65d-d21599ce8dc2:,102,OCESN865340F1187_F:TER:FR:Line::4f784834-828d-4bbf-a65d-d21599ce8dc2::87584052:87595009:8:2152:20260531,865340,1.0,36851,
FR:Line::4f784834-828d-4bbf-a65d-d21599ce8dc2:,9294,OCESN865340F1187_F:TER:FR:Line::4f784834-828d-4bbf-a65d-d21599ce8dc2::87581009:87595009:10:2152:20260831,865340,1.0,36852,
FR:Line::4f784834-828d-4bbf-a65d-d21599ce8dc2:,9295,OCESN865340F1187_F:TER:FR:Line::4f784834-828d-4bbf-a65d-d21599ce8dc2::87581009:87595009:10:2152:20260517,865340,1.0,36853,
FR:Line::4f784834-828d-4bbf-a65d-d21599ce8dc2:,9277,OCESN865342F1187_F:TER:FR:Line::4f784834-828d-4bbf-a65d-d21599ce8dc2::87581009:87595009:10:2250:20260705,865342,1.0,36854,
FR:Line::4f784834-828d-4bbf-a65d-d21599ce8dc2:,1102,OCESN865342F1187_F:TER:FR:Line::4f784834-828d-4bbf-a65d-d21599ce8dc2::87584052:87595009:8:2250:20260531,865342,1.0,36855,
FR:Line::4f784834-828d-4bbf-a65d-d21599ce8dc2:,410,OCESN865342F1187_F:TER:FR:Line::4f784834-828d-4bbf-a65d-d21599ce8dc2::87584052:87595009:8:2252:20260509,865342,1.0,36856,
FR:Line::4f784834-828d-4bbf-a65d-d21599ce8dc2:,9285,OCESN865342F1187_F:TER:FR:Line::4f784834-828d-4bbf-a65d-d21599ce8dc2::87581009:87595009:10:2253:20260412,865342,1.0,36857,
FR:Line::4f784834-828d-4bbf-a65d-d21599ce8dc2:,9278,OCESN865342F1187_F:TER:FR:Line::4f784834-828d-4bbf-a65d-d21599ce8dc2::87581009:87595009:10:2252:20260831,865342,1.0,36858,
FR:Line::4f784834-828d-4bbf-a65d-d21599ce8dc2:,9279,OCESN865342F1187_F:TER:FR:Line::4f784834-828d-4bbf-a65d-d21599ce8dc2::87581009:87595009:10:2252:20260517,865342,1.0,36859,
FR:Line::4f784834-828d-4bbf-a65d-d21599ce8dc2:,48,OCESN865551F1187_F:TER:FR:Line::4f784834-828d-4bbf-a65d-d21599ce8dc2::87592006:87581009:13:842:20260515,865551,0.0,37008,
FR:Line::4f784834-828d-4bbf-a65d-d21599ce8dc2:,341,OCESN865551F1187_F:TER:FR:Line::4f784834-828d-4bbf-a65d-d21599ce8dc2::87592006:87581009:13:834:20260513,865551,0.0,37009,
FR:Line::4f784834-828d-4bbf-a65d-d21599ce8dc2:,6881,OCESN865551F1187_F:TER:FR:Line::4f784834-828d-4bbf-a65d-d21599ce8dc2::87592006:87581009:13:832:20260831,865551,0.0,37010,
FR:Line::4f784834-828d-4bbf-a65d-d21599ce8dc2:,215,OCESN865552F1187_F:TER:FR:Line::4f784834-828d-4bbf-a65d-d21599ce8dc2::87581009:87592006:13:845:20260407,865552,1.0,37011,
FR:Line::4f784834-828d-4bbf-a65d-d21599ce8dc2:,4857,OCESN865552F1187_F:TER:FR:Line::4f784834-828d-4bbf-a65d-d21599ce8dc2::87581009:87592006:13:845:20260410,865552,1.0,37012,
FR:Line::4f784834-828d-4bbf-a65d-d21599ce8dc2:,4847,OCESN865552F1187_F:TER:FR:Line::4f784834-828d-4bbf-a65d-d21599ce8dc2::87581009:87592006:13:845:20260828,865552,1.0,37013,
FR:Line::4f784834-828d-4bbf-a65d-d21599ce8dc2:,6880,OCESN865552F1187_F:TER:FR:Line::4f784834-828d-4bbf-a65d-d21599ce8dc2::87581009:87592006:13:845:20260515,865552,1.0,37014,
FR:Line::4f784834-828d-4bbf-a65d-d21599ce8dc2:,9331,OCESN865552F1187_F:TER:FR:Line::4f784834-828d-4bbf-a65d-d21599ce8dc2::87581009:87592006:13:845:20260831,865552,1.0,37015,
FR:Line::4f784834-828d-4bbf-a65d-d21599ce8dc2:,9332,OCESN865552F1187_F:TER:FR:Line::4f784834-828d-4bbf-a65d-d21599ce8dc2::87581009:87592006:13:845:20260703,865552,1.0,37016,
FR:Line::ec925e4f-137a-4761-914a-13d24e9ace87:,5599,OCESN865553F1187_F:TER:FR:Line::ec925e4f-137a-4761-914a-13d24e9ace87::87592006:87584052:4:1022:20260530,865553,0.0,37017,
FR:Line::ec925e4f-137a-4761-914a-13d24e9ace87:,9333,OCESN865553F1187_F:TER:FR:Line::ec925e4f-137a-4761-914a-13d24e9ace87::87592006:87581009:6:1047:20260516,865553,0.0,37018,
FR:Line::ec925e4f-137a-4761-914a-13d24e9ace87:,11,OCESN865553F1187_F:TER:FR:Line::ec925e4f-137a-4761-914a-13d24e9ace87::87595009:87581009:4:1047:20260306,865553,0.0,37019,
FR:Line::ec925e4f-137a-4761-914a-13d24e9ace87:,9276,OCESN865553F1187_F:TER:FR:Line::ec925e4f-137a-4761-914a-13d24e9ace87::87592006:87581009:6:1045:20260831,865553,0.0,37020,
FR:Line::ec925e4f-137a-4761-914a-13d24e9ace87:,9334,OCESN865554F1187_F:TER:FR:Line::ec925e4f-137a-4761-914a-13d24e9ace87::87581009:87592006:8:952:20260704,865554,1.0,37021,
FR:Line::ec925e4f-137a-4761-914a-13d24e9ace87:,9239,OCESN865554F1187_F:TER:FR:Line::ec925e4f-137a-4761-914a-13d24e9ace87::87581009:87592006:10:952:20260703,865554,1.0,37022,
FR:Line::ec925e4f-137a-4761-914a-13d24e9ace87:,233,OCESN865554F1187_F:TER:FR:Line::ec925e4f-137a-4761-914a-13d24e9ace87::87581009:87592006:8:952:20260411,865554,1.0,37023,
FR:Line::ec925e4f-137a-4761-914a-13d24e9ace87:,50,OCESN865554F1187_F:TER:FR:Line::ec925e4f-137a-4761-914a-13d24e9ace87::87584052:87592006:6:952:20260509,865554,1.0,37024,
FR:Line::ec925e4f-137a-4761-914a-13d24e9ace87:,3648,OCESN865554F1187_F:TER:FR:Line::ec925e4f-137a-4761-914a-13d24e9ace87::87581009:87592006:8:952:20260829,865554,1.0,37025,
FR:Line::ec925e4f-137a-4761-914a-13d24e9ace87:,752,OCESN865554F1187_F:TER:FR:Line::ec925e4f-137a-4761-914a-13d24e9ace87::87581009:87592006:10:952:20260410,865554,1.0,37026,
FR:Line::ec925e4f-137a-4761-914a-13d24e9ace87:,9265,OCESN865554F1187_F:TER:FR:Line::ec925e4f-137a-4761-914a-13d24e9ace87::87581009:87592006:8:952:20260516,865554,1.0,37027,
FR:Line::ec925e4f-137a-4761-914a-13d24e9ace87:,2379,OCESN865554F1187_F:TER:FR:Line::ec925e4f-137a-4761-914a-13d24e9ace87::87581009:87592006:10:952:20260831,865554,1.0,37028,
FR:Line::ec925e4f-137a-4761-914a-13d24e9ace87:,9259,OCESN865554F1187_F:TER:FR:Line::ec925e4f-137a-4761-914a-13d24e9ace87::87581009:87592006:10:952:20260515,865554,1.0,37029,
FR:Line::ec925e4f-137a-4761-914a-13d24e9ace87:,11,OCESN865554F1187_F:TER:FR:Line::ec925e4f-137a-4761-914a-13d24e9ace87::87581009:87595009:8:839:20260306,865554,1.0,37030,
FR:Line::ec925e4f-137a-4761-914a-13d24e9ace87:,9335,OCESN865555F1187_F:TER:FR:Line::ec925e4f-137a-4761-914a-13d24e9ace87::87592006:87581009:6:1142:20260419,865555,0.0,37031,
FR:Line::ec925e4f-137a-4761-914a-13d24e9ace87:,116,OCESN865555F1187_F:TER:FR:Line::ec925e4f-137a-4761-914a-13d24e9ace87::87592006:87581009:6:1144:20260517,865555,0.0,37032,
FR:Line::ec925e4f-137a-4761-914a-13d24e9ace87:,2300,OCESN865555F1187_F:TER:FR:Line::ec925e4f-137a-4761-914a-13d24e9ace87::87592006:87584052:4:1118:20260531,865555,0.0,37033,
FR:Line::ec925e4f-137a-4761-914a-13d24e9ace87:,391,OCESN865555F1187_F:TER:FR:Line::ec925e4f-137a-4761-914a-13d24e9ace87::87592006:87581009:6:1144:20260503,865555,0.0,37034,
FR:Line::ec925e4f-137a-4761-914a-13d24e9ace87:,2014,OCESN865555F1187_F:TER:FR:Line::ec925e4f-137a-4761-914a-13d24e9ace87::87592006:87581009:6:1142:20260412,865555,0.0,37035,
FR:Line::ec925e4f-137a-4761-914a-13d24e9ace87:,9336,OCESN865555F1187_F:TER:FR:Line::ec925e4f-137a-4761-914a-13d24e9ace87::87592006:87581009:6:1140:20260830,865555,0.0,37036,
FR:Line::ec925e4f-137a-4761-914a-13d24e9ace87:,9255,OCESN865556F1187_F:TER:FR:Line::ec925e4f-137a-4761-914a-13d24e9ace87::87581009:87592006:6:937:20260705,865556,1.0,37037,
FR:Line::ec925e4f-137a-4761-914a-13d24e9ace87:,2300,OCESN865556F1187_F:TER:FR:Line::ec925e4f-137a-4761-914a-13d24e9ace87::87584052:87592006:4:937:20260531,865556,1.0,37038,
FR:Line::ec925e4f-137a-4761-914a-13d24e9ace87:,1652,OCESN865556F1187_F:TER:FR:Line::ec925e4f-137a-4761-914a-13d24e9ace87::87581009:87592006:6:937:20260830,865556,1.0,37039,
FR:Line::ec925e4f-137a-4761-914a-13d24e9ace87:,2014,OCESN865556F1187_F:TER:FR:Line::ec925e4f-137a-4761-914a-13d24e9ace87::87581009:87592006:6:937:20260412,865556,1.0,37040,
FR:Line::ec925e4f-137a-4761-914a-13d24e9ace87:,9337,OCESN865556F1187_F:TER:FR:Line::ec925e4f-137a-4761-914a-13d24e9ace87::87581009:87592006:6:937:20260517,865556,1.0,37041,
FR:Line::ec925e4f-137a-4761-914a-13d24e9ace87:,752,OCESN865557F1187_F:TER:FR:Line::ec925e4f-137a-4761-914a-13d24e9ace87::87592006:87581009:7:1232:20260410,865557,0.0,37042,
FR:Line::ec925e4f-137a-4761-914a-13d24e9ace87:,9259,OCESN865557F1187_F:TER:FR:Line::ec925e4f-137a-4761-914a-13d24e9ace87::87592006:87581009:7:1232:20260515,865557,0.0,37043,
FR:Line::ec925e4f-137a-4761-914a-13d24e9ace87:,11,OCESN865557F1187_F:TER:FR:Line::ec925e4f-137a-4761-914a-13d24e9ace87::87595009:87581009:5:1232:20260306,865557,0.0,37044,
FR:Line::ec925e4f-137a-4761-914a-13d24e9ace87:,5758,OCESN865557F1187_F:TER:FR:Line::ec925e4f-137a-4761-914a-13d24e9ace87::87592006:87581009:7:1230:20260831,865557,0.0,37045,
FR:Line::ec925e4f-137a-4761-914a-13d24e9ace87:,9338,OCESN865558F1187_F:TER:FR:Line::ec925e4f-137a-4761-914a-13d24e9ace87::87581009:87592006:6:1248:20260703,865558,1.0,37046,
FR:Line::ec925e4f-137a-4761-914a-13d24e9ace87:,752,OCESN865558F1187_F:TER:FR:Line::ec925e4f-137a-4761-914a-13d24e9ace87::87581009:87592006:6:1248:20260410,865558,1.0,37047,
FR:Line::ec925e4f-137a-4761-914a-13d24e9ace87:,2379,OCESN865558F1187_F:TER:FR:Line::ec925e4f-137a-4761-914a-13d24e9ace87::87581009:87592006:6:1248:20260831,865558,1.0,37048,
FR:Line::ec925e4f-137a-4761-914a-13d24e9ace87:,11,OCESN865558F1187_F:TER:FR:Line::ec925e4f-137a-4761-914a-13d24e9ace87::87581009:87595009:4:1137:20260306,865558,1.0,37049,
FR:Line::4f784834-828d-4bbf-a65d-d21599ce8dc2:,75,OCESN865559F1187_F:TER:FR:Line::4f784834-828d-4bbf-a65d-d21599ce8dc2::87592006:87581009:12:1330:20260714,865559,0.0,37050,
FR:Line::4f784834-828d-4bbf-a65d-d21599ce8dc2:,2626,OCESN865559F1187_F:TER:FR:Line::4f784834-828d-4bbf-a65d-d21599ce8dc2::87592006:87581009:12:1334:20260412,865559,0.0,37051,
FR:Line::4f784834-828d-4bbf-a65d-d21599ce8dc2:,9248,OCESN865559F1187_F:TER:FR:Line::4f784834-828d-4bbf-a65d-d21599ce8dc2::87592006:87584052:10:1307:20260531,865559,0.0,37052,
FR:Line::4f784834-828d-4bbf-a65d-d21599ce8dc2:,9339,OCESN865559F1187_F:TER:FR:Line::4f784834-828d-4bbf-a65d-d21599ce8dc2::87592006:87581009:12:1334:20260830,865559,0.0,37053,
FR:Line::4f784834-828d-4bbf-a65d-d21599ce8dc2:,752,OCESN865561F1187_F:TER:FR:Line::4f784834-828d-4bbf-a65d-d21599ce8dc2::87592006:87581009:13:1543:20260410,865561,0.0,37057,
FR:Line::4f784834-828d-4bbf-a65d-d21599ce8dc2:,9259,OCESN865561F1187_F:TER:FR:Line::4f784834-828d-4bbf-a65d-d21599ce8dc2::87592006:87581009:13:1541:20260515,865561,0.0,37058,
FR:Line::4f784834-828d-4bbf-a65d-d21599ce8dc2:,11,OCESN865561F1187_F:TER:FR:Line::4f784834-828d-4bbf-a65d-d21599ce8dc2::87595009:87581009:10:1541:20260306,865561,0.0,37059,
FR:Line::4f784834-828d-4bbf-a65d-d21599ce8dc2:,5758,OCESN865561F1187_F:TER:FR:Line::4f784834-828d-4bbf-a65d-d21599ce8dc2::87592006:87581009:13:1540:20260831,865561,0.0,37060,
FR:Line::4f784834-828d-4bbf-a65d-d21599ce8dc2:,9340,OCESN865562F1187_F:TER:FR:Line::4f784834-828d-4bbf-a65d-d21599ce8dc2::87581009:87592006:12:1507:20260705,865562,1.0,37061,
FR:Line::4f784834-828d-4bbf-a65d-d21599ce8dc2:,9248,OCESN865562F1187_F:TER:FR:Line::4f784834-828d-4bbf-a65d-d21599ce8dc2::87584052:87592006:10:1507:20260531,865562,1.0,37062,
FR:Line::4f784834-828d-4bbf-a65d-d21599ce8dc2:,2626,OCESN865562F1187_F:TER:FR:Line::4f784834-828d-4bbf-a65d-d21599ce8dc2::87581009:87592006:12:1507:20260412,865562,1.0,37063,
FR:Line::4f784834-828d-4bbf-a65d-d21599ce8dc2:,8030,OCESN865562F1187_F:TER:FR:Line::4f784834-828d-4bbf-a65d-d21599ce8dc2::87581009:87592006:12:1507:20260830,865562,1.0,37064,
FR:Line::ec925e4f-137a-4761-914a-13d24e9ace87:,752,OCESN865564F1187_F:TER:FR:Line::ec925e4f-137a-4761-914a-13d24e9ace87::87581009:87592006:6:1547:20260410,865564,1.0,37065,
FR:Line::ec925e4f-137a-4761-914a-13d24e9ace87:,9321,OCESN865564F1187_F:TER:FR:Line::ec925e4f-137a-4761-914a-13d24e9ace87::87581009:87592006:6:1547:20260831,865564,1.0,37066,
FR:Line::4f784834-828d-4bbf-a65d-d21599ce8dc2:,9235,OCESN865565F1187_F:TER:FR:Line::4f784834-828d-4bbf-a65d-d21599ce8dc2::87592006:87581009:14:1837:20260515,865565,0.0,37067,
FR:Line::4f784834-828d-4bbf-a65d-d21599ce8dc2:,5758,OCESN865565F1187_F:TER:FR:Line::4f784834-828d-4bbf-a65d-d21599ce8dc2::87592006:87581009:14:1835:20260831,865565,0.0,37068,
FR:Line::ec925e4f-137a-4761-914a-13d24e9ace87:,5758,OCESN865569F1187_F:TER:FR:Line::ec925e4f-137a-4761-914a-13d24e9ace87::87592006:87581009:9:1957:20260831,865569,0.0,37069,
FR:Line::ec925e4f-137a-4761-914a-13d24e9ace87:,9235,OCESN865569F1187_F:TER:FR:Line::ec925e4f-137a-4761-914a-13d24e9ace87::87592006:87581009:9:1958:20260515,865569,0.0,37070,
FR:Line::4f784834-828d-4bbf-a65d-d21599ce8dc2:,752,OCESN865570F1187_F:TER:FR:Line::4f784834-828d-4bbf-a65d-d21599ce8dc2::87581009:87592006:13:2016:20260410,865570,1.0,37074,
FR:Line::4f784834-828d-4bbf-a65d-d21599ce8dc2:,2379,OCESN865570F1187_F:TER:FR:Line::4f784834-828d-4bbf-a65d-d21599ce8dc2::87581009:87592006:13:2016:20260831,865570,1.0,37075,
FR:Line::4f784834-828d-4bbf-a65d-d21599ce8dc2:,6888,OCESN865570F1187_F:TER:FR:Line::4f784834-828d-4bbf-a65d-d21599ce8dc2::87581009:87592006:13:2016:20260318,865570,1.0,37076,
FR:Line::4f784834-828d-4bbf-a65d-d21599ce8dc2:,9342,OCESN865570F1187_F:TER:FR:Line::4f784834-828d-4bbf-a65d-d21599ce8dc2::87581009:87592006:13:2016:20260703,865570,1.0,37077,
FR:Line::ec925e4f-137a-4761-914a-13d24e9ace87:,9343,OCESN865571F1187_F:TER:FR:Line::ec925e4f-137a-4761-914a-13d24e9ace87::87592006:87581009:6:2040:20260517,865571,0.0,37078,
FR:Line::ec925e4f-137a-4761-914a-13d24e9ace87:,9248,OCESN865571F1187_F:TER:FR:Line::ec925e4f-137a-4761-914a-13d24e9ace87::87592006:87584052:4:2013:20260531,865571,0.0,37079,
FR:Line::ec925e4f-137a-4761-914a-13d24e9ace87:,9281,OCESN865571F1187_F:TER:FR:Line::ec925e4f-137a-4761-914a-13d24e9ace87::87592006:87581009:6:2039:20260830,865571,0.0,37080,
FR:Line::ec925e4f-137a-4761-914a-13d24e9ace87:,9269,OCESN865574F1187_F:TER:FR:Line::ec925e4f-137a-4761-914a-13d24e9ace87::87581009:87592006:6:2047:20260705,865574,1.0,37081,
FR:Line::ec925e4f-137a-4761-914a-13d24e9ace87:,9248,OCESN865574F1187_F:TER:FR:Line::ec925e4f-137a-4761-914a-13d24e9ace87::87584052:87592006:4:2047:20260531,865574,1.0,37082,
FR:Line::ec925e4f-137a-4761-914a-13d24e9ace87:,9343,OCESN865574F1187_F:TER:FR:Line::ec925e4f-137a-4761-914a-13d24e9ace87::87581009:87592006:6:2047:20260517,865574,1.0,37083,
FR:Line::ec925e4f-137a-4761-914a-13d24e9ace87:,8030,OCESN865574F1187_F:TER:FR:Line::ec925e4f-137a-4761-914a-13d24e9ace87::87581009:87592006:6:2047:20260830,865574,1.0,37084,
FR:Line::ec925e4f-137a-4761-914a-13d24e9ace87:,1236,OCESN865576F1187_F:TER:FR:Line::ec925e4f-137a-4761-914a-13d24e9ace87::87581009:87592006:6:2128:20260831,865576,1.0,37085,
FR:Line::9805a3d4-04d2-4122-9ac6-677255172215:,371,OCESN865603F1187_F:TER:FR:Line::9805a3d4-04d2-4122-9ac6-677255172215::87584268:87581009:9:628:20260417,865603,1.0,37089,
FR:Line::9805a3d4-04d2-4122-9ac6-677255172215:,9344,OCESN865603F1187_F:TER:FR:Line::9805a3d4-04d2-4122-9ac6-677255172215::87584268:87581009:9:645:20260515,865603,1.0,37090,
FR:Line::9805a3d4-04d2-4122-9ac6-677255172215:,5758,OCESN865603F1187_F:TER:FR:Line::9805a3d4-04d2-4122-9ac6-677255172215::87584268:87581009:9:643:20260831,865603,1.0,37091,
FR:Line::9805a3d4-04d2-4122-9ac6-677255172215:,50,OCESN865605F1187_F:TER:FR:Line::9805a3d4-04d2-4122-9ac6-677255172215::87584268:87584052:7:649:20260509,865605,1.0,37092,
FR:Line::9805a3d4-04d2-4122-9ac6-677255172215:,4539,OCESN865605F1187_F:TER:FR:Line::9805a3d4-04d2-4122-9ac6-677255172215::87584268:87581009:9:718:20260516,865605,1.0,37093,
FR:Line::9805a3d4-04d2-4122-9ac6-677255172215:,9345,OCESN865605F1187_F:TER:FR:Line::9805a3d4-04d2-4122-9ac6-677255172215::87584268:87581009:9:716:20260513,865605,1.0,37094,
FR:Line::9805a3d4-04d2-4122-9ac6-677255172215:,9346,OCESN865605F1187_F:TER:FR:Line::9805a3d4-04d2-4122-9ac6-677255172215::87584268:87581009:9:714:20260831,865605,1.0,37095,
FR:Line::de0cc979-c473-4b44-afa3-48079e6337c5:,5758,OCESN865607F1187_F:TER:FR:Line::de0cc979-c473-4b44-afa3-48079e6337c5::87584268:87581009:12:738:20260831,865607,0.0,37096,
FR:Line::de0cc979-c473-4b44-afa3-48079e6337c5:,9235,OCESN865607F1187_F:TER:FR:Line::de0cc979-c473-4b44-afa3-48079e6337c5::87584268:87581009:12:742:20260515,865607,0.0,37097,
FR:Line::de0cc979-c473-4b44-afa3-48079e6337c5:,9347,OCESN865609F1187_F:TER:FR:Line::de0cc979-c473-4b44-afa3-48079e6337c5::87584268:87581009:12:1028:20260516,865609,0.0,37098,
FR:Line::de0cc979-c473-4b44-afa3-48079e6337c5:,5599,OCESN865609F1187_F:TER:FR:Line::de0cc979-c473-4b44-afa3-48079e6337c5::87584268:87584052:10:1001:20260530,865609,0.0,37099,
FR:Line::de0cc979-c473-4b44-afa3-48079e6337c5:,9348,OCESN865609F1187_F:TER:FR:Line::de0cc979-c473-4b44-afa3-48079e6337c5::87584268:87581009:12:1026:20260829,865609,0.0,37100,
FR:Line::9805a3d4-04d2-4122-9ac6-677255172215:,9235,OCESN865611F1187_F:TER:FR:Line::9805a3d4-04d2-4122-9ac6-677255172215::87584268:87581009:9:920:20260515,865611,1.0,37102,
FR:Line::9805a3d4-04d2-4122-9ac6-677255172215:,5758,OCESN865611F1187_F:TER:FR:Line::9805a3d4-04d2-4122-9ac6-677255172215::87584268:87581009:9:919:20260831,865611,1.0,37103,
FR:Line::de0cc979-c473-4b44-afa3-48079e6337c5:,50,OCESN865612F1187_F:TER:FR:Line::de0cc979-c473-4b44-afa3-48079e6337c5::87584052:87584268:10:719:20260509,865612,1.0,37104,
FR:Line::de0cc979-c473-4b44-afa3-48079e6337c5:,9349,OCESN865612F1187_F:TER:FR:Line::de0cc979-c473-4b44-afa3-48079e6337c5::87581009:87584268:12:719:20260831,865612,1.0,37105,
FR:Line::9805a3d4-04d2-4122-9ac6-677255172215:,5758,OCESN865613F1187_F:TER:FR:Line::9805a3d4-04d2-4122-9ac6-677255172215::87584268:87581009:8:1117:20260831,865613,1.0,37106,
FR:Line::9805a3d4-04d2-4122-9ac6-677255172215:,9350,OCESN865613F1187_F:TER:FR:Line::9805a3d4-04d2-4122-9ac6-677255172215::87584268:87581009:8:1119:20260515,865613,1.0,37107,
FR:Line::de0cc979-c473-4b44-afa3-48079e6337c5:,1102,OCESN865615F1187_F:TER:FR:Line::de0cc979-c473-4b44-afa3-48079e6337c5::87584268:87584052:10:1256:20260531,865615,0.0,37108,
FR:Line::de0cc979-c473-4b44-afa3-48079e6337c5:,410,OCESN865615F1187_F:TER:FR:Line::de0cc979-c473-4b44-afa3-48079e6337c5::87584268:87584052:10:1300:20260509,865615,0.0,37109,
FR:Line::de0cc979-c473-4b44-afa3-48079e6337c5:,9008,OCESN865615F1187_F:TER:FR:Line::de0cc979-c473-4b44-afa3-48079e6337c5::87584268:87581009:12:1324:20260419,865615,0.0,37110,
FR:Line::de0cc979-c473-4b44-afa3-48079e6337c5:,9224,OCESN865615F1187_F:TER:FR:Line::de0cc979-c473-4b44-afa3-48079e6337c5::87584268:87581009:12:1326:20260517,865615,0.0,37111,
FR:Line::de0cc979-c473-4b44-afa3-48079e6337c5:,9281,OCESN865615F1187_F:TER:FR:Line::de0cc979-c473-4b44-afa3-48079e6337c5::87584268:87581009:12:1321:20260830,865615,0.0,37112,
FR:Line::de0cc979-c473-4b44-afa3-48079e6337c5:,6880,OCESN865616F1187_F:TER:FR:Line::de0cc979-c473-4b44-afa3-48079e6337c5::87581009:87584268:12:827:20260515,865616,1.0,37113,
FR:Line::de0cc979-c473-4b44-afa3-48079e6337c5:,371,OCESN865616F1187_F:TER:FR:Line::de0cc979-c473-4b44-afa3-48079e6337c5::87581009:87584268:12:827:20260417,865616,1.0,37114,
FR:Line::de0cc979-c473-4b44-afa3-48079e6337c5:,1195,OCESN865616F1187_F:TER:FR:Line::de0cc979-c473-4b44-afa3-48079e6337c5::87581009:87584268:12:827:20260327,865616,1.0,37115,
FR:Line::de0cc979-c473-4b44-afa3-48079e6337c5:,940,OCESN865616F1187_F:TER:FR:Line::de0cc979-c473-4b44-afa3-48079e6337c5::87581009:87584268:12:827:20260313,865616,1.0,37116,
FR:Line::de0cc979-c473-4b44-afa3-48079e6337c5:,5758,OCESN865616F1187_F:TER:FR:Line::de0cc979-c473-4b44-afa3-48079e6337c5::87581009:87584268:12:827:20260831,865616,1.0,37117,
FR:Line::de0cc979-c473-4b44-afa3-48079e6337c5:,9350,OCESN865617F1187_F:TER:FR:Line::de0cc979-c473-4b44-afa3-48079e6337c5::87584268:87581009:12:1420:20260515,865617,0.0,37118,
FR:Line::de0cc979-c473-4b44-afa3-48079e6337c5:,5758,OCESN865617F1187_F:TER:FR:Line::de0cc979-c473-4b44-afa3-48079e6337c5::87584268:87581009:12:1418:20260831,865617,0.0,37119,
FR:Line::9805a3d4-04d2-4122-9ac6-677255172215:,5758,OCESN865618F1187_F:TER:FR:Line::9805a3d4-04d2-4122-9ac6-677255172215::87581009:87584268:8:952:20260831,865618,0.0,37120,
FR:Line::9805a3d4-04d2-4122-9ac6-677255172215:,9350,OCESN865618F1187_F:TER:FR:Line::9805a3d4-04d2-4122-9ac6-677255172215::87581009:87584268:8:952:20260515,865618,0.0,37121,
FR:Line::9805a3d4-04d2-4122-9ac6-677255172215:,2300,OCESN865619F1187_F:TER:FR:Line::9805a3d4-04d2-4122-9ac6-677255172215::87584268:87584052:7:1053:20260531,865619,1.0,37122,
FR:Line::9805a3d4-04d2-4122-9ac6-677255172215:,9351,OCESN865619F1187_F:TER:FR:Line::9805a3d4-04d2-4122-9ac6-677255172215::87584268:87581009:9:1119:20260517,865619,1.0,37123,
FR:Line::9805a3d4-04d2-4122-9ac6-677255172215:,9336,OCESN865619F1187_F:TER:FR:Line::9805a3d4-04d2-4122-9ac6-677255172215::87584268:87581009:9:1117:20260830,865619,1.0,37124,
FR:Line::9805a3d4-04d2-4122-9ac6-677255172215:,9350,OCESN865620F1187_F:TER:FR:Line::9805a3d4-04d2-4122-9ac6-677255172215::87581009:87584268:9:1156:20260515,865620,0.0,37127,
FR:Line::9805a3d4-04d2-4122-9ac6-677255172215:,5758,OCESN865620F1187_F:TER:FR:Line::9805a3d4-04d2-4122-9ac6-677255172215::87581009:87584268:9:1156:20260831,865620,0.0,37128,
FR:Line::de0cc979-c473-4b44-afa3-48079e6337c5:,5758,OCESN865621F1187_F:TER:FR:Line::de0cc979-c473-4b44-afa3-48079e6337c5::87584268:87581009:11:1742:20260831,865621,0.0,37129,
FR:Line::de0cc979-c473-4b44-afa3-48079e6337c5:,9235,OCESN865621F1187_F:TER:FR:Line::de0cc979-c473-4b44-afa3-48079e6337c5::87584268:87581009:11:1744:20260515,865621,0.0,37130,
FR:Line::9805a3d4-04d2-4122-9ac6-677255172215:,48,OCESN865622F1187_F:TER:FR:Line::9805a3d4-04d2-4122-9ac6-677255172215::87581009:87584268:8:1253:20260515,865622,0.0,37131,
FR:Line::9805a3d4-04d2-4122-9ac6-677255172215:,341,OCESN865622F1187_F:TER:FR:Line::9805a3d4-04d2-4122-9ac6-677255172215::87581009:87584268:8:1253:20260513,865622,0.0,37132,
FR:Line::9805a3d4-04d2-4122-9ac6-677255172215:,9354,OCESN865622F1187_F:TER:FR:Line::9805a3d4-04d2-4122-9ac6-677255172215::87581009:87584268:8:1253:20260417,865622,0.0,37133,
FR:Line::9805a3d4-04d2-4122-9ac6-677255172215:,5758,OCESN865622F1187_F:TER:FR:Line::9805a3d4-04d2-4122-9ac6-677255172215::87581009:87584268:8:1253:20260831,865622,0.0,37134,
FR:Line::9805a3d4-04d2-4122-9ac6-677255172215:,5758,OCESN865623F1187_F:TER:FR:Line::9805a3d4-04d2-4122-9ac6-677255172215::87584268:87581009:9:1218:20260831,865623,1.0,37135,
FR:Line::9805a3d4-04d2-4122-9ac6-677255172215:,9350,OCESN865623F1187_F:TER:FR:Line::9805a3d4-04d2-4122-9ac6-677255172215::87584268:87581009:9:1219:20260515,865623,1.0,37136,
FR:Line::de0cc979-c473-4b44-afa3-48079e6337c5:,9008,OCESN865624F1187_F:TER:FR:Line::de0cc979-c473-4b44-afa3-48079e6337c5::87581009:87584268:12:1300:20260419,865624,1.0,37137,
FR:Line::de0cc979-c473-4b44-afa3-48079e6337c5:,50,OCESN865624F1187_F:TER:FR:Line::de0cc979-c473-4b44-afa3-48079e6337c5::87584052:87584268:10:1302:20260509,865624,1.0,37138,
FR:Line::de0cc979-c473-4b44-afa3-48079e6337c5:,1156,OCESN865624F1187_F:TER:FR:Line::de0cc979-c473-4b44-afa3-48079e6337c5::87581009:87584268:12:1302:20260517,865624,1.0,37139,
FR:Line::de0cc979-c473-4b44-afa3-48079e6337c5:,16,OCESN865624F1187_F:TER:FR:Line::de0cc979-c473-4b44-afa3-48079e6337c5::87581009:87584268:12:1302:20260508,865624,1.0,37140,
FR:Line::de0cc979-c473-4b44-afa3-48079e6337c5:,98,OCESN865624F1187_F:TER:FR:Line::de0cc979-c473-4b44-afa3-48079e6337c5::87581009:87584268:12:1302:20260514,865624,1.0,37141,
FR:Line::de0cc979-c473-4b44-afa3-48079e6337c5:,9355,OCESN865624F1187_F:TER:FR:Line::de0cc979-c473-4b44-afa3-48079e6337c5::87581009:87584268:12:1302:20260510,865624,1.0,37142,
FR:Line::de0cc979-c473-4b44-afa3-48079e6337c5:,1102,OCESN865624F1187_F:TER:FR:Line::de0cc979-c473-4b44-afa3-48079e6337c5::87584052:87584268:10:1259:20260531,865624,1.0,37143,
FR:Line::de0cc979-c473-4b44-afa3-48079e6337c5:,9281,OCESN865624F1187_F:TER:FR:Line::de0cc979-c473-4b44-afa3-48079e6337c5::87581009:87584268:12:1259:20260830,865624,1.0,37144,
FR:Line::de0cc979-c473-4b44-afa3-48079e6337c5:,48,OCESN865625F1187_F:TER:FR:Line::de0cc979-c473-4b44-afa3-48079e6337c5::87584268:87581009:12:1908:20260515,865625,0.0,37145,
FR:Line::de0cc979-c473-4b44-afa3-48079e6337c5:,341,OCESN865625F1187_F:TER:FR:Line::de0cc979-c473-4b44-afa3-48079e6337c5::87584268:87581009:12:1906:20260513,865625,0.0,37146,
FR:Line::de0cc979-c473-4b44-afa3-48079e6337c5:,6881,OCESN865625F1187_F:TER:FR:Line::de0cc979-c473-4b44-afa3-48079e6337c5::87584268:87581009:12:1903:20260831,865625,0.0,37147,
FR:Line::de0cc979-c473-4b44-afa3-48079e6337c5:,9350,OCESN865626F1187_F:TER:FR:Line::de0cc979-c473-4b44-afa3-48079e6337c5::87581009:87584268:12:1459:20260515,865626,1.0,37148,
FR:Line::de0cc979-c473-4b44-afa3-48079e6337c5:,5758,OCESN865626F1187_F:TER:FR:Line::de0cc979-c473-4b44-afa3-48079e6337c5::87581009:87584268:12:1459:20260831,865626,1.0,37149,
FR:Line::9805a3d4-04d2-4122-9ac6-677255172215:,1236,OCESN865627F1187_F:TER:FR:Line::9805a3d4-04d2-4122-9ac6-677255172215::87584268:87581009:9:2026:20260831,865627,1.0,37150,
FR:Line::de0cc979-c473-4b44-afa3-48079e6337c5:,9287,OCESN865629F1187_F:TER:FR:Line::de0cc979-c473-4b44-afa3-48079e6337c5::87584268:87581009:12:1845:20260628,865629,0.0,37151,
FR:Line::de0cc979-c473-4b44-afa3-48079e6337c5:,102,OCESN865629F1187_F:TER:FR:Line::de0cc979-c473-4b44-afa3-48079e6337c5::87584268:87584052:10:1821:20260531,865629,0.0,37152,
FR:Line::de0cc979-c473-4b44-afa3-48079e6337c5:,9288,OCESN865629F1187_F:TER:FR:Line::de0cc979-c473-4b44-afa3-48079e6337c5::87584268:87581009:12:1847:20260517,865629,0.0,37153,
FR:Line::9805a3d4-04d2-4122-9ac6-677255172215:,4839,OCESN865630F1187_F:TER:FR:Line::9805a3d4-04d2-4122-9ac6-677255172215::87581009:87584268:9:1831:20260831,865630,0.0,37156,
FR:Line::de0cc979-c473-4b44-afa3-48079e6337c5:,5758,OCESN865634F1187_F:TER:FR:Line::de0cc979-c473-4b44-afa3-48079e6337c5::87581009:87584268:12:1802:20260831,865634,1.0,37157,
FR:Line::de0cc979-c473-4b44-afa3-48079e6337c5:,9235,OCESN865634F1187_F:TER:FR:Line::de0cc979-c473-4b44-afa3-48079e6337c5::87581009:87584268:12:1802:20260515,865634,1.0,37158,
FR:Line::de0cc979-c473-4b44-afa3-48079e6337c5:,9235,OCESN865636F1187_F:TER:FR:Line::de0cc979-c473-4b44-afa3-48079e6337c5::87581009:87584268:12:2000:20260515,865636,1.0,37159,
FR:Line::de0cc979-c473-4b44-afa3-48079e6337c5:,5758,OCESN865636F1187_F:TER:FR:Line::de0cc979-c473-4b44-afa3-48079e6337c5::87581009:87584268:12:2000:20260831,865636,1.0,37160,
FR:Line::9805a3d4-04d2-4122-9ac6-677255172215:,9356,OCESN865640F1187_F:TER:FR:Line::9805a3d4-04d2-4122-9ac6-677255172215::87581009:87584268:8:2057:20260512,865640,0.0,37163,
FR:Line::9805a3d4-04d2-4122-9ac6-677255172215:,9253,OCESN865640F1187_F:TER:FR:Line::9805a3d4-04d2-4122-9ac6-677255172215::87581009:87584268:8:2057:20260831,865640,0.0,37164,
FR:Line::9805a3d4-04d2-4122-9ac6-677255172215:,9248,OCESN865642F1187_F:TER:FR:Line::9805a3d4-04d2-4122-9ac6-677255172215::87584052:87584268:6:2058:20260531,865642,0.0,37165,
FR:Line::9805a3d4-04d2-4122-9ac6-677255172215:,9343,OCESN865642F1187_F:TER:FR:Line::9805a3d4-04d2-4122-9ac6-677255172215::87581009:87584268:8:2058:20260517,865642,0.0,37166,
FR:Line::9805a3d4-04d2-4122-9ac6-677255172215:,9281,OCESN865642F1187_F:TER:FR:Line::9805a3d4-04d2-4122-9ac6-677255172215::87581009:87584268:8:2058:20260830,865642,0.0,37167,
FR:Line::9805a3d4-04d2-4122-9ac6-677255172215:,9248,OCESN865644F1187_F:TER:FR:Line::9805a3d4-04d2-4122-9ac6-677255172215::87584052:87584268:7:2250:20260531,865644,0.0,37168,
FR:Line::9805a3d4-04d2-4122-9ac6-677255172215:,9357,OCESN865644F1187_F:TER:FR:Line::9805a3d4-04d2-4122-9ac6-677255172215::87581009:87584268:9:2250:20260831,865644,0.0,37169,
FR:Line::9805a3d4-04d2-4122-9ac6-677255172215:,9167,OCESN865646F1187_F:TER:FR:Line::9805a3d4-04d2-4122-9ac6-677255172215::87581009:87584268:9:2349:20260515,865646,0.0,37170,
FR:Line::9805a3d4-04d2-4122-9ac6-677255172215:,7076,OCESN865646F1187_F:TER:FR:Line::9805a3d4-04d2-4122-9ac6-677255172215::87581009:87584268:9:2349:20260828,865646,0.0,37171,
FR:Line::9805a3d4-04d2-4122-9ac6-677255172215:,50,OCESN865704F1187_F:TER:FR:Line::9805a3d4-04d2-4122-9ac6-677255172215::87584052:87595827:14:1005:20260509,865704,0.0,37184,
FR:Line::9805a3d4-04d2-4122-9ac6-677255172215:,116,OCESN865704F1187_F:TER:FR:Line::9805a3d4-04d2-4122-9ac6-677255172215::87581009:87595827:16:1024:20260517,865704,0.0,37185,
FR:Line::9805a3d4-04d2-4122-9ac6-677255172215:,2300,OCESN865704F1187_F:TER:FR:Line::9805a3d4-04d2-4122-9ac6-677255172215::87584052:87595827:14:1024:20260531,865704,0.0,37186,
FR:Line::9805a3d4-04d2-4122-9ac6-677255172215:,391,OCESN865704F1187_F:TER:FR:Line::9805a3d4-04d2-4122-9ac6-677255172215::87581009:87595827:16:1024:20260503,865704,0.0,37187,
FR:Line::9805a3d4-04d2-4122-9ac6-677255172215:,8859,OCESN865704F1187_F:TER:FR:Line::9805a3d4-04d2-4122-9ac6-677255172215::87581009:87595827:16:1024:20260419,865704,0.0,37188,
FR:Line::9805a3d4-04d2-4122-9ac6-677255172215:,9336,OCESN865704F1187_F:TER:FR:Line::9805a3d4-04d2-4122-9ac6-677255172215::87581009:87595827:16:1024:20260830,865704,0.0,37189,
FR:Line::9805a3d4-04d2-4122-9ac6-677255172215:,9360,OCESN865704F1187_F:TER:FR:Line::9805a3d4-04d2-4122-9ac6-677255172215::87581009:87595827:16:1005:20260831,865704,0.0,37190,
FR:Line::9805a3d4-04d2-4122-9ac6-677255172215:,9361,OCESN865704F1187_F:TER:FR:Line::9805a3d4-04d2-4122-9ac6-677255172215::87581009:87595827:16:1010:20260410,865704,0.0,37191,
FR:Line::9805a3d4-04d2-4122-9ac6-677255172215:,9350,OCESN865712F1187_F:TER:FR:Line::9805a3d4-04d2-4122-9ac6-677255172215::87581009:87595827:15:1200:20260515,865712,0.0,37193,
FR:Line::9805a3d4-04d2-4122-9ac6-677255172215:,5758,OCESN865712F1187_F:TER:FR:Line::9805a3d4-04d2-4122-9ac6-677255172215::87581009:87595827:15:1200:20260831,865712,0.0,37194,
FR:Line::9805a3d4-04d2-4122-9ac6-677255172215:,9270,OCESN865716F1187_F:TER:FR:Line::9805a3d4-04d2-4122-9ac6-677255172215::87584052:87595827:12:1200:20260531,865716,0.0,37195,
FR:Line::9805a3d4-04d2-4122-9ac6-677255172215:,9362,OCESN865716F1187_F:TER:FR:Line::9805a3d4-04d2-4122-9ac6-677255172215::87581009:87595827:14:1200:20260517,865716,0.0,37196,
FR:Line::9805a3d4-04d2-4122-9ac6-677255172215:,9281,OCESN865716F1187_F:TER:FR:Line::9805a3d4-04d2-4122-9ac6-677255172215::87581009:87595827:14:1200:20260830,865716,0.0,37197,
FR:Line::9805a3d4-04d2-4122-9ac6-677255172215:,9350,OCESN865720F1187_F:TER:FR:Line::9805a3d4-04d2-4122-9ac6-677255172215::87581009:87595827:16:1503:20260515,865720,0.0,37199,
FR:Line::9805a3d4-04d2-4122-9ac6-677255172215:,5758,OCESN865720F1187_F:TER:FR:Line::9805a3d4-04d2-4122-9ac6-677255172215::87581009:87595827:16:1503:20260831,865720,0.0,37200,
FR:Line::9805a3d4-04d2-4122-9ac6-677255172215:,9248,OCESN865724F1187_F:TER:FR:Line::9805a3d4-04d2-4122-9ac6-677255172215::87584052:87595827:13:1601:20260531,865724,0.0,37201,
FR:Line::9805a3d4-04d2-4122-9ac6-677255172215:,9363,OCESN865724F1187_F:TER:FR:Line::9805a3d4-04d2-4122-9ac6-677255172215::87581009:87595827:15:1601:20260830,865724,0.0,37202,
FR:Line::de0cc979-c473-4b44-afa3-48079e6337c5:,9248,OCESN865726F1187_F:TER:FR:Line::de0cc979-c473-4b44-afa3-48079e6337c5::87584052:87595827:16:1815:20260531,865726,1.0,37203,
FR:Line::de0cc979-c473-4b44-afa3-48079e6337c5:,9363,OCESN865726F1187_F:TER:FR:Line::de0cc979-c473-4b44-afa3-48079e6337c5::87581009:87595827:18:1815:20260830,865726,1.0,37204,
FR:Line::9805a3d4-04d2-4122-9ac6-677255172215:,9235,OCESN865728F1187_F:TER:FR:Line::9805a3d4-04d2-4122-9ac6-677255172215::87581009:87595827:16:1822:20260515,865728,0.0,37205,
FR:Line::9805a3d4-04d2-4122-9ac6-677255172215:,5758,OCESN865728F1187_F:TER:FR:Line::9805a3d4-04d2-4122-9ac6-677255172215::87581009:87595827:16:1822:20260831,865728,0.0,37206,
FR:Line::9805a3d4-04d2-4122-9ac6-677255172215:,9235,OCESN865732F1187_F:TER:FR:Line::9805a3d4-04d2-4122-9ac6-677255172215::87581009:87595827:16:2003:20260515,865732,0.0,37208,
FR:Line::9805a3d4-04d2-4122-9ac6-677255172215:,5758,OCESN865732F1187_F:TER:FR:Line::9805a3d4-04d2-4122-9ac6-677255172215::87581009:87595827:16:2003:20260831,865732,0.0,37209,
FR:Line::9805a3d4-04d2-4122-9ac6-677255172215:,9248,OCESN865734F1187_F:TER:FR:Line::9805a3d4-04d2-4122-9ac6-677255172215::87584052:87595827:14:2004:20260531,865734,0.0,37210,
FR:Line::9805a3d4-04d2-4122-9ac6-677255172215:,9343,OCESN865734F1187_F:TER:FR:Line::9805a3d4-04d2-4122-9ac6-677255172215::87581009:87595827:16:2004:20260517,865734,0.0,37211,
FR:Line::9805a3d4-04d2-4122-9ac6-677255172215:,9281,OCESN865734F1187_F:TER:FR:Line::9805a3d4-04d2-4122-9ac6-677255172215::87581009:87595827:16:2004:20260830,865734,0.0,37212,
FR:Line::9805a3d4-04d2-4122-9ac6-677255172215:,9167,OCESN865736F1187_F:TER:FR:Line::9805a3d4-04d2-4122-9ac6-677255172215::87581009:87595827:13:2200:20260515,865736,0.0,37213,
FR:Line::9805a3d4-04d2-4122-9ac6-677255172215:,7076,OCESN865736F1187_F:TER:FR:Line::9805a3d4-04d2-4122-9ac6-677255172215::87581009:87595827:13:2200:20260828,865736,0.0,37214,
FR:Line::9805a3d4-04d2-4122-9ac6-677255172215:,48,OCESN865740F1187_F:TER:FR:Line::9805a3d4-04d2-4122-9ac6-677255172215::87595827:87581009:16:847:20260515,865740,1.0,37218,
FR:Line::9805a3d4-04d2-4122-9ac6-677255172215:,9364,OCESN865740F1187_F:TER:FR:Line::9805a3d4-04d2-4122-9ac6-677255172215::87595827:87581009:16:846:20260513,865740,1.0,37219,
FR:Line::9805a3d4-04d2-4122-9ac6-677255172215:,5758,OCESN865740F1187_F:TER:FR:Line::9805a3d4-04d2-4122-9ac6-677255172215::87595827:87581009:16:845:20260831,865740,1.0,37220,
FR:Line::9805a3d4-04d2-4122-9ac6-677255172215:,50,OCESN865742F1187_F:TER:FR:Line::9805a3d4-04d2-4122-9ac6-677255172215::87595827:87584052:14:821:20260509,865742,1.0,37221,
FR:Line::9805a3d4-04d2-4122-9ac6-677255172215:,9347,OCESN865742F1187_F:TER:FR:Line::9805a3d4-04d2-4122-9ac6-677255172215::87595827:87581009:16:847:20260516,865742,1.0,37222,
FR:Line::9805a3d4-04d2-4122-9ac6-677255172215:,9266,OCESN865742F1187_F:TER:FR:Line::9805a3d4-04d2-4122-9ac6-677255172215::87595827:87581009:16:846:20260829,865742,1.0,37223,
FR:Line::9805a3d4-04d2-4122-9ac6-677255172215:,5758,OCESN865744F1187_F:TER:FR:Line::9805a3d4-04d2-4122-9ac6-677255172215::87595827:87581009:15:1000:20260831,865744,1.0,37225,
FR:Line::9805a3d4-04d2-4122-9ac6-677255172215:,9350,OCESN865744F1187_F:TER:FR:Line::9805a3d4-04d2-4122-9ac6-677255172215::87595827:87581009:15:1002:20260515,865744,1.0,37226,
FR:Line::9805a3d4-04d2-4122-9ac6-677255172215:,2300,OCESN865746F1187_F:TER:FR:Line::9805a3d4-04d2-4122-9ac6-677255172215::87595827:87584052:13:943:20260531,865746,1.0,37227,
FR:Line::9805a3d4-04d2-4122-9ac6-677255172215:,9351,OCESN865746F1187_F:TER:FR:Line::9805a3d4-04d2-4122-9ac6-677255172215::87595827:87581009:15:1010:20260517,865746,1.0,37228,
FR:Line::9805a3d4-04d2-4122-9ac6-677255172215:,9336,OCESN865746F1187_F:TER:FR:Line::9805a3d4-04d2-4122-9ac6-677255172215::87595827:87581009:15:1008:20260830,865746,1.0,37229,
FR:Line::9805a3d4-04d2-4122-9ac6-677255172215:,5599,OCESN865748F1187_F:TER:FR:Line::9805a3d4-04d2-4122-9ac6-677255172215::87595827:87584052:13:1111:20260530,865748,1.0,37230,
FR:Line::9805a3d4-04d2-4122-9ac6-677255172215:,9347,OCESN865748F1187_F:TER:FR:Line::9805a3d4-04d2-4122-9ac6-677255172215::87595827:87581009:15:1138:20260516,865748,1.0,37231,
FR:Line::9805a3d4-04d2-4122-9ac6-677255172215:,9348,OCESN865748F1187_F:TER:FR:Line::9805a3d4-04d2-4122-9ac6-677255172215::87595827:87581009:15:1136:20260829,865748,1.0,37232,
FR:Line::de0cc979-c473-4b44-afa3-48079e6337c5:,9343,OCESN865750F1187_F:TER:FR:Line::de0cc979-c473-4b44-afa3-48079e6337c5::87595827:87581009:17:1733:20260517,865750,0.0,37236,
FR:Line::de0cc979-c473-4b44-afa3-48079e6337c5:,9281,OCESN865750F1187_F:TER:FR:Line::de0cc979-c473-4b44-afa3-48079e6337c5::87595827:87581009:17:1732:20260830,865750,0.0,37237,
FR:Line::de0cc979-c473-4b44-afa3-48079e6337c5:,9248,OCESN865750F1187_F:TER:FR:Line::de0cc979-c473-4b44-afa3-48079e6337c5::87595827:87584052:15:1707:20260531,865750,0.0,37238,
FR:Line::9805a3d4-04d2-4122-9ac6-677255172215:,341,OCESN865752F1187_F:TER:FR:Line::9805a3d4-04d2-4122-9ac6-677255172215::87595827:87581009:13:1322:20260513,865752,1.0,37239,
FR:Line::9805a3d4-04d2-4122-9ac6-677255172215:,48,OCESN865752F1187_F:TER:FR:Line::9805a3d4-04d2-4122-9ac6-677255172215::87595827:87581009:13:1320:20260515,865752,1.0,37240,
FR:Line::9805a3d4-04d2-4122-9ac6-677255172215:,9365,OCESN865752F1187_F:TER:FR:Line::9805a3d4-04d2-4122-9ac6-677255172215::87595827:87581009:13:1319:20260831,865752,1.0,37241,
FR:Line::9805a3d4-04d2-4122-9ac6-677255172215:,9350,OCESN865756F1187_F:TER:FR:Line::9805a3d4-04d2-4122-9ac6-677255172215::87595827:87581009:17:1521:20260515,865756,1.0,37242,
FR:Line::9805a3d4-04d2-4122-9ac6-677255172215:,5758,OCESN865756F1187_F:TER:FR:Line::9805a3d4-04d2-4122-9ac6-677255172215::87595827:87581009:17:1519:20260831,865756,1.0,37243,
FR:Line::9805a3d4-04d2-4122-9ac6-677255172215:,9366,OCESN865758F1187_F:TER:FR:Line::9805a3d4-04d2-4122-9ac6-677255172215::87595827:87581009:17:1521:20260412,865758,1.0,37244,
FR:Line::9805a3d4-04d2-4122-9ac6-677255172215:,9367,OCESN865758F1187_F:TER:FR:Line::9805a3d4-04d2-4122-9ac6-677255172215::87595827:87581009:17:1521:20260517,865758,1.0,37245,
FR:Line::9805a3d4-04d2-4122-9ac6-677255172215:,9281,OCESN865758F1187_F:TER:FR:Line::9805a3d4-04d2-4122-9ac6-677255172215::87595827:87581009:17:1520:20260830,865758,1.0,37246,
FR:Line::9805a3d4-04d2-4122-9ac6-677255172215:,9248,OCESN865758F1187_F:TER:FR:Line::9805a3d4-04d2-4122-9ac6-677255172215::87595827:87584052:15:1455:20260531,865758,1.0,37247,
FR:Line::9805a3d4-04d2-4122-9ac6-677255172215:,9248,OCESN865760F1187_F:TER:FR:Line::9805a3d4-04d2-4122-9ac6-677255172215::87595827:87584052:15:1935:20260531,865760,1.0,37249,
FR:Line::9805a3d4-04d2-4122-9ac6-677255172215:,9343,OCESN865760F1187_F:TER:FR:Line::9805a3d4-04d2-4122-9ac6-677255172215::87595827:87581009:17:2002:20260517,865760,1.0,37250,
FR:Line::9805a3d4-04d2-4122-9ac6-677255172215:,9281,OCESN865760F1187_F:TER:FR:Line::9805a3d4-04d2-4122-9ac6-677255172215::87595827:87581009:17:2000:20260830,865760,1.0,37251,
FR:Line::9805a3d4-04d2-4122-9ac6-677255172215:,9235,OCESN865760F1187_F:TER:FR:Line::9805a3d4-04d2-4122-9ac6-677255172215::87595827:87581009:17:2003:20260515,865760,1.0,37252,
FR:Line::9805a3d4-04d2-4122-9ac6-677255172215:,5758,OCESN865760F1187_F:TER:FR:Line::9805a3d4-04d2-4122-9ac6-677255172215::87595827:87581009:17:2002:20260831,865760,1.0,37253,
FR:Line::9805a3d4-04d2-4122-9ac6-677255172215:,9248,OCESN865762F1187_F:TER:FR:Line::9805a3d4-04d2-4122-9ac6-677255172215::87595827:87584052:11:2058:20260531,865762,1.0,37254,
FR:Line::9805a3d4-04d2-4122-9ac6-677255172215:,9343,OCESN865762F1187_F:TER:FR:Line::9805a3d4-04d2-4122-9ac6-677255172215::87595827:87581009:13:2125:20260517,865762,1.0,37255,
FR:Line::9805a3d4-04d2-4122-9ac6-677255172215:,9281,OCESN865762F1187_F:TER:FR:Line::9805a3d4-04d2-4122-9ac6-677255172215::87595827:87581009:13:2123:20260830,865762,1.0,37256,
FR:Line::9805a3d4-04d2-4122-9ac6-677255172215:,9235,OCESN865764F1187_F:TER:FR:Line::9805a3d4-04d2-4122-9ac6-677255172215::87595827:87581009:13:2123:20260515,865764,1.0,37257,
FR:Line::9805a3d4-04d2-4122-9ac6-677255172215:,5758,OCESN865764F1187_F:TER:FR:Line::9805a3d4-04d2-4122-9ac6-677255172215::87595827:87581009:13:2121:20260831,865764,1.0,37258,
FR:Line::daa8bf5f-7be6-4fbc-ad6a-0d2c30d39013:,128,OCESN866000F1187_F:TER:FR:Line::daa8bf5f-7be6-4fbc-ad6a-0d2c30d39013::87581199:87581751:9:817:20260831,866000,0.0,37354,
FR:Line::daa8bf5f-7be6-4fbc-ad6a-0d2c30d39013:,642,OCESN866000F1187_F:TER:FR:Line::daa8bf5f-7be6-4fbc-ad6a-0d2c30d39013::87581199:87581751:9:815:20260703,866000,0.0,37355,
FR:Line::daa8bf5f-7be6-4fbc-ad6a-0d2c30d39013:,128,OCESN866001F1187_F:TER:FR:Line::daa8bf5f-7be6-4fbc-ad6a-0d2c30d39013::87581751:87581199:9:734:20260831,866001,1.0,37356,
FR:Line::daa8bf5f-7be6-4fbc-ad6a-0d2c30d39013:,642,OCESN866001F1187_F:TER:FR:Line::daa8bf5f-7be6-4fbc-ad6a-0d2c30d39013::87581751:87581199:9:734:20260703,866001,1.0,37357,
FR:Line::daa8bf5f-7be6-4fbc-ad6a-0d2c30d39013:,128,OCESN866002F1187_F:TER:FR:Line::daa8bf5f-7be6-4fbc-ad6a-0d2c30d39013::87581199:87581751:9:946:20260831,866002,0.0,37358,
FR:Line::daa8bf5f-7be6-4fbc-ad6a-0d2c30d39013:,642,OCESN866002F1187_F:TER:FR:Line::daa8bf5f-7be6-4fbc-ad6a-0d2c30d39013::87581199:87581751:9:946:20260703,866002,0.0,37359,
FR:Line::daa8bf5f-7be6-4fbc-ad6a-0d2c30d39013:,1,OCESN866003F1187_F:TER:FR:Line::daa8bf5f-7be6-4fbc-ad6a-0d2c30d39013::87581751:87581199:9:802:20260828,866003,1.0,37360,
FR:Line::daa8bf5f-7be6-4fbc-ad6a-0d2c30d39013:,1,OCESN866004F1187_F:TER:FR:Line::daa8bf5f-7be6-4fbc-ad6a-0d2c30d39013::87581199:87581751:9:915:20260828,866004,0.0,37361,
FR:Line::daa8bf5f-7be6-4fbc-ad6a-0d2c30d39013:,128,OCESN866005F1187_F:TER:FR:Line::daa8bf5f-7be6-4fbc-ad6a-0d2c30d39013::87581009:87581199:10:836:20260831,866005,1.0,37362,
FR:Line::daa8bf5f-7be6-4fbc-ad6a-0d2c30d39013:,642,OCESN866005F1187_F:TER:FR:Line::daa8bf5f-7be6-4fbc-ad6a-0d2c30d39013::87581009:87581199:10:837:20260703,866005,1.0,37363,
FR:Line::daa8bf5f-7be6-4fbc-ad6a-0d2c30d39013:,128,OCESN866006F1187_F:TER:FR:Line::daa8bf5f-7be6-4fbc-ad6a-0d2c30d39013::87581199:87581751:9:1115:20260831,866006,0.0,37364,
FR:Line::daa8bf5f-7be6-4fbc-ad6a-0d2c30d39013:,9385,OCESN866006F1187_F:TER:FR:Line::daa8bf5f-7be6-4fbc-ad6a-0d2c30d39013::87581199:87581751:9:1114:20260703,866006,0.0,37365,
FR:Line::daa8bf5f-7be6-4fbc-ad6a-0d2c30d39013:,128,OCESN866007F1187_F:TER:FR:Line::daa8bf5f-7be6-4fbc-ad6a-0d2c30d39013::87581751:87581199:9:1005:20260831,866007,1.0,37366,
FR:Line::daa8bf5f-7be6-4fbc-ad6a-0d2c30d39013:,642,OCESN866007F1187_F:TER:FR:Line::daa8bf5f-7be6-4fbc-ad6a-0d2c30d39013::87581751:87581199:9:1005:20260703,866007,1.0,37367,
FR:Line::daa8bf5f-7be6-4fbc-ad6a-0d2c30d39013:,1,OCESN866008F1187_F:TER:FR:Line::daa8bf5f-7be6-4fbc-ad6a-0d2c30d39013::87581199:87581751:9:1145:20260828,866008,0.0,37368,
FR:Line::daa8bf5f-7be6-4fbc-ad6a-0d2c30d39013:,1,OCESN866009F1187_F:TER:FR:Line::daa8bf5f-7be6-4fbc-ad6a-0d2c30d39013::87581751:87581199:9:1101:20260828,866009,1.0,37369,
FR:Line::daa8bf5f-7be6-4fbc-ad6a-0d2c30d39013:,128,OCESN866010F1187_F:TER:FR:Line::daa8bf5f-7be6-4fbc-ad6a-0d2c30d39013::87581199:87581751:9:1248:20260831,866010,0.0,37370,
FR:Line::daa8bf5f-7be6-4fbc-ad6a-0d2c30d39013:,9385,OCESN866010F1187_F:TER:FR:Line::daa8bf5f-7be6-4fbc-ad6a-0d2c30d39013::87581199:87581751:9:1247:20260703,866010,0.0,37371,
FR:Line::daa8bf5f-7be6-4fbc-ad6a-0d2c30d39013:,9386,OCESN866011F1187_F:TER:FR:Line::daa8bf5f-7be6-4fbc-ad6a-0d2c30d39013::87581751:87581199:9:1159:20260416,866011,1.0,37372,
FR:Line::daa8bf5f-7be6-4fbc-ad6a-0d2c30d39013:,128,OCESN866011F1187_F:TER:FR:Line::daa8bf5f-7be6-4fbc-ad6a-0d2c30d39013::87581751:87581199:9:1157:20260831,866011,1.0,37373,
FR:Line::daa8bf5f-7be6-4fbc-ad6a-0d2c30d39013:,9387,OCESN866011F1187_F:TER:FR:Line::daa8bf5f-7be6-4fbc-ad6a-0d2c30d39013::87581751:87581199:9:1157:20260703,866011,1.0,37374,
FR:Line::daa8bf5f-7be6-4fbc-ad6a-0d2c30d39013:,1,OCESN866012F1187_F:TER:FR:Line::daa8bf5f-7be6-4fbc-ad6a-0d2c30d39013::87581199:87581751:9:1343:20260828,866012,0.0,37375,
FR:Line::daa8bf5f-7be6-4fbc-ad6a-0d2c30d39013:,9388,OCESN866012F1187_F:TER:FR:Line::daa8bf5f-7be6-4fbc-ad6a-0d2c30d39013::87581199:87581751:9:1342:20260831,866012,0.0,37376,
FR:Line::daa8bf5f-7be6-4fbc-ad6a-0d2c30d39013:,1,OCESN866013F1187_F:TER:FR:Line::daa8bf5f-7be6-4fbc-ad6a-0d2c30d39013::87581751:87581199:9:1302:20260828,866013,1.0,37377,
FR:Line::daa8bf5f-7be6-4fbc-ad6a-0d2c30d39013:,9388,OCESN866013F1187_F:TER:FR:Line::daa8bf5f-7be6-4fbc-ad6a-0d2c30d39013::87581751:87581199:9:1302:20260831,866013,1.0,37378,
FR:Line::daa8bf5f-7be6-4fbc-ad6a-0d2c30d39013:,128,OCESN866014F1187_F:TER:FR:Line::daa8bf5f-7be6-4fbc-ad6a-0d2c30d39013::87581199:87581751:9:1443:20260831,866014,0.0,37379,
FR:Line::daa8bf5f-7be6-4fbc-ad6a-0d2c30d39013:,9385,OCESN866014F1187_F:TER:FR:Line::daa8bf5f-7be6-4fbc-ad6a-0d2c30d39013::87581199:87581751:9:1443:20260703,866014,0.0,37380,
FR:Line::daa8bf5f-7be6-4fbc-ad6a-0d2c30d39013:,128,OCESN866015F1187_F:TER:FR:Line::daa8bf5f-7be6-4fbc-ad6a-0d2c30d39013::87581751:87581199:9:1401:20260831,866015,1.0,37381,
FR:Line::daa8bf5f-7be6-4fbc-ad6a-0d2c30d39013:,9385,OCESN866015F1187_F:TER:FR:Line::daa8bf5f-7be6-4fbc-ad6a-0d2c30d39013::87581751:87581199:9:1401:20260703,866015,1.0,37382,
FR:Line::daa8bf5f-7be6-4fbc-ad6a-0d2c30d39013:,1,OCESN866016F1187_F:TER:FR:Line::daa8bf5f-7be6-4fbc-ad6a-0d2c30d39013::87581199:87581751:9:1543:20260828,866016,0.0,37383,
FR:Line::daa8bf5f-7be6-4fbc-ad6a-0d2c30d39013:,9388,OCESN866016F1187_F:TER:FR:Line::daa8bf5f-7be6-4fbc-ad6a-0d2c30d39013::87581199:87581751:9:1543:20260831,866016,0.0,37384,
FR:Line::daa8bf5f-7be6-4fbc-ad6a-0d2c30d39013:,9388,OCESN866017F1187_F:TER:FR:Line::daa8bf5f-7be6-4fbc-ad6a-0d2c30d39013::87581751:87581199:9:1500:20260831,866017,1.0,37385,
FR:Line::daa8bf5f-7be6-4fbc-ad6a-0d2c30d39013:,1,OCESN866019F1187_F:TER:FR:Line::daa8bf5f-7be6-4fbc-ad6a-0d2c30d39013::87581751:87581199:9:1501:20260828,866019,1.0,37386,
FR:Line::daa8bf5f-7be6-4fbc-ad6a-0d2c30d39013:,1,OCESN866020F1187_F:TER:FR:Line::daa8bf5f-7be6-4fbc-ad6a-0d2c30d39013::87581199:87581751:9:1810:20260828,866020,0.0,37387,
FR:Line::daa8bf5f-7be6-4fbc-ad6a-0d2c30d39013:,4839,OCESN866020F1187_F:TER:FR:Line::daa8bf5f-7be6-4fbc-ad6a-0d2c30d39013::87581199:87581751:9:1809:20260831,866020,0.0,37388,
FR:Line::daa8bf5f-7be6-4fbc-ad6a-0d2c30d39013:,4839,OCESN866022F1187_F:TER:FR:Line::daa8bf5f-7be6-4fbc-ad6a-0d2c30d39013::87581199:87581751:9:1842:20260831,866022,0.0,37389,
FR:Line::daa8bf5f-7be6-4fbc-ad6a-0d2c30d39013:,9389,OCESN866023F1187_F:TER:FR:Line::daa8bf5f-7be6-4fbc-ad6a-0d2c30d39013::87581751:87581199:9:1703:20260831,866023,1.0,37390,
FR:Line::daa8bf5f-7be6-4fbc-ad6a-0d2c30d39013:,1,OCESN866024F1187_F:TER:FR:Line::daa8bf5f-7be6-4fbc-ad6a-0d2c30d39013::87581199:87581751:9:1942:20260828,866024,0.0,37391,
FR:Line::daa8bf5f-7be6-4fbc-ad6a-0d2c30d39013:,4839,OCESN866024F1187_F:TER:FR:Line::daa8bf5f-7be6-4fbc-ad6a-0d2c30d39013::87581199:87581751:9:1942:20260831,866024,0.0,37392,
FR:Line::daa8bf5f-7be6-4fbc-ad6a-0d2c30d39013:,4839,OCESN866025F1187_F:TER:FR:Line::daa8bf5f-7be6-4fbc-ad6a-0d2c30d39013::87581751:87581199:9:1802:20260831,866025,1.0,37393,
FR:Line::daa8bf5f-7be6-4fbc-ad6a-0d2c30d39013:,4839,OCESN866026F1187_F:TER:FR:Line::daa8bf5f-7be6-4fbc-ad6a-0d2c30d39013::87581199:87581751:9:2042:20260831,866026,0.0,37394,
FR:Line::daa8bf5f-7be6-4fbc-ad6a-0d2c30d39013:,1,OCESN866027F1187_F:TER:FR:Line::daa8bf5f-7be6-4fbc-ad6a-0d2c30d39013::87581751:87581199:9:1902:20260828,866027,1.0,37395,
FR:Line::daa8bf5f-7be6-4fbc-ad6a-0d2c30d39013:,4839,OCESN866027F1187_F:TER:FR:Line::daa8bf5f-7be6-4fbc-ad6a-0d2c30d39013::87581751:87581199:9:1902:20260831,866027,1.0,37396,
FR:Line::daa8bf5f-7be6-4fbc-ad6a-0d2c30d39013:,1,OCESN866028F1187_F:TER:FR:Line::daa8bf5f-7be6-4fbc-ad6a-0d2c30d39013::87581199:87581009:10:2144:20260828,866028,0.0,37397,
FR:Line::daa8bf5f-7be6-4fbc-ad6a-0d2c30d39013:,4839,OCESN866028F1187_F:TER:FR:Line::daa8bf5f-7be6-4fbc-ad6a-0d2c30d39013::87581199:87581009:10:2143:20260831,866028,0.0,37398,
FR:Line::daa8bf5f-7be6-4fbc-ad6a-0d2c30d39013:,4839,OCESN866029F1187_F:TER:FR:Line::daa8bf5f-7be6-4fbc-ad6a-0d2c30d39013::87581751:87581199:9:2002:20260831,866029,1.0,37399,
FR:Line::daa8bf5f-7be6-4fbc-ad6a-0d2c30d39013:,4839,OCESN866030F1187_F:TER:FR:Line::daa8bf5f-7be6-4fbc-ad6a-0d2c30d39013::87581199:87581009:10:2236:20260831,866030,0.0,37400,
FR:Line::daa8bf5f-7be6-4fbc-ad6a-0d2c30d39013:,1,OCESN866031F1187_F:TER:FR:Line::daa8bf5f-7be6-4fbc-ad6a-0d2c30d39013::87581751:87581199:9:2058:20260828,866031,1.0,37401,
FR:Line::daa8bf5f-7be6-4fbc-ad6a-0d2c30d39013:,4839,OCESN866031F1187_F:TER:FR:Line::daa8bf5f-7be6-4fbc-ad6a-0d2c30d39013::87581751:87581199:9:2058:20260831,866031,1.0,37402,
FR:Line::daa8bf5f-7be6-4fbc-ad6a-0d2c30d39013:,128,OCESN866032F1187_F:TER:FR:Line::daa8bf5f-7be6-4fbc-ad6a-0d2c30d39013::87581199:87581751:9:916:20260831,866032,0.0,37403,
FR:Line::daa8bf5f-7be6-4fbc-ad6a-0d2c30d39013:,642,OCESN866032F1187_F:TER:FR:Line::daa8bf5f-7be6-4fbc-ad6a-0d2c30d39013::87581199:87581751:9:915:20260703,866032,0.0,37404,
FR:Line::daa8bf5f-7be6-4fbc-ad6a-0d2c30d39013:,4839,OCESN866033F1187_F:TER:FR:Line::daa8bf5f-7be6-4fbc-ad6a-0d2c30d39013::87581751:87581199:9:2151:20260831,866033,1.0,37405,
FR:Line::daa8bf5f-7be6-4fbc-ad6a-0d2c30d39013:,128,OCESN866035F1187_F:TER:FR:Line::daa8bf5f-7be6-4fbc-ad6a-0d2c30d39013::87581751:87581199:9:907:20260831,866035,1.0,37406,
FR:Line::daa8bf5f-7be6-4fbc-ad6a-0d2c30d39013:,642,OCESN866035F1187_F:TER:FR:Line::daa8bf5f-7be6-4fbc-ad6a-0d2c30d39013::87581751:87581199:9:907:20260703,866035,1.0,37407,
FR:Line::3ebed947-d25a-4cb1-ad23-a6db52a6f082:,9390,OCESN866100F1187_F:TER:FR:Line::3ebed947-d25a-4cb1-ad23-a6db52a6f082::87581256:87581751:12:638:20260831,866100,1.0,37408,
FR:Line::3ebed947-d25a-4cb1-ad23-a6db52a6f082:,2988,OCESN866100F1187_F:TER:FR:Line::3ebed947-d25a-4cb1-ad23-a6db52a6f082::87581256:87581751:12:638:20260703,866100,1.0,37409,
FR:Line::3ebed947-d25a-4cb1-ad23-a6db52a6f082:,128,OCESN866101F1187_F:TER:FR:Line::3ebed947-d25a-4cb1-ad23-a6db52a6f082::87581009:87581314:14:754:20260831,866101,0.0,37410,
FR:Line::3ebed947-d25a-4cb1-ad23-a6db52a6f082:,642,OCESN866101F1187_F:TER:FR:Line::3ebed947-d25a-4cb1-ad23-a6db52a6f082::87581009:87581314:14:754:20260703,866101,0.0,37411,
FR:Line::3ebed947-d25a-4cb1-ad23-a6db52a6f082:,1,OCESN866102F1187_F:TER:FR:Line::3ebed947-d25a-4cb1-ad23-a6db52a6f082::87581314:87581751:13:710:20260828,866102,1.0,37412,
FR:Line::3ebed947-d25a-4cb1-ad23-a6db52a6f082:,4839,OCESN866103F1187_F:TER:FR:Line::3ebed947-d25a-4cb1-ad23-a6db52a6f082::87581009:87581389:16:919:20260831,866103,0.0,37413,
FR:Line::3ebed947-d25a-4cb1-ad23-a6db52a6f082:,4839,OCESN866104F1187_F:TER:FR:Line::3ebed947-d25a-4cb1-ad23-a6db52a6f082::87581314:87581009:14:717:20260831,866104,1.0,37414,
FR:Line::3ebed947-d25a-4cb1-ad23-a6db52a6f082:,2758,OCESN866105F1187_F:TER:FR:Line::3ebed947-d25a-4cb1-ad23-a6db52a6f082::87581009:87581397:17:954:20260830,866105,0.0,37415,
FR:Line::3ebed947-d25a-4cb1-ad23-a6db52a6f082:,1,OCESN866105F1187_F:TER:FR:Line::3ebed947-d25a-4cb1-ad23-a6db52a6f082::87581009:87581397:17:954:20260828,866105,0.0,37416,
FR:Line::3ebed947-d25a-4cb1-ad23-a6db52a6f082:,128,OCESN866106F1187_F:TER:FR:Line::3ebed947-d25a-4cb1-ad23-a6db52a6f082::87581389:87581009:16:748:20260831,866106,1.0,37417,
FR:Line::3ebed947-d25a-4cb1-ad23-a6db52a6f082:,642,OCESN866106F1187_F:TER:FR:Line::3ebed947-d25a-4cb1-ad23-a6db52a6f082::87581389:87581009:16:748:20260703,866106,1.0,37418,
FR:Line::3ebed947-d25a-4cb1-ad23-a6db52a6f082:,921,OCESN866107F1187_F:TER:FR:Line::3ebed947-d25a-4cb1-ad23-a6db52a6f082::87581009:87581389:16:951:20260627,866107,0.0,37419,
FR:Line::3ebed947-d25a-4cb1-ad23-a6db52a6f082:,1,OCESN866108F1187_F:TER:FR:Line::3ebed947-d25a-4cb1-ad23-a6db52a6f082::87581314:87581009:14:748:20260828,866108,1.0,37420,
FR:Line::3ebed947-d25a-4cb1-ad23-a6db52a6f082:,1957,OCESN866108F1187_F:TER:FR:Line::3ebed947-d25a-4cb1-ad23-a6db52a6f082::87581314:87581009:14:747:20260829,866108,1.0,37421,
FR:Line::3ebed947-d25a-4cb1-ad23-a6db52a6f082:,2042,OCESN866109F1187_F:TER:FR:Line::3ebed947-d25a-4cb1-ad23-a6db52a6f082::87581009:87581256:13:1003:20260327,866109,0.0,37422,
FR:Line::3ebed947-d25a-4cb1-ad23-a6db52a6f082:,1,OCESN866109F1187_F:TER:FR:Line::3ebed947-d25a-4cb1-ad23-a6db52a6f082::87581009:87581314:14:1016:20260828,866109,0.0,37423,
FR:Line::3ebed947-d25a-4cb1-ad23-a6db52a6f082:,290,OCESN866109F1187_F:TER:FR:Line::3ebed947-d25a-4cb1-ad23-a6db52a6f082::87581009:87581314:14:1016:20260829,866109,0.0,37424,
FR:Line::3ebed947-d25a-4cb1-ad23-a6db52a6f082:,9388,OCESN866109F1187_F:TER:FR:Line::3ebed947-d25a-4cb1-ad23-a6db52a6f082::87581009:87581314:14:1018:20260831,866109,0.0,37425,
FR:Line::3ebed947-d25a-4cb1-ad23-a6db52a6f082:,9391,OCESN866110F1187_F:TER:FR:Line::3ebed947-d25a-4cb1-ad23-a6db52a6f082::87581389:87581009:16:849:20260703,866110,1.0,37426,
FR:Line::3ebed947-d25a-4cb1-ad23-a6db52a6f082:,128,OCESN866110F1187_F:TER:FR:Line::3ebed947-d25a-4cb1-ad23-a6db52a6f082::87581389:87581009:16:849:20260831,866110,1.0,37427,
FR:Line::3ebed947-d25a-4cb1-ad23-a6db52a6f082:,9392,OCESN866110F1187_F:TER:FR:Line::3ebed947-d25a-4cb1-ad23-a6db52a6f082::87581314:87581009:14:849:20260323,866110,1.0,37428,
FR:Line::3ebed947-d25a-4cb1-ad23-a6db52a6f082:,911,OCESN866111F1187_F:TER:FR:Line::3ebed947-d25a-4cb1-ad23-a6db52a6f082::87581009:87581389:16:1049:20260628,866111,0.0,37429,
FR:Line::3ebed947-d25a-4cb1-ad23-a6db52a6f082:,1,OCESN866112F1187_F:TER:FR:Line::3ebed947-d25a-4cb1-ad23-a6db52a6f082::87581389:87581009:16:848:20260828,866112,1.0,37430,
FR:Line::3ebed947-d25a-4cb1-ad23-a6db52a6f082:,1,OCESN866113F1187_F:TER:FR:Line::3ebed947-d25a-4cb1-ad23-a6db52a6f082::87581009:87581397:17:1155:20260828,866113,0.0,37431,
FR:Line::3ebed947-d25a-4cb1-ad23-a6db52a6f082:,921,OCESN866114F1187_F:TER:FR:Line::3ebed947-d25a-4cb1-ad23-a6db52a6f082::87581389:87581009:16:1010:20260627,866114,1.0,37432,
FR:Line::3ebed947-d25a-4cb1-ad23-a6db52a6f082:,36,OCESN866114F1187_F:TER:FR:Line::3ebed947-d25a-4cb1-ad23-a6db52a6f082::87581389:87581009:16:1013:20260830,866114,1.0,37433,
FR:Line::3ebed947-d25a-4cb1-ad23-a6db52a6f082:,37,OCESN866114F1187_F:TER:FR:Line::3ebed947-d25a-4cb1-ad23-a6db52a6f082::87581389:87581009:16:1013:20260829,866114,1.0,37434,
FR:Line::3ebed947-d25a-4cb1-ad23-a6db52a6f082:,921,OCESN866115F1187_F:TER:FR:Line::3ebed947-d25a-4cb1-ad23-a6db52a6f082::87581009:87581389:16:1150:20260627,866115,0.0,37435,
FR:Line::3ebed947-d25a-4cb1-ad23-a6db52a6f082:,4839,OCESN866116F1187_F:TER:FR:Line::3ebed947-d25a-4cb1-ad23-a6db52a6f082::87581314:87581009:14:1016:20260831,866116,1.0,37436,
FR:Line::3ebed947-d25a-4cb1-ad23-a6db52a6f082:,2758,OCESN866117F1187_F:TER:FR:Line::3ebed947-d25a-4cb1-ad23-a6db52a6f082::87581009:87581397:12:1155:20260830,866117,0.0,37437,
FR:Line::3ebed947-d25a-4cb1-ad23-a6db52a6f082:,911,OCESN866118F1187_F:TER:FR:Line::3ebed947-d25a-4cb1-ad23-a6db52a6f082::87581389:87581009:16:1108:20260628,866118,1.0,37438,
FR:Line::3ebed947-d25a-4cb1-ad23-a6db52a6f082:,9386,OCESN866119F1187_F:TER:FR:Line::3ebed947-d25a-4cb1-ad23-a6db52a6f082::87581009:87581389:16:1244:20260416,866119,0.0,37439,
FR:Line::3ebed947-d25a-4cb1-ad23-a6db52a6f082:,9393,OCESN866119F1187_F:TER:FR:Line::3ebed947-d25a-4cb1-ad23-a6db52a6f082::87581009:87581389:16:1242:20260831,866119,0.0,37440,
FR:Line::3ebed947-d25a-4cb1-ad23-a6db52a6f082:,921,OCESN866120F1187_F:TER:FR:Line::3ebed947-d25a-4cb1-ad23-a6db52a6f082::87581389:87581009:16:1211:20260627,866120,1.0,37441,
FR:Line::3ebed947-d25a-4cb1-ad23-a6db52a6f082:,9386,OCESN866120F1187_F:TER:FR:Line::3ebed947-d25a-4cb1-ad23-a6db52a6f082::87581389:87581009:16:1211:20260416,866120,1.0,37442,
FR:Line::3ebed947-d25a-4cb1-ad23-a6db52a6f082:,9393,OCESN866120F1187_F:TER:FR:Line::3ebed947-d25a-4cb1-ad23-a6db52a6f082::87581389:87581009:16:1211:20260831,866120,1.0,37443,
FR:Line::3ebed947-d25a-4cb1-ad23-a6db52a6f082:,430,OCESN866121F1187_F:TER:FR:Line::3ebed947-d25a-4cb1-ad23-a6db52a6f082::87581009:87581314:14:1215:20260830,866121,0.0,37444,
FR:Line::3ebed947-d25a-4cb1-ad23-a6db52a6f082:,951,OCESN866122F1187_F:TER:FR:Line::3ebed947-d25a-4cb1-ad23-a6db52a6f082::87581397:87581009:17:1214:20260830,866122,1.0,37445,
FR:Line::3ebed947-d25a-4cb1-ad23-a6db52a6f082:,7055,OCESN866123F1187_F:TER:FR:Line::3ebed947-d25a-4cb1-ad23-a6db52a6f082::87581009:87581389:16:1343:20260628,866123,0.0,37446,
FR:Line::3ebed947-d25a-4cb1-ad23-a6db52a6f082:,1989,OCESN866124F1187_F:TER:FR:Line::3ebed947-d25a-4cb1-ad23-a6db52a6f082::87581314:87581009:14:1315:20260829,866124,1.0,37447,
FR:Line::3ebed947-d25a-4cb1-ad23-a6db52a6f082:,128,OCESN866125F1187_F:TER:FR:Line::3ebed947-d25a-4cb1-ad23-a6db52a6f082::87581009:87581314:14:1321:20260831,866125,0.0,37448,
FR:Line::3ebed947-d25a-4cb1-ad23-a6db52a6f082:,9385,OCESN866125F1187_F:TER:FR:Line::3ebed947-d25a-4cb1-ad23-a6db52a6f082::87581009:87581314:14:1321:20260703,866125,0.0,37449,
FR:Line::3ebed947-d25a-4cb1-ad23-a6db52a6f082:,9388,OCESN866126F1187_F:TER:FR:Line::3ebed947-d25a-4cb1-ad23-a6db52a6f082::87581314:87581009:14:1412:20260831,866126,1.0,37450,
FR:Line::3ebed947-d25a-4cb1-ad23-a6db52a6f082:,951,OCESN866127F1187_F:TER:FR:Line::3ebed947-d25a-4cb1-ad23-a6db52a6f082::87581009:87581397:17:1357:20260830,866127,0.0,37451,
FR:Line::3ebed947-d25a-4cb1-ad23-a6db52a6f082:,7055,OCESN866128F1187_F:TER:FR:Line::3ebed947-d25a-4cb1-ad23-a6db52a6f082::87581389:87581009:16:1403:20260628,866128,1.0,37452,
FR:Line::3ebed947-d25a-4cb1-ad23-a6db52a6f082:,1,OCESN866129F1187_F:TER:FR:Line::3ebed947-d25a-4cb1-ad23-a6db52a6f082::87581009:87581314:14:1417:20260828,866129,0.0,37453,
FR:Line::3ebed947-d25a-4cb1-ad23-a6db52a6f082:,9388,OCESN866129F1187_F:TER:FR:Line::3ebed947-d25a-4cb1-ad23-a6db52a6f082::87581009:87581314:14:1419:20260831,866129,0.0,37454,
FR:Line::3ebed947-d25a-4cb1-ad23-a6db52a6f082:,2758,OCESN866130F1187_F:TER:FR:Line::3ebed947-d25a-4cb1-ad23-a6db52a6f082::87581397:87581009:17:1412:20260830,866130,1.0,37455,
FR:Line::3ebed947-d25a-4cb1-ad23-a6db52a6f082:,1,OCESN866130F1187_F:TER:FR:Line::3ebed947-d25a-4cb1-ad23-a6db52a6f082::87581397:87581009:17:1412:20260828,866130,1.0,37456,
FR:Line::3ebed947-d25a-4cb1-ad23-a6db52a6f082:,951,OCESN866131F1187_F:TER:FR:Line::3ebed947-d25a-4cb1-ad23-a6db52a6f082::87581009:87581397:17:1553:20260830,866131,0.0,37457,
FR:Line::3ebed947-d25a-4cb1-ad23-a6db52a6f082:,9388,OCESN866132F1187_F:TER:FR:Line::3ebed947-d25a-4cb1-ad23-a6db52a6f082::87581389:87581009:16:1514:20260831,866132,1.0,37458,
FR:Line::3ebed947-d25a-4cb1-ad23-a6db52a6f082:,7055,OCESN866133F1187_F:TER:FR:Line::3ebed947-d25a-4cb1-ad23-a6db52a6f082::87581009:87581389:16:1549:20260628,866133,0.0,37459,
FR:Line::3ebed947-d25a-4cb1-ad23-a6db52a6f082:,9388,OCESN866134F1187_F:TER:FR:Line::3ebed947-d25a-4cb1-ad23-a6db52a6f082::87581314:87581009:14:1614:20260831,866134,1.0,37460,
FR:Line::3ebed947-d25a-4cb1-ad23-a6db52a6f082:,9388,OCESN866135F1187_F:TER:FR:Line::3ebed947-d25a-4cb1-ad23-a6db52a6f082::87581009:87581389:16:1649:20260831,866135,0.0,37461,
FR:Line::3ebed947-d25a-4cb1-ad23-a6db52a6f082:,7055,OCESN866136F1187_F:TER:FR:Line::3ebed947-d25a-4cb1-ad23-a6db52a6f082::87581389:87581009:16:1613:20260628,866136,1.0,37462,
FR:Line::3ebed947-d25a-4cb1-ad23-a6db52a6f082:,290,OCESN866137F1187_F:TER:FR:Line::3ebed947-d25a-4cb1-ad23-a6db52a6f082::87581009:87581314:14:1611:20260829,866137,0.0,37463,
FR:Line::3ebed947-d25a-4cb1-ad23-a6db52a6f082:,1,OCESN866138F1187_F:TER:FR:Line::3ebed947-d25a-4cb1-ad23-a6db52a6f082::87581397:87581009:17:1613:20260828,866138,1.0,37464,
FR:Line::3ebed947-d25a-4cb1-ad23-a6db52a6f082:,2758,OCESN866138F1187_F:TER:FR:Line::3ebed947-d25a-4cb1-ad23-a6db52a6f082::87581397:87581009:17:1611:20260830,866138,1.0,37465,
FR:Line::3ebed947-d25a-4cb1-ad23-a6db52a6f082:,499,OCESN866139F1187_F:TER:FR:Line::3ebed947-d25a-4cb1-ad23-a6db52a6f082::87581009:87581314:14:1718:20260830,866139,0.0,37466,
FR:Line::3ebed947-d25a-4cb1-ad23-a6db52a6f082:,2042,OCESN866140F1187_F:TER:FR:Line::3ebed947-d25a-4cb1-ad23-a6db52a6f082::87581256:87581009:13:1743:20260327,866140,1.0,37467,
FR:Line::3ebed947-d25a-4cb1-ad23-a6db52a6f082:,1,OCESN866140F1187_F:TER:FR:Line::3ebed947-d25a-4cb1-ad23-a6db52a6f082::87581314:87581009:14:1747:20260828,866140,1.0,37468,
FR:Line::3ebed947-d25a-4cb1-ad23-a6db52a6f082:,128,OCESN866140F1187_F:TER:FR:Line::3ebed947-d25a-4cb1-ad23-a6db52a6f082::87581314:87581009:14:1745:20260831,866140,1.0,37469,
FR:Line::3ebed947-d25a-4cb1-ad23-a6db52a6f082:,9385,OCESN866140F1187_F:TER:FR:Line::3ebed947-d25a-4cb1-ad23-a6db52a6f082::87581314:87581009:14:1743:20260703,866140,1.0,37470,
FR:Line::3ebed947-d25a-4cb1-ad23-a6db52a6f082:,921,OCESN866141F1187_F:TER:FR:Line::3ebed947-d25a-4cb1-ad23-a6db52a6f082::87581009:87581389:16:1750:20260627,866141,0.0,37471,
FR:Line::3ebed947-d25a-4cb1-ad23-a6db52a6f082:,7052,OCESN866142F1187_F:TER:FR:Line::3ebed947-d25a-4cb1-ad23-a6db52a6f082::87581389:87581009:16:1819:20260628,866142,1.0,37472,
FR:Line::3ebed947-d25a-4cb1-ad23-a6db52a6f082:,3036,OCESN866142F1187_F:TER:FR:Line::3ebed947-d25a-4cb1-ad23-a6db52a6f082::87581389:87581009:16:1819:20260627,866142,1.0,37473,
FR:Line::3ebed947-d25a-4cb1-ad23-a6db52a6f082:,2042,OCESN866143F1187_F:TER:FR:Line::3ebed947-d25a-4cb1-ad23-a6db52a6f082::87581009:87581314:14:1820:20260327,866143,0.0,37474,
FR:Line::3ebed947-d25a-4cb1-ad23-a6db52a6f082:,3036,OCESN866143F1187_F:TER:FR:Line::3ebed947-d25a-4cb1-ad23-a6db52a6f082::87581009:87581314:14:1820:20260627,866143,0.0,37475,
FR:Line::3ebed947-d25a-4cb1-ad23-a6db52a6f082:,9388,OCESN866143F1187_F:TER:FR:Line::3ebed947-d25a-4cb1-ad23-a6db52a6f082::87581009:87581314:14:1820:20260831,866143,0.0,37476,
FR:Line::3ebed947-d25a-4cb1-ad23-a6db52a6f082:,72,OCESN866143F1187_F:TER:FR:Line::3ebed947-d25a-4cb1-ad23-a6db52a6f082::87581009:87581314:14:1820:20260514,866143,0.0,37477,
FR:Line::3ebed947-d25a-4cb1-ad23-a6db52a6f082:,2758,OCESN866144F1187_F:TER:FR:Line::3ebed947-d25a-4cb1-ad23-a6db52a6f082::87581314:87581009:14:1813:20260830,866144,1.0,37478,
FR:Line::3ebed947-d25a-4cb1-ad23-a6db52a6f082:,1,OCESN866145F1187_F:TER:FR:Line::3ebed947-d25a-4cb1-ad23-a6db52a6f082::87581009:87581397:17:1855:20260828,866145,0.0,37479,
FR:Line::3ebed947-d25a-4cb1-ad23-a6db52a6f082:,2758,OCESN866145F1187_F:TER:FR:Line::3ebed947-d25a-4cb1-ad23-a6db52a6f082::87581009:87581397:17:1855:20260830,866145,0.0,37480,
FR:Line::3ebed947-d25a-4cb1-ad23-a6db52a6f082:,2758,OCESN866146F1187_F:TER:FR:Line::3ebed947-d25a-4cb1-ad23-a6db52a6f082::87581397:87581009:12:1903:20260830,866146,1.0,37481,
FR:Line::3ebed947-d25a-4cb1-ad23-a6db52a6f082:,911,OCESN866147F1187_F:TER:FR:Line::3ebed947-d25a-4cb1-ad23-a6db52a6f082::87581009:87581389:16:1847:20260628,866147,0.0,37482,
FR:Line::3ebed947-d25a-4cb1-ad23-a6db52a6f082:,4839,OCESN866148F1187_F:TER:FR:Line::3ebed947-d25a-4cb1-ad23-a6db52a6f082::87581389:87581009:16:1915:20260831,866148,1.0,37483,
FR:Line::3ebed947-d25a-4cb1-ad23-a6db52a6f082:,128,OCESN866149F1187_F:TER:FR:Line::3ebed947-d25a-4cb1-ad23-a6db52a6f082::87581009:87581389:16:1951:20260831,866149,0.0,37484,
FR:Line::3ebed947-d25a-4cb1-ad23-a6db52a6f082:,642,OCESN866149F1187_F:TER:FR:Line::3ebed947-d25a-4cb1-ad23-a6db52a6f082::87581009:87581389:16:1951:20260703,866149,0.0,37485,
FR:Line::3ebed947-d25a-4cb1-ad23-a6db52a6f082:,1,OCESN866150F1187_F:TER:FR:Line::3ebed947-d25a-4cb1-ad23-a6db52a6f082::87581397:87581009:17:1914:20260828,866150,1.0,37486,
FR:Line::3ebed947-d25a-4cb1-ad23-a6db52a6f082:,1,OCESN866151F1187_F:TER:FR:Line::3ebed947-d25a-4cb1-ad23-a6db52a6f082::87581009:87581314:14:1916:20260828,866151,0.0,37487,
FR:Line::3ebed947-d25a-4cb1-ad23-a6db52a6f082:,911,OCESN866152F1187_F:TER:FR:Line::3ebed947-d25a-4cb1-ad23-a6db52a6f082::87581314:87581009:14:2015:20260628,866152,1.0,37488,
FR:Line::3ebed947-d25a-4cb1-ad23-a6db52a6f082:,2040,OCESN866152F1187_F:TER:FR:Line::3ebed947-d25a-4cb1-ad23-a6db52a6f082::87581314:87581009:14:2018:20260703,866152,1.0,37489,
FR:Line::3ebed947-d25a-4cb1-ad23-a6db52a6f082:,430,OCESN866152F1187_F:TER:FR:Line::3ebed947-d25a-4cb1-ad23-a6db52a6f082::87581314:87581009:14:2015:20260830,866152,1.0,37490,
FR:Line::3ebed947-d25a-4cb1-ad23-a6db52a6f082:,128,OCESN866152F1187_F:TER:FR:Line::3ebed947-d25a-4cb1-ad23-a6db52a6f082::87581314:87581009:14:2018:20260831,866152,1.0,37491,
FR:Line::3ebed947-d25a-4cb1-ad23-a6db52a6f082:,214,OCESN866152F1187_F:TER:FR:Line::3ebed947-d25a-4cb1-ad23-a6db52a6f082::87581314:87581009:14:2017:20260327,866152,1.0,37492,
FR:Line::3ebed947-d25a-4cb1-ad23-a6db52a6f082:,911,OCESN866153F1187_F:TER:FR:Line::3ebed947-d25a-4cb1-ad23-a6db52a6f082::87581009:87581389:16:2048:20260628,866153,0.0,37493,
FR:Line::3ebed947-d25a-4cb1-ad23-a6db52a6f082:,9394,OCESN866153F1187_F:TER:FR:Line::3ebed947-d25a-4cb1-ad23-a6db52a6f082::87581009:87581389:16:2048:20260831,866153,0.0,37494,
FR:Line::3ebed947-d25a-4cb1-ad23-a6db52a6f082:,2758,OCESN866153F1187_F:TER:FR:Line::3ebed947-d25a-4cb1-ad23-a6db52a6f082::87581009:87581389:16:2048:20260830,866153,0.0,37495,
FR:Line::3ebed947-d25a-4cb1-ad23-a6db52a6f082:,9395,OCESN866153F1187_F:TER:FR:Line::3ebed947-d25a-4cb1-ad23-a6db52a6f082::87581009:87581389:16:2048:20260828,866153,0.0,37496,
FR:Line::3ebed947-d25a-4cb1-ad23-a6db52a6f082:,1334,OCESN866153F1187_F:TER:FR:Line::3ebed947-d25a-4cb1-ad23-a6db52a6f082::87581009:87581314:14:2016:20260319,866153,0.0,37497,
FR:Line::3ebed947-d25a-4cb1-ad23-a6db52a6f082:,921,OCESN866154F1187_F:TER:FR:Line::3ebed947-d25a-4cb1-ad23-a6db52a6f082::87581389:87581009:16:2014:20260627,866154,1.0,37498,
FR:Line::3ebed947-d25a-4cb1-ad23-a6db52a6f082:,4839,OCESN866155F1187_F:TER:FR:Line::3ebed947-d25a-4cb1-ad23-a6db52a6f082::87581009:87581314:14:2115:20260831,866155,0.0,37499,
FR:Line::3ebed947-d25a-4cb1-ad23-a6db52a6f082:,911,OCESN866156F1187_F:TER:FR:Line::3ebed947-d25a-4cb1-ad23-a6db52a6f082::87581389:87581009:16:2106:20260628,866156,1.0,37500,
FR:Line::3ebed947-d25a-4cb1-ad23-a6db52a6f082:,1,OCESN866157F1187_F:TER:FR:Line::3ebed947-d25a-4cb1-ad23-a6db52a6f082::87581009:87581389:16:2144:20260828,866157,0.0,37501,
FR:Line::3ebed947-d25a-4cb1-ad23-a6db52a6f082:,2758,OCESN866158F1187_F:TER:FR:Line::3ebed947-d25a-4cb1-ad23-a6db52a6f082::87581397:87581009:17:2112:20260830,866158,1.0,37502,
FR:Line::3ebed947-d25a-4cb1-ad23-a6db52a6f082:,1,OCESN866158F1187_F:TER:FR:Line::3ebed947-d25a-4cb1-ad23-a6db52a6f082::87581397:87581009:17:2115:20260828,866158,1.0,37503,
FR:Line::3ebed947-d25a-4cb1-ad23-a6db52a6f082:,7345,OCESN866159F1187_F:TER:FR:Line::3ebed947-d25a-4cb1-ad23-a6db52a6f082::87581009:87581389:16:2206:20260628,866159,0.0,37504,
FR:Line::3ebed947-d25a-4cb1-ad23-a6db52a6f082:,82,OCESN866159F1187_F:TER:FR:Line::3ebed947-d25a-4cb1-ad23-a6db52a6f082::87581009:87581314:14:2134:20260322,866159,0.0,37505,
FR:Line::3ebed947-d25a-4cb1-ad23-a6db52a6f082:,430,OCESN866161F1187_F:TER:FR:Line::3ebed947-d25a-4cb1-ad23-a6db52a6f082::87581009:87581314:14:2140:20260830,866161,0.0,37506,
FR:Line::3ebed947-d25a-4cb1-ad23-a6db52a6f082:,128,OCESN866163F1187_F:TER:FR:Line::3ebed947-d25a-4cb1-ad23-a6db52a6f082::87581009:87581256:13:2156:20260831,866163,0.0,37507,
FR:Line::3ebed947-d25a-4cb1-ad23-a6db52a6f082:,642,OCESN866163F1187_F:TER:FR:Line::3ebed947-d25a-4cb1-ad23-a6db52a6f082::87581009:87581256:13:2156:20260703,866163,0.0,37508,
FR:Line::6831fb72-94d3-417c-915f-b9656db78b1a:,48,OCESN866202F1187_F:TER:FR:Line::6831fb72-94d3-417c-915f-b9656db78b1a::87582668:87584052:16:704:20260515,866202,0.0,37509,
FR:Line::6831fb72-94d3-417c-915f-b9656db78b1a:,1176,OCESN866202F1187_F:TER:FR:Line::6831fb72-94d3-417c-915f-b9656db78b1a::87582668:87584052:17:705:20260522,866202,0.0,37510,
FR:Line::6831fb72-94d3-417c-915f-b9656db78b1a:,947,OCESN866202F1187_F:TER:FR:Line::6831fb72-94d3-417c-915f-b9656db78b1a::87582668:87584052:18:709:20260424,866202,0.0,37511,
FR:Line::6831fb72-94d3-417c-915f-b9656db78b1a:,926,OCESN866202F1187_F:TER:FR:Line::6831fb72-94d3-417c-915f-b9656db78b1a::87582668:87584052:18:705:20260703,866202,0.0,37512,
FR:Line::6831fb72-94d3-417c-915f-b9656db78b1a:,3863,OCESN866202F1187_F:TER:FR:Line::6831fb72-94d3-417c-915f-b9656db78b1a::87582668:87584052:17:709:20260513,866202,0.0,37513,
FR:Line::6831fb72-94d3-417c-915f-b9656db78b1a:,371,OCESN866202F1187_F:TER:FR:Line::6831fb72-94d3-417c-915f-b9656db78b1a::87582668:87584052:18:707:20260417,866202,0.0,37514,
FR:Line::6831fb72-94d3-417c-915f-b9656db78b1a:,1177,OCESN866202F1187_F:TER:FR:Line::6831fb72-94d3-417c-915f-b9656db78b1a::87582668:87584052:17:705:20260619,866202,0.0,37515,
FR:Line::6831fb72-94d3-417c-915f-b9656db78b1a:,128,OCESN866202F1187_F:TER:FR:Line::6831fb72-94d3-417c-915f-b9656db78b1a::87581009:87584052:8:705:20260831,866202,0.0,37516,
FR:Line::6831fb72-94d3-417c-915f-b9656db78b1a:,214,OCESN866202F1187_F:TER:FR:Line::6831fb72-94d3-417c-915f-b9656db78b1a::87582668:87584052:19:707:20260327,866202,0.0,37517,
FR:Line::6831fb72-94d3-417c-915f-b9656db78b1a:,48,OCESN866203F1187_F:TER:FR:Line::6831fb72-94d3-417c-915f-b9656db78b1a::87584052:87582668:16:726:20260515,866203,1.0,37518,
FR:Line::6831fb72-94d3-417c-915f-b9656db78b1a:,1176,OCESN866203F1187_F:TER:FR:Line::6831fb72-94d3-417c-915f-b9656db78b1a::87584052:87582668:17:726:20260522,866203,1.0,37519,
FR:Line::6831fb72-94d3-417c-915f-b9656db78b1a:,3863,OCESN866203F1187_F:TER:FR:Line::6831fb72-94d3-417c-915f-b9656db78b1a::87584052:87582668:17:726:20260513,866203,1.0,37520,
FR:Line::6831fb72-94d3-417c-915f-b9656db78b1a:,926,OCESN866203F1187_F:TER:FR:Line::6831fb72-94d3-417c-915f-b9656db78b1a::87584052:87582668:18:724:20260703,866203,1.0,37521,
FR:Line::6831fb72-94d3-417c-915f-b9656db78b1a:,371,OCESN866203F1187_F:TER:FR:Line::6831fb72-94d3-417c-915f-b9656db78b1a::87584052:87582668:18:726:20260417,866203,1.0,37522,
FR:Line::6831fb72-94d3-417c-915f-b9656db78b1a:,1177,OCESN866203F1187_F:TER:FR:Line::6831fb72-94d3-417c-915f-b9656db78b1a::87584052:87582668:17:724:20260619,866203,1.0,37523,
FR:Line::6831fb72-94d3-417c-915f-b9656db78b1a:,947,OCESN866203F1187_F:TER:FR:Line::6831fb72-94d3-417c-915f-b9656db78b1a::87584052:87582668:18:726:20260424,866203,1.0,37524,
FR:Line::6831fb72-94d3-417c-915f-b9656db78b1a:,128,OCESN866203F1187_F:TER:FR:Line::6831fb72-94d3-417c-915f-b9656db78b1a::87584052:87582668:19:724:20260831,866203,1.0,37525,
FR:Line::6831fb72-94d3-417c-915f-b9656db78b1a:,214,OCESN866203F1187_F:TER:FR:Line::6831fb72-94d3-417c-915f-b9656db78b1a::87584052:87582668:19:728:20260327,866203,1.0,37526,
FR:Line::6831fb72-94d3-417c-915f-b9656db78b1a:,98,OCESN866204F1187_F:TER:FR:Line::6831fb72-94d3-417c-915f-b9656db78b1a::87582668:87584052:16:739:20260514,866204,0.0,37527,
FR:Line::6831fb72-94d3-417c-915f-b9656db78b1a:,48,OCESN866204F1187_F:TER:FR:Line::6831fb72-94d3-417c-915f-b9656db78b1a::87582668:87581009:12:659:20260515,866204,0.0,37528,
FR:Line::6831fb72-94d3-417c-915f-b9656db78b1a:,9396,OCESN866204F1187_F:TER:FR:Line::6831fb72-94d3-417c-915f-b9656db78b1a::87582668:87584052:18:739:20260425,866204,0.0,37529,
FR:Line::6831fb72-94d3-417c-915f-b9656db78b1a:,204,OCESN866204F1187_F:TER:FR:Line::6831fb72-94d3-417c-915f-b9656db78b1a::87581009:87584052:5:739:20260516,866204,0.0,37530,
FR:Line::6831fb72-94d3-417c-915f-b9656db78b1a:,9261,OCESN866204F1187_F:TER:FR:Line::6831fb72-94d3-417c-915f-b9656db78b1a::87582668:87584052:18:736:20260411,866204,0.0,37531,
FR:Line::6831fb72-94d3-417c-915f-b9656db78b1a:,1176,OCESN866204F1187_F:TER:FR:Line::6831fb72-94d3-417c-915f-b9656db78b1a::87582668:87584052:17:736:20260522,866204,0.0,37532,
FR:Line::6831fb72-94d3-417c-915f-b9656db78b1a:,9397,OCESN866204F1187_F:TER:FR:Line::6831fb72-94d3-417c-915f-b9656db78b1a::87582668:87584052:17:736:20260619,866204,0.0,37533,
FR:Line::6831fb72-94d3-417c-915f-b9656db78b1a:,9398,OCESN866204F1187_F:TER:FR:Line::6831fb72-94d3-417c-915f-b9656db78b1a::87582668:87584052:17:739:20260513,866204,0.0,37534,
FR:Line::6831fb72-94d3-417c-915f-b9656db78b1a:,9399,OCESN866204F1187_F:TER:FR:Line::6831fb72-94d3-417c-915f-b9656db78b1a::87582668:87584052:18:738:20260418,866204,0.0,37535,
FR:Line::6831fb72-94d3-417c-915f-b9656db78b1a:,9400,OCESN866204F1187_F:TER:FR:Line::6831fb72-94d3-417c-915f-b9656db78b1a::87582668:87584052:18:736:20260828,866204,0.0,37536,
FR:Line::6831fb72-94d3-417c-915f-b9656db78b1a:,9401,OCESN866204F1187_F:TER:FR:Line::6831fb72-94d3-417c-915f-b9656db78b1a::87582668:87584052:19:736:20260831,866204,0.0,37537,
FR:Line::6831fb72-94d3-417c-915f-b9656db78b1a:,4703,OCESN866204F1187_F:TER:FR:Line::6831fb72-94d3-417c-915f-b9656db78b1a::87582668:87584052:19:738:20260328,866204,0.0,37538,
FR:Line::6831fb72-94d3-417c-915f-b9656db78b1a:,48,OCESN866205F1187_F:TER:FR:Line::6831fb72-94d3-417c-915f-b9656db78b1a::87584052:87582668:16:808:20260515,866205,1.0,37539,
FR:Line::6831fb72-94d3-417c-915f-b9656db78b1a:,3863,OCESN866205F1187_F:TER:FR:Line::6831fb72-94d3-417c-915f-b9656db78b1a::87584052:87582668:17:757:20260513,866205,1.0,37540,
FR:Line::6831fb72-94d3-417c-915f-b9656db78b1a:,1177,OCESN866205F1187_F:TER:FR:Line::6831fb72-94d3-417c-915f-b9656db78b1a::87584052:87582668:17:755:20260619,866205,1.0,37541,
FR:Line::6831fb72-94d3-417c-915f-b9656db78b1a:,947,OCESN866205F1187_F:TER:FR:Line::6831fb72-94d3-417c-915f-b9656db78b1a::87584052:87582668:18:757:20260424,866205,1.0,37542,
FR:Line::6831fb72-94d3-417c-915f-b9656db78b1a:,1176,OCESN866205F1187_F:TER:FR:Line::6831fb72-94d3-417c-915f-b9656db78b1a::87584052:87582668:17:757:20260522,866205,1.0,37543,
FR:Line::6831fb72-94d3-417c-915f-b9656db78b1a:,371,OCESN866205F1187_F:TER:FR:Line::6831fb72-94d3-417c-915f-b9656db78b1a::87584052:87582668:18:757:20260417,866205,1.0,37544,
FR:Line::6831fb72-94d3-417c-915f-b9656db78b1a:,9021,OCESN866205F1187_F:TER:FR:Line::6831fb72-94d3-417c-915f-b9656db78b1a::87584052:87582668:18:755:20260828,866205,1.0,37545,
FR:Line::6831fb72-94d3-417c-915f-b9656db78b1a:,128,OCESN866205F1187_F:TER:FR:Line::6831fb72-94d3-417c-915f-b9656db78b1a::87584052:87582668:19:755:20260831,866205,1.0,37546,
FR:Line::6831fb72-94d3-417c-915f-b9656db78b1a:,214,OCESN866205F1187_F:TER:FR:Line::6831fb72-94d3-417c-915f-b9656db78b1a::87584052:87582668:19:759:20260327,866205,1.0,37547,
FR:Line::6831fb72-94d3-417c-915f-b9656db78b1a:,48,OCESN866206F1187_F:TER:FR:Line::6831fb72-94d3-417c-915f-b9656db78b1a::87582668:87584052:16:802:20260515,866206,0.0,37548,
FR:Line::6831fb72-94d3-417c-915f-b9656db78b1a:,1176,OCESN866206F1187_F:TER:FR:Line::6831fb72-94d3-417c-915f-b9656db78b1a::87582668:87584052:17:803:20260522,866206,0.0,37549,
FR:Line::6831fb72-94d3-417c-915f-b9656db78b1a:,947,OCESN866206F1187_F:TER:FR:Line::6831fb72-94d3-417c-915f-b9656db78b1a::87582668:87584052:18:802:20260424,866206,0.0,37550,
FR:Line::6831fb72-94d3-417c-915f-b9656db78b1a:,1177,OCESN866206F1187_F:TER:FR:Line::6831fb72-94d3-417c-915f-b9656db78b1a::87582668:87584052:17:803:20260619,866206,0.0,37551,
FR:Line::6831fb72-94d3-417c-915f-b9656db78b1a:,371,OCESN866206F1187_F:TER:FR:Line::6831fb72-94d3-417c-915f-b9656db78b1a::87582668:87584052:18:802:20260417,866206,0.0,37552,
FR:Line::6831fb72-94d3-417c-915f-b9656db78b1a:,926,OCESN866206F1187_F:TER:FR:Line::6831fb72-94d3-417c-915f-b9656db78b1a::87582668:87584052:18:803:20260703,866206,0.0,37553,
FR:Line::6831fb72-94d3-417c-915f-b9656db78b1a:,3863,OCESN866206F1187_F:TER:FR:Line::6831fb72-94d3-417c-915f-b9656db78b1a::87582668:87584052:17:802:20260513,866206,0.0,37554,
FR:Line::6831fb72-94d3-417c-915f-b9656db78b1a:,128,OCESN866206F1187_F:TER:FR:Line::6831fb72-94d3-417c-915f-b9656db78b1a::87582668:87584052:19:803:20260831,866206,0.0,37555,
FR:Line::6831fb72-94d3-417c-915f-b9656db78b1a:,214,OCESN866206F1187_F:TER:FR:Line::6831fb72-94d3-417c-915f-b9656db78b1a::87582668:87584052:19:802:20260327,866206,0.0,37556,
FR:Line::6831fb72-94d3-417c-915f-b9656db78b1a:,204,OCESN866207F1187_F:TER:FR:Line::6831fb72-94d3-417c-915f-b9656db78b1a::87584516:87581009:7:742:20260516,866207,1.0,37557,
FR:Line::6831fb72-94d3-417c-915f-b9656db78b1a:,1257,OCESN866207F1187_F:TER:FR:Line::6831fb72-94d3-417c-915f-b9656db78b1a::87584516:87582668:20:824:20260620,866207,1.0,37558,
FR:Line::6831fb72-94d3-417c-915f-b9656db78b1a:,98,OCESN866207F1187_F:TER:FR:Line::6831fb72-94d3-417c-915f-b9656db78b1a::87584516:87582668:18:840:20260514,866207,1.0,37559,
FR:Line::6831fb72-94d3-417c-915f-b9656db78b1a:,9396,OCESN866207F1187_F:TER:FR:Line::6831fb72-94d3-417c-915f-b9656db78b1a::87584516:87582668:20:826:20260425,866207,1.0,37560,
FR:Line::6831fb72-94d3-417c-915f-b9656db78b1a:,9398,OCESN866207F1187_F:TER:FR:Line::6831fb72-94d3-417c-915f-b9656db78b1a::87584516:87582668:19:826:20260513,866207,1.0,37561,
FR:Line::6831fb72-94d3-417c-915f-b9656db78b1a:,1176,OCESN866207F1187_F:TER:FR:Line::6831fb72-94d3-417c-915f-b9656db78b1a::87584516:87582668:19:826:20260522,866207,1.0,37562,
FR:Line::6831fb72-94d3-417c-915f-b9656db78b1a:,9402,OCESN866207F1187_F:TER:FR:Line::6831fb72-94d3-417c-915f-b9656db78b1a::87584516:87582668:20:826:20260418,866207,1.0,37563,
FR:Line::6831fb72-94d3-417c-915f-b9656db78b1a:,9397,OCESN866207F1187_F:TER:FR:Line::6831fb72-94d3-417c-915f-b9656db78b1a::87584516:87582668:19:824:20260619,866207,1.0,37564,
FR:Line::6831fb72-94d3-417c-915f-b9656db78b1a:,9403,OCESN866207F1187_F:TER:FR:Line::6831fb72-94d3-417c-915f-b9656db78b1a::87584516:87582668:19:824:20260828,866207,1.0,37565,
FR:Line::6831fb72-94d3-417c-915f-b9656db78b1a:,9401,OCESN866207F1187_F:TER:FR:Line::6831fb72-94d3-417c-915f-b9656db78b1a::87584516:87582668:20:824:20260831,866207,1.0,37566,
FR:Line::6831fb72-94d3-417c-915f-b9656db78b1a:,4703,OCESN866207F1187_F:TER:FR:Line::6831fb72-94d3-417c-915f-b9656db78b1a::87584516:87582668:21:827:20260328,866207,1.0,37567,
FR:Line::6831fb72-94d3-417c-915f-b9656db78b1a:,424,OCESN866208F1187_F:TER:FR:Line::6831fb72-94d3-417c-915f-b9656db78b1a::87582668:87584052:16:839:20260515,866208,0.0,37568,
FR:Line::6831fb72-94d3-417c-915f-b9656db78b1a:,204,OCESN866208F1187_F:TER:FR:Line::6831fb72-94d3-417c-915f-b9656db78b1a::87581009:87584052:5:839:20260516,866208,0.0,37569,
FR:Line::6831fb72-94d3-417c-915f-b9656db78b1a:,9396,OCESN866208F1187_F:TER:FR:Line::6831fb72-94d3-417c-915f-b9656db78b1a::87582668:87584052:18:839:20260425,866208,0.0,37570,
FR:Line::6831fb72-94d3-417c-915f-b9656db78b1a:,9397,OCESN866208F1187_F:TER:FR:Line::6831fb72-94d3-417c-915f-b9656db78b1a::87582668:87584052:17:834:20260619,866208,0.0,37571,
FR:Line::6831fb72-94d3-417c-915f-b9656db78b1a:,1176,OCESN866208F1187_F:TER:FR:Line::6831fb72-94d3-417c-915f-b9656db78b1a::87582668:87584052:17:834:20260522,866208,0.0,37572,
FR:Line::6831fb72-94d3-417c-915f-b9656db78b1a:,9398,OCESN866208F1187_F:TER:FR:Line::6831fb72-94d3-417c-915f-b9656db78b1a::87582668:87584052:17:839:20260513,866208,0.0,37573,
FR:Line::6831fb72-94d3-417c-915f-b9656db78b1a:,9400,OCESN866208F1187_F:TER:FR:Line::6831fb72-94d3-417c-915f-b9656db78b1a::87582668:87584052:18:834:20260828,866208,0.0,37574,
FR:Line::6831fb72-94d3-417c-915f-b9656db78b1a:,9402,OCESN866208F1187_F:TER:FR:Line::6831fb72-94d3-417c-915f-b9656db78b1a::87582668:87584052:18:836:20260418,866208,0.0,37575,
FR:Line::6831fb72-94d3-417c-915f-b9656db78b1a:,9401,OCESN866208F1187_F:TER:FR:Line::6831fb72-94d3-417c-915f-b9656db78b1a::87582668:87584052:19:834:20260831,866208,0.0,37576,
FR:Line::6831fb72-94d3-417c-915f-b9656db78b1a:,4703,OCESN866208F1187_F:TER:FR:Line::6831fb72-94d3-417c-915f-b9656db78b1a::87582668:87584052:19:836:20260328,866208,0.0,37577,
FR:Line::6831fb72-94d3-417c-915f-b9656db78b1a:,947,OCESN866209F1187_F:TER:FR:Line::6831fb72-94d3-417c-915f-b9656db78b1a::87584052:87582668:18:857:20260424,866209,1.0,37578,
FR:Line::6831fb72-94d3-417c-915f-b9656db78b1a:,48,OCESN866209F1187_F:TER:FR:Line::6831fb72-94d3-417c-915f-b9656db78b1a::87581009:87582668:12:857:20260515,866209,1.0,37579,
FR:Line::6831fb72-94d3-417c-915f-b9656db78b1a:,1176,OCESN866209F1187_F:TER:FR:Line::6831fb72-94d3-417c-915f-b9656db78b1a::87584052:87582668:17:857:20260522,866209,1.0,37580,
FR:Line::6831fb72-94d3-417c-915f-b9656db78b1a:,371,OCESN866209F1187_F:TER:FR:Line::6831fb72-94d3-417c-915f-b9656db78b1a::87584052:87582668:18:857:20260417,866209,1.0,37581,
FR:Line::6831fb72-94d3-417c-915f-b9656db78b1a:,3863,OCESN866209F1187_F:TER:FR:Line::6831fb72-94d3-417c-915f-b9656db78b1a::87584052:87582668:17:857:20260513,866209,1.0,37582,
FR:Line::6831fb72-94d3-417c-915f-b9656db78b1a:,1177,OCESN866209F1187_F:TER:FR:Line::6831fb72-94d3-417c-915f-b9656db78b1a::87584052:87582668:17:855:20260619,866209,1.0,37583,
FR:Line::6831fb72-94d3-417c-915f-b9656db78b1a:,9021,OCESN866209F1187_F:TER:FR:Line::6831fb72-94d3-417c-915f-b9656db78b1a::87584052:87582668:18:855:20260828,866209,1.0,37584,
FR:Line::6831fb72-94d3-417c-915f-b9656db78b1a:,363,OCESN866209F1187_F:TER:FR:Line::6831fb72-94d3-417c-915f-b9656db78b1a::87584052:87582668:19:900:20260327,866209,1.0,37585,
FR:Line::6831fb72-94d3-417c-915f-b9656db78b1a:,128,OCESN866209F1187_F:TER:FR:Line::6831fb72-94d3-417c-915f-b9656db78b1a::87584052:87582668:19:855:20260831,866209,1.0,37586,
FR:Line::6831fb72-94d3-417c-915f-b9656db78b1a:,948,OCESN866209F1187_F:TER:FR:Line::6831fb72-94d3-417c-915f-b9656db78b1a::87584052:87582668:19:904:20260320,866209,1.0,37587,
FR:Line::6831fb72-94d3-417c-915f-b9656db78b1a:,48,OCESN866210F1187_F:TER:FR:Line::6831fb72-94d3-417c-915f-b9656db78b1a::87582668:87584052:16:902:20260515,866210,0.0,37588,
FR:Line::6831fb72-94d3-417c-915f-b9656db78b1a:,947,OCESN866210F1187_F:TER:FR:Line::6831fb72-94d3-417c-915f-b9656db78b1a::87582668:87584052:18:902:20260424,866210,0.0,37589,
FR:Line::6831fb72-94d3-417c-915f-b9656db78b1a:,1176,OCESN866210F1187_F:TER:FR:Line::6831fb72-94d3-417c-915f-b9656db78b1a::87582668:87584052:17:903:20260522,866210,0.0,37590,
FR:Line::6831fb72-94d3-417c-915f-b9656db78b1a:,3863,OCESN866210F1187_F:TER:FR:Line::6831fb72-94d3-417c-915f-b9656db78b1a::87582668:87584052:17:902:20260513,866210,0.0,37591,
FR:Line::6831fb72-94d3-417c-915f-b9656db78b1a:,9021,OCESN866210F1187_F:TER:FR:Line::6831fb72-94d3-417c-915f-b9656db78b1a::87582668:87584052:18:903:20260828,866210,0.0,37592,
FR:Line::6831fb72-94d3-417c-915f-b9656db78b1a:,371,OCESN866210F1187_F:TER:FR:Line::6831fb72-94d3-417c-915f-b9656db78b1a::87582668:87584052:18:902:20260417,866210,0.0,37593,
FR:Line::6831fb72-94d3-417c-915f-b9656db78b1a:,1177,OCESN866210F1187_F:TER:FR:Line::6831fb72-94d3-417c-915f-b9656db78b1a::87582668:87584052:17:903:20260619,866210,0.0,37594,
FR:Line::6831fb72-94d3-417c-915f-b9656db78b1a:,128,OCESN866210F1187_F:TER:FR:Line::6831fb72-94d3-417c-915f-b9656db78b1a::87582668:87584052:19:903:20260831,866210,0.0,37595,
FR:Line::6831fb72-94d3-417c-915f-b9656db78b1a:,214,OCESN866210F1187_F:TER:FR:Line::6831fb72-94d3-417c-915f-b9656db78b1a::87582668:87584052:19:902:20260327,866210,0.0,37596,
FR:Line::6831fb72-94d3-417c-915f-b9656db78b1a:,926,OCESN866211F1187_F:TER:FR:Line::6831fb72-94d3-417c-915f-b9656db78b1a::87584052:87582668:18:925:20260703,866211,1.0,37597,
FR:Line::6831fb72-94d3-417c-915f-b9656db78b1a:,947,OCESN866211F1187_F:TER:FR:Line::6831fb72-94d3-417c-915f-b9656db78b1a::87584052:87582668:18:925:20260424,866211,1.0,37598,
FR:Line::6831fb72-94d3-417c-915f-b9656db78b1a:,1177,OCESN866211F1187_F:TER:FR:Line::6831fb72-94d3-417c-915f-b9656db78b1a::87584052:87582668:17:925:20260619,866211,1.0,37599,
FR:Line::6831fb72-94d3-417c-915f-b9656db78b1a:,3863,OCESN866211F1187_F:TER:FR:Line::6831fb72-94d3-417c-915f-b9656db78b1a::87584052:87582668:17:925:20260513,866211,1.0,37600,
FR:Line::6831fb72-94d3-417c-915f-b9656db78b1a:,48,OCESN866211F1187_F:TER:FR:Line::6831fb72-94d3-417c-915f-b9656db78b1a::87584052:87582668:16:925:20260515,866211,1.0,37601,
FR:Line::6831fb72-94d3-417c-915f-b9656db78b1a:,1176,OCESN866211F1187_F:TER:FR:Line::6831fb72-94d3-417c-915f-b9656db78b1a::87584052:87582668:17:925:20260522,866211,1.0,37602,
FR:Line::6831fb72-94d3-417c-915f-b9656db78b1a:,371,OCESN866211F1187_F:TER:FR:Line::6831fb72-94d3-417c-915f-b9656db78b1a::87584052:87582668:18:925:20260417,866211,1.0,37603,
FR:Line::6831fb72-94d3-417c-915f-b9656db78b1a:,128,OCESN866211F1187_F:TER:FR:Line::6831fb72-94d3-417c-915f-b9656db78b1a::87584052:87582668:19:925:20260831,866211,1.0,37604,
FR:Line::6831fb72-94d3-417c-915f-b9656db78b1a:,214,OCESN866211F1187_F:TER:FR:Line::6831fb72-94d3-417c-915f-b9656db78b1a::87584052:87582668:19:927:20260327,866211,1.0,37605,
FR:Line::6831fb72-94d3-417c-915f-b9656db78b1a:,141,OCESN866212F1187_F:TER:FR:Line::6831fb72-94d3-417c-915f-b9656db78b1a::87582668:87584516:20:952:20260425,866212,0.0,37606,
FR:Line::6831fb72-94d3-417c-915f-b9656db78b1a:,1257,OCESN866212F1187_F:TER:FR:Line::6831fb72-94d3-417c-915f-b9656db78b1a::87582668:87584516:20:947:20260620,866212,0.0,37607,
FR:Line::6831fb72-94d3-417c-915f-b9656db78b1a:,388,OCESN866212F1187_F:TER:FR:Line::6831fb72-94d3-417c-915f-b9656db78b1a::87582668:87584516:19:952:20260502,866212,0.0,37608,
FR:Line::6831fb72-94d3-417c-915f-b9656db78b1a:,16,OCESN866212F1187_F:TER:FR:Line::6831fb72-94d3-417c-915f-b9656db78b1a::87582668:87584516:19:952:20260508,866212,0.0,37609,
FR:Line::6831fb72-94d3-417c-915f-b9656db78b1a:,2119,OCESN866212F1187_F:TER:FR:Line::6831fb72-94d3-417c-915f-b9656db78b1a::87582668:87584516:21:949:20260328,866212,0.0,37610,
FR:Line::6831fb72-94d3-417c-915f-b9656db78b1a:,2400,OCESN866212F1187_F:TER:FR:Line::6831fb72-94d3-417c-915f-b9656db78b1a::87582668:87584516:19:947:20260613,866212,0.0,37611,
FR:Line::6831fb72-94d3-417c-915f-b9656db78b1a:,210,OCESN866212F1187_F:TER:FR:Line::6831fb72-94d3-417c-915f-b9656db78b1a::87582668:87581009:12:858:20260530,866212,0.0,37612,
FR:Line::6831fb72-94d3-417c-915f-b9656db78b1a:,98,OCESN866212F1187_F:TER:FR:Line::6831fb72-94d3-417c-915f-b9656db78b1a::87582668:87584516:18:949:20260514,866212,0.0,37613,
FR:Line::6831fb72-94d3-417c-915f-b9656db78b1a:,204,OCESN866212F1187_F:TER:FR:Line::6831fb72-94d3-417c-915f-b9656db78b1a::87581009:87584516:7:952:20260516,866212,0.0,37614,
FR:Line::6831fb72-94d3-417c-915f-b9656db78b1a:,409,OCESN866212F1187_F:TER:FR:Line::6831fb72-94d3-417c-915f-b9656db78b1a::87582668:87584516:20:949:20260418,866212,0.0,37615,
FR:Line::6831fb72-94d3-417c-915f-b9656db78b1a:,9404,OCESN866212F1187_F:TER:FR:Line::6831fb72-94d3-417c-915f-b9656db78b1a::87582668:87584516:19:947:20260822,866212,0.0,37616,
FR:Line::6831fb72-94d3-417c-915f-b9656db78b1a:,228,OCESN866212F1187_F:TER:FR:Line::6831fb72-94d3-417c-915f-b9656db78b1a::87582668:87584516:20:947:20260829,866212,0.0,37617,
FR:Line::6831fb72-94d3-417c-915f-b9656db78b1a:,98,OCESN866213F1187_F:TER:FR:Line::6831fb72-94d3-417c-915f-b9656db78b1a::87584052:87582668:16:957:20260514,866213,1.0,37618,
FR:Line::6831fb72-94d3-417c-915f-b9656db78b1a:,48,OCESN866213F1187_F:TER:FR:Line::6831fb72-94d3-417c-915f-b9656db78b1a::87581009:87582668:12:957:20260515,866213,1.0,37619,
FR:Line::6831fb72-94d3-417c-915f-b9656db78b1a:,9405,OCESN866213F1187_F:TER:FR:Line::6831fb72-94d3-417c-915f-b9656db78b1a::87584052:87582668:19:958:20260328,866213,1.0,37620,
FR:Line::6831fb72-94d3-417c-915f-b9656db78b1a:,204,OCESN866213F1187_F:TER:FR:Line::6831fb72-94d3-417c-915f-b9656db78b1a::87584052:87581009:5:900:20260516,866213,1.0,37621,
FR:Line::6831fb72-94d3-417c-915f-b9656db78b1a:,409,OCESN866213F1187_F:TER:FR:Line::6831fb72-94d3-417c-915f-b9656db78b1a::87584052:87582668:18:957:20260418,866213,1.0,37622,
FR:Line::6831fb72-94d3-417c-915f-b9656db78b1a:,371,OCESN866213F1187_F:TER:FR:Line::6831fb72-94d3-417c-915f-b9656db78b1a::87584052:87582668:18:957:20260417,866213,1.0,37623,
FR:Line::6831fb72-94d3-417c-915f-b9656db78b1a:,1176,OCESN866213F1187_F:TER:FR:Line::6831fb72-94d3-417c-915f-b9656db78b1a::87584052:87582668:17:957:20260522,866213,1.0,37624,
FR:Line::6831fb72-94d3-417c-915f-b9656db78b1a:,9397,OCESN866213F1187_F:TER:FR:Line::6831fb72-94d3-417c-915f-b9656db78b1a::87584052:87582668:17:955:20260619,866213,1.0,37625,
FR:Line::6831fb72-94d3-417c-915f-b9656db78b1a:,9396,OCESN866213F1187_F:TER:FR:Line::6831fb72-94d3-417c-915f-b9656db78b1a::87584052:87582668:18:957:20260425,866213,1.0,37626,
FR:Line::6831fb72-94d3-417c-915f-b9656db78b1a:,9400,OCESN866213F1187_F:TER:FR:Line::6831fb72-94d3-417c-915f-b9656db78b1a::87584052:87582668:18:955:20260828,866213,1.0,37627,
FR:Line::6831fb72-94d3-417c-915f-b9656db78b1a:,9398,OCESN866213F1187_F:TER:FR:Line::6831fb72-94d3-417c-915f-b9656db78b1a::87584052:87582668:17:957:20260513,866213,1.0,37628,
FR:Line::6831fb72-94d3-417c-915f-b9656db78b1a:,9401,OCESN866213F1187_F:TER:FR:Line::6831fb72-94d3-417c-915f-b9656db78b1a::87584052:87582668:19:955:20260831,866213,1.0,37629,
FR:Line::6831fb72-94d3-417c-915f-b9656db78b1a:,948,OCESN866213F1187_F:TER:FR:Line::6831fb72-94d3-417c-915f-b9656db78b1a::87584052:87581009:8:858:20260320,866213,1.0,37630,
FR:Line::6831fb72-94d3-417c-915f-b9656db78b1a:,1156,OCESN866218F1187_F:TER:FR:Line::6831fb72-94d3-417c-915f-b9656db78b1a::87581009:87584052:5:1036:20260517,866218,0.0,37631,
FR:Line::6831fb72-94d3-417c-915f-b9656db78b1a:,1102,OCESN866218F1187_F:TER:FR:Line::6831fb72-94d3-417c-915f-b9656db78b1a::87582668:87581009:12:958:20260531,866218,0.0,37632,
FR:Line::6831fb72-94d3-417c-915f-b9656db78b1a:,115,OCESN866218F1187_F:TER:FR:Line::6831fb72-94d3-417c-915f-b9656db78b1a::87581009:87584052:6:1035:20260525,866218,0.0,37633,
FR:Line::6831fb72-94d3-417c-915f-b9656db78b1a:,48,OCESN866218F1187_F:TER:FR:Line::6831fb72-94d3-417c-915f-b9656db78b1a::87582668:87584052:16:1036:20260515,866218,0.0,37634,
FR:Line::6831fb72-94d3-417c-915f-b9656db78b1a:,98,OCESN866218F1187_F:TER:FR:Line::6831fb72-94d3-417c-915f-b9656db78b1a::87582668:87584052:16:1036:20260514,866218,0.0,37635,
FR:Line::6831fb72-94d3-417c-915f-b9656db78b1a:,9406,OCESN866218F1187_F:TER:FR:Line::6831fb72-94d3-417c-915f-b9656db78b1a::87582668:87584052:18:1036:20260426,866218,0.0,37636,
FR:Line::6831fb72-94d3-417c-915f-b9656db78b1a:,1176,OCESN866218F1187_F:TER:FR:Line::6831fb72-94d3-417c-915f-b9656db78b1a::87582668:87584052:17:1035:20260522,866218,0.0,37637,
FR:Line::6831fb72-94d3-417c-915f-b9656db78b1a:,9407,OCESN866218F1187_F:TER:FR:Line::6831fb72-94d3-417c-915f-b9656db78b1a::87582668:87584052:17:1036:20260513,866218,0.0,37638,
FR:Line::6831fb72-94d3-417c-915f-b9656db78b1a:,9408,OCESN866218F1187_F:TER:FR:Line::6831fb72-94d3-417c-915f-b9656db78b1a::87582668:87584052:17:1035:20260619,866218,0.0,37639,
FR:Line::6831fb72-94d3-417c-915f-b9656db78b1a:,9227,OCESN866218F1187_F:TER:FR:Line::6831fb72-94d3-417c-915f-b9656db78b1a::87582668:87584052:18:1037:20260419,866218,0.0,37640,
FR:Line::6831fb72-94d3-417c-915f-b9656db78b1a:,9409,OCESN866218F1187_F:TER:FR:Line::6831fb72-94d3-417c-915f-b9656db78b1a::87582668:87584052:18:1035:20260828,866218,0.0,37641,
FR:Line::6831fb72-94d3-417c-915f-b9656db78b1a:,9410,OCESN866218F1187_F:TER:FR:Line::6831fb72-94d3-417c-915f-b9656db78b1a::87582668:87584052:19:1037:20260329,866218,0.0,37642,
FR:Line::6831fb72-94d3-417c-915f-b9656db78b1a:,948,OCESN866218F1187_F:TER:FR:Line::6831fb72-94d3-417c-915f-b9656db78b1a::87582668:87584052:19:1037:20260320,866218,0.0,37643,
FR:Line::6831fb72-94d3-417c-915f-b9656db78b1a:,9411,OCESN866218F1187_F:TER:FR:Line::6831fb72-94d3-417c-915f-b9656db78b1a::87582668:87584052:19:1035:20260831,866218,0.0,37644,
FR:Line::6831fb72-94d3-417c-915f-b9656db78b1a:,98,OCESN866219F1187_F:TER:FR:Line::6831fb72-94d3-417c-915f-b9656db78b1a::87584052:87582668:16:1057:20260514,866219,1.0,37645,
FR:Line::6831fb72-94d3-417c-915f-b9656db78b1a:,90,OCESN866219F1187_F:TER:FR:Line::6831fb72-94d3-417c-915f-b9656db78b1a::87584516:87582668:20:1055:20260621,866219,1.0,37646,
FR:Line::6831fb72-94d3-417c-915f-b9656db78b1a:,204,OCESN866219F1187_F:TER:FR:Line::6831fb72-94d3-417c-915f-b9656db78b1a::87584052:87581009:5:954:20260516,866219,1.0,37647,
FR:Line::6831fb72-94d3-417c-915f-b9656db78b1a:,1176,OCESN866219F1187_F:TER:FR:Line::6831fb72-94d3-417c-915f-b9656db78b1a::87584052:87582668:17:1057:20260522,866219,1.0,37648,
FR:Line::6831fb72-94d3-417c-915f-b9656db78b1a:,134,OCESN866219F1187_F:TER:FR:Line::6831fb72-94d3-417c-915f-b9656db78b1a::87584516:87582668:20:1057:20260426,866219,1.0,37649,
FR:Line::6831fb72-94d3-417c-915f-b9656db78b1a:,9206,OCESN866219F1187_F:TER:FR:Line::6831fb72-94d3-417c-915f-b9656db78b1a::87584516:87582668:19:1055:20260614,866219,1.0,37650,
FR:Line::6831fb72-94d3-417c-915f-b9656db78b1a:,1102,OCESN866219F1187_F:TER:FR:Line::6831fb72-94d3-417c-915f-b9656db78b1a::87581009:87582668:12:1055:20260531,866219,1.0,37651,
FR:Line::6831fb72-94d3-417c-915f-b9656db78b1a:,116,OCESN866219F1187_F:TER:FR:Line::6831fb72-94d3-417c-915f-b9656db78b1a::87584516:87581009:7:958:20260517,866219,1.0,37652,
FR:Line::6831fb72-94d3-417c-915f-b9656db78b1a:,114,OCESN866219F1187_F:TER:FR:Line::6831fb72-94d3-417c-915f-b9656db78b1a::87584516:87582668:19:1057:20260503,866219,1.0,37653,
FR:Line::6831fb72-94d3-417c-915f-b9656db78b1a:,4427,OCESN866219F1187_F:TER:FR:Line::6831fb72-94d3-417c-915f-b9656db78b1a::87584516:87582668:20:1057:20260419,866219,1.0,37654,
FR:Line::6831fb72-94d3-417c-915f-b9656db78b1a:,9396,OCESN866219F1187_F:TER:FR:Line::6831fb72-94d3-417c-915f-b9656db78b1a::87584052:87582668:18:1057:20260425,866219,1.0,37655,
FR:Line::6831fb72-94d3-417c-915f-b9656db78b1a:,9412,OCESN866219F1187_F:TER:FR:Line::6831fb72-94d3-417c-915f-b9656db78b1a::87584516:87582668:19:1055:20260823,866219,1.0,37656,
FR:Line::6831fb72-94d3-417c-915f-b9656db78b1a:,161,OCESN866219F1187_F:TER:FR:Line::6831fb72-94d3-417c-915f-b9656db78b1a::87584516:87581009:8:958:20260524,866219,1.0,37657,
FR:Line::6831fb72-94d3-417c-915f-b9656db78b1a:,371,OCESN866219F1187_F:TER:FR:Line::6831fb72-94d3-417c-915f-b9656db78b1a::87584052:87582668:18:1057:20260417,866219,1.0,37658,
FR:Line::6831fb72-94d3-417c-915f-b9656db78b1a:,409,OCESN866219F1187_F:TER:FR:Line::6831fb72-94d3-417c-915f-b9656db78b1a::87584052:87582668:18:1057:20260418,866219,1.0,37659,
FR:Line::6831fb72-94d3-417c-915f-b9656db78b1a:,9413,OCESN866219F1187_F:TER:FR:Line::6831fb72-94d3-417c-915f-b9656db78b1a::87584052:87582668:17:1057:20260513,866219,1.0,37660,
FR:Line::6831fb72-94d3-417c-915f-b9656db78b1a:,9405,OCESN866219F1187_F:TER:FR:Line::6831fb72-94d3-417c-915f-b9656db78b1a::87584052:87582668:19:1057:20260328,866219,1.0,37661,
FR:Line::6831fb72-94d3-417c-915f-b9656db78b1a:,9414,OCESN866219F1187_F:TER:FR:Line::6831fb72-94d3-417c-915f-b9656db78b1a::87584052:87582668:18:1055:20260828,866219,1.0,37662,
FR:Line::6831fb72-94d3-417c-915f-b9656db78b1a:,9415,OCESN866219F1187_F:TER:FR:Line::6831fb72-94d3-417c-915f-b9656db78b1a::87584052:87582668:17:1055:20260619,866219,1.0,37663,
FR:Line::6831fb72-94d3-417c-915f-b9656db78b1a:,380,OCESN866219F1187_F:TER:FR:Line::6831fb72-94d3-417c-915f-b9656db78b1a::87584516:87582668:21:1106:20260329,866219,1.0,37664,
FR:Line::6831fb72-94d3-417c-915f-b9656db78b1a:,1461,OCESN866219F1187_F:TER:FR:Line::6831fb72-94d3-417c-915f-b9656db78b1a::87584516:87582668:20:1055:20260830,866219,1.0,37665,
FR:Line::6831fb72-94d3-417c-915f-b9656db78b1a:,128,OCESN866219F1187_F:TER:FR:Line::6831fb72-94d3-417c-915f-b9656db78b1a::87584052:87582668:19:1055:20260831,866219,1.0,37666,
FR:Line::6831fb72-94d3-417c-915f-b9656db78b1a:,948,OCESN866219F1187_F:TER:FR:Line::6831fb72-94d3-417c-915f-b9656db78b1a::87584052:87582478:14:1034:20260320,866219,1.0,37667,
FR:Line::6831fb72-94d3-417c-915f-b9656db78b1a:,363,OCESN866222F1187_F:TER:FR:Line::6831fb72-94d3-417c-915f-b9656db78b1a::87582668:87584052:19:1137:20260327,866222,0.0,37668,
FR:Line::6831fb72-94d3-417c-915f-b9656db78b1a:,371,OCESN866222F1187_F:TER:FR:Line::6831fb72-94d3-417c-915f-b9656db78b1a::87582668:87584052:18:1137:20260417,866222,0.0,37669,
FR:Line::6831fb72-94d3-417c-915f-b9656db78b1a:,3863,OCESN866222F1187_F:TER:FR:Line::6831fb72-94d3-417c-915f-b9656db78b1a::87582668:87584052:17:1140:20260513,866222,0.0,37670,
FR:Line::6831fb72-94d3-417c-915f-b9656db78b1a:,1177,OCESN866222F1187_F:TER:FR:Line::6831fb72-94d3-417c-915f-b9656db78b1a::87582668:87584052:17:1135:20260619,866222,0.0,37671,
FR:Line::6831fb72-94d3-417c-915f-b9656db78b1a:,9021,OCESN866222F1187_F:TER:FR:Line::6831fb72-94d3-417c-915f-b9656db78b1a::87582668:87584052:18:1135:20260828,866222,0.0,37672,
FR:Line::6831fb72-94d3-417c-915f-b9656db78b1a:,1176,OCESN866222F1187_F:TER:FR:Line::6831fb72-94d3-417c-915f-b9656db78b1a::87582668:87584052:17:1135:20260522,866222,0.0,37673,
FR:Line::6831fb72-94d3-417c-915f-b9656db78b1a:,947,OCESN866222F1187_F:TER:FR:Line::6831fb72-94d3-417c-915f-b9656db78b1a::87582668:87584052:18:1140:20260424,866222,0.0,37674,
FR:Line::6831fb72-94d3-417c-915f-b9656db78b1a:,128,OCESN866222F1187_F:TER:FR:Line::6831fb72-94d3-417c-915f-b9656db78b1a::87582668:87584052:19:1135:20260831,866222,0.0,37675,
FR:Line::6831fb72-94d3-417c-915f-b9656db78b1a:,948,OCESN866222F1187_F:TER:FR:Line::6831fb72-94d3-417c-915f-b9656db78b1a::87581009:87584052:8:1137:20260320,866222,0.0,37676,
FR:Line::6831fb72-94d3-417c-915f-b9656db78b1a:,98,OCESN866223F1187_F:TER:FR:Line::6831fb72-94d3-417c-915f-b9656db78b1a::87584516:87582668:18:1159:20260514,866223,1.0,37677,
FR:Line::6831fb72-94d3-417c-915f-b9656db78b1a:,141,OCESN866223F1187_F:TER:FR:Line::6831fb72-94d3-417c-915f-b9656db78b1a::87584516:87582668:20:1159:20260425,866223,1.0,37678,
FR:Line::6831fb72-94d3-417c-915f-b9656db78b1a:,2119,OCESN866223F1187_F:TER:FR:Line::6831fb72-94d3-417c-915f-b9656db78b1a::87584516:87582668:21:1158:20260328,866223,1.0,37679,
FR:Line::6831fb72-94d3-417c-915f-b9656db78b1a:,1257,OCESN866223F1187_F:TER:FR:Line::6831fb72-94d3-417c-915f-b9656db78b1a::87584516:87582668:20:1155:20260620,866223,1.0,37680,
FR:Line::6831fb72-94d3-417c-915f-b9656db78b1a:,388,OCESN866223F1187_F:TER:FR:Line::6831fb72-94d3-417c-915f-b9656db78b1a::87584516:87582668:19:1159:20260502,866223,1.0,37681,
FR:Line::6831fb72-94d3-417c-915f-b9656db78b1a:,409,OCESN866223F1187_F:TER:FR:Line::6831fb72-94d3-417c-915f-b9656db78b1a::87584516:87582668:20:1157:20260418,866223,1.0,37682,
FR:Line::6831fb72-94d3-417c-915f-b9656db78b1a:,2400,OCESN866223F1187_F:TER:FR:Line::6831fb72-94d3-417c-915f-b9656db78b1a::87584516:87582668:19:1155:20260613,866223,1.0,37683,
FR:Line::6831fb72-94d3-417c-915f-b9656db78b1a:,9404,OCESN866223F1187_F:TER:FR:Line::6831fb72-94d3-417c-915f-b9656db78b1a::87584516:87582668:19:1155:20260822,866223,1.0,37684,
FR:Line::6831fb72-94d3-417c-915f-b9656db78b1a:,204,OCESN866223F1187_F:TER:FR:Line::6831fb72-94d3-417c-915f-b9656db78b1a::87584516:87581009:7:1101:20260516,866223,1.0,37685,
FR:Line::6831fb72-94d3-417c-915f-b9656db78b1a:,210,OCESN866223F1187_F:TER:FR:Line::6831fb72-94d3-417c-915f-b9656db78b1a::87581009:87582668:12:1155:20260530,866223,1.0,37686,
FR:Line::6831fb72-94d3-417c-915f-b9656db78b1a:,228,OCESN866223F1187_F:TER:FR:Line::6831fb72-94d3-417c-915f-b9656db78b1a::87584516:87582668:20:1155:20260829,866223,1.0,37687,
FR:Line::6831fb72-94d3-417c-915f-b9656db78b1a:,371,OCESN866224F1187_F:TER:FR:Line::6831fb72-94d3-417c-915f-b9656db78b1a::87582668:87584516:20:1248:20260417,866224,0.0,37688,
FR:Line::6831fb72-94d3-417c-915f-b9656db78b1a:,1177,OCESN866224F1187_F:TER:FR:Line::6831fb72-94d3-417c-915f-b9656db78b1a::87582668:87584516:19:1246:20260619,866224,0.0,37689,
FR:Line::6831fb72-94d3-417c-915f-b9656db78b1a:,1176,OCESN866224F1187_F:TER:FR:Line::6831fb72-94d3-417c-915f-b9656db78b1a::87582668:87584516:19:1246:20260522,866224,0.0,37690,
FR:Line::6831fb72-94d3-417c-915f-b9656db78b1a:,947,OCESN866224F1187_F:TER:FR:Line::6831fb72-94d3-417c-915f-b9656db78b1a::87582668:87584516:20:1250:20260424,866224,0.0,37691,
FR:Line::6831fb72-94d3-417c-915f-b9656db78b1a:,363,OCESN866224F1187_F:TER:FR:Line::6831fb72-94d3-417c-915f-b9656db78b1a::87582668:87584516:21:1248:20260327,866224,0.0,37692,
FR:Line::6831fb72-94d3-417c-915f-b9656db78b1a:,3863,OCESN866224F1187_F:TER:FR:Line::6831fb72-94d3-417c-915f-b9656db78b1a::87582668:87584516:19:1250:20260513,866224,0.0,37693,
FR:Line::6831fb72-94d3-417c-915f-b9656db78b1a:,9021,OCESN866224F1187_F:TER:FR:Line::6831fb72-94d3-417c-915f-b9656db78b1a::87582668:87584516:19:1246:20260828,866224,0.0,37694,
FR:Line::6831fb72-94d3-417c-915f-b9656db78b1a:,128,OCESN866224F1187_F:TER:FR:Line::6831fb72-94d3-417c-915f-b9656db78b1a::87582668:87584516:20:1246:20260831,866224,0.0,37695,
FR:Line::6831fb72-94d3-417c-915f-b9656db78b1a:,948,OCESN866224F1187_F:TER:FR:Line::6831fb72-94d3-417c-915f-b9656db78b1a::87582478:87584516:15:1248:20260320,866224,0.0,37696,
FR:Line::6831fb72-94d3-417c-915f-b9656db78b1a:,161,OCESN866225F1187_F:TER:FR:Line::6831fb72-94d3-417c-915f-b9656db78b1a::87584052:87581009:6:1057:20260524,866225,1.0,37697,
FR:Line::6831fb72-94d3-417c-915f-b9656db78b1a:,102,OCESN866225F1187_F:TER:FR:Line::6831fb72-94d3-417c-915f-b9656db78b1a::87581009:87582668:12:1155:20260531,866225,1.0,37698,
FR:Line::6831fb72-94d3-417c-915f-b9656db78b1a:,1176,OCESN866225F1187_F:TER:FR:Line::6831fb72-94d3-417c-915f-b9656db78b1a::87584052:87582668:17:1157:20260522,866225,1.0,37699,
FR:Line::6831fb72-94d3-417c-915f-b9656db78b1a:,9416,OCESN866225F1187_F:TER:FR:Line::6831fb72-94d3-417c-915f-b9656db78b1a::87584052:87582668:19:1201:20260329,866225,1.0,37700,
FR:Line::6831fb72-94d3-417c-915f-b9656db78b1a:,116,OCESN866225F1187_F:TER:FR:Line::6831fb72-94d3-417c-915f-b9656db78b1a::87584052:87581009:5:1100:20260517,866225,1.0,37701,
FR:Line::6831fb72-94d3-417c-915f-b9656db78b1a:,9417,OCESN866225F1187_F:TER:FR:Line::6831fb72-94d3-417c-915f-b9656db78b1a::87584052:87582668:17:1157:20260513,866225,1.0,37702,
FR:Line::6831fb72-94d3-417c-915f-b9656db78b1a:,9418,OCESN866225F1187_F:TER:FR:Line::6831fb72-94d3-417c-915f-b9656db78b1a::87584052:87582668:18:1157:20260426,866225,1.0,37703,
FR:Line::6831fb72-94d3-417c-915f-b9656db78b1a:,371,OCESN866225F1187_F:TER:FR:Line::6831fb72-94d3-417c-915f-b9656db78b1a::87584052:87582668:18:1157:20260417,866225,1.0,37704,
FR:Line::6831fb72-94d3-417c-915f-b9656db78b1a:,4427,OCESN866225F1187_F:TER:FR:Line::6831fb72-94d3-417c-915f-b9656db78b1a::87584052:87582668:18:1157:20260419,866225,1.0,37705,
FR:Line::6831fb72-94d3-417c-915f-b9656db78b1a:,9419,OCESN866225F1187_F:TER:FR:Line::6831fb72-94d3-417c-915f-b9656db78b1a::87584052:87582668:18:1155:20260828,866225,1.0,37706,
FR:Line::6831fb72-94d3-417c-915f-b9656db78b1a:,9420,OCESN866225F1187_F:TER:FR:Line::6831fb72-94d3-417c-915f-b9656db78b1a::87584052:87582668:17:1155:20260619,866225,1.0,37707,
FR:Line::6831fb72-94d3-417c-915f-b9656db78b1a:,6082,OCESN866225F1187_F:TER:FR:Line::6831fb72-94d3-417c-915f-b9656db78b1a::87584052:87582668:19:1155:20260831,866225,1.0,37708,
FR:Line::6831fb72-94d3-417c-915f-b9656db78b1a:,948,OCESN866225F1187_F:TER:FR:Line::6831fb72-94d3-417c-915f-b9656db78b1a::87584052:87581009:8:1056:20260320,866225,1.0,37709,
FR:Line::6831fb72-94d3-417c-915f-b9656db78b1a:,98,OCESN866226F1187_F:TER:FR:Line::6831fb72-94d3-417c-915f-b9656db78b1a::87582668:87584052:16:1238:20260514,866226,0.0,37710,
FR:Line::6831fb72-94d3-417c-915f-b9656db78b1a:,1156,OCESN866226F1187_F:TER:FR:Line::6831fb72-94d3-417c-915f-b9656db78b1a::87581009:87584052:5:1238:20260517,866226,0.0,37711,
FR:Line::6831fb72-94d3-417c-915f-b9656db78b1a:,1164,OCESN866226F1187_F:TER:FR:Line::6831fb72-94d3-417c-915f-b9656db78b1a::87582668:87584052:18:1238:20260426,866226,0.0,37712,
FR:Line::6831fb72-94d3-417c-915f-b9656db78b1a:,58,OCESN866226F1187_F:TER:FR:Line::6831fb72-94d3-417c-915f-b9656db78b1a::87581009:87584052:6:1238:20260510,866226,0.0,37713,
FR:Line::6831fb72-94d3-417c-915f-b9656db78b1a:,9421,OCESN866226F1187_F:TER:FR:Line::6831fb72-94d3-417c-915f-b9656db78b1a::87582668:87584052:17:1234:20260614,866226,0.0,37714,
FR:Line::6831fb72-94d3-417c-915f-b9656db78b1a:,1102,OCESN866226F1187_F:TER:FR:Line::6831fb72-94d3-417c-915f-b9656db78b1a::87582668:87581009:12:1158:20260531,866226,0.0,37715,
FR:Line::6831fb72-94d3-417c-915f-b9656db78b1a:,161,OCESN866226F1187_F:TER:FR:Line::6831fb72-94d3-417c-915f-b9656db78b1a::87581009:87584052:6:1234:20260524,866226,0.0,37716,
FR:Line::6831fb72-94d3-417c-915f-b9656db78b1a:,789,OCESN866226F1187_F:TER:FR:Line::6831fb72-94d3-417c-915f-b9656db78b1a::87582668:87584052:19:1236:20260329,866226,0.0,37717,
FR:Line::6831fb72-94d3-417c-915f-b9656db78b1a:,807,OCESN866226F1187_F:TER:FR:Line::6831fb72-94d3-417c-915f-b9656db78b1a::87582668:87584052:17:1238:20260503,866226,0.0,37718,
FR:Line::6831fb72-94d3-417c-915f-b9656db78b1a:,865,OCESN866226F1187_F:TER:FR:Line::6831fb72-94d3-417c-915f-b9656db78b1a::87582668:87584052:18:1236:20260419,866226,0.0,37719,
FR:Line::6831fb72-94d3-417c-915f-b9656db78b1a:,9422,OCESN866226F1187_F:TER:FR:Line::6831fb72-94d3-417c-915f-b9656db78b1a::87582668:87584052:18:1234:20260823,866226,0.0,37720,
FR:Line::6831fb72-94d3-417c-915f-b9656db78b1a:,1159,OCESN866226F1187_F:TER:FR:Line::6831fb72-94d3-417c-915f-b9656db78b1a::87582668:87584052:19:1234:20260830,866226,0.0,37721,
FR:Line::6831fb72-94d3-417c-915f-b9656db78b1a:,16,OCESN866227F1187_F:TER:FR:Line::6831fb72-94d3-417c-915f-b9656db78b1a::87584052:87581009:6:1159:20260508,866227,1.0,37722,
FR:Line::6831fb72-94d3-417c-915f-b9656db78b1a:,98,OCESN866227F1187_F:TER:FR:Line::6831fb72-94d3-417c-915f-b9656db78b1a::87584052:87582668:16:1257:20260514,866227,1.0,37723,
FR:Line::6831fb72-94d3-417c-915f-b9656db78b1a:,865,OCESN866227F1187_F:TER:FR:Line::6831fb72-94d3-417c-915f-b9656db78b1a::87584052:87582668:18:1257:20260419,866227,1.0,37724,
FR:Line::6831fb72-94d3-417c-915f-b9656db78b1a:,1102,OCESN866227F1187_F:TER:FR:Line::6831fb72-94d3-417c-915f-b9656db78b1a::87581009:87582668:12:1255:20260531,866227,1.0,37725,
FR:Line::6831fb72-94d3-417c-915f-b9656db78b1a:,161,OCESN866227F1187_F:TER:FR:Line::6831fb72-94d3-417c-915f-b9656db78b1a::87584052:87581009:6:1158:20260524,866227,1.0,37726,
FR:Line::6831fb72-94d3-417c-915f-b9656db78b1a:,1156,OCESN866227F1187_F:TER:FR:Line::6831fb72-94d3-417c-915f-b9656db78b1a::87584052:87581009:5:1152:20260517,866227,1.0,37727,
FR:Line::6831fb72-94d3-417c-915f-b9656db78b1a:,1176,OCESN866227F1187_F:TER:FR:Line::6831fb72-94d3-417c-915f-b9656db78b1a::87584052:87582668:17:1257:20260522,866227,1.0,37728,
FR:Line::6831fb72-94d3-417c-915f-b9656db78b1a:,9423,OCESN866227F1187_F:TER:FR:Line::6831fb72-94d3-417c-915f-b9656db78b1a::87584052:87582668:17:1257:20260513,866227,1.0,37729,
FR:Line::6831fb72-94d3-417c-915f-b9656db78b1a:,9410,OCESN866227F1187_F:TER:FR:Line::6831fb72-94d3-417c-915f-b9656db78b1a::87584052:87582668:19:1300:20260329,866227,1.0,37730,
FR:Line::6831fb72-94d3-417c-915f-b9656db78b1a:,9424,OCESN866227F1187_F:TER:FR:Line::6831fb72-94d3-417c-915f-b9656db78b1a::87584052:87582668:17:1255:20260619,866227,1.0,37731,
FR:Line::6831fb72-94d3-417c-915f-b9656db78b1a:,371,OCESN866227F1187_F:TER:FR:Line::6831fb72-94d3-417c-915f-b9656db78b1a::87584052:87582668:18:1257:20260417,866227,1.0,37732,
FR:Line::6831fb72-94d3-417c-915f-b9656db78b1a:,9425,OCESN866227F1187_F:TER:FR:Line::6831fb72-94d3-417c-915f-b9656db78b1a::87584052:87582668:18:1255:20260828,866227,1.0,37733,
FR:Line::6831fb72-94d3-417c-915f-b9656db78b1a:,9406,OCESN866227F1187_F:TER:FR:Line::6831fb72-94d3-417c-915f-b9656db78b1a::87584052:87582668:18:1257:20260426,866227,1.0,37734,
FR:Line::6831fb72-94d3-417c-915f-b9656db78b1a:,948,OCESN866227F1187_F:TER:FR:Line::6831fb72-94d3-417c-915f-b9656db78b1a::87584052:87582478:14:1239:20260320,866227,1.0,37735,
FR:Line::6831fb72-94d3-417c-915f-b9656db78b1a:,128,OCESN866227F1187_F:TER:FR:Line::6831fb72-94d3-417c-915f-b9656db78b1a::87584052:87582668:19:1255:20260831,866227,1.0,37736,
FR:Line::6831fb72-94d3-417c-915f-b9656db78b1a:,161,OCESN866229F1187_F:TER:FR:Line::6831fb72-94d3-417c-915f-b9656db78b1a::87584052:87581009:6:1258:20260524,866229,1.0,37737,
FR:Line::6831fb72-94d3-417c-915f-b9656db78b1a:,1176,OCESN866229F1187_F:TER:FR:Line::6831fb72-94d3-417c-915f-b9656db78b1a::87584052:87582668:17:1357:20260522,866229,1.0,37738,
FR:Line::6831fb72-94d3-417c-915f-b9656db78b1a:,98,OCESN866229F1187_F:TER:FR:Line::6831fb72-94d3-417c-915f-b9656db78b1a::87584052:87582668:16:1358:20260514,866229,1.0,37739,
FR:Line::6831fb72-94d3-417c-915f-b9656db78b1a:,371,OCESN866229F1187_F:TER:FR:Line::6831fb72-94d3-417c-915f-b9656db78b1a::87584052:87582668:18:1357:20260417,866229,1.0,37740,
FR:Line::6831fb72-94d3-417c-915f-b9656db78b1a:,865,OCESN866229F1187_F:TER:FR:Line::6831fb72-94d3-417c-915f-b9656db78b1a::87584052:87582668:18:1357:20260419,866229,1.0,37741,
FR:Line::6831fb72-94d3-417c-915f-b9656db78b1a:,9410,OCESN866229F1187_F:TER:FR:Line::6831fb72-94d3-417c-915f-b9656db78b1a::87584052:87582668:19:1357:20260329,866229,1.0,37742,
FR:Line::6831fb72-94d3-417c-915f-b9656db78b1a:,9406,OCESN866229F1187_F:TER:FR:Line::6831fb72-94d3-417c-915f-b9656db78b1a::87584052:87582668:18:1357:20260426,866229,1.0,37743,
FR:Line::6831fb72-94d3-417c-915f-b9656db78b1a:,9426,OCESN866229F1187_F:TER:FR:Line::6831fb72-94d3-417c-915f-b9656db78b1a::87584052:87582668:17:1357:20260517,866229,1.0,37744,
FR:Line::6831fb72-94d3-417c-915f-b9656db78b1a:,9424,OCESN866229F1187_F:TER:FR:Line::6831fb72-94d3-417c-915f-b9656db78b1a::87584052:87582668:17:1355:20260619,866229,1.0,37745,
FR:Line::6831fb72-94d3-417c-915f-b9656db78b1a:,1102,OCESN866229F1187_F:TER:FR:Line::6831fb72-94d3-417c-915f-b9656db78b1a::87581009:87582668:12:1355:20260531,866229,1.0,37746,
FR:Line::6831fb72-94d3-417c-915f-b9656db78b1a:,9409,OCESN866229F1187_F:TER:FR:Line::6831fb72-94d3-417c-915f-b9656db78b1a::87584052:87582668:18:1355:20260828,866229,1.0,37747,
FR:Line::6831fb72-94d3-417c-915f-b9656db78b1a:,330,OCESN866229F1187_F:TER:FR:Line::6831fb72-94d3-417c-915f-b9656db78b1a::87584052:87581009:5:1300:20260516,866229,1.0,37748,
FR:Line::6831fb72-94d3-417c-915f-b9656db78b1a:,9411,OCESN866229F1187_F:TER:FR:Line::6831fb72-94d3-417c-915f-b9656db78b1a::87584052:87582668:19:1355:20260831,866229,1.0,37749,
FR:Line::6831fb72-94d3-417c-915f-b9656db78b1a:,948,OCESN866229F1187_F:TER:FR:Line::6831fb72-94d3-417c-915f-b9656db78b1a::87584052:87582478:14:1337:20260320,866229,1.0,37750,
FR:Line::6831fb72-94d3-417c-915f-b9656db78b1a:,161,OCESN866230F1187_F:TER:FR:Line::6831fb72-94d3-417c-915f-b9656db78b1a::87581009:87584052:6:1334:20260524,866230,0.0,37751,
FR:Line::6831fb72-94d3-417c-915f-b9656db78b1a:,367,OCESN866230F1187_F:TER:FR:Line::6831fb72-94d3-417c-915f-b9656db78b1a::87581009:87584052:6:1339:20260517,866230,0.0,37752,
FR:Line::6831fb72-94d3-417c-915f-b9656db78b1a:,1102,OCESN866230F1187_F:TER:FR:Line::6831fb72-94d3-417c-915f-b9656db78b1a::87582668:87581009:12:1258:20260531,866230,0.0,37753,
FR:Line::6831fb72-94d3-417c-915f-b9656db78b1a:,9406,OCESN866230F1187_F:TER:FR:Line::6831fb72-94d3-417c-915f-b9656db78b1a::87582668:87584052:18:1339:20260426,866230,0.0,37754,
FR:Line::6831fb72-94d3-417c-915f-b9656db78b1a:,330,OCESN866230F1187_F:TER:FR:Line::6831fb72-94d3-417c-915f-b9656db78b1a::87581009:87584052:5:1339:20260516,866230,0.0,37755,
FR:Line::6831fb72-94d3-417c-915f-b9656db78b1a:,9423,OCESN866230F1187_F:TER:FR:Line::6831fb72-94d3-417c-915f-b9656db78b1a::87582668:87584052:17:1339:20260513,866230,0.0,37756,
FR:Line::6831fb72-94d3-417c-915f-b9656db78b1a:,1176,OCESN866230F1187_F:TER:FR:Line::6831fb72-94d3-417c-915f-b9656db78b1a::87582668:87584052:17:1334:20260522,866230,0.0,37757,
FR:Line::6831fb72-94d3-417c-915f-b9656db78b1a:,98,OCESN866230F1187_F:TER:FR:Line::6831fb72-94d3-417c-915f-b9656db78b1a::87582668:87584052:16:1339:20260514,866230,0.0,37758,
FR:Line::6831fb72-94d3-417c-915f-b9656db78b1a:,9424,OCESN866230F1187_F:TER:FR:Line::6831fb72-94d3-417c-915f-b9656db78b1a::87582668:87584052:17:1334:20260619,866230,0.0,37759,
FR:Line::6831fb72-94d3-417c-915f-b9656db78b1a:,865,OCESN866230F1187_F:TER:FR:Line::6831fb72-94d3-417c-915f-b9656db78b1a::87582668:87584052:18:1336:20260419,866230,0.0,37760,
FR:Line::6831fb72-94d3-417c-915f-b9656db78b1a:,371,OCESN866230F1187_F:TER:FR:Line::6831fb72-94d3-417c-915f-b9656db78b1a::87582668:87584052:18:1336:20260417,866230,0.0,37761,
FR:Line::6831fb72-94d3-417c-915f-b9656db78b1a:,9425,OCESN866230F1187_F:TER:FR:Line::6831fb72-94d3-417c-915f-b9656db78b1a::87582668:87584052:18:1334:20260828,866230,0.0,37762,
FR:Line::6831fb72-94d3-417c-915f-b9656db78b1a:,9410,OCESN866230F1187_F:TER:FR:Line::6831fb72-94d3-417c-915f-b9656db78b1a::87582668:87584052:19:1336:20260329,866230,0.0,37763,
FR:Line::6831fb72-94d3-417c-915f-b9656db78b1a:,128,OCESN866230F1187_F:TER:FR:Line::6831fb72-94d3-417c-915f-b9656db78b1a::87582668:87584052:19:1334:20260831,866230,0.0,37764,
FR:Line::6831fb72-94d3-417c-915f-b9656db78b1a:,948,OCESN866230F1187_F:TER:FR:Line::6831fb72-94d3-417c-915f-b9656db78b1a::87581009:87584052:8:1336:20260320,866230,0.0,37765,
FR:Line::6831fb72-94d3-417c-915f-b9656db78b1a:,161,OCESN866233F1187_F:TER:FR:Line::6831fb72-94d3-417c-915f-b9656db78b1a::87584052:87581009:6:1358:20260524,866233,1.0,37766,
FR:Line::6831fb72-94d3-417c-915f-b9656db78b1a:,9427,OCESN866233F1187_F:TER:FR:Line::6831fb72-94d3-417c-915f-b9656db78b1a::87584052:87582668:17:1457:20260517,866233,1.0,37767,
FR:Line::6831fb72-94d3-417c-915f-b9656db78b1a:,204,OCESN866233F1187_F:TER:FR:Line::6831fb72-94d3-417c-915f-b9656db78b1a::87584052:87581009:5:1358:20260516,866233,1.0,37768,
FR:Line::6831fb72-94d3-417c-915f-b9656db78b1a:,3951,OCESN866233F1187_F:TER:FR:Line::6831fb72-94d3-417c-915f-b9656db78b1a::87584052:87582668:18:1455:20260628,866233,1.0,37769,
FR:Line::6831fb72-94d3-417c-915f-b9656db78b1a:,1102,OCESN866233F1187_F:TER:FR:Line::6831fb72-94d3-417c-915f-b9656db78b1a::87581009:87582668:12:1455:20260531,866233,1.0,37770,
FR:Line::6831fb72-94d3-417c-915f-b9656db78b1a:,98,OCESN866233F1187_F:TER:FR:Line::6831fb72-94d3-417c-915f-b9656db78b1a::87584052:87582668:16:1457:20260514,866233,1.0,37771,
FR:Line::6831fb72-94d3-417c-915f-b9656db78b1a:,789,OCESN866233F1187_F:TER:FR:Line::6831fb72-94d3-417c-915f-b9656db78b1a::87584052:87582668:19:1458:20260329,866233,1.0,37772,
FR:Line::6831fb72-94d3-417c-915f-b9656db78b1a:,865,OCESN866233F1187_F:TER:FR:Line::6831fb72-94d3-417c-915f-b9656db78b1a::87584052:87582668:18:1457:20260419,866233,1.0,37773,
FR:Line::6831fb72-94d3-417c-915f-b9656db78b1a:,1164,OCESN866233F1187_F:TER:FR:Line::6831fb72-94d3-417c-915f-b9656db78b1a::87584052:87582668:18:1457:20260426,866233,1.0,37774,
FR:Line::6831fb72-94d3-417c-915f-b9656db78b1a:,9421,OCESN866233F1187_F:TER:FR:Line::6831fb72-94d3-417c-915f-b9656db78b1a::87584052:87582668:17:1455:20260614,866233,1.0,37775,
FR:Line::6831fb72-94d3-417c-915f-b9656db78b1a:,1176,OCESN866234F1187_F:TER:FR:Line::6831fb72-94d3-417c-915f-b9656db78b1a::87582668:87584052:17:1434:20260522,866234,0.0,37776,
FR:Line::6831fb72-94d3-417c-915f-b9656db78b1a:,363,OCESN866234F1187_F:TER:FR:Line::6831fb72-94d3-417c-915f-b9656db78b1a::87582668:87584052:19:1436:20260327,866234,0.0,37777,
FR:Line::6831fb72-94d3-417c-915f-b9656db78b1a:,48,OCESN866234F1187_F:TER:FR:Line::6831fb72-94d3-417c-915f-b9656db78b1a::87581009:87584052:5:1428:20260515,866234,0.0,37778,
FR:Line::6831fb72-94d3-417c-915f-b9656db78b1a:,1177,OCESN866234F1187_F:TER:FR:Line::6831fb72-94d3-417c-915f-b9656db78b1a::87582668:87584052:17:1434:20260619,866234,0.0,37779,
FR:Line::6831fb72-94d3-417c-915f-b9656db78b1a:,371,OCESN866234F1187_F:TER:FR:Line::6831fb72-94d3-417c-915f-b9656db78b1a::87582668:87584052:18:1436:20260417,866234,0.0,37780,
FR:Line::6831fb72-94d3-417c-915f-b9656db78b1a:,3863,OCESN866234F1187_F:TER:FR:Line::6831fb72-94d3-417c-915f-b9656db78b1a::87582668:87584052:17:1439:20260513,866234,0.0,37781,
FR:Line::6831fb72-94d3-417c-915f-b9656db78b1a:,947,OCESN866234F1187_F:TER:FR:Line::6831fb72-94d3-417c-915f-b9656db78b1a::87582668:87584052:18:1439:20260424,866234,0.0,37782,
FR:Line::6831fb72-94d3-417c-915f-b9656db78b1a:,9021,OCESN866234F1187_F:TER:FR:Line::6831fb72-94d3-417c-915f-b9656db78b1a::87582668:87584052:18:1434:20260828,866234,0.0,37783,
FR:Line::6831fb72-94d3-417c-915f-b9656db78b1a:,128,OCESN866234F1187_F:TER:FR:Line::6831fb72-94d3-417c-915f-b9656db78b1a::87582668:87584052:19:1434:20260831,866234,0.0,37784,
FR:Line::6831fb72-94d3-417c-915f-b9656db78b1a:,948,OCESN866234F1187_F:TER:FR:Line::6831fb72-94d3-417c-915f-b9656db78b1a::87582478:87584052:14:1436:20260320,866234,0.0,37785,
FR:Line::6831fb72-94d3-417c-915f-b9656db78b1a:,48,OCESN866235F1187_F:TER:FR:Line::6831fb72-94d3-417c-915f-b9656db78b1a::87584516:87581009:7:1400:20260515,866235,1.0,37786,
FR:Line::6831fb72-94d3-417c-915f-b9656db78b1a:,947,OCESN866235F1187_F:TER:FR:Line::6831fb72-94d3-417c-915f-b9656db78b1a::87584516:87582668:20:1457:20260424,866235,1.0,37787,
FR:Line::6831fb72-94d3-417c-915f-b9656db78b1a:,1176,OCESN866235F1187_F:TER:FR:Line::6831fb72-94d3-417c-915f-b9656db78b1a::87584516:87582668:19:1457:20260522,866235,1.0,37788,
FR:Line::6831fb72-94d3-417c-915f-b9656db78b1a:,371,OCESN866235F1187_F:TER:FR:Line::6831fb72-94d3-417c-915f-b9656db78b1a::87584516:87582668:20:1457:20260417,866235,1.0,37789,
FR:Line::6831fb72-94d3-417c-915f-b9656db78b1a:,3863,OCESN866235F1187_F:TER:FR:Line::6831fb72-94d3-417c-915f-b9656db78b1a::87584516:87582668:19:1457:20260513,866235,1.0,37790,
FR:Line::6831fb72-94d3-417c-915f-b9656db78b1a:,9021,OCESN866235F1187_F:TER:FR:Line::6831fb72-94d3-417c-915f-b9656db78b1a::87584516:87582668:19:1455:20260828,866235,1.0,37791,
FR:Line::6831fb72-94d3-417c-915f-b9656db78b1a:,1177,OCESN866235F1187_F:TER:FR:Line::6831fb72-94d3-417c-915f-b9656db78b1a::87584516:87582668:19:1455:20260619,866235,1.0,37792,
FR:Line::6831fb72-94d3-417c-915f-b9656db78b1a:,363,OCESN866235F1187_F:TER:FR:Line::6831fb72-94d3-417c-915f-b9656db78b1a::87584516:87582668:21:1458:20260327,866235,1.0,37793,
FR:Line::6831fb72-94d3-417c-915f-b9656db78b1a:,128,OCESN866235F1187_F:TER:FR:Line::6831fb72-94d3-417c-915f-b9656db78b1a::87584516:87582668:20:1455:20260831,866235,1.0,37794,
FR:Line::6831fb72-94d3-417c-915f-b9656db78b1a:,948,OCESN866235F1187_F:TER:FR:Line::6831fb72-94d3-417c-915f-b9656db78b1a::87584516:87581009:10:1358:20260320,866235,1.0,37795,
FR:Line::6831fb72-94d3-417c-915f-b9656db78b1a:,204,OCESN866236F1187_F:TER:FR:Line::6831fb72-94d3-417c-915f-b9656db78b1a::87581009:87584516:7:1452:20260516,866236,0.0,37796,
FR:Line::6831fb72-94d3-417c-915f-b9656db78b1a:,98,OCESN866236F1187_F:TER:FR:Line::6831fb72-94d3-417c-915f-b9656db78b1a::87582668:87584516:18:1452:20260514,866236,0.0,37797,
FR:Line::6831fb72-94d3-417c-915f-b9656db78b1a:,1102,OCESN866236F1187_F:TER:FR:Line::6831fb72-94d3-417c-915f-b9656db78b1a::87582668:87581009:12:1358:20260531,866236,0.0,37798,
FR:Line::6831fb72-94d3-417c-915f-b9656db78b1a:,933,OCESN866236F1187_F:TER:FR:Line::6831fb72-94d3-417c-915f-b9656db78b1a::87582668:87584516:20:1447:20260621,866236,0.0,37799,
FR:Line::6831fb72-94d3-417c-915f-b9656db78b1a:,9421,OCESN866236F1187_F:TER:FR:Line::6831fb72-94d3-417c-915f-b9656db78b1a::87582668:87584516:19:1447:20260614,866236,0.0,37800,
FR:Line::6831fb72-94d3-417c-915f-b9656db78b1a:,865,OCESN866236F1187_F:TER:FR:Line::6831fb72-94d3-417c-915f-b9656db78b1a::87582668:87584516:20:1449:20260419,866236,0.0,37801,
FR:Line::6831fb72-94d3-417c-915f-b9656db78b1a:,9428,OCESN866236F1187_F:TER:FR:Line::6831fb72-94d3-417c-915f-b9656db78b1a::87582668:87584516:19:1447:20260823,866236,0.0,37802,
FR:Line::6831fb72-94d3-417c-915f-b9656db78b1a:,789,OCESN866236F1187_F:TER:FR:Line::6831fb72-94d3-417c-915f-b9656db78b1a::87582668:87584516:21:1449:20260329,866236,0.0,37803,
FR:Line::6831fb72-94d3-417c-915f-b9656db78b1a:,9427,OCESN866236F1187_F:TER:FR:Line::6831fb72-94d3-417c-915f-b9656db78b1a::87582668:87584516:19:1452:20260517,866236,0.0,37804,
FR:Line::6831fb72-94d3-417c-915f-b9656db78b1a:,161,OCESN866236F1187_F:TER:FR:Line::6831fb72-94d3-417c-915f-b9656db78b1a::87581009:87584516:8:1447:20260524,866236,0.0,37805,
FR:Line::6831fb72-94d3-417c-915f-b9656db78b1a:,1164,OCESN866236F1187_F:TER:FR:Line::6831fb72-94d3-417c-915f-b9656db78b1a::87582668:87584516:20:1452:20260426,866236,0.0,37806,
FR:Line::6831fb72-94d3-417c-915f-b9656db78b1a:,1159,OCESN866236F1187_F:TER:FR:Line::6831fb72-94d3-417c-915f-b9656db78b1a::87582668:87584516:20:1447:20260830,866236,0.0,37807,
FR:Line::6831fb72-94d3-417c-915f-b9656db78b1a:,161,OCESN866237F1187_F:TER:FR:Line::6831fb72-94d3-417c-915f-b9656db78b1a::87584052:87581009:6:1458:20260524,866237,1.0,37808,
FR:Line::6831fb72-94d3-417c-915f-b9656db78b1a:,1102,OCESN866237F1187_F:TER:FR:Line::6831fb72-94d3-417c-915f-b9656db78b1a::87581009:87582668:12:1555:20260531,866237,1.0,37809,
FR:Line::6831fb72-94d3-417c-915f-b9656db78b1a:,330,OCESN866237F1187_F:TER:FR:Line::6831fb72-94d3-417c-915f-b9656db78b1a::87584052:87581009:5:1459:20260516,866237,1.0,37810,
FR:Line::6831fb72-94d3-417c-915f-b9656db78b1a:,1176,OCESN866237F1187_F:TER:FR:Line::6831fb72-94d3-417c-915f-b9656db78b1a::87584052:87582668:17:1557:20260522,866237,1.0,37811,
FR:Line::6831fb72-94d3-417c-915f-b9656db78b1a:,98,OCESN866237F1187_F:TER:FR:Line::6831fb72-94d3-417c-915f-b9656db78b1a::87584052:87582668:16:1557:20260514,866237,1.0,37812,
FR:Line::6831fb72-94d3-417c-915f-b9656db78b1a:,9410,OCESN866237F1187_F:TER:FR:Line::6831fb72-94d3-417c-915f-b9656db78b1a::87584052:87582668:19:1558:20260329,866237,1.0,37813,
FR:Line::6831fb72-94d3-417c-915f-b9656db78b1a:,9426,OCESN866237F1187_F:TER:FR:Line::6831fb72-94d3-417c-915f-b9656db78b1a::87584052:87582668:17:1557:20260517,866237,1.0,37814,
FR:Line::6831fb72-94d3-417c-915f-b9656db78b1a:,9227,OCESN866237F1187_F:TER:FR:Line::6831fb72-94d3-417c-915f-b9656db78b1a::87584052:87582668:18:1557:20260419,866237,1.0,37815,
FR:Line::6831fb72-94d3-417c-915f-b9656db78b1a:,9409,OCESN866237F1187_F:TER:FR:Line::6831fb72-94d3-417c-915f-b9656db78b1a::87584052:87582668:18:1555:20260828,866237,1.0,37816,
FR:Line::6831fb72-94d3-417c-915f-b9656db78b1a:,9406,OCESN866237F1187_F:TER:FR:Line::6831fb72-94d3-417c-915f-b9656db78b1a::87584052:87582668:18:1557:20260426,866237,1.0,37817,
FR:Line::6831fb72-94d3-417c-915f-b9656db78b1a:,9424,OCESN866237F1187_F:TER:FR:Line::6831fb72-94d3-417c-915f-b9656db78b1a::87584052:87582668:17:1555:20260619,866237,1.0,37818,
FR:Line::6831fb72-94d3-417c-915f-b9656db78b1a:,948,OCESN866237F1187_F:TER:FR:Line::6831fb72-94d3-417c-915f-b9656db78b1a::87584052:87582668:19:1602:20260320,866237,1.0,37819,
FR:Line::6831fb72-94d3-417c-915f-b9656db78b1a:,9411,OCESN866237F1187_F:TER:FR:Line::6831fb72-94d3-417c-915f-b9656db78b1a::87584052:87582668:19:1555:20260831,866237,1.0,37820,
FR:Line::6831fb72-94d3-417c-915f-b9656db78b1a:,98,OCESN866238F1187_F:TER:FR:Line::6831fb72-94d3-417c-915f-b9656db78b1a::87582668:87584052:16:1539:20260514,866238,0.0,37821,
FR:Line::6831fb72-94d3-417c-915f-b9656db78b1a:,1176,OCESN866238F1187_F:TER:FR:Line::6831fb72-94d3-417c-915f-b9656db78b1a::87582668:87584052:17:1534:20260522,866238,0.0,37822,
FR:Line::6831fb72-94d3-417c-915f-b9656db78b1a:,1102,OCESN866238F1187_F:TER:FR:Line::6831fb72-94d3-417c-915f-b9656db78b1a::87582668:87581009:12:1458:20260531,866238,0.0,37823,
FR:Line::6831fb72-94d3-417c-915f-b9656db78b1a:,330,OCESN866238F1187_F:TER:FR:Line::6831fb72-94d3-417c-915f-b9656db78b1a::87581009:87584052:5:1539:20260516,866238,0.0,37824,
FR:Line::6831fb72-94d3-417c-915f-b9656db78b1a:,161,OCESN866238F1187_F:TER:FR:Line::6831fb72-94d3-417c-915f-b9656db78b1a::87581009:87584052:6:1534:20260524,866238,0.0,37825,
FR:Line::6831fb72-94d3-417c-915f-b9656db78b1a:,865,OCESN866238F1187_F:TER:FR:Line::6831fb72-94d3-417c-915f-b9656db78b1a::87582668:87584052:18:1536:20260419,866238,0.0,37826,
FR:Line::6831fb72-94d3-417c-915f-b9656db78b1a:,371,OCESN866238F1187_F:TER:FR:Line::6831fb72-94d3-417c-915f-b9656db78b1a::87582668:87584052:18:1536:20260417,866238,0.0,37827,
FR:Line::6831fb72-94d3-417c-915f-b9656db78b1a:,9424,OCESN866238F1187_F:TER:FR:Line::6831fb72-94d3-417c-915f-b9656db78b1a::87582668:87584052:17:1534:20260619,866238,0.0,37828,
FR:Line::6831fb72-94d3-417c-915f-b9656db78b1a:,9426,OCESN866238F1187_F:TER:FR:Line::6831fb72-94d3-417c-915f-b9656db78b1a::87582668:87584052:17:1539:20260517,866238,0.0,37829,
FR:Line::6831fb72-94d3-417c-915f-b9656db78b1a:,9410,OCESN866238F1187_F:TER:FR:Line::6831fb72-94d3-417c-915f-b9656db78b1a::87582668:87584052:19:1536:20260329,866238,0.0,37830,
FR:Line::6831fb72-94d3-417c-915f-b9656db78b1a:,9406,OCESN866238F1187_F:TER:FR:Line::6831fb72-94d3-417c-915f-b9656db78b1a::87582668:87584052:18:1539:20260426,866238,0.0,37831,
FR:Line::6831fb72-94d3-417c-915f-b9656db78b1a:,9409,OCESN866238F1187_F:TER:FR:Line::6831fb72-94d3-417c-915f-b9656db78b1a::87582668:87584052:18:1534:20260828,866238,0.0,37832,
FR:Line::6831fb72-94d3-417c-915f-b9656db78b1a:,948,OCESN866238F1187_F:TER:FR:Line::6831fb72-94d3-417c-915f-b9656db78b1a::87582478:87584052:14:1536:20260320,866238,0.0,37833,
FR:Line::6831fb72-94d3-417c-915f-b9656db78b1a:,9411,OCESN866238F1187_F:TER:FR:Line::6831fb72-94d3-417c-915f-b9656db78b1a::87582668:87584052:19:1534:20260831,866238,0.0,37834,
FR:Line::6831fb72-94d3-417c-915f-b9656db78b1a:,204,OCESN866241F1187_F:TER:FR:Line::6831fb72-94d3-417c-915f-b9656db78b1a::87584516:87581009:7:1602:20260516,866241,1.0,37835,
FR:Line::6831fb72-94d3-417c-915f-b9656db78b1a:,98,OCESN866241F1187_F:TER:FR:Line::6831fb72-94d3-417c-915f-b9656db78b1a::87584516:87582668:18:1657:20260514,866241,1.0,37836,
FR:Line::6831fb72-94d3-417c-915f-b9656db78b1a:,161,OCESN866241F1187_F:TER:FR:Line::6831fb72-94d3-417c-915f-b9656db78b1a::87584516:87581009:8:1558:20260524,866241,1.0,37837,
FR:Line::6831fb72-94d3-417c-915f-b9656db78b1a:,933,OCESN866241F1187_F:TER:FR:Line::6831fb72-94d3-417c-915f-b9656db78b1a::87584516:87582668:20:1655:20260621,866241,1.0,37838,
FR:Line::6831fb72-94d3-417c-915f-b9656db78b1a:,9429,OCESN866241F1187_F:TER:FR:Line::6831fb72-94d3-417c-915f-b9656db78b1a::87584516:87582668:19:1655:20260614,866241,1.0,37839,
FR:Line::6831fb72-94d3-417c-915f-b9656db78b1a:,789,OCESN866241F1187_F:TER:FR:Line::6831fb72-94d3-417c-915f-b9656db78b1a::87584516:87582668:21:1658:20260329,866241,1.0,37840,
FR:Line::6831fb72-94d3-417c-915f-b9656db78b1a:,1164,OCESN866241F1187_F:TER:FR:Line::6831fb72-94d3-417c-915f-b9656db78b1a::87584516:87582668:20:1657:20260426,866241,1.0,37841,
FR:Line::6831fb72-94d3-417c-915f-b9656db78b1a:,9430,OCESN866241F1187_F:TER:FR:Line::6831fb72-94d3-417c-915f-b9656db78b1a::87584516:87582668:20:1657:20260419,866241,1.0,37842,
FR:Line::6831fb72-94d3-417c-915f-b9656db78b1a:,1723,OCESN866241F1187_F:TER:FR:Line::6831fb72-94d3-417c-915f-b9656db78b1a::87584516:87582668:20:1657:20260525,866241,1.0,37843,
FR:Line::6831fb72-94d3-417c-915f-b9656db78b1a:,9427,OCESN866241F1187_F:TER:FR:Line::6831fb72-94d3-417c-915f-b9656db78b1a::87584516:87582668:19:1657:20260517,866241,1.0,37844,
FR:Line::6831fb72-94d3-417c-915f-b9656db78b1a:,1102,OCESN866241F1187_F:TER:FR:Line::6831fb72-94d3-417c-915f-b9656db78b1a::87581009:87582668:12:1655:20260531,866241,1.0,37845,
FR:Line::6831fb72-94d3-417c-915f-b9656db78b1a:,1158,OCESN866241F1187_F:TER:FR:Line::6831fb72-94d3-417c-915f-b9656db78b1a::87584516:87582668:19:1655:20260823,866241,1.0,37846,
FR:Line::6831fb72-94d3-417c-915f-b9656db78b1a:,75,OCESN866241F1187_F:TER:FR:Line::6831fb72-94d3-417c-915f-b9656db78b1a::87584516:87582668:19:1655:20260714,866241,1.0,37847,
FR:Line::6831fb72-94d3-417c-915f-b9656db78b1a:,1159,OCESN866241F1187_F:TER:FR:Line::6831fb72-94d3-417c-915f-b9656db78b1a::87584516:87582668:20:1655:20260830,866241,1.0,37848,
FR:Line::6831fb72-94d3-417c-915f-b9656db78b1a:,204,OCESN866242F1187_F:TER:FR:Line::6831fb72-94d3-417c-915f-b9656db78b1a::87581009:87584052:5:1635:20260516,866242,0.0,37849,
FR:Line::6831fb72-94d3-417c-915f-b9656db78b1a:,98,OCESN866242F1187_F:TER:FR:Line::6831fb72-94d3-417c-915f-b9656db78b1a::87582668:87584052:16:1634:20260514,866242,0.0,37850,
FR:Line::6831fb72-94d3-417c-915f-b9656db78b1a:,48,OCESN866242F1187_F:TER:FR:Line::6831fb72-94d3-417c-915f-b9656db78b1a::87581009:87584052:5:1634:20260515,866242,0.0,37851,
FR:Line::6831fb72-94d3-417c-915f-b9656db78b1a:,1102,OCESN866242F1187_F:TER:FR:Line::6831fb72-94d3-417c-915f-b9656db78b1a::87582668:87581009:12:1558:20260531,866242,0.0,37852,
FR:Line::6831fb72-94d3-417c-915f-b9656db78b1a:,1176,OCESN866242F1187_F:TER:FR:Line::6831fb72-94d3-417c-915f-b9656db78b1a::87582668:87584052:17:1634:20260522,866242,0.0,37853,
FR:Line::6831fb72-94d3-417c-915f-b9656db78b1a:,9410,OCESN866242F1187_F:TER:FR:Line::6831fb72-94d3-417c-915f-b9656db78b1a::87582668:87584052:19:1634:20260329,866242,0.0,37854,
FR:Line::6831fb72-94d3-417c-915f-b9656db78b1a:,161,OCESN866242F1187_F:TER:FR:Line::6831fb72-94d3-417c-915f-b9656db78b1a::87581009:87584052:6:1634:20260524,866242,0.0,37855,
FR:Line::6831fb72-94d3-417c-915f-b9656db78b1a:,9406,OCESN866242F1187_F:TER:FR:Line::6831fb72-94d3-417c-915f-b9656db78b1a::87582668:87584052:18:1636:20260426,866242,0.0,37856,
FR:Line::6831fb72-94d3-417c-915f-b9656db78b1a:,9409,OCESN866242F1187_F:TER:FR:Line::6831fb72-94d3-417c-915f-b9656db78b1a::87582668:87584052:18:1634:20260828,866242,0.0,37857,
FR:Line::6831fb72-94d3-417c-915f-b9656db78b1a:,371,OCESN866242F1187_F:TER:FR:Line::6831fb72-94d3-417c-915f-b9656db78b1a::87582668:87584052:18:1636:20260417,866242,0.0,37858,
FR:Line::6831fb72-94d3-417c-915f-b9656db78b1a:,865,OCESN866242F1187_F:TER:FR:Line::6831fb72-94d3-417c-915f-b9656db78b1a::87582668:87584052:18:1636:20260419,866242,0.0,37859,
FR:Line::6831fb72-94d3-417c-915f-b9656db78b1a:,9426,OCESN866242F1187_F:TER:FR:Line::6831fb72-94d3-417c-915f-b9656db78b1a::87582668:87584052:17:1636:20260517,866242,0.0,37860,
FR:Line::6831fb72-94d3-417c-915f-b9656db78b1a:,9424,OCESN866242F1187_F:TER:FR:Line::6831fb72-94d3-417c-915f-b9656db78b1a::87582668:87584052:17:1634:20260619,866242,0.0,37861,
FR:Line::6831fb72-94d3-417c-915f-b9656db78b1a:,948,OCESN866242F1187_F:TER:FR:Line::6831fb72-94d3-417c-915f-b9656db78b1a::87581009:87584052:8:1634:20260320,866242,0.0,37862,
FR:Line::6831fb72-94d3-417c-915f-b9656db78b1a:,9411,OCESN866242F1187_F:TER:FR:Line::6831fb72-94d3-417c-915f-b9656db78b1a::87582668:87584052:19:1634:20260831,866242,0.0,37863,
FR:Line::6831fb72-94d3-417c-915f-b9656db78b1a:,98,OCESN866244F1187_F:TER:FR:Line::6831fb72-94d3-417c-915f-b9656db78b1a::87582668:87584052:16:1738:20260514,866244,0.0,37864,
FR:Line::6831fb72-94d3-417c-915f-b9656db78b1a:,1102,OCESN866244F1187_F:TER:FR:Line::6831fb72-94d3-417c-915f-b9656db78b1a::87582668:87581009:12:1658:20260531,866244,0.0,37865,
FR:Line::6831fb72-94d3-417c-915f-b9656db78b1a:,161,OCESN866244F1187_F:TER:FR:Line::6831fb72-94d3-417c-915f-b9656db78b1a::87581009:87584052:6:1734:20260524,866244,0.0,37866,
FR:Line::6831fb72-94d3-417c-915f-b9656db78b1a:,9406,OCESN866244F1187_F:TER:FR:Line::6831fb72-94d3-417c-915f-b9656db78b1a::87582668:87584052:18:1738:20260426,866244,0.0,37867,
FR:Line::6831fb72-94d3-417c-915f-b9656db78b1a:,1176,OCESN866244F1187_F:TER:FR:Line::6831fb72-94d3-417c-915f-b9656db78b1a::87582668:87584052:17:1734:20260522,866244,0.0,37868,
FR:Line::6831fb72-94d3-417c-915f-b9656db78b1a:,330,OCESN866244F1187_F:TER:FR:Line::6831fb72-94d3-417c-915f-b9656db78b1a::87581009:87584052:5:1738:20260516,866244,0.0,37869,
FR:Line::6831fb72-94d3-417c-915f-b9656db78b1a:,9424,OCESN866244F1187_F:TER:FR:Line::6831fb72-94d3-417c-915f-b9656db78b1a::87582668:87584052:17:1734:20260619,866244,0.0,37870,
FR:Line::6831fb72-94d3-417c-915f-b9656db78b1a:,9426,OCESN866244F1187_F:TER:FR:Line::6831fb72-94d3-417c-915f-b9656db78b1a::87582668:87584052:17:1738:20260517,866244,0.0,37871,
FR:Line::6831fb72-94d3-417c-915f-b9656db78b1a:,9227,OCESN866244F1187_F:TER:FR:Line::6831fb72-94d3-417c-915f-b9656db78b1a::87582668:87584052:18:1736:20260419,866244,0.0,37872,
FR:Line::6831fb72-94d3-417c-915f-b9656db78b1a:,9409,OCESN866244F1187_F:TER:FR:Line::6831fb72-94d3-417c-915f-b9656db78b1a::87582668:87584052:18:1734:20260828,866244,0.0,37873,
FR:Line::6831fb72-94d3-417c-915f-b9656db78b1a:,9410,OCESN866244F1187_F:TER:FR:Line::6831fb72-94d3-417c-915f-b9656db78b1a::87582668:87584052:19:1736:20260329,866244,0.0,37874,
FR:Line::6831fb72-94d3-417c-915f-b9656db78b1a:,9411,OCESN866244F1187_F:TER:FR:Line::6831fb72-94d3-417c-915f-b9656db78b1a::87582668:87584052:19:1734:20260831,866244,0.0,37875,
FR:Line::6831fb72-94d3-417c-915f-b9656db78b1a:,948,OCESN866244F1187_F:TER:FR:Line::6831fb72-94d3-417c-915f-b9656db78b1a::87582668:87584052:19:1736:20260320,866244,0.0,37876,
FR:Line::6831fb72-94d3-417c-915f-b9656db78b1a:,98,OCESN866245F1187_F:TER:FR:Line::6831fb72-94d3-417c-915f-b9656db78b1a::87584052:87582668:16:1757:20260514,866245,1.0,37877,
FR:Line::6831fb72-94d3-417c-915f-b9656db78b1a:,161,OCESN866245F1187_F:TER:FR:Line::6831fb72-94d3-417c-915f-b9656db78b1a::87584052:87581009:6:1658:20260524,866245,1.0,37878,
FR:Line::6831fb72-94d3-417c-915f-b9656db78b1a:,330,OCESN866245F1187_F:TER:FR:Line::6831fb72-94d3-417c-915f-b9656db78b1a::87584052:87581009:5:1700:20260516,866245,1.0,37879,
FR:Line::6831fb72-94d3-417c-915f-b9656db78b1a:,1176,OCESN866245F1187_F:TER:FR:Line::6831fb72-94d3-417c-915f-b9656db78b1a::87584052:87582668:17:1757:20260522,866245,1.0,37880,
FR:Line::6831fb72-94d3-417c-915f-b9656db78b1a:,9406,OCESN866245F1187_F:TER:FR:Line::6831fb72-94d3-417c-915f-b9656db78b1a::87584052:87582668:18:1757:20260426,866245,1.0,37881,
FR:Line::6831fb72-94d3-417c-915f-b9656db78b1a:,1102,OCESN866245F1187_F:TER:FR:Line::6831fb72-94d3-417c-915f-b9656db78b1a::87581009:87582668:12:1755:20260531,866245,1.0,37882,
FR:Line::6831fb72-94d3-417c-915f-b9656db78b1a:,9227,OCESN866245F1187_F:TER:FR:Line::6831fb72-94d3-417c-915f-b9656db78b1a::87584052:87582668:18:1757:20260419,866245,1.0,37883,
FR:Line::6831fb72-94d3-417c-915f-b9656db78b1a:,9426,OCESN866245F1187_F:TER:FR:Line::6831fb72-94d3-417c-915f-b9656db78b1a::87584052:87582668:17:1757:20260517,866245,1.0,37884,
FR:Line::6831fb72-94d3-417c-915f-b9656db78b1a:,9424,OCESN866245F1187_F:TER:FR:Line::6831fb72-94d3-417c-915f-b9656db78b1a::87584052:87582668:17:1755:20260619,866245,1.0,37885,
FR:Line::6831fb72-94d3-417c-915f-b9656db78b1a:,9425,OCESN866245F1187_F:TER:FR:Line::6831fb72-94d3-417c-915f-b9656db78b1a::87584052:87582668:18:1755:20260828,866245,1.0,37886,
FR:Line::6831fb72-94d3-417c-915f-b9656db78b1a:,128,OCESN866245F1187_F:TER:FR:Line::6831fb72-94d3-417c-915f-b9656db78b1a::87584052:87582668:19:1755:20260831,866245,1.0,37887,
FR:Line::6831fb72-94d3-417c-915f-b9656db78b1a:,737,OCESN866245F1187_F:TER:FR:Line::6831fb72-94d3-417c-915f-b9656db78b1a::87584052:87582668:19:1758:20260329,866245,1.0,37888,
FR:Line::6831fb72-94d3-417c-915f-b9656db78b1a:,48,OCESN866246F1187_F:TER:FR:Line::6831fb72-94d3-417c-915f-b9656db78b1a::87581009:87584052:5:1814:20260515,866246,0.0,37889,
FR:Line::6831fb72-94d3-417c-915f-b9656db78b1a:,947,OCESN866246F1187_F:TER:FR:Line::6831fb72-94d3-417c-915f-b9656db78b1a::87582668:87584052:18:1803:20260424,866246,0.0,37890,
FR:Line::6831fb72-94d3-417c-915f-b9656db78b1a:,926,OCESN866246F1187_F:TER:FR:Line::6831fb72-94d3-417c-915f-b9656db78b1a::87582668:87584052:18:1802:20260703,866246,0.0,37891,
FR:Line::6831fb72-94d3-417c-915f-b9656db78b1a:,1176,OCESN866246F1187_F:TER:FR:Line::6831fb72-94d3-417c-915f-b9656db78b1a::87582668:87584052:17:1802:20260522,866246,0.0,37892,
FR:Line::6831fb72-94d3-417c-915f-b9656db78b1a:,3863,OCESN866246F1187_F:TER:FR:Line::6831fb72-94d3-417c-915f-b9656db78b1a::87582668:87584052:17:1803:20260513,866246,0.0,37893,
FR:Line::6831fb72-94d3-417c-915f-b9656db78b1a:,1177,OCESN866246F1187_F:TER:FR:Line::6831fb72-94d3-417c-915f-b9656db78b1a::87582668:87584052:17:1802:20260619,866246,0.0,37894,
FR:Line::6831fb72-94d3-417c-915f-b9656db78b1a:,371,OCESN866246F1187_F:TER:FR:Line::6831fb72-94d3-417c-915f-b9656db78b1a::87582668:87584052:18:1803:20260417,866246,0.0,37895,
FR:Line::6831fb72-94d3-417c-915f-b9656db78b1a:,128,OCESN866246F1187_F:TER:FR:Line::6831fb72-94d3-417c-915f-b9656db78b1a::87582668:87584052:19:1802:20260831,866246,0.0,37896,
FR:Line::6831fb72-94d3-417c-915f-b9656db78b1a:,214,OCESN866246F1187_F:TER:FR:Line::6831fb72-94d3-417c-915f-b9656db78b1a::87582668:87584052:19:1803:20260327,866246,0.0,37897,
FR:Line::6831fb72-94d3-417c-915f-b9656db78b1a:,161,OCESN866248F1187_F:TER:FR:Line::6831fb72-94d3-417c-915f-b9656db78b1a::87581009:87584052:6:1834:20260524,866248,0.0,37898,
FR:Line::6831fb72-94d3-417c-915f-b9656db78b1a:,1164,OCESN866248F1187_F:TER:FR:Line::6831fb72-94d3-417c-915f-b9656db78b1a::87582668:87584052:18:1839:20260426,866248,0.0,37899,
FR:Line::6831fb72-94d3-417c-915f-b9656db78b1a:,1102,OCESN866248F1187_F:TER:FR:Line::6831fb72-94d3-417c-915f-b9656db78b1a::87582668:87581009:12:1758:20260531,866248,0.0,37900,
FR:Line::6831fb72-94d3-417c-915f-b9656db78b1a:,98,OCESN866248F1187_F:TER:FR:Line::6831fb72-94d3-417c-915f-b9656db78b1a::87582668:87584052:16:1835:20260514,866248,0.0,37901,
FR:Line::6831fb72-94d3-417c-915f-b9656db78b1a:,9427,OCESN866248F1187_F:TER:FR:Line::6831fb72-94d3-417c-915f-b9656db78b1a::87582668:87584052:17:1839:20260517,866248,0.0,37902,
FR:Line::6831fb72-94d3-417c-915f-b9656db78b1a:,9421,OCESN866248F1187_F:TER:FR:Line::6831fb72-94d3-417c-915f-b9656db78b1a::87582668:87584052:17:1834:20260614,866248,0.0,37903,
FR:Line::6831fb72-94d3-417c-915f-b9656db78b1a:,865,OCESN866248F1187_F:TER:FR:Line::6831fb72-94d3-417c-915f-b9656db78b1a::87582668:87584052:18:1836:20260419,866248,0.0,37904,
FR:Line::6831fb72-94d3-417c-915f-b9656db78b1a:,789,OCESN866248F1187_F:TER:FR:Line::6831fb72-94d3-417c-915f-b9656db78b1a::87582668:87584052:19:1836:20260329,866248,0.0,37905,
FR:Line::6831fb72-94d3-417c-915f-b9656db78b1a:,3951,OCESN866248F1187_F:TER:FR:Line::6831fb72-94d3-417c-915f-b9656db78b1a::87582668:87584052:18:1834:20260628,866248,0.0,37906,
FR:Line::6831fb72-94d3-417c-915f-b9656db78b1a:,204,OCESN866248F1187_F:TER:FR:Line::6831fb72-94d3-417c-915f-b9656db78b1a::87581009:87584052:5:1835:20260516,866248,0.0,37907,
FR:Line::6831fb72-94d3-417c-915f-b9656db78b1a:,161,OCESN866249F1187_F:TER:FR:Line::6831fb72-94d3-417c-915f-b9656db78b1a::87584052:87581009:6:1758:20260524,866249,1.0,37908,
FR:Line::6831fb72-94d3-417c-915f-b9656db78b1a:,1102,OCESN866249F1187_F:TER:FR:Line::6831fb72-94d3-417c-915f-b9656db78b1a::87581009:87582668:12:1855:20260531,866249,1.0,37909,
FR:Line::6831fb72-94d3-417c-915f-b9656db78b1a:,98,OCESN866249F1187_F:TER:FR:Line::6831fb72-94d3-417c-915f-b9656db78b1a::87584052:87582668:16:1857:20260514,866249,1.0,37910,
FR:Line::6831fb72-94d3-417c-915f-b9656db78b1a:,9406,OCESN866249F1187_F:TER:FR:Line::6831fb72-94d3-417c-915f-b9656db78b1a::87584052:87582668:18:1857:20260426,866249,1.0,37911,
FR:Line::6831fb72-94d3-417c-915f-b9656db78b1a:,9424,OCESN866249F1187_F:TER:FR:Line::6831fb72-94d3-417c-915f-b9656db78b1a::87584052:87582668:17:1855:20260619,866249,1.0,37912,
FR:Line::6831fb72-94d3-417c-915f-b9656db78b1a:,9227,OCESN866249F1187_F:TER:FR:Line::6831fb72-94d3-417c-915f-b9656db78b1a::87584052:87582668:18:1857:20260419,866249,1.0,37913,
FR:Line::6831fb72-94d3-417c-915f-b9656db78b1a:,330,OCESN866249F1187_F:TER:FR:Line::6831fb72-94d3-417c-915f-b9656db78b1a::87584052:87581009:5:1756:20260516,866249,1.0,37914,
FR:Line::6831fb72-94d3-417c-915f-b9656db78b1a:,9426,OCESN866249F1187_F:TER:FR:Line::6831fb72-94d3-417c-915f-b9656db78b1a::87584052:87582668:17:1857:20260517,866249,1.0,37915,
FR:Line::6831fb72-94d3-417c-915f-b9656db78b1a:,9409,OCESN866249F1187_F:TER:FR:Line::6831fb72-94d3-417c-915f-b9656db78b1a::87584052:87582668:18:1855:20260828,866249,1.0,37916,
FR:Line::6831fb72-94d3-417c-915f-b9656db78b1a:,1176,OCESN866249F1187_F:TER:FR:Line::6831fb72-94d3-417c-915f-b9656db78b1a::87584052:87582668:17:1857:20260522,866249,1.0,37917,
FR:Line::6831fb72-94d3-417c-915f-b9656db78b1a:,9411,OCESN866249F1187_F:TER:FR:Line::6831fb72-94d3-417c-915f-b9656db78b1a::87584052:87582668:19:1855:20260831,866249,1.0,37918,
FR:Line::6831fb72-94d3-417c-915f-b9656db78b1a:,737,OCESN866249F1187_F:TER:FR:Line::6831fb72-94d3-417c-915f-b9656db78b1a::87584052:87582668:19:1859:20260329,866249,1.0,37919,
FR:Line::6831fb72-94d3-417c-915f-b9656db78b1a:,161,OCESN866250F1187_F:TER:FR:Line::6831fb72-94d3-417c-915f-b9656db78b1a::87581009:87584052:6:1901:20260524,866250,0.0,37920,
FR:Line::6831fb72-94d3-417c-915f-b9656db78b1a:,330,OCESN866250F1187_F:TER:FR:Line::6831fb72-94d3-417c-915f-b9656db78b1a::87581009:87584052:5:1901:20260516,866250,0.0,37921,
FR:Line::6831fb72-94d3-417c-915f-b9656db78b1a:,1102,OCESN866250F1187_F:TER:FR:Line::6831fb72-94d3-417c-915f-b9656db78b1a::87582668:87581009:12:1826:20260531,866250,0.0,37922,
FR:Line::6831fb72-94d3-417c-915f-b9656db78b1a:,98,OCESN866250F1187_F:TER:FR:Line::6831fb72-94d3-417c-915f-b9656db78b1a::87582668:87584052:16:1901:20260514,866250,0.0,37923,
FR:Line::6831fb72-94d3-417c-915f-b9656db78b1a:,9406,OCESN866250F1187_F:TER:FR:Line::6831fb72-94d3-417c-915f-b9656db78b1a::87582668:87584052:18:1901:20260426,866250,0.0,37924,
FR:Line::6831fb72-94d3-417c-915f-b9656db78b1a:,1176,OCESN866250F1187_F:TER:FR:Line::6831fb72-94d3-417c-915f-b9656db78b1a::87582668:87584052:17:1901:20260522,866250,0.0,37925,
FR:Line::6831fb72-94d3-417c-915f-b9656db78b1a:,9426,OCESN866250F1187_F:TER:FR:Line::6831fb72-94d3-417c-915f-b9656db78b1a::87582668:87584052:17:1901:20260517,866250,0.0,37926,
FR:Line::6831fb72-94d3-417c-915f-b9656db78b1a:,9227,OCESN866250F1187_F:TER:FR:Line::6831fb72-94d3-417c-915f-b9656db78b1a::87582668:87584052:18:1901:20260419,866250,0.0,37927,
FR:Line::6831fb72-94d3-417c-915f-b9656db78b1a:,1,OCESN866250F1187_F:TER:FR:Line::6831fb72-94d3-417c-915f-b9656db78b1a::87582668:87581009:12:1826:20260828,866250,0.0,37928,
FR:Line::6831fb72-94d3-417c-915f-b9656db78b1a:,9424,OCESN866250F1187_F:TER:FR:Line::6831fb72-94d3-417c-915f-b9656db78b1a::87582668:87584052:17:1901:20260619,866250,0.0,37929,
FR:Line::6831fb72-94d3-417c-915f-b9656db78b1a:,9431,OCESN866250F1187_F:TER:FR:Line::6831fb72-94d3-417c-915f-b9656db78b1a::87582668:87584052:18:1901:20260823,866250,0.0,37930,
FR:Line::6831fb72-94d3-417c-915f-b9656db78b1a:,9411,OCESN866250F1187_F:TER:FR:Line::6831fb72-94d3-417c-915f-b9656db78b1a::87582668:87584052:19:1901:20260831,866250,0.0,37931,
FR:Line::6831fb72-94d3-417c-915f-b9656db78b1a:,737,OCESN866250F1187_F:TER:FR:Line::6831fb72-94d3-417c-915f-b9656db78b1a::87582668:87584052:19:1901:20260329,866250,0.0,37932,
FR:Line::6831fb72-94d3-417c-915f-b9656db78b1a:,947,OCESN866251F1187_F:TER:FR:Line::6831fb72-94d3-417c-915f-b9656db78b1a::87584052:87582668:18:1925:20260424,866251,1.0,37933,
FR:Line::6831fb72-94d3-417c-915f-b9656db78b1a:,1176,OCESN866251F1187_F:TER:FR:Line::6831fb72-94d3-417c-915f-b9656db78b1a::87584052:87582668:17:1927:20260522,866251,1.0,37934,
FR:Line::6831fb72-94d3-417c-915f-b9656db78b1a:,3863,OCESN866251F1187_F:TER:FR:Line::6831fb72-94d3-417c-915f-b9656db78b1a::87584052:87582668:17:1927:20260513,866251,1.0,37935,
FR:Line::6831fb72-94d3-417c-915f-b9656db78b1a:,926,OCESN866251F1187_F:TER:FR:Line::6831fb72-94d3-417c-915f-b9656db78b1a::87584052:87582668:18:1925:20260703,866251,1.0,37936,
FR:Line::6831fb72-94d3-417c-915f-b9656db78b1a:,371,OCESN866251F1187_F:TER:FR:Line::6831fb72-94d3-417c-915f-b9656db78b1a::87584052:87582668:18:1927:20260417,866251,1.0,37937,
FR:Line::6831fb72-94d3-417c-915f-b9656db78b1a:,1177,OCESN866251F1187_F:TER:FR:Line::6831fb72-94d3-417c-915f-b9656db78b1a::87584052:87582668:17:1925:20260619,866251,1.0,37938,
FR:Line::6831fb72-94d3-417c-915f-b9656db78b1a:,48,OCESN866251F1187_F:TER:FR:Line::6831fb72-94d3-417c-915f-b9656db78b1a::87584052:87581009:5:1828:20260515,866251,1.0,37939,
FR:Line::6831fb72-94d3-417c-915f-b9656db78b1a:,1,OCESN866251F1187_F:TER:FR:Line::6831fb72-94d3-417c-915f-b9656db78b1a::87581009:87582668:12:1926:20260828,866251,1.0,37940,
FR:Line::6831fb72-94d3-417c-915f-b9656db78b1a:,214,OCESN866251F1187_F:TER:FR:Line::6831fb72-94d3-417c-915f-b9656db78b1a::87584052:87582668:19:1927:20260327,866251,1.0,37941,
FR:Line::6831fb72-94d3-417c-915f-b9656db78b1a:,128,OCESN866251F1187_F:TER:FR:Line::6831fb72-94d3-417c-915f-b9656db78b1a::87584052:87582668:19:1925:20260831,866251,1.0,37942,
FR:Line::6831fb72-94d3-417c-915f-b9656db78b1a:,48,OCESN866252F1187_F:TER:FR:Line::6831fb72-94d3-417c-915f-b9656db78b1a::87581009:87584052:5:1943:20260515,866252,0.0,37943,
FR:Line::6831fb72-94d3-417c-915f-b9656db78b1a:,98,OCESN866252F1187_F:TER:FR:Line::6831fb72-94d3-417c-915f-b9656db78b1a::87582668:87584052:16:1939:20260514,866252,0.0,37944,
FR:Line::6831fb72-94d3-417c-915f-b9656db78b1a:,9406,OCESN866252F1187_F:TER:FR:Line::6831fb72-94d3-417c-915f-b9656db78b1a::87582668:87584052:18:1939:20260426,866252,0.0,37945,
FR:Line::6831fb72-94d3-417c-915f-b9656db78b1a:,1102,OCESN866252F1187_F:TER:FR:Line::6831fb72-94d3-417c-915f-b9656db78b1a::87582668:87581009:12:1858:20260531,866252,0.0,37946,
FR:Line::6831fb72-94d3-417c-915f-b9656db78b1a:,204,OCESN866252F1187_F:TER:FR:Line::6831fb72-94d3-417c-915f-b9656db78b1a::87581009:87584052:5:1939:20260516,866252,0.0,37947,
FR:Line::6831fb72-94d3-417c-915f-b9656db78b1a:,9426,OCESN866252F1187_F:TER:FR:Line::6831fb72-94d3-417c-915f-b9656db78b1a::87582668:87584052:17:1939:20260517,866252,0.0,37948,
FR:Line::6831fb72-94d3-417c-915f-b9656db78b1a:,1176,OCESN866252F1187_F:TER:FR:Line::6831fb72-94d3-417c-915f-b9656db78b1a::87582668:87584052:17:1934:20260522,866252,0.0,37949,
FR:Line::6831fb72-94d3-417c-915f-b9656db78b1a:,161,OCESN866252F1187_F:TER:FR:Line::6831fb72-94d3-417c-915f-b9656db78b1a::87581009:87584052:6:1934:20260524,866252,0.0,37950,
FR:Line::6831fb72-94d3-417c-915f-b9656db78b1a:,9227,OCESN866252F1187_F:TER:FR:Line::6831fb72-94d3-417c-915f-b9656db78b1a::87582668:87584052:18:1936:20260419,866252,0.0,37951,
FR:Line::6831fb72-94d3-417c-915f-b9656db78b1a:,9425,OCESN866252F1187_F:TER:FR:Line::6831fb72-94d3-417c-915f-b9656db78b1a::87582668:87584052:18:1934:20260828,866252,0.0,37952,
FR:Line::6831fb72-94d3-417c-915f-b9656db78b1a:,9424,OCESN866252F1187_F:TER:FR:Line::6831fb72-94d3-417c-915f-b9656db78b1a::87582668:87584052:17:1934:20260619,866252,0.0,37953,
FR:Line::6831fb72-94d3-417c-915f-b9656db78b1a:,737,OCESN866252F1187_F:TER:FR:Line::6831fb72-94d3-417c-915f-b9656db78b1a::87582668:87584052:19:1936:20260329,866252,0.0,37954,
FR:Line::6831fb72-94d3-417c-915f-b9656db78b1a:,128,OCESN866252F1187_F:TER:FR:Line::6831fb72-94d3-417c-915f-b9656db78b1a::87582668:87584052:19:1934:20260831,866252,0.0,37955,
FR:Line::6831fb72-94d3-417c-915f-b9656db78b1a:,161,OCESN866253F1187_F:TER:FR:Line::6831fb72-94d3-417c-915f-b9656db78b1a::87584052:87581009:6:1858:20260524,866253,1.0,37956,
FR:Line::6831fb72-94d3-417c-915f-b9656db78b1a:,330,OCESN866253F1187_F:TER:FR:Line::6831fb72-94d3-417c-915f-b9656db78b1a::87584052:87581009:5:1857:20260516,866253,1.0,37957,
FR:Line::6831fb72-94d3-417c-915f-b9656db78b1a:,1102,OCESN866253F1187_F:TER:FR:Line::6831fb72-94d3-417c-915f-b9656db78b1a::87581009:87582668:12:1955:20260531,866253,1.0,37958,
FR:Line::6831fb72-94d3-417c-915f-b9656db78b1a:,98,OCESN866253F1187_F:TER:FR:Line::6831fb72-94d3-417c-915f-b9656db78b1a::87584052:87582668:16:1957:20260514,866253,1.0,37959,
FR:Line::6831fb72-94d3-417c-915f-b9656db78b1a:,9425,OCESN866253F1187_F:TER:FR:Line::6831fb72-94d3-417c-915f-b9656db78b1a::87584052:87582668:18:1955:20260828,866253,1.0,37960,
FR:Line::6831fb72-94d3-417c-915f-b9656db78b1a:,9406,OCESN866253F1187_F:TER:FR:Line::6831fb72-94d3-417c-915f-b9656db78b1a::87584052:87582668:18:1957:20260426,866253,1.0,37961,
FR:Line::6831fb72-94d3-417c-915f-b9656db78b1a:,9227,OCESN866253F1187_F:TER:FR:Line::6831fb72-94d3-417c-915f-b9656db78b1a::87584052:87582668:18:1957:20260419,866253,1.0,37962,
FR:Line::6831fb72-94d3-417c-915f-b9656db78b1a:,9424,OCESN866253F1187_F:TER:FR:Line::6831fb72-94d3-417c-915f-b9656db78b1a::87584052:87582668:17:1955:20260619,866253,1.0,37963,
FR:Line::6831fb72-94d3-417c-915f-b9656db78b1a:,9426,OCESN866253F1187_F:TER:FR:Line::6831fb72-94d3-417c-915f-b9656db78b1a::87584052:87582668:17:1957:20260517,866253,1.0,37964,
FR:Line::6831fb72-94d3-417c-915f-b9656db78b1a:,1176,OCESN866253F1187_F:TER:FR:Line::6831fb72-94d3-417c-915f-b9656db78b1a::87584052:87582668:17:1957:20260522,866253,1.0,37965,
FR:Line::6831fb72-94d3-417c-915f-b9656db78b1a:,737,OCESN866253F1187_F:TER:FR:Line::6831fb72-94d3-417c-915f-b9656db78b1a::87584052:87582668:19:1958:20260329,866253,1.0,37966,
FR:Line::6831fb72-94d3-417c-915f-b9656db78b1a:,128,OCESN866253F1187_F:TER:FR:Line::6831fb72-94d3-417c-915f-b9656db78b1a::87584052:87582668:19:1955:20260831,866253,1.0,37967,
FR:Line::6831fb72-94d3-417c-915f-b9656db78b1a:,9260,OCESN866254F1187_F:TER:FR:Line::6831fb72-94d3-417c-915f-b9656db78b1a::87582668:87581009:12:1920:20260831,866254,0.0,37968,
FR:Line::6831fb72-94d3-417c-915f-b9656db78b1a:,371,OCESN866254F1187_F:TER:FR:Line::6831fb72-94d3-417c-915f-b9656db78b1a::87582668:87581009:12:1920:20260417,866254,0.0,37969,
FR:Line::6831fb72-94d3-417c-915f-b9656db78b1a:,341,OCESN866254F1187_F:TER:FR:Line::6831fb72-94d3-417c-915f-b9656db78b1a::87582668:87581009:12:1920:20260513,866254,0.0,37970,
FR:Line::6831fb72-94d3-417c-915f-b9656db78b1a:,214,OCESN866254F1187_F:TER:FR:Line::6831fb72-94d3-417c-915f-b9656db78b1a::87582668:87581009:12:1920:20260327,866254,0.0,37971,
FR:Line::6831fb72-94d3-417c-915f-b9656db78b1a:,933,OCESN866256F1187_F:TER:FR:Line::6831fb72-94d3-417c-915f-b9656db78b1a::87582668:87584516:20:2046:20260621,866256,0.0,37972,
FR:Line::6831fb72-94d3-417c-915f-b9656db78b1a:,98,OCESN866256F1187_F:TER:FR:Line::6831fb72-94d3-417c-915f-b9656db78b1a::87582668:87584516:18:2054:20260514,866256,0.0,37973,
FR:Line::6831fb72-94d3-417c-915f-b9656db78b1a:,161,OCESN866256F1187_F:TER:FR:Line::6831fb72-94d3-417c-915f-b9656db78b1a::87581009:87584516:8:2046:20260524,866256,0.0,37974,
FR:Line::6831fb72-94d3-417c-915f-b9656db78b1a:,9406,OCESN866256F1187_F:TER:FR:Line::6831fb72-94d3-417c-915f-b9656db78b1a::87582668:87584516:20:2048:20260426,866256,0.0,37975,
FR:Line::6831fb72-94d3-417c-915f-b9656db78b1a:,330,OCESN866256F1187_F:TER:FR:Line::6831fb72-94d3-417c-915f-b9656db78b1a::87581009:87584516:7:2048:20260516,866256,0.0,37976,
FR:Line::6831fb72-94d3-417c-915f-b9656db78b1a:,9426,OCESN866256F1187_F:TER:FR:Line::6831fb72-94d3-417c-915f-b9656db78b1a::87582668:87584516:19:2048:20260517,866256,0.0,37977,
FR:Line::6831fb72-94d3-417c-915f-b9656db78b1a:,1102,OCESN866256F1187_F:TER:FR:Line::6831fb72-94d3-417c-915f-b9656db78b1a::87582668:87581009:12:1958:20260531,866256,0.0,37978,
FR:Line::6831fb72-94d3-417c-915f-b9656db78b1a:,1176,OCESN866256F1187_F:TER:FR:Line::6831fb72-94d3-417c-915f-b9656db78b1a::87582668:87584516:19:2046:20260522,866256,0.0,37979,
FR:Line::6831fb72-94d3-417c-915f-b9656db78b1a:,9227,OCESN866256F1187_F:TER:FR:Line::6831fb72-94d3-417c-915f-b9656db78b1a::87582668:87584516:20:2048:20260419,866256,0.0,37980,
FR:Line::6831fb72-94d3-417c-915f-b9656db78b1a:,9424,OCESN866256F1187_F:TER:FR:Line::6831fb72-94d3-417c-915f-b9656db78b1a::87582668:87584516:19:2046:20260619,866256,0.0,37981,
FR:Line::6831fb72-94d3-417c-915f-b9656db78b1a:,9432,OCESN866256F1187_F:TER:FR:Line::6831fb72-94d3-417c-915f-b9656db78b1a::87582668:87584516:19:2046:20260828,866256,0.0,37982,
FR:Line::6831fb72-94d3-417c-915f-b9656db78b1a:,9411,OCESN866256F1187_F:TER:FR:Line::6831fb72-94d3-417c-915f-b9656db78b1a::87582668:87584516:20:2046:20260831,866256,0.0,37983,
FR:Line::6831fb72-94d3-417c-915f-b9656db78b1a:,737,OCESN866256F1187_F:TER:FR:Line::6831fb72-94d3-417c-915f-b9656db78b1a::87582668:87584516:21:2048:20260329,866256,0.0,37984,
FR:Line::6831fb72-94d3-417c-915f-b9656db78b1a:,48,OCESN866257F1187_F:TER:FR:Line::6831fb72-94d3-417c-915f-b9656db78b1a::87584516:87581009:7:1937:20260515,866257,1.0,37985,
FR:Line::6831fb72-94d3-417c-915f-b9656db78b1a:,1176,OCESN866257F1187_F:TER:FR:Line::6831fb72-94d3-417c-915f-b9656db78b1a::87584516:87582668:19:2057:20260522,866257,1.0,37986,
FR:Line::6831fb72-94d3-417c-915f-b9656db78b1a:,947,OCESN866257F1187_F:TER:FR:Line::6831fb72-94d3-417c-915f-b9656db78b1a::87584516:87582668:20:2057:20260424,866257,1.0,37987,
FR:Line::6831fb72-94d3-417c-915f-b9656db78b1a:,371,OCESN866257F1187_F:TER:FR:Line::6831fb72-94d3-417c-915f-b9656db78b1a::87584516:87582668:20:2057:20260417,866257,1.0,37988,
FR:Line::6831fb72-94d3-417c-915f-b9656db78b1a:,1177,OCESN866257F1187_F:TER:FR:Line::6831fb72-94d3-417c-915f-b9656db78b1a::87584516:87582668:19:2055:20260619,866257,1.0,37989,
FR:Line::6831fb72-94d3-417c-915f-b9656db78b1a:,3863,OCESN866257F1187_F:TER:FR:Line::6831fb72-94d3-417c-915f-b9656db78b1a::87584516:87582668:19:2057:20260513,866257,1.0,37990,
FR:Line::6831fb72-94d3-417c-915f-b9656db78b1a:,9021,OCESN866257F1187_F:TER:FR:Line::6831fb72-94d3-417c-915f-b9656db78b1a::87584516:87582668:19:2055:20260828,866257,1.0,37991,
FR:Line::6831fb72-94d3-417c-915f-b9656db78b1a:,128,OCESN866257F1187_F:TER:FR:Line::6831fb72-94d3-417c-915f-b9656db78b1a::87584516:87582668:20:2055:20260831,866257,1.0,37992,
FR:Line::6831fb72-94d3-417c-915f-b9656db78b1a:,214,OCESN866257F1187_F:TER:FR:Line::6831fb72-94d3-417c-915f-b9656db78b1a::87584516:87582668:21:2101:20260327,866257,1.0,37993,
FR:Line::6831fb72-94d3-417c-915f-b9656db78b1a:,48,OCESN866259F1187_F:TER:FR:Line::6831fb72-94d3-417c-915f-b9656db78b1a::87584052:87581009:5:2021:20260515,866259,1.0,37994,
FR:Line::6831fb72-94d3-417c-915f-b9656db78b1a:,947,OCESN866259F1187_F:TER:FR:Line::6831fb72-94d3-417c-915f-b9656db78b1a::87584052:87582668:18:2128:20260424,866259,1.0,37995,
FR:Line::6831fb72-94d3-417c-915f-b9656db78b1a:,1176,OCESN866259F1187_F:TER:FR:Line::6831fb72-94d3-417c-915f-b9656db78b1a::87584052:87582668:17:2126:20260522,866259,1.0,37996,
FR:Line::6831fb72-94d3-417c-915f-b9656db78b1a:,3863,OCESN866259F1187_F:TER:FR:Line::6831fb72-94d3-417c-915f-b9656db78b1a::87584052:87582668:17:2128:20260513,866259,1.0,37997,
FR:Line::6831fb72-94d3-417c-915f-b9656db78b1a:,1177,OCESN866259F1187_F:TER:FR:Line::6831fb72-94d3-417c-915f-b9656db78b1a::87584052:87582668:17:2124:20260619,866259,1.0,37998,
FR:Line::6831fb72-94d3-417c-915f-b9656db78b1a:,926,OCESN866259F1187_F:TER:FR:Line::6831fb72-94d3-417c-915f-b9656db78b1a::87584052:87582668:18:2124:20260703,866259,1.0,37999,
FR:Line::6831fb72-94d3-417c-915f-b9656db78b1a:,371,OCESN866259F1187_F:TER:FR:Line::6831fb72-94d3-417c-915f-b9656db78b1a::87584052:87582668:18:2126:20260417,866259,1.0,38000,
FR:Line::6831fb72-94d3-417c-915f-b9656db78b1a:,214,OCESN866259F1187_F:TER:FR:Line::6831fb72-94d3-417c-915f-b9656db78b1a::87584052:87582668:19:2126:20260327,866259,1.0,38001,
FR:Line::6831fb72-94d3-417c-915f-b9656db78b1a:,128,OCESN866259F1187_F:TER:FR:Line::6831fb72-94d3-417c-915f-b9656db78b1a::87584052:87582668:19:2124:20260831,866259,1.0,38002,
FR:Line::6831fb72-94d3-417c-915f-b9656db78b1a:,98,OCESN866260F1187_F:TER:FR:Line::6831fb72-94d3-417c-915f-b9656db78b1a::87582668:87584052:16:2137:20260514,866260,0.0,38003,
FR:Line::6831fb72-94d3-417c-915f-b9656db78b1a:,161,OCESN866260F1187_F:TER:FR:Line::6831fb72-94d3-417c-915f-b9656db78b1a::87581009:87584052:6:2134:20260524,866260,0.0,38004,
FR:Line::6831fb72-94d3-417c-915f-b9656db78b1a:,1102,OCESN866260F1187_F:TER:FR:Line::6831fb72-94d3-417c-915f-b9656db78b1a::87582668:87581009:12:2058:20260531,866260,0.0,38005,
FR:Line::6831fb72-94d3-417c-915f-b9656db78b1a:,330,OCESN866260F1187_F:TER:FR:Line::6831fb72-94d3-417c-915f-b9656db78b1a::87581009:87584052:5:2137:20260516,866260,0.0,38006,
FR:Line::6831fb72-94d3-417c-915f-b9656db78b1a:,9406,OCESN866260F1187_F:TER:FR:Line::6831fb72-94d3-417c-915f-b9656db78b1a::87582668:87584052:18:2137:20260426,866260,0.0,38007,
FR:Line::6831fb72-94d3-417c-915f-b9656db78b1a:,9426,OCESN866260F1187_F:TER:FR:Line::6831fb72-94d3-417c-915f-b9656db78b1a::87582668:87584052:17:2137:20260517,866260,0.0,38008,
FR:Line::6831fb72-94d3-417c-915f-b9656db78b1a:,1176,OCESN866260F1187_F:TER:FR:Line::6831fb72-94d3-417c-915f-b9656db78b1a::87582668:87584052:17:2134:20260522,866260,0.0,38009,
FR:Line::6831fb72-94d3-417c-915f-b9656db78b1a:,9227,OCESN866260F1187_F:TER:FR:Line::6831fb72-94d3-417c-915f-b9656db78b1a::87582668:87584052:18:2136:20260419,866260,0.0,38010,
FR:Line::6831fb72-94d3-417c-915f-b9656db78b1a:,9409,OCESN866260F1187_F:TER:FR:Line::6831fb72-94d3-417c-915f-b9656db78b1a::87582668:87584052:18:2134:20260828,866260,0.0,38011,
FR:Line::6831fb72-94d3-417c-915f-b9656db78b1a:,9424,OCESN866260F1187_F:TER:FR:Line::6831fb72-94d3-417c-915f-b9656db78b1a::87582668:87584052:17:2134:20260619,866260,0.0,38012,
FR:Line::6831fb72-94d3-417c-915f-b9656db78b1a:,9411,OCESN866260F1187_F:TER:FR:Line::6831fb72-94d3-417c-915f-b9656db78b1a::87582668:87584052:19:2134:20260831,866260,0.0,38013,
FR:Line::6831fb72-94d3-417c-915f-b9656db78b1a:,737,OCESN866260F1187_F:TER:FR:Line::6831fb72-94d3-417c-915f-b9656db78b1a::87582668:87584052:19:2136:20260329,866260,0.0,38014,
FR:Line::6831fb72-94d3-417c-915f-b9656db78b1a:,161,OCESN866261F1187_F:TER:FR:Line::6831fb72-94d3-417c-915f-b9656db78b1a::87584052:87581009:6:1959:20260524,866261,1.0,38015,
FR:Line::6831fb72-94d3-417c-915f-b9656db78b1a:,204,OCESN866261F1187_F:TER:FR:Line::6831fb72-94d3-417c-915f-b9656db78b1a::87584052:87581009:5:1959:20260516,866261,1.0,38016,
FR:Line::6831fb72-94d3-417c-915f-b9656db78b1a:,98,OCESN866261F1187_F:TER:FR:Line::6831fb72-94d3-417c-915f-b9656db78b1a::87584052:87582668:16:2057:20260514,866261,1.0,38017,
FR:Line::6831fb72-94d3-417c-915f-b9656db78b1a:,9427,OCESN866261F1187_F:TER:FR:Line::6831fb72-94d3-417c-915f-b9656db78b1a::87584052:87582668:17:2057:20260517,866261,1.0,38018,
FR:Line::6831fb72-94d3-417c-915f-b9656db78b1a:,1164,OCESN866261F1187_F:TER:FR:Line::6831fb72-94d3-417c-915f-b9656db78b1a::87584052:87582668:18:2057:20260426,866261,1.0,38019,
FR:Line::6831fb72-94d3-417c-915f-b9656db78b1a:,789,OCESN866261F1187_F:TER:FR:Line::6831fb72-94d3-417c-915f-b9656db78b1a::87584052:87582668:19:2100:20260329,866261,1.0,38020,
FR:Line::6831fb72-94d3-417c-915f-b9656db78b1a:,865,OCESN866261F1187_F:TER:FR:Line::6831fb72-94d3-417c-915f-b9656db78b1a::87584052:87582668:18:2057:20260419,866261,1.0,38021,
FR:Line::6831fb72-94d3-417c-915f-b9656db78b1a:,1102,OCESN866261F1187_F:TER:FR:Line::6831fb72-94d3-417c-915f-b9656db78b1a::87581009:87582668:12:2055:20260531,866261,1.0,38022,
FR:Line::6831fb72-94d3-417c-915f-b9656db78b1a:,9421,OCESN866261F1187_F:TER:FR:Line::6831fb72-94d3-417c-915f-b9656db78b1a::87584052:87582668:17:2055:20260614,866261,1.0,38023,
FR:Line::6831fb72-94d3-417c-915f-b9656db78b1a:,9422,OCESN866261F1187_F:TER:FR:Line::6831fb72-94d3-417c-915f-b9656db78b1a::87584052:87582668:18:2055:20260823,866261,1.0,38024,
FR:Line::6831fb72-94d3-417c-915f-b9656db78b1a:,1159,OCESN866261F1187_F:TER:FR:Line::6831fb72-94d3-417c-915f-b9656db78b1a::87584052:87582668:19:2055:20260830,866261,1.0,38025,
FR:Line::6831fb72-94d3-417c-915f-b9656db78b1a:,1102,OCESN866263F1187_F:TER:FR:Line::6831fb72-94d3-417c-915f-b9656db78b1a::87581009:87582668:12:2155:20260531,866263,1.0,38026,
FR:Line::6831fb72-94d3-417c-915f-b9656db78b1a:,98,OCESN866263F1187_F:TER:FR:Line::6831fb72-94d3-417c-915f-b9656db78b1a::87584052:87582668:16:2157:20260514,866263,1.0,38027,
FR:Line::6831fb72-94d3-417c-915f-b9656db78b1a:,9427,OCESN866263F1187_F:TER:FR:Line::6831fb72-94d3-417c-915f-b9656db78b1a::87584052:87582668:17:2157:20260517,866263,1.0,38028,
FR:Line::6831fb72-94d3-417c-915f-b9656db78b1a:,9421,OCESN866263F1187_F:TER:FR:Line::6831fb72-94d3-417c-915f-b9656db78b1a::87584052:87582668:17:2155:20260614,866263,1.0,38029,
FR:Line::6831fb72-94d3-417c-915f-b9656db78b1a:,1164,OCESN866263F1187_F:TER:FR:Line::6831fb72-94d3-417c-915f-b9656db78b1a::87584052:87582668:18:2157:20260426,866263,1.0,38030,
FR:Line::6831fb72-94d3-417c-915f-b9656db78b1a:,204,OCESN866263F1187_F:TER:FR:Line::6831fb72-94d3-417c-915f-b9656db78b1a::87584052:87581009:5:2054:20260516,866263,1.0,38031,
FR:Line::6831fb72-94d3-417c-915f-b9656db78b1a:,161,OCESN866263F1187_F:TER:FR:Line::6831fb72-94d3-417c-915f-b9656db78b1a::87584052:87581009:6:2058:20260524,866263,1.0,38032,
FR:Line::6831fb72-94d3-417c-915f-b9656db78b1a:,3951,OCESN866263F1187_F:TER:FR:Line::6831fb72-94d3-417c-915f-b9656db78b1a::87584052:87582668:18:2155:20260628,866263,1.0,38033,
FR:Line::6831fb72-94d3-417c-915f-b9656db78b1a:,789,OCESN866263F1187_F:TER:FR:Line::6831fb72-94d3-417c-915f-b9656db78b1a::87584052:87582668:19:2159:20260329,866263,1.0,38034,
FR:Line::6831fb72-94d3-417c-915f-b9656db78b1a:,1,OCESN866263F1187_F:TER:FR:Line::6831fb72-94d3-417c-915f-b9656db78b1a::87584052:87582668:19:2155:20260828,866263,1.0,38035,
FR:Line::6831fb72-94d3-417c-915f-b9656db78b1a:,865,OCESN866263F1187_F:TER:FR:Line::6831fb72-94d3-417c-915f-b9656db78b1a::87584052:87582668:18:2157:20260419,866263,1.0,38036,
FR:Line::6831fb72-94d3-417c-915f-b9656db78b1a:,9433,OCESN866263F1187_F:TER:FR:Line::6831fb72-94d3-417c-915f-b9656db78b1a::87581009:87582668:12:2157:20260512,866263,1.0,38037,
FR:Line::6831fb72-94d3-417c-915f-b9656db78b1a:,8,OCESN866263F1187_F:TER:FR:Line::6831fb72-94d3-417c-915f-b9656db78b1a::87581009:87582668:12:2157:20260513,866263,1.0,38038,
FR:Line::6831fb72-94d3-417c-915f-b9656db78b1a:,214,OCESN866263F1187_F:TER:FR:Line::6831fb72-94d3-417c-915f-b9656db78b1a::87581009:87582668:12:2159:20260327,866263,1.0,38039,
FR:Line::6831fb72-94d3-417c-915f-b9656db78b1a:,1102,OCESN866266F1187_F:TER:FR:Line::6831fb72-94d3-417c-915f-b9656db78b1a::87582668:87581009:12:2158:20260531,866266,0.0,38040,
FR:Line::6831fb72-94d3-417c-915f-b9656db78b1a:,98,OCESN866266F1187_F:TER:FR:Line::6831fb72-94d3-417c-915f-b9656db78b1a::87582668:87584052:16:2234:20260514,866266,0.0,38041,
FR:Line::6831fb72-94d3-417c-915f-b9656db78b1a:,161,OCESN866266F1187_F:TER:FR:Line::6831fb72-94d3-417c-915f-b9656db78b1a::87581009:87584052:6:2234:20260524,866266,0.0,38042,
FR:Line::6831fb72-94d3-417c-915f-b9656db78b1a:,9406,OCESN866266F1187_F:TER:FR:Line::6831fb72-94d3-417c-915f-b9656db78b1a::87582668:87584052:18:2239:20260426,866266,0.0,38043,
FR:Line::6831fb72-94d3-417c-915f-b9656db78b1a:,1176,OCESN866266F1187_F:TER:FR:Line::6831fb72-94d3-417c-915f-b9656db78b1a::87582668:87584052:17:2234:20260522,866266,0.0,38044,
FR:Line::6831fb72-94d3-417c-915f-b9656db78b1a:,9426,OCESN866266F1187_F:TER:FR:Line::6831fb72-94d3-417c-915f-b9656db78b1a::87582668:87584052:17:2239:20260517,866266,0.0,38045,
FR:Line::6831fb72-94d3-417c-915f-b9656db78b1a:,9227,OCESN866266F1187_F:TER:FR:Line::6831fb72-94d3-417c-915f-b9656db78b1a::87582668:87584052:18:2236:20260419,866266,0.0,38046,
FR:Line::6831fb72-94d3-417c-915f-b9656db78b1a:,9424,OCESN866266F1187_F:TER:FR:Line::6831fb72-94d3-417c-915f-b9656db78b1a::87582668:87584052:17:2234:20260619,866266,0.0,38047,
FR:Line::6831fb72-94d3-417c-915f-b9656db78b1a:,9409,OCESN866266F1187_F:TER:FR:Line::6831fb72-94d3-417c-915f-b9656db78b1a::87582668:87584052:18:2234:20260828,866266,0.0,38048,
FR:Line::6831fb72-94d3-417c-915f-b9656db78b1a:,330,OCESN866266F1187_F:TER:FR:Line::6831fb72-94d3-417c-915f-b9656db78b1a::87581009:87584052:5:2239:20260516,866266,0.0,38049,
FR:Line::6831fb72-94d3-417c-915f-b9656db78b1a:,737,OCESN866266F1187_F:TER:FR:Line::6831fb72-94d3-417c-915f-b9656db78b1a::87582668:87584052:19:2240:20260329,866266,0.0,38050,
FR:Line::6831fb72-94d3-417c-915f-b9656db78b1a:,9411,OCESN866266F1187_F:TER:FR:Line::6831fb72-94d3-417c-915f-b9656db78b1a::87582668:87584052:19:2234:20260831,866266,0.0,38051,
FR:Line::6831fb72-94d3-417c-915f-b9656db78b1a:,330,OCESN866267F1187_F:TER:FR:Line::6831fb72-94d3-417c-915f-b9656db78b1a::87584052:87581009:5:2157:20260516,866267,1.0,38052,
FR:Line::6831fb72-94d3-417c-915f-b9656db78b1a:,732,OCESN866267F1187_F:TER:FR:Line::6831fb72-94d3-417c-915f-b9656db78b1a::87584052:87581009:8:2159:20260321,866267,1.0,38053,
FR:Line::6831fb72-94d3-417c-915f-b9656db78b1a:,1102,OCESN866267F1187_F:TER:FR:Line::6831fb72-94d3-417c-915f-b9656db78b1a::87581009:87582668:12:2258:20260531,866267,1.0,38054,
FR:Line::6831fb72-94d3-417c-915f-b9656db78b1a:,98,OCESN866267F1187_F:TER:FR:Line::6831fb72-94d3-417c-915f-b9656db78b1a::87584052:87582668:16:2300:20260514,866267,1.0,38055,
FR:Line::6831fb72-94d3-417c-915f-b9656db78b1a:,9434,OCESN866267F1187_F:TER:FR:Line::6831fb72-94d3-417c-915f-b9656db78b1a::87584052:87582668:17:2300:20260517,866267,1.0,38056,
FR:Line::6831fb72-94d3-417c-915f-b9656db78b1a:,161,OCESN866267F1187_F:TER:FR:Line::6831fb72-94d3-417c-915f-b9656db78b1a::87584052:87581009:6:2158:20260524,866267,1.0,38057,
FR:Line::6831fb72-94d3-417c-915f-b9656db78b1a:,1176,OCESN866267F1187_F:TER:FR:Line::6831fb72-94d3-417c-915f-b9656db78b1a::87584052:87582668:17:2300:20260522,866267,1.0,38058,
FR:Line::6831fb72-94d3-417c-915f-b9656db78b1a:,9227,OCESN866267F1187_F:TER:FR:Line::6831fb72-94d3-417c-915f-b9656db78b1a::87584052:87582668:18:2300:20260419,866267,1.0,38059,
FR:Line::6831fb72-94d3-417c-915f-b9656db78b1a:,9424,OCESN866267F1187_F:TER:FR:Line::6831fb72-94d3-417c-915f-b9656db78b1a::87584052:87582668:17:2258:20260619,866267,1.0,38060,
FR:Line::6831fb72-94d3-417c-915f-b9656db78b1a:,9425,OCESN866267F1187_F:TER:FR:Line::6831fb72-94d3-417c-915f-b9656db78b1a::87584052:87582668:18:2258:20260828,866267,1.0,38061,
FR:Line::6831fb72-94d3-417c-915f-b9656db78b1a:,128,OCESN866267F1187_F:TER:FR:Line::6831fb72-94d3-417c-915f-b9656db78b1a::87584052:87582668:19:2258:20260831,866267,1.0,38062,
FR:Line::6831fb72-94d3-417c-915f-b9656db78b1a:,9435,OCESN866267F1187_F:TER:FR:Line::6831fb72-94d3-417c-915f-b9656db78b1a::87584052:87582668:19:2301:20260329,866267,1.0,38063,
FR:Line::6831fb72-94d3-417c-915f-b9656db78b1a:,543,OCESN866271F1187_F:TER:FR:Line::6831fb72-94d3-417c-915f-b9656db78b1a::87584052:87582668:17:2328:20260522,866271,1.0,38064,
FR:Line::6831fb72-94d3-417c-915f-b9656db78b1a:,9436,OCESN866271F1187_F:TER:FR:Line::6831fb72-94d3-417c-915f-b9656db78b1a::87584052:87582668:18:2330:20260425,866271,1.0,38065,
FR:Line::6831fb72-94d3-417c-915f-b9656db78b1a:,210,OCESN866271F1187_F:TER:FR:Line::6831fb72-94d3-417c-915f-b9656db78b1a::87581009:87582668:12:2326:20260530,866271,1.0,38066,
FR:Line::6831fb72-94d3-417c-915f-b9656db78b1a:,4539,OCESN866271F1187_F:TER:FR:Line::6831fb72-94d3-417c-915f-b9656db78b1a::87584052:87581009:5:2225:20260516,866271,1.0,38067,
FR:Line::6831fb72-94d3-417c-915f-b9656db78b1a:,9437,OCESN866271F1187_F:TER:FR:Line::6831fb72-94d3-417c-915f-b9656db78b1a::87584052:87582668:18:2326:20260703,866271,1.0,38068,
FR:Line::6831fb72-94d3-417c-915f-b9656db78b1a:,9438,OCESN866271F1187_F:TER:FR:Line::6831fb72-94d3-417c-915f-b9656db78b1a::87584052:87582668:17:2326:20260619,866271,1.0,38069,
FR:Line::6831fb72-94d3-417c-915f-b9656db78b1a:,9439,OCESN866271F1187_F:TER:FR:Line::6831fb72-94d3-417c-915f-b9656db78b1a::87584052:87582668:18:2328:20260418,866271,1.0,38070,
FR:Line::6831fb72-94d3-417c-915f-b9656db78b1a:,9440,OCESN866271F1187_F:TER:FR:Line::6831fb72-94d3-417c-915f-b9656db78b1a::87584052:87581009:6:2230:20260618,866271,1.0,38071,
FR:Line::6831fb72-94d3-417c-915f-b9656db78b1a:,9441,OCESN866271F1187_F:TER:FR:Line::6831fb72-94d3-417c-915f-b9656db78b1a::87584052:87582668:19:2330:20260328,866271,1.0,38072,
FR:Line::6831fb72-94d3-417c-915f-b9656db78b1a:,9442,OCESN866271F1187_F:TER:FR:Line::6831fb72-94d3-417c-915f-b9656db78b1a::87584052:87581009:7:2230:20260702,866271,1.0,38073,
FR:Line::6831fb72-94d3-417c-915f-b9656db78b1a:,388,OCESN866271F1187_F:TER:FR:Line::6831fb72-94d3-417c-915f-b9656db78b1a::87584052:87582668:17:2328:20260502,866271,1.0,38074,
FR:Line::6831fb72-94d3-417c-915f-b9656db78b1a:,9443,OCESN866271F1187_F:TER:FR:Line::6831fb72-94d3-417c-915f-b9656db78b1a::87584052:87581009:6:2230:20260517,866271,1.0,38075,
FR:Line::6831fb72-94d3-417c-915f-b9656db78b1a:,6487,OCESN866271F1187_F:TER:FR:Line::6831fb72-94d3-417c-915f-b9656db78b1a::87584052:87581009:7:2230:20260419,866271,1.0,38076,
FR:Line::6831fb72-94d3-417c-915f-b9656db78b1a:,9444,OCESN866271F1187_F:TER:FR:Line::6831fb72-94d3-417c-915f-b9656db78b1a::87584052:87581009:7:2230:20260426,866271,1.0,38077,
FR:Line::6831fb72-94d3-417c-915f-b9656db78b1a:,128,OCESN866271F1187_F:TER:FR:Line::6831fb72-94d3-417c-915f-b9656db78b1a::87584052:87581009:8:2230:20260831,866271,1.0,38078,
FR:Line::6831fb72-94d3-417c-915f-b9656db78b1a:,9445,OCESN866271F1187_F:TER:FR:Line::6831fb72-94d3-417c-915f-b9656db78b1a::87584052:87581009:8:2230:20260329,866271,1.0,38079,
FR:Line::6831fb72-94d3-417c-915f-b9656db78b1a:,48,OCESN866272F1187_F:TER:FR:Line::6831fb72-94d3-417c-915f-b9656db78b1a::87581009:87584516:7:1848:20260515,866272,0.0,38080,
FR:Line::6831fb72-94d3-417c-915f-b9656db78b1a:,3863,OCESN866272F1187_F:TER:FR:Line::6831fb72-94d3-417c-915f-b9656db78b1a::87582668:87584516:19:1852:20260513,866272,0.0,38081,
FR:Line::6831fb72-94d3-417c-915f-b9656db78b1a:,1177,OCESN866272F1187_F:TER:FR:Line::6831fb72-94d3-417c-915f-b9656db78b1a::87582668:87584516:19:1846:20260619,866272,0.0,38082,
FR:Line::6831fb72-94d3-417c-915f-b9656db78b1a:,947,OCESN866272F1187_F:TER:FR:Line::6831fb72-94d3-417c-915f-b9656db78b1a::87582668:87584516:20:1852:20260424,866272,0.0,38083,
FR:Line::6831fb72-94d3-417c-915f-b9656db78b1a:,1176,OCESN866272F1187_F:TER:FR:Line::6831fb72-94d3-417c-915f-b9656db78b1a::87582668:87584516:19:1846:20260522,866272,0.0,38084,
FR:Line::6831fb72-94d3-417c-915f-b9656db78b1a:,9021,OCESN866272F1187_F:TER:FR:Line::6831fb72-94d3-417c-915f-b9656db78b1a::87582668:87584516:19:1846:20260828,866272,0.0,38085,
FR:Line::6831fb72-94d3-417c-915f-b9656db78b1a:,371,OCESN866272F1187_F:TER:FR:Line::6831fb72-94d3-417c-915f-b9656db78b1a::87582668:87584516:20:1848:20260417,866272,0.0,38086,
FR:Line::6831fb72-94d3-417c-915f-b9656db78b1a:,128,OCESN866272F1187_F:TER:FR:Line::6831fb72-94d3-417c-915f-b9656db78b1a::87582668:87584516:20:1846:20260831,866272,0.0,38087,
FR:Line::6831fb72-94d3-417c-915f-b9656db78b1a:,214,OCESN866272F1187_F:TER:FR:Line::6831fb72-94d3-417c-915f-b9656db78b1a::87582668:87584516:21:1848:20260327,866272,0.0,38088,
FR:Line::40f9734e-088d-42d9-9e13-c91880169554:,9446,OCESN866300F1187_F:TER:FR:Line::40f9734e-088d-42d9-9e13-c91880169554::87582668:87581009:12:553:20260817,866300,1.0,38089,
FR:Line::40f9734e-088d-42d9-9e13-c91880169554:,9172,OCESN866301F1187_F:TER:FR:Line::40f9734e-088d-42d9-9e13-c91880169554::87581009:87582668:12:657:20260515,866301,0.0,38090,
FR:Line::40f9734e-088d-42d9-9e13-c91880169554:,1176,OCESN866301F1187_F:TER:FR:Line::40f9734e-088d-42d9-9e13-c91880169554::87581009:87582668:12:657:20260522,866301,0.0,38091,
FR:Line::40f9734e-088d-42d9-9e13-c91880169554:,214,OCESN866301F1187_F:TER:FR:Line::40f9734e-088d-42d9-9e13-c91880169554::87581009:87582668:12:658:20260327,866301,0.0,38092,
FR:Line::40f9734e-088d-42d9-9e13-c91880169554:,9447,OCESN866301F1187_F:TER:FR:Line::40f9734e-088d-42d9-9e13-c91880169554::87581009:87582668:12:655:20260831,866301,0.0,38093,
FR:Line::40f9734e-088d-42d9-9e13-c91880169554:,430,OCESN866305F1187_F:TER:FR:Line::40f9734e-088d-42d9-9e13-c91880169554::87581009:87582668:12:755:20260830,866305,0.0,38094,
FR:Line::40f9734e-088d-42d9-9e13-c91880169554:,2119,OCESN866306F1187_F:TER:FR:Line::40f9734e-088d-42d9-9e13-c91880169554::87582668:87581009:12:728:20260328,866306,1.0,38095,
FR:Line::40f9734e-088d-42d9-9e13-c91880169554:,9448,OCESN866306F1187_F:TER:FR:Line::40f9734e-088d-42d9-9e13-c91880169554::87582668:87581009:12:728:20260514,866306,1.0,38096,
FR:Line::40f9734e-088d-42d9-9e13-c91880169554:,9449,OCESN866306F1187_F:TER:FR:Line::40f9734e-088d-42d9-9e13-c91880169554::87582668:87581009:12:728:20260830,866306,1.0,38097,
FR:Line::40f9734e-088d-42d9-9e13-c91880169554:,9450,OCESN866309F1187_F:TER:FR:Line::40f9734e-088d-42d9-9e13-c91880169554::87581009:87582668:12:859:20260329,866309,0.0,38098,
FR:Line::40f9734e-088d-42d9-9e13-c91880169554:,9451,OCESN866309F1187_F:TER:FR:Line::40f9734e-088d-42d9-9e13-c91880169554::87581009:87582668:12:857:20260514,866309,0.0,38099,
FR:Line::40f9734e-088d-42d9-9e13-c91880169554:,9452,OCESN866309F1187_F:TER:FR:Line::40f9734e-088d-42d9-9e13-c91880169554::87581009:87582668:12:855:20260830,866309,0.0,38100,
FR:Line::40f9734e-088d-42d9-9e13-c91880169554:,9450,OCESN866310F1187_F:TER:FR:Line::40f9734e-088d-42d9-9e13-c91880169554::87582668:87581009:12:828:20260329,866310,1.0,38101,
FR:Line::40f9734e-088d-42d9-9e13-c91880169554:,9451,OCESN866310F1187_F:TER:FR:Line::40f9734e-088d-42d9-9e13-c91880169554::87582668:87581009:12:828:20260514,866310,1.0,38102,
FR:Line::40f9734e-088d-42d9-9e13-c91880169554:,9452,OCESN866310F1187_F:TER:FR:Line::40f9734e-088d-42d9-9e13-c91880169554::87582668:87581009:12:828:20260830,866310,1.0,38103,
FR:Line::40f9734e-088d-42d9-9e13-c91880169554:,9172,OCESN866312F1187_F:TER:FR:Line::40f9734e-088d-42d9-9e13-c91880169554::87582668:87581009:12:858:20260515,866312,1.0,38104,
FR:Line::40f9734e-088d-42d9-9e13-c91880169554:,1176,OCESN866312F1187_F:TER:FR:Line::40f9734e-088d-42d9-9e13-c91880169554::87582668:87581009:12:858:20260522,866312,1.0,38105,
FR:Line::40f9734e-088d-42d9-9e13-c91880169554:,214,OCESN866312F1187_F:TER:FR:Line::40f9734e-088d-42d9-9e13-c91880169554::87582668:87581009:12:858:20260327,866312,1.0,38106,
FR:Line::40f9734e-088d-42d9-9e13-c91880169554:,9447,OCESN866312F1187_F:TER:FR:Line::40f9734e-088d-42d9-9e13-c91880169554::87582668:87581009:12:858:20260831,866312,1.0,38107,
FR:Line::40f9734e-088d-42d9-9e13-c91880169554:,430,OCESN866313F1187_F:TER:FR:Line::40f9734e-088d-42d9-9e13-c91880169554::87581009:87582668:12:955:20260830,866313,0.0,38108,
FR:Line::40f9734e-088d-42d9-9e13-c91880169554:,1176,OCESN866314F1187_F:TER:FR:Line::40f9734e-088d-42d9-9e13-c91880169554::87582668:87581009:12:930:20260522,866314,1.0,38109,
FR:Line::40f9734e-088d-42d9-9e13-c91880169554:,9453,OCESN866314F1187_F:TER:FR:Line::40f9734e-088d-42d9-9e13-c91880169554::87582668:87581009:12:929:20260515,866314,1.0,38110,
FR:Line::40f9734e-088d-42d9-9e13-c91880169554:,9454,OCESN866314F1187_F:TER:FR:Line::40f9734e-088d-42d9-9e13-c91880169554::87582668:87581009:12:928:20260831,866314,1.0,38111,
FR:Line::40f9734e-088d-42d9-9e13-c91880169554:,737,OCESN866314F1187_F:TER:FR:Line::40f9734e-088d-42d9-9e13-c91880169554::87582668:87581009:12:928:20260329,866314,1.0,38112,
FR:Line::40f9734e-088d-42d9-9e13-c91880169554:,9172,OCESN866316F1187_F:TER:FR:Line::40f9734e-088d-42d9-9e13-c91880169554::87582668:87581009:12:1029:20260515,866316,1.0,38113,
FR:Line::40f9734e-088d-42d9-9e13-c91880169554:,1176,OCESN866316F1187_F:TER:FR:Line::40f9734e-088d-42d9-9e13-c91880169554::87582668:87581009:12:1029:20260522,866316,1.0,38114,
FR:Line::40f9734e-088d-42d9-9e13-c91880169554:,214,OCESN866316F1187_F:TER:FR:Line::40f9734e-088d-42d9-9e13-c91880169554::87582668:87581009:12:1029:20260327,866316,1.0,38115,
FR:Line::40f9734e-088d-42d9-9e13-c91880169554:,9447,OCESN866316F1187_F:TER:FR:Line::40f9734e-088d-42d9-9e13-c91880169554::87582668:87581009:12:1029:20260831,866316,1.0,38116,
FR:Line::40f9734e-088d-42d9-9e13-c91880169554:,789,OCESN866317F1187_F:TER:FR:Line::40f9734e-088d-42d9-9e13-c91880169554::87581009:87582668:12:1129:20260329,866317,0.0,38117,
FR:Line::40f9734e-088d-42d9-9e13-c91880169554:,9455,OCESN866317F1187_F:TER:FR:Line::40f9734e-088d-42d9-9e13-c91880169554::87581009:87582668:12:1125:20260514,866317,0.0,38118,
FR:Line::40f9734e-088d-42d9-9e13-c91880169554:,9456,OCESN866317F1187_F:TER:FR:Line::40f9734e-088d-42d9-9e13-c91880169554::87581009:87582668:12:1123:20260830,866317,0.0,38119,
FR:Line::40f9734e-088d-42d9-9e13-c91880169554:,290,OCESN866319F1187_F:TER:FR:Line::40f9734e-088d-42d9-9e13-c91880169554::87581009:87582668:12:1055:20260829,866319,0.0,38120,
FR:Line::40f9734e-088d-42d9-9e13-c91880169554:,789,OCESN866322F1187_F:TER:FR:Line::40f9734e-088d-42d9-9e13-c91880169554::87582668:87581009:12:1102:20260329,866322,1.0,38121,
FR:Line::40f9734e-088d-42d9-9e13-c91880169554:,810,OCESN866322F1187_F:TER:FR:Line::40f9734e-088d-42d9-9e13-c91880169554::87582668:87581009:12:1101:20260628,866322,1.0,38122,
FR:Line::40f9734e-088d-42d9-9e13-c91880169554:,9457,OCESN866322F1187_F:TER:FR:Line::40f9734e-088d-42d9-9e13-c91880169554::87582668:87581009:12:1101:20260621,866322,1.0,38123,
FR:Line::40f9734e-088d-42d9-9e13-c91880169554:,9458,OCESN866322F1187_F:TER:FR:Line::40f9734e-088d-42d9-9e13-c91880169554::87582668:87581009:12:1102:20260726,866322,1.0,38124,
FR:Line::40f9734e-088d-42d9-9e13-c91880169554:,9459,OCESN866322F1187_F:TER:FR:Line::40f9734e-088d-42d9-9e13-c91880169554::87582668:87581009:12:1058:20260830,866322,1.0,38125,
FR:Line::40f9734e-088d-42d9-9e13-c91880169554:,789,OCESN866323F1187_F:TER:FR:Line::40f9734e-088d-42d9-9e13-c91880169554::87581009:87582668:12:1234:20260329,866323,0.0,38126,
FR:Line::40f9734e-088d-42d9-9e13-c91880169554:,9455,OCESN866323F1187_F:TER:FR:Line::40f9734e-088d-42d9-9e13-c91880169554::87581009:87582668:12:1230:20260514,866323,0.0,38127,
FR:Line::40f9734e-088d-42d9-9e13-c91880169554:,9460,OCESN866323F1187_F:TER:FR:Line::40f9734e-088d-42d9-9e13-c91880169554::87581009:87582668:12:1228:20260830,866323,0.0,38128,
FR:Line::40f9734e-088d-42d9-9e13-c91880169554:,2758,OCESN866327F1187_F:TER:FR:Line::40f9734e-088d-42d9-9e13-c91880169554::87581009:87582668:12:1325:20260830,866327,0.0,38129,
FR:Line::40f9734e-088d-42d9-9e13-c91880169554:,2758,OCESN866330F1187_F:TER:FR:Line::40f9734e-088d-42d9-9e13-c91880169554::87582668:87581009:12:1258:20260830,866330,1.0,38130,
FR:Line::40f9734e-088d-42d9-9e13-c91880169554:,2758,OCESN866331F1187_F:TER:FR:Line::40f9734e-088d-42d9-9e13-c91880169554::87581009:87582668:12:1455:20260830,866331,0.0,38131,
FR:Line::40f9734e-088d-42d9-9e13-c91880169554:,1176,OCESN866333F1187_F:TER:FR:Line::40f9734e-088d-42d9-9e13-c91880169554::87581009:87582668:12:1624:20260522,866333,0.0,38132,
FR:Line::40f9734e-088d-42d9-9e13-c91880169554:,9461,OCESN866333F1187_F:TER:FR:Line::40f9734e-088d-42d9-9e13-c91880169554::87581009:87582668:12:1624:20260513,866333,0.0,38133,
FR:Line::40f9734e-088d-42d9-9e13-c91880169554:,214,OCESN866333F1187_F:TER:FR:Line::40f9734e-088d-42d9-9e13-c91880169554::87581009:87582668:12:1627:20260327,866333,0.0,38134,
FR:Line::40f9734e-088d-42d9-9e13-c91880169554:,9462,OCESN866333F1187_F:TER:FR:Line::40f9734e-088d-42d9-9e13-c91880169554::87581009:87582668:12:1622:20260831,866333,0.0,38135,
FR:Line::40f9734e-088d-42d9-9e13-c91880169554:,9461,OCESN866341F1187_F:TER:FR:Line::40f9734e-088d-42d9-9e13-c91880169554::87581009:87582668:12:1657:20260513,866341,0.0,38136,
FR:Line::40f9734e-088d-42d9-9e13-c91880169554:,1176,OCESN866341F1187_F:TER:FR:Line::40f9734e-088d-42d9-9e13-c91880169554::87581009:87582668:12:1657:20260522,866341,0.0,38137,
FR:Line::40f9734e-088d-42d9-9e13-c91880169554:,214,OCESN866341F1187_F:TER:FR:Line::40f9734e-088d-42d9-9e13-c91880169554::87581009:87582668:12:1659:20260327,866341,0.0,38138,
FR:Line::40f9734e-088d-42d9-9e13-c91880169554:,9447,OCESN866341F1187_F:TER:FR:Line::40f9734e-088d-42d9-9e13-c91880169554::87581009:87582668:12:1655:20260831,866341,0.0,38139,
FR:Line::40f9734e-088d-42d9-9e13-c91880169554:,9461,OCESN866343F1187_F:TER:FR:Line::40f9734e-088d-42d9-9e13-c91880169554::87581009:87582668:12:1724:20260513,866343,0.0,38140,
FR:Line::40f9734e-088d-42d9-9e13-c91880169554:,1176,OCESN866343F1187_F:TER:FR:Line::40f9734e-088d-42d9-9e13-c91880169554::87581009:87582668:12:1724:20260522,866343,0.0,38141,
FR:Line::40f9734e-088d-42d9-9e13-c91880169554:,214,OCESN866343F1187_F:TER:FR:Line::40f9734e-088d-42d9-9e13-c91880169554::87581009:87582668:12:1727:20260327,866343,0.0,38142,
FR:Line::40f9734e-088d-42d9-9e13-c91880169554:,9462,OCESN866343F1187_F:TER:FR:Line::40f9734e-088d-42d9-9e13-c91880169554::87581009:87582668:12:1722:20260831,866343,0.0,38143,
FR:Line::40f9734e-088d-42d9-9e13-c91880169554:,2758,OCESN866345F1187_F:TER:FR:Line::40f9734e-088d-42d9-9e13-c91880169554::87581009:87582668:12:1755:20260830,866345,0.0,38144,
FR:Line::40f9734e-088d-42d9-9e13-c91880169554:,1176,OCESN866347F1187_F:TER:FR:Line::40f9734e-088d-42d9-9e13-c91880169554::87581009:87582668:12:1823:20260522,866347,0.0,38145,
FR:Line::40f9734e-088d-42d9-9e13-c91880169554:,341,OCESN866347F1187_F:TER:FR:Line::40f9734e-088d-42d9-9e13-c91880169554::87581009:87582668:12:1823:20260513,866347,0.0,38146,
FR:Line::40f9734e-088d-42d9-9e13-c91880169554:,371,OCESN866347F1187_F:TER:FR:Line::40f9734e-088d-42d9-9e13-c91880169554::87581009:87582668:12:1821:20260417,866347,0.0,38147,
FR:Line::40f9734e-088d-42d9-9e13-c91880169554:,214,OCESN866347F1187_F:TER:FR:Line::40f9734e-088d-42d9-9e13-c91880169554::87581009:87582668:12:1826:20260327,866347,0.0,38148,
FR:Line::40f9734e-088d-42d9-9e13-c91880169554:,9447,OCESN866347F1187_F:TER:FR:Line::40f9734e-088d-42d9-9e13-c91880169554::87581009:87582668:12:1823:20260831,866347,0.0,38149,
FR:Line::40f9734e-088d-42d9-9e13-c91880169554:,2758,OCESN866348F1187_F:TER:FR:Line::40f9734e-088d-42d9-9e13-c91880169554::87582668:87581009:12:1758:20260830,866348,1.0,38150,
FR:Line::40f9734e-088d-42d9-9e13-c91880169554:,2758,OCESN866352F1187_F:TER:FR:Line::40f9734e-088d-42d9-9e13-c91880169554::87582668:87581009:12:1900:20260830,866352,1.0,38151,
FR:Line::40f9734e-088d-42d9-9e13-c91880169554:,2758,OCESN866353F1187_F:TER:FR:Line::40f9734e-088d-42d9-9e13-c91880169554::87581009:87582668:12:1955:20260830,866353,0.0,38152,
FR:Line::40f9734e-088d-42d9-9e13-c91880169554:,789,OCESN866354F1187_F:TER:FR:Line::40f9734e-088d-42d9-9e13-c91880169554::87582668:87581009:12:1928:20260329,866354,1.0,38153,
FR:Line::40f9734e-088d-42d9-9e13-c91880169554:,9463,OCESN866354F1187_F:TER:FR:Line::40f9734e-088d-42d9-9e13-c91880169554::87582668:87581009:12:1927:20260517,866354,1.0,38154,
FR:Line::40f9734e-088d-42d9-9e13-c91880169554:,1,OCESN866354F1187_F:TER:FR:Line::40f9734e-088d-42d9-9e13-c91880169554::87582668:87581009:12:1920:20260828,866354,1.0,38155,
FR:Line::40f9734e-088d-42d9-9e13-c91880169554:,9460,OCESN866354F1187_F:TER:FR:Line::40f9734e-088d-42d9-9e13-c91880169554::87582668:87581009:12:1927:20260830,866354,1.0,38156,
FR:Line::40f9734e-088d-42d9-9e13-c91880169554:,9461,OCESN866355F1187_F:TER:FR:Line::40f9734e-088d-42d9-9e13-c91880169554::87581009:87582668:12:2024:20260513,866355,0.0,38157,
FR:Line::40f9734e-088d-42d9-9e13-c91880169554:,1176,OCESN866355F1187_F:TER:FR:Line::40f9734e-088d-42d9-9e13-c91880169554::87581009:87582668:12:2024:20260522,866355,0.0,38158,
FR:Line::40f9734e-088d-42d9-9e13-c91880169554:,9447,OCESN866355F1187_F:TER:FR:Line::40f9734e-088d-42d9-9e13-c91880169554::87581009:87582668:12:2022:20260831,866355,0.0,38159,
FR:Line::40f9734e-088d-42d9-9e13-c91880169554:,214,OCESN866355F1187_F:TER:FR:Line::40f9734e-088d-42d9-9e13-c91880169554::87581009:87582668:12:2027:20260327,866355,0.0,38160,
FR:Line::40f9734e-088d-42d9-9e13-c91880169554:,9461,OCESN866358F1187_F:TER:FR:Line::40f9734e-088d-42d9-9e13-c91880169554::87582668:87581009:12:2036:20260513,866358,1.0,38161,
FR:Line::40f9734e-088d-42d9-9e13-c91880169554:,1176,OCESN866358F1187_F:TER:FR:Line::40f9734e-088d-42d9-9e13-c91880169554::87582668:87581009:12:2036:20260522,866358,1.0,38162,
FR:Line::40f9734e-088d-42d9-9e13-c91880169554:,9462,OCESN866358F1187_F:TER:FR:Line::40f9734e-088d-42d9-9e13-c91880169554::87582668:87581009:12:2036:20260831,866358,1.0,38163,
FR:Line::40f9734e-088d-42d9-9e13-c91880169554:,214,OCESN866358F1187_F:TER:FR:Line::40f9734e-088d-42d9-9e13-c91880169554::87582668:87581009:12:2036:20260327,866358,1.0,38164,
FR:Line::40f9734e-088d-42d9-9e13-c91880169554:,380,OCESN866359F1187_F:TER:FR:Line::40f9734e-088d-42d9-9e13-c91880169554::87581009:87582668:12:2136:20260329,866359,0.0,38165,
FR:Line::40f9734e-088d-42d9-9e13-c91880169554:,7060,OCESN866359F1187_F:TER:FR:Line::40f9734e-088d-42d9-9e13-c91880169554::87581009:87582668:12:2132:20260517,866359,0.0,38166,
FR:Line::40f9734e-088d-42d9-9e13-c91880169554:,426,OCESN866359F1187_F:TER:FR:Line::40f9734e-088d-42d9-9e13-c91880169554::87581009:87582668:12:2128:20260830,866359,0.0,38167,
FR:Line::40f9734e-088d-42d9-9e13-c91880169554:,1176,OCESN866362F1187_F:TER:FR:Line::40f9734e-088d-42d9-9e13-c91880169554::87582668:87581009:12:2129:20260522,866362,1.0,38168,
FR:Line::40f9734e-088d-42d9-9e13-c91880169554:,214,OCESN866362F1187_F:TER:FR:Line::40f9734e-088d-42d9-9e13-c91880169554::87582668:87581009:12:2129:20260327,866362,1.0,38169,
FR:Line::40f9734e-088d-42d9-9e13-c91880169554:,9464,OCESN866362F1187_F:TER:FR:Line::40f9734e-088d-42d9-9e13-c91880169554::87582668:87581009:12:2129:20260831,866362,1.0,38170,
FR:Line::40f9734e-088d-42d9-9e13-c91880169554:,1176,OCESN866363F1187_F:TER:FR:Line::40f9734e-088d-42d9-9e13-c91880169554::87581009:87582668:12:2158:20260522,866363,0.0,38171,
FR:Line::40f9734e-088d-42d9-9e13-c91880169554:,2758,OCESN866363F1187_F:TER:FR:Line::40f9734e-088d-42d9-9e13-c91880169554::87581009:87582668:12:2155:20260830,866363,0.0,38172,
FR:Line::40f9734e-088d-42d9-9e13-c91880169554:,9462,OCESN866363F1187_F:TER:FR:Line::40f9734e-088d-42d9-9e13-c91880169554::87581009:87582668:12:2155:20260831,866363,0.0,38173,
FR:Line::40f9734e-088d-42d9-9e13-c91880169554:,2758,OCESN866367F1187_F:TER:FR:Line::40f9734e-088d-42d9-9e13-c91880169554::87581009:87582668:12:2258:20260830,866367,0.0,38174,
FR:Line::40f9734e-088d-42d9-9e13-c91880169554:,2080,OCESN866369F1187_F:TER:FR:Line::40f9734e-088d-42d9-9e13-c91880169554::87581009:87582668:12:2359:20260327,866369,0.0,38175,
FR:Line::40f9734e-088d-42d9-9e13-c91880169554:,333,OCESN866369F1187_F:TER:FR:Line::40f9734e-088d-42d9-9e13-c91880169554::87581009:87582668:12:2356:20260424,866369,0.0,38176,
FR:Line::40f9734e-088d-42d9-9e13-c91880169554:,543,OCESN866369F1187_F:TER:FR:Line::40f9734e-088d-42d9-9e13-c91880169554::87581009:87582668:12:2356:20260522,866369,0.0,38177,
FR:Line::40f9734e-088d-42d9-9e13-c91880169554:,9465,OCESN866369F1187_F:TER:FR:Line::40f9734e-088d-42d9-9e13-c91880169554::87581009:87582668:12:2354:20260829,866369,0.0,38178,
FR:Line::40f9734e-088d-42d9-9e13-c91880169554:,9466,OCESN866370F1187_F:TER:FR:Line::40f9734e-088d-42d9-9e13-c91880169554::87582668:87581009:12:2307:20260829,866370,1.0,38179,
FR:Line::40f9734e-088d-42d9-9e13-c91880169554:,9467,OCESN866370F1187_F:TER:FR:Line::40f9734e-088d-42d9-9e13-c91880169554::87582668:87581009:12:2307:20260830,866370,1.0,38180,
FR:Line::40f9734e-088d-42d9-9e13-c91880169554:,9172,OCESN866380F1187_F:TER:FR:Line::40f9734e-088d-42d9-9e13-c91880169554::87582668:87581009:12:744:20260515,866380,1.0,38181,
FR:Line::40f9734e-088d-42d9-9e13-c91880169554:,1176,OCESN866380F1187_F:TER:FR:Line::40f9734e-088d-42d9-9e13-c91880169554::87582668:87581009:12:744:20260522,866380,1.0,38182,
FR:Line::40f9734e-088d-42d9-9e13-c91880169554:,1177,OCESN866380F1187_F:TER:FR:Line::40f9734e-088d-42d9-9e13-c91880169554::87582668:87581009:12:744:20260619,866380,1.0,38183,
FR:Line::40f9734e-088d-42d9-9e13-c91880169554:,214,OCESN866380F1187_F:TER:FR:Line::40f9734e-088d-42d9-9e13-c91880169554::87582668:87581009:12:744:20260327,866380,1.0,38184,
FR:Line::40f9734e-088d-42d9-9e13-c91880169554:,6228,OCESN866380F1187_F:TER:FR:Line::40f9734e-088d-42d9-9e13-c91880169554::87582668:87581009:12:744:20260831,866380,1.0,38185,
FR:Line::40f9734e-088d-42d9-9e13-c91880169554:,9172,OCESN866382F1187_F:TER:FR:Line::40f9734e-088d-42d9-9e13-c91880169554::87582668:87581009:12:812:20260515,866382,1.0,38186,
FR:Line::40f9734e-088d-42d9-9e13-c91880169554:,1176,OCESN866382F1187_F:TER:FR:Line::40f9734e-088d-42d9-9e13-c91880169554::87582668:87581009:12:812:20260522,866382,1.0,38187,
FR:Line::40f9734e-088d-42d9-9e13-c91880169554:,214,OCESN866382F1187_F:TER:FR:Line::40f9734e-088d-42d9-9e13-c91880169554::87582668:87581009:12:812:20260327,866382,1.0,38188,
FR:Line::40f9734e-088d-42d9-9e13-c91880169554:,9447,OCESN866382F1187_F:TER:FR:Line::40f9734e-088d-42d9-9e13-c91880169554::87582668:87581009:12:812:20260831,866382,1.0,38189,
FR:Line::1f093b3e-6e5a-4365-9cd0-e5764b2c7767:,9468,OCESN866400F1187_F:TER:FR:Line::1f093b3e-6e5a-4365-9cd0-e5764b2c7767::87677005:87581009:15:732:20260717,866400,1.0,38190,
FR:Line::1f093b3e-6e5a-4365-9cd0-e5764b2c7767:,1176,OCESN866400F1187_F:TER:FR:Line::1f093b3e-6e5a-4365-9cd0-e5764b2c7767::87677005:87581009:14:732:20260522,866400,1.0,38191,
FR:Line::1f093b3e-6e5a-4365-9cd0-e5764b2c7767:,1177,OCESN866400F1187_F:TER:FR:Line::1f093b3e-6e5a-4365-9cd0-e5764b2c7767::87677005:87581009:14:732:20260619,866400,1.0,38192,
FR:Line::1f093b3e-6e5a-4365-9cd0-e5764b2c7767:,9172,OCESN866400F1187_F:TER:FR:Line::1f093b3e-6e5a-4365-9cd0-e5764b2c7767::87677005:87581009:14:732:20260515,866400,1.0,38193,
FR:Line::1f093b3e-6e5a-4365-9cd0-e5764b2c7767:,9469,OCESN866400F1187_F:TER:FR:Line::1f093b3e-6e5a-4365-9cd0-e5764b2c7767::87677005:87581009:14:732:20260831,866400,1.0,38194,
FR:Line::1f093b3e-6e5a-4365-9cd0-e5764b2c7767:,214,OCESN866400F1187_F:TER:FR:Line::1f093b3e-6e5a-4365-9cd0-e5764b2c7767::87677005:87581009:14:732:20260327,866400,1.0,38195,
FR:Line::aae3d4d2-051a-46ec-9044-c2b69b635c88:,9468,OCESN866402F1187_F:TER:FR:Line::aae3d4d2-051a-46ec-9044-c2b69b635c88::87677005:87581009:13:1042:20260717,866402,0.0,38196,
FR:Line::aae3d4d2-051a-46ec-9044-c2b69b635c88:,9470,OCESN866402F1187_F:TER:FR:Line::aae3d4d2-051a-46ec-9044-c2b69b635c88::87677005:87581009:12:1042:20260828,866402,0.0,38197,
FR:Line::aae3d4d2-051a-46ec-9044-c2b69b635c88:,1140,OCESN866404F1187_F:TER:FR:Line::aae3d4d2-051a-46ec-9044-c2b69b635c88::87677005:87581009:12:1242:20260522,866404,0.0,38198,
FR:Line::aae3d4d2-051a-46ec-9044-c2b69b635c88:,8925,OCESN866404F1187_F:TER:FR:Line::aae3d4d2-051a-46ec-9044-c2b69b635c88::87677005:87581009:12:1242:20260619,866404,0.0,38199,
FR:Line::aae3d4d2-051a-46ec-9044-c2b69b635c88:,9471,OCESN866404F1187_F:TER:FR:Line::aae3d4d2-051a-46ec-9044-c2b69b635c88::87677005:87581009:12:1245:20260515,866404,0.0,38200,
FR:Line::aae3d4d2-051a-46ec-9044-c2b69b635c88:,9468,OCESN866404F1187_F:TER:FR:Line::aae3d4d2-051a-46ec-9044-c2b69b635c88::87677005:87581009:13:1242:20260717,866404,0.0,38201,
FR:Line::aae3d4d2-051a-46ec-9044-c2b69b635c88:,9472,OCESN866404F1187_F:TER:FR:Line::aae3d4d2-051a-46ec-9044-c2b69b635c88::87677005:87581009:12:1242:20260828,866404,0.0,38202,
FR:Line::aae3d4d2-051a-46ec-9044-c2b69b635c88:,9473,OCESN866406F1187_F:TER:FR:Line::aae3d4d2-051a-46ec-9044-c2b69b635c88::87677005:87581009:12:1244:20260615,866406,0.0,38203,
FR:Line::aae3d4d2-051a-46ec-9044-c2b69b635c88:,2390,OCESN866406F1187_F:TER:FR:Line::aae3d4d2-051a-46ec-9044-c2b69b635c88::87677005:87581009:12:1245:20260831,866406,0.0,38204,
FR:Line::1f093b3e-6e5a-4365-9cd0-e5764b2c7767:,9474,OCESN866407F1187_F:TER:FR:Line::1f093b3e-6e5a-4365-9cd0-e5764b2c7767::87581009:87677005:20:912:20260831,866407,0.0,38205,
FR:Line::1f093b3e-6e5a-4365-9cd0-e5764b2c7767:,9475,OCESN866407F1187_F:TER:FR:Line::1f093b3e-6e5a-4365-9cd0-e5764b2c7767::87581009:87677005:20:912:20260511,866407,0.0,38206,
FR:Line::1f093b3e-6e5a-4365-9cd0-e5764b2c7767:,468,OCESN866407F1187_F:TER:FR:Line::1f093b3e-6e5a-4365-9cd0-e5764b2c7767::87581009:87677005:20:912:20260323,866407,0.0,38207,
FR:Line::aae3d4d2-051a-46ec-9044-c2b69b635c88:,9468,OCESN866408F1187_F:TER:FR:Line::aae3d4d2-051a-46ec-9044-c2b69b635c88::87677005:87581009:13:1507:20260717,866408,0.0,38208,
FR:Line::aae3d4d2-051a-46ec-9044-c2b69b635c88:,9476,OCESN866408F1187_F:TER:FR:Line::aae3d4d2-051a-46ec-9044-c2b69b635c88::87677005:87581009:12:1507:20260619,866408,0.0,38209,
FR:Line::aae3d4d2-051a-46ec-9044-c2b69b635c88:,9477,OCESN866408F1187_F:TER:FR:Line::aae3d4d2-051a-46ec-9044-c2b69b635c88::87677005:87581009:12:1507:20260507,866408,0.0,38210,
FR:Line::aae3d4d2-051a-46ec-9044-c2b69b635c88:,9478,OCESN866408F1187_F:TER:FR:Line::aae3d4d2-051a-46ec-9044-c2b69b635c88::87677005:87581009:12:1507:20260828,866408,0.0,38211,
FR:Line::aae3d4d2-051a-46ec-9044-c2b69b635c88:,128,OCESN866408F1187_F:TER:FR:Line::aae3d4d2-051a-46ec-9044-c2b69b635c88::87677005:87581009:12:1507:20260831,866408,0.0,38212,
FR:Line::1f093b3e-6e5a-4365-9cd0-e5764b2c7767:,9479,OCESN866409F1187_F:TER:FR:Line::1f093b3e-6e5a-4365-9cd0-e5764b2c7767::87581009:87677005:20:912:20260522,866409,0.0,38213,
FR:Line::1f093b3e-6e5a-4365-9cd0-e5764b2c7767:,9480,OCESN866409F1187_F:TER:FR:Line::1f093b3e-6e5a-4365-9cd0-e5764b2c7767::87581009:87677005:20:912:20260828,866409,0.0,38214,
FR:Line::1f093b3e-6e5a-4365-9cd0-e5764b2c7767:,3070,OCESN866409F1187_F:TER:FR:Line::1f093b3e-6e5a-4365-9cd0-e5764b2c7767::87581009:87677005:20:912:20260327,866409,0.0,38215,
FR:Line::aae3d4d2-051a-46ec-9044-c2b69b635c88:,380,OCESN866410F1187_F:TER:FR:Line::aae3d4d2-051a-46ec-9044-c2b69b635c88::87677005:87581009:12:1645:20260329,866410,0.0,38216,
FR:Line::aae3d4d2-051a-46ec-9044-c2b69b635c88:,6667,OCESN866410F1187_F:TER:FR:Line::aae3d4d2-051a-46ec-9044-c2b69b635c88::87677005:87581009:12:1645:20260621,866410,0.0,38217,
FR:Line::aae3d4d2-051a-46ec-9044-c2b69b635c88:,123,OCESN866410F1187_F:TER:FR:Line::aae3d4d2-051a-46ec-9044-c2b69b635c88::87677005:87581009:13:1645:20260719,866410,0.0,38218,
FR:Line::aae3d4d2-051a-46ec-9044-c2b69b635c88:,7060,OCESN866410F1187_F:TER:FR:Line::aae3d4d2-051a-46ec-9044-c2b69b635c88::87677005:87581009:12:1645:20260517,866410,0.0,38219,
FR:Line::aae3d4d2-051a-46ec-9044-c2b69b635c88:,9481,OCESN866410F1187_F:TER:FR:Line::aae3d4d2-051a-46ec-9044-c2b69b635c88::87677005:87581009:12:1645:20260830,866410,0.0,38220,
FR:Line::1f093b3e-6e5a-4365-9cd0-e5764b2c7767:,2119,OCESN866411F1187_F:TER:FR:Line::1f093b3e-6e5a-4365-9cd0-e5764b2c7767::87581009:87677005:14:1101:20260328,866411,0.0,38221,
FR:Line::1f093b3e-6e5a-4365-9cd0-e5764b2c7767:,84,OCESN866411F1187_F:TER:FR:Line::1f093b3e-6e5a-4365-9cd0-e5764b2c7767::87581009:87677005:15:1104:20260718,866411,0.0,38222,
FR:Line::1f093b3e-6e5a-4365-9cd0-e5764b2c7767:,9448,OCESN866411F1187_F:TER:FR:Line::1f093b3e-6e5a-4365-9cd0-e5764b2c7767::87581009:87677005:14:1101:20260514,866411,0.0,38223,
FR:Line::1f093b3e-6e5a-4365-9cd0-e5764b2c7767:,9482,OCESN866411F1187_F:TER:FR:Line::1f093b3e-6e5a-4365-9cd0-e5764b2c7767::87581009:87677005:14:1101:20260829,866411,0.0,38224,
FR:Line::1f093b3e-6e5a-4365-9cd0-e5764b2c7767:,2119,OCESN866412F1187_F:TER:FR:Line::1f093b3e-6e5a-4365-9cd0-e5764b2c7767::87677005:87581009:14:1737:20260328,866412,1.0,38225,
FR:Line::1f093b3e-6e5a-4365-9cd0-e5764b2c7767:,613,OCESN866412F1187_F:TER:FR:Line::1f093b3e-6e5a-4365-9cd0-e5764b2c7767::87677005:87581009:14:1737:20260627,866412,1.0,38226,
FR:Line::1f093b3e-6e5a-4365-9cd0-e5764b2c7767:,407,OCESN866412F1187_F:TER:FR:Line::1f093b3e-6e5a-4365-9cd0-e5764b2c7767::87677005:87581009:14:1737:20260620,866412,1.0,38227,
FR:Line::1f093b3e-6e5a-4365-9cd0-e5764b2c7767:,9483,OCESN866412F1187_F:TER:FR:Line::1f093b3e-6e5a-4365-9cd0-e5764b2c7767::87677005:87581009:14:1737:20260514,866412,1.0,38228,
FR:Line::1f093b3e-6e5a-4365-9cd0-e5764b2c7767:,9484,OCESN866413F1187_F:TER:FR:Line::1f093b3e-6e5a-4365-9cd0-e5764b2c7767::87581009:87677005:14:1102:20260828,866413,0.0,38229,
FR:Line::1f093b3e-6e5a-4365-9cd0-e5764b2c7767:,9172,OCESN866413F1187_F:TER:FR:Line::1f093b3e-6e5a-4365-9cd0-e5764b2c7767::87581009:87677005:14:1102:20260515,866413,0.0,38230,
FR:Line::1f093b3e-6e5a-4365-9cd0-e5764b2c7767:,1176,OCESN866413F1187_F:TER:FR:Line::1f093b3e-6e5a-4365-9cd0-e5764b2c7767::87581009:87677005:14:1102:20260522,866413,0.0,38231,
FR:Line::1f093b3e-6e5a-4365-9cd0-e5764b2c7767:,128,OCESN866413F1187_F:TER:FR:Line::1f093b3e-6e5a-4365-9cd0-e5764b2c7767::87581009:87677005:14:1102:20260831,866413,0.0,38232,
FR:Line::1f093b3e-6e5a-4365-9cd0-e5764b2c7767:,214,OCESN866413F1187_F:TER:FR:Line::1f093b3e-6e5a-4365-9cd0-e5764b2c7767::87581009:87677005:14:1102:20260327,866413,0.0,38233,
FR:Line::1f093b3e-6e5a-4365-9cd0-e5764b2c7767:,380,OCESN866414F1187_F:TER:FR:Line::1f093b3e-6e5a-4365-9cd0-e5764b2c7767::87677005:87581009:14:1814:20260329,866414,1.0,38234,
FR:Line::1f093b3e-6e5a-4365-9cd0-e5764b2c7767:,123,OCESN866414F1187_F:TER:FR:Line::1f093b3e-6e5a-4365-9cd0-e5764b2c7767::87677005:87581009:15:1807:20260719,866414,1.0,38235,
FR:Line::1f093b3e-6e5a-4365-9cd0-e5764b2c7767:,6667,OCESN866414F1187_F:TER:FR:Line::1f093b3e-6e5a-4365-9cd0-e5764b2c7767::87677005:87581009:14:1809:20260621,866414,1.0,38236,
FR:Line::1f093b3e-6e5a-4365-9cd0-e5764b2c7767:,7060,OCESN866414F1187_F:TER:FR:Line::1f093b3e-6e5a-4365-9cd0-e5764b2c7767::87677005:87581009:14:1808:20260517,866414,1.0,38237,
FR:Line::1f093b3e-6e5a-4365-9cd0-e5764b2c7767:,9481,OCESN866414F1187_F:TER:FR:Line::1f093b3e-6e5a-4365-9cd0-e5764b2c7767::87677005:87581009:14:1807:20260830,866414,1.0,38238,
FR:Line::1f093b3e-6e5a-4365-9cd0-e5764b2c7767:,1176,OCESN866416F1187_F:TER:FR:Line::1f093b3e-6e5a-4365-9cd0-e5764b2c7767::87677005:87581009:18:1947:20260522,866416,1.0,38239,
FR:Line::1f093b3e-6e5a-4365-9cd0-e5764b2c7767:,1177,OCESN866416F1187_F:TER:FR:Line::1f093b3e-6e5a-4365-9cd0-e5764b2c7767::87677005:87581009:18:1947:20260619,866416,1.0,38240,
FR:Line::1f093b3e-6e5a-4365-9cd0-e5764b2c7767:,6228,OCESN866416F1187_F:TER:FR:Line::1f093b3e-6e5a-4365-9cd0-e5764b2c7767::87677005:87581009:18:1947:20260831,866416,1.0,38241,
FR:Line::1f093b3e-6e5a-4365-9cd0-e5764b2c7767:,9461,OCESN866416F1187_F:TER:FR:Line::1f093b3e-6e5a-4365-9cd0-e5764b2c7767::87677005:87581009:18:1947:20260513,866416,1.0,38242,
FR:Line::1f093b3e-6e5a-4365-9cd0-e5764b2c7767:,214,OCESN866416F1187_F:TER:FR:Line::1f093b3e-6e5a-4365-9cd0-e5764b2c7767::87677005:87581009:18:1947:20260327,866416,1.0,38243,
FR:Line::aae3d4d2-051a-46ec-9044-c2b69b635c88:,290,OCESN866417F1187_F:TER:FR:Line::aae3d4d2-051a-46ec-9044-c2b69b635c88::87581009:87677005:12:1254:20260829,866417,1.0,38244,
FR:Line::aae3d4d2-051a-46ec-9044-c2b69b635c88:,2119,OCESN866419F1187_F:TER:FR:Line::aae3d4d2-051a-46ec-9044-c2b69b635c88::87581009:87677005:12:1357:20260328,866419,1.0,38245,
FR:Line::aae3d4d2-051a-46ec-9044-c2b69b635c88:,9448,OCESN866419F1187_F:TER:FR:Line::aae3d4d2-051a-46ec-9044-c2b69b635c88::87581009:87677005:12:1357:20260514,866419,1.0,38246,
FR:Line::aae3d4d2-051a-46ec-9044-c2b69b635c88:,7572,OCESN866419F1187_F:TER:FR:Line::aae3d4d2-051a-46ec-9044-c2b69b635c88::87581009:87677005:12:1357:20260627,866419,1.0,38247,
FR:Line::1f093b3e-6e5a-4365-9cd0-e5764b2c7767:,2119,OCESN866420F1187_F:TER:FR:Line::1f093b3e-6e5a-4365-9cd0-e5764b2c7767::87677005:87581009:18:2139:20260328,866420,1.0,38248,
FR:Line::1f093b3e-6e5a-4365-9cd0-e5764b2c7767:,9483,OCESN866420F1187_F:TER:FR:Line::1f093b3e-6e5a-4365-9cd0-e5764b2c7767::87677005:87581009:18:2139:20260514,866420,1.0,38249,
FR:Line::1f093b3e-6e5a-4365-9cd0-e5764b2c7767:,615,OCESN866420F1187_F:TER:FR:Line::1f093b3e-6e5a-4365-9cd0-e5764b2c7767::87677005:87581009:18:2139:20260530,866420,1.0,38250,
FR:Line::1f093b3e-6e5a-4365-9cd0-e5764b2c7767:,380,OCESN866422F1187_F:TER:FR:Line::1f093b3e-6e5a-4365-9cd0-e5764b2c7767::87677005:87581009:18:2141:20260329,866422,1.0,38251,
FR:Line::1f093b3e-6e5a-4365-9cd0-e5764b2c7767:,7060,OCESN866422F1187_F:TER:FR:Line::1f093b3e-6e5a-4365-9cd0-e5764b2c7767::87677005:87581009:18:2141:20260517,866422,1.0,38252,
FR:Line::1f093b3e-6e5a-4365-9cd0-e5764b2c7767:,3229,OCESN866422F1187_F:TER:FR:Line::1f093b3e-6e5a-4365-9cd0-e5764b2c7767::87677005:87581009:18:2141:20260531,866422,1.0,38253,
FR:Line::aae3d4d2-051a-46ec-9044-c2b69b635c88:,84,OCESN866424F1187_F:TER:FR:Line::aae3d4d2-051a-46ec-9044-c2b69b635c88::87677005:87581009:13:2139:20260718,866424,0.0,38254,
FR:Line::aae3d4d2-051a-46ec-9044-c2b69b635c88:,245,OCESN866424F1187_F:TER:FR:Line::aae3d4d2-051a-46ec-9044-c2b69b635c88::87677005:87581009:12:2139:20260620,866424,0.0,38255,
FR:Line::aae3d4d2-051a-46ec-9044-c2b69b635c88:,9485,OCESN866424F1187_F:TER:FR:Line::aae3d4d2-051a-46ec-9044-c2b69b635c88::87677005:87581009:12:2148:20260829,866424,0.0,38256,
FR:Line::aae3d4d2-051a-46ec-9044-c2b69b635c88:,9468,OCESN866425F1187_F:TER:FR:Line::aae3d4d2-051a-46ec-9044-c2b69b635c88::87581009:87677005:13:1603:20260717,866425,1.0,38258,
FR:Line::aae3d4d2-051a-46ec-9044-c2b69b635c88:,9486,OCESN866425F1187_F:TER:FR:Line::aae3d4d2-051a-46ec-9044-c2b69b635c88::87581009:87677005:12:1605:20260409,866425,1.0,38259,
FR:Line::aae3d4d2-051a-46ec-9044-c2b69b635c88:,9487,OCESN866425F1187_F:TER:FR:Line::aae3d4d2-051a-46ec-9044-c2b69b635c88::87581009:87677005:12:1606:20260522,866425,1.0,38260,
FR:Line::aae3d4d2-051a-46ec-9044-c2b69b635c88:,9488,OCESN866425F1187_F:TER:FR:Line::aae3d4d2-051a-46ec-9044-c2b69b635c88::87581009:87677005:12:1600:20260828,866425,1.0,38261,
FR:Line::aae3d4d2-051a-46ec-9044-c2b69b635c88:,128,OCESN866425F1187_F:TER:FR:Line::aae3d4d2-051a-46ec-9044-c2b69b635c88::87581009:87677005:12:1600:20260831,866425,1.0,38262,
FR:Line::aae3d4d2-051a-46ec-9044-c2b69b635c88:,604,OCESN866426F1187_F:TER:FR:Line::aae3d4d2-051a-46ec-9044-c2b69b635c88::87677005:87581009:12:2138:20260621,866426,0.0,38263,
FR:Line::aae3d4d2-051a-46ec-9044-c2b69b635c88:,9489,OCESN866426F1187_F:TER:FR:Line::aae3d4d2-051a-46ec-9044-c2b69b635c88::87677005:87581009:12:2148:20260830,866426,0.0,38264,
FR:Line::aae3d4d2-051a-46ec-9044-c2b69b635c88:,9490,OCESN866426F1187_F:TER:FR:Line::aae3d4d2-051a-46ec-9044-c2b69b635c88::87677005:87581009:13:2148:20260719,866426,0.0,38265,
FR:Line::1f093b3e-6e5a-4365-9cd0-e5764b2c7767:,2080,OCESN866429F1187_F:TER:FR:Line::1f093b3e-6e5a-4365-9cd0-e5764b2c7767::87581009:87677005:18:1811:20260327,866429,0.0,38266,
FR:Line::1f093b3e-6e5a-4365-9cd0-e5764b2c7767:,7076,OCESN866429F1187_F:TER:FR:Line::1f093b3e-6e5a-4365-9cd0-e5764b2c7767::87581009:87677005:18:1811:20260828,866429,0.0,38267,
FR:Line::1f093b3e-6e5a-4365-9cd0-e5764b2c7767:,9491,OCESN866429F1187_F:TER:FR:Line::1f093b3e-6e5a-4365-9cd0-e5764b2c7767::87581009:87677005:18:1811:20260513,866429,0.0,38268,
FR:Line::1f093b3e-6e5a-4365-9cd0-e5764b2c7767:,2119,OCESN866431F1187_F:TER:FR:Line::1f093b3e-6e5a-4365-9cd0-e5764b2c7767::87581009:87677005:18:1809:20260328,866431,0.0,38269,
FR:Line::1f093b3e-6e5a-4365-9cd0-e5764b2c7767:,9483,OCESN866431F1187_F:TER:FR:Line::1f093b3e-6e5a-4365-9cd0-e5764b2c7767::87581009:87677005:18:1809:20260514,866431,0.0,38270,
FR:Line::1f093b3e-6e5a-4365-9cd0-e5764b2c7767:,9266,OCESN866431F1187_F:TER:FR:Line::1f093b3e-6e5a-4365-9cd0-e5764b2c7767::87581009:87677005:18:1809:20260829,866431,0.0,38271,
FR:Line::1f093b3e-6e5a-4365-9cd0-e5764b2c7767:,380,OCESN866433F1187_F:TER:FR:Line::1f093b3e-6e5a-4365-9cd0-e5764b2c7767::87581009:87677005:14:2001:20260329,866433,0.0,38272,
FR:Line::1f093b3e-6e5a-4365-9cd0-e5764b2c7767:,84,OCESN866433F1187_F:TER:FR:Line::1f093b3e-6e5a-4365-9cd0-e5764b2c7767::87581009:87677005:15:2002:20260718,866433,0.0,38273,
FR:Line::1f093b3e-6e5a-4365-9cd0-e5764b2c7767:,7060,OCESN866433F1187_F:TER:FR:Line::1f093b3e-6e5a-4365-9cd0-e5764b2c7767::87581009:87677005:14:2001:20260517,866433,0.0,38274,
FR:Line::1f093b3e-6e5a-4365-9cd0-e5764b2c7767:,9492,OCESN866433F1187_F:TER:FR:Line::1f093b3e-6e5a-4365-9cd0-e5764b2c7767::87581009:87677005:14:2000:20260830,866433,0.0,38275,
FR:Line::1f093b3e-6e5a-4365-9cd0-e5764b2c7767:,9447,OCESN866435F1187_F:TER:FR:Line::1f093b3e-6e5a-4365-9cd0-e5764b2c7767::87581009:87677005:14:2000:20260831,866435,0.0,38276,
FR:Line::1f093b3e-6e5a-4365-9cd0-e5764b2c7767:,9461,OCESN866435F1187_F:TER:FR:Line::1f093b3e-6e5a-4365-9cd0-e5764b2c7767::87581009:87677005:14:2000:20260513,866435,0.0,38277,
FR:Line::1f093b3e-6e5a-4365-9cd0-e5764b2c7767:,1176,OCESN866435F1187_F:TER:FR:Line::1f093b3e-6e5a-4365-9cd0-e5764b2c7767::87581009:87677005:14:2000:20260522,866435,0.0,38278,
FR:Line::1f093b3e-6e5a-4365-9cd0-e5764b2c7767:,214,OCESN866435F1187_F:TER:FR:Line::1f093b3e-6e5a-4365-9cd0-e5764b2c7767::87581009:87677005:14:2000:20260327,866435,0.0,38279,
FR:Line::1f093b3e-6e5a-4365-9cd0-e5764b2c7767:,4714,OCESN866437F1187_F:TER:FR:Line::1f093b3e-6e5a-4365-9cd0-e5764b2c7767::87581009:87677005:14:2125:20260514,866437,0.0,38280,
FR:Line::1f093b3e-6e5a-4365-9cd0-e5764b2c7767:,2119,OCESN866437F1187_F:TER:FR:Line::1f093b3e-6e5a-4365-9cd0-e5764b2c7767::87581009:87677005:14:2125:20260328,866437,0.0,38281,
FR:Line::1f093b3e-6e5a-4365-9cd0-e5764b2c7767:,84,OCESN866437F1187_F:TER:FR:Line::1f093b3e-6e5a-4365-9cd0-e5764b2c7767::87581009:87677005:15:2131:20260718,866437,0.0,38282,
FR:Line::1f093b3e-6e5a-4365-9cd0-e5764b2c7767:,2391,OCESN866437F1187_F:TER:FR:Line::1f093b3e-6e5a-4365-9cd0-e5764b2c7767::87581009:87677005:14:2127:20260502,866437,0.0,38283,
FR:Line::1f093b3e-6e5a-4365-9cd0-e5764b2c7767:,9482,OCESN866437F1187_F:TER:FR:Line::1f093b3e-6e5a-4365-9cd0-e5764b2c7767::87581009:87677005:14:2125:20260829,866437,0.0,38284,
FR:Line::1f093b3e-6e5a-4365-9cd0-e5764b2c7767:,1874,OCESN866439F1187_F:TER:FR:Line::1f093b3e-6e5a-4365-9cd0-e5764b2c7767::87581009:87677005:14:2217:20260703,866439,0.0,38285,
FR:Line::1f093b3e-6e5a-4365-9cd0-e5764b2c7767:,5171,OCESN866449F1187_F:TER:FR:Line::1f093b3e-6e5a-4365-9cd0-e5764b2c7767::87581009:87677005:20:757:20260615,866449,0.0,38286,
FR:Line::1f093b3e-6e5a-4365-9cd0-e5764b2c7767:,9493,OCESN866449F1187_F:TER:FR:Line::1f093b3e-6e5a-4365-9cd0-e5764b2c7767::87581009:87677005:20:757:20260831,866449,0.0,38288,
FR:Line::1f093b3e-6e5a-4365-9cd0-e5764b2c7767:,9494,OCESN866449F1187_F:TER:FR:Line::1f093b3e-6e5a-4365-9cd0-e5764b2c7767::87581009:87677005:20:757:20260515,866449,0.0,38289,
FR:Line::1f093b3e-6e5a-4365-9cd0-e5764b2c7767:,13,OCESN866449F1187_F:TER:FR:Line::1f093b3e-6e5a-4365-9cd0-e5764b2c7767::87581009:87677005:20:757:20260518,866449,0.0,38290,
FR:Line::1f093b3e-6e5a-4365-9cd0-e5764b2c7767:,214,OCESN866449F1187_F:TER:FR:Line::1f093b3e-6e5a-4365-9cd0-e5764b2c7767::87581009:87677005:20:757:20260327,866449,0.0,38291,
FR:Line::1f093b3e-6e5a-4365-9cd0-e5764b2c7767:,2125,OCESN866451F1187_F:TER:FR:Line::1f093b3e-6e5a-4365-9cd0-e5764b2c7767::87581009:87677005:14:1058:20260329,866451,0.0,38292,
FR:Line::1f093b3e-6e5a-4365-9cd0-e5764b2c7767:,161,OCESN866451F1187_F:TER:FR:Line::1f093b3e-6e5a-4365-9cd0-e5764b2c7767::87581009:87673004:9:1017:20260524,866451,0.0,38293,
FR:Line::1f093b3e-6e5a-4365-9cd0-e5764b2c7767:,123,OCESN866451F1187_F:TER:FR:Line::1f093b3e-6e5a-4365-9cd0-e5764b2c7767::87581009:87677005:15:1100:20260719,866451,0.0,38295,
FR:Line::1f093b3e-6e5a-4365-9cd0-e5764b2c7767:,9496,OCESN866451F1187_F:TER:FR:Line::1f093b3e-6e5a-4365-9cd0-e5764b2c7767::87581009:87677005:14:1058:20260830,866451,0.0,38296,
FR:Line::1f093b3e-6e5a-4365-9cd0-e5764b2c7767:,4057,OCESN866451F1187_F:TER:FR:Line::1f093b3e-6e5a-4365-9cd0-e5764b2c7767::87581009:87677005:14:1058:20260503,866451,0.0,38297,
FR:Line::aae3d4d2-051a-46ec-9044-c2b69b635c88:,1140,OCESN866453F1187_F:TER:FR:Line::aae3d4d2-051a-46ec-9044-c2b69b635c88::87581009:87677005:12:1253:20260522,866453,1.0,38298,
FR:Line::aae3d4d2-051a-46ec-9044-c2b69b635c88:,9497,OCESN866453F1187_F:TER:FR:Line::aae3d4d2-051a-46ec-9044-c2b69b635c88::87581009:87677005:12:1257:20260515,866453,1.0,38299,
FR:Line::aae3d4d2-051a-46ec-9044-c2b69b635c88:,9498,OCESN866453F1187_F:TER:FR:Line::aae3d4d2-051a-46ec-9044-c2b69b635c88::87581009:87677005:12:1258:20260511,866453,1.0,38300,
FR:Line::aae3d4d2-051a-46ec-9044-c2b69b635c88:,9499,OCESN866453F1187_F:TER:FR:Line::aae3d4d2-051a-46ec-9044-c2b69b635c88::87581009:87677005:12:1253:20260703,866453,1.0,38301,
FR:Line::aae3d4d2-051a-46ec-9044-c2b69b635c88:,9500,OCESN866453F1187_F:TER:FR:Line::aae3d4d2-051a-46ec-9044-c2b69b635c88::87581009:87677005:12:1254:20260629,866453,1.0,38302,
FR:Line::aae3d4d2-051a-46ec-9044-c2b69b635c88:,128,OCESN866453F1187_F:TER:FR:Line::aae3d4d2-051a-46ec-9044-c2b69b635c88::87581009:87677005:12:1251:20260831,866453,1.0,38303,
FR:Line::aae3d4d2-051a-46ec-9044-c2b69b635c88:,3070,OCESN866453F1187_F:TER:FR:Line::aae3d4d2-051a-46ec-9044-c2b69b635c88::87581009:87677005:12:1253:20260327,866453,1.0,38304,
FR:Line::aae3d4d2-051a-46ec-9044-c2b69b635c88:,1,OCESN866455F1187_F:TER:FR:Line::aae3d4d2-051a-46ec-9044-c2b69b635c88::87581009:87677005:12:1328:20260828,866455,1.0,38305,
FR:Line::aae3d4d2-051a-46ec-9044-c2b69b635c88:,380,OCESN866457F1187_F:TER:FR:Line::aae3d4d2-051a-46ec-9044-c2b69b635c88::87581009:87677005:12:1352:20260329,866457,1.0,38306,
FR:Line::aae3d4d2-051a-46ec-9044-c2b69b635c88:,123,OCESN866457F1187_F:TER:FR:Line::aae3d4d2-051a-46ec-9044-c2b69b635c88::87581009:87677005:13:1352:20260719,866457,1.0,38307,
FR:Line::aae3d4d2-051a-46ec-9044-c2b69b635c88:,4057,OCESN866457F1187_F:TER:FR:Line::aae3d4d2-051a-46ec-9044-c2b69b635c88::87581009:87677005:12:1352:20260503,866457,1.0,38309,
FR:Line::aae3d4d2-051a-46ec-9044-c2b69b635c88:,9501,OCESN866457F1187_F:TER:FR:Line::aae3d4d2-051a-46ec-9044-c2b69b635c88::87581009:87677005:12:1351:20260830,866457,1.0,38310,
FR:Line::aae3d4d2-051a-46ec-9044-c2b69b635c88:,2758,OCESN866459F1187_F:TER:FR:Line::aae3d4d2-051a-46ec-9044-c2b69b635c88::87581009:87677005:12:1603:20260830,866459,1.0,38311,
FR:Line::1f093b3e-6e5a-4365-9cd0-e5764b2c7767:,1870,OCESN866461F1187_F:TER:FR:Line::1f093b3e-6e5a-4365-9cd0-e5764b2c7767::87581009:87677005:18:1811:20260521,866461,0.0,38312,
FR:Line::1f093b3e-6e5a-4365-9cd0-e5764b2c7767:,9502,OCESN866461F1187_F:TER:FR:Line::1f093b3e-6e5a-4365-9cd0-e5764b2c7767::87581009:87677005:18:1811:20260517,866461,0.0,38313,
FR:Line::1f093b3e-6e5a-4365-9cd0-e5764b2c7767:,9503,OCESN866461F1187_F:TER:FR:Line::1f093b3e-6e5a-4365-9cd0-e5764b2c7767::87581009:87677005:18:1811:20260831,866461,0.0,38314,
FR:Line::1f093b3e-6e5a-4365-9cd0-e5764b2c7767:,4795,OCESN866461F1187_F:TER:FR:Line::1f093b3e-6e5a-4365-9cd0-e5764b2c7767::87581009:87677005:18:1811:20260329,866461,0.0,38315,
FR:Line::1f093b3e-6e5a-4365-9cd0-e5764b2c7767:,1176,OCESN866462F1187_F:TER:FR:Line::1f093b3e-6e5a-4365-9cd0-e5764b2c7767::87677005:87581009:20:836:20260522,866462,1.0,38316,
FR:Line::1f093b3e-6e5a-4365-9cd0-e5764b2c7767:,9220,OCESN866462F1187_F:TER:FR:Line::1f093b3e-6e5a-4365-9cd0-e5764b2c7767::87677005:87581009:20:836:20260831,866462,1.0,38317,
FR:Line::1f093b3e-6e5a-4365-9cd0-e5764b2c7767:,9504,OCESN866462F1187_F:TER:FR:Line::1f093b3e-6e5a-4365-9cd0-e5764b2c7767::87677005:87581009:20:836:20260620,866462,1.0,38318,
FR:Line::1f093b3e-6e5a-4365-9cd0-e5764b2c7767:,9505,OCESN866462F1187_F:TER:FR:Line::1f093b3e-6e5a-4365-9cd0-e5764b2c7767::87677005:87581009:20:836:20260515,866462,1.0,38319,
FR:Line::1f093b3e-6e5a-4365-9cd0-e5764b2c7767:,4703,OCESN866462F1187_F:TER:FR:Line::1f093b3e-6e5a-4365-9cd0-e5764b2c7767::87677005:87581009:20:836:20260328,866462,1.0,38320,
FR:Line::1f093b3e-6e5a-4365-9cd0-e5764b2c7767:,1176,OCESN866463F1187_F:TER:FR:Line::1f093b3e-6e5a-4365-9cd0-e5764b2c7767::87581009:87677005:14:2123:20260522,866463,0.0,38321,
FR:Line::1f093b3e-6e5a-4365-9cd0-e5764b2c7767:,9468,OCESN866463F1187_F:TER:FR:Line::1f093b3e-6e5a-4365-9cd0-e5764b2c7767::87581009:87677005:15:2126:20260717,866463,0.0,38322,
FR:Line::1f093b3e-6e5a-4365-9cd0-e5764b2c7767:,9461,OCESN866463F1187_F:TER:FR:Line::1f093b3e-6e5a-4365-9cd0-e5764b2c7767::87581009:87677005:14:2123:20260513,866463,0.0,38323,
FR:Line::1f093b3e-6e5a-4365-9cd0-e5764b2c7767:,9506,OCESN866463F1187_F:TER:FR:Line::1f093b3e-6e5a-4365-9cd0-e5764b2c7767::87581009:87677005:14:2123:20260831,866463,0.0,38324,
FR:Line::1f093b3e-6e5a-4365-9cd0-e5764b2c7767:,214,OCESN866463F1187_F:TER:FR:Line::1f093b3e-6e5a-4365-9cd0-e5764b2c7767::87581009:87677005:14:2123:20260327,866463,0.0,38325,
FR:Line::aae3d4d2-051a-46ec-9044-c2b69b635c88:,1177,OCESN866464F1187_F:TER:FR:Line::aae3d4d2-051a-46ec-9044-c2b69b635c88::87677005:87581009:12:1042:20260619,866464,0.0,38326,
FR:Line::aae3d4d2-051a-46ec-9044-c2b69b635c88:,9507,OCESN866464F1187_F:TER:FR:Line::aae3d4d2-051a-46ec-9044-c2b69b635c88::87677005:87581009:12:1042:20260831,866464,0.0,38327,
FR:Line::aae3d4d2-051a-46ec-9044-c2b69b635c88:,9172,OCESN866464F1187_F:TER:FR:Line::aae3d4d2-051a-46ec-9044-c2b69b635c88::87677005:87581009:12:1042:20260515,866464,0.0,38328,
FR:Line::aae3d4d2-051a-46ec-9044-c2b69b635c88:,1176,OCESN866464F1187_F:TER:FR:Line::aae3d4d2-051a-46ec-9044-c2b69b635c88::87677005:87581009:12:1042:20260522,866464,0.0,38329,
FR:Line::aae3d4d2-051a-46ec-9044-c2b69b635c88:,214,OCESN866464F1187_F:TER:FR:Line::aae3d4d2-051a-46ec-9044-c2b69b635c88::87677005:87581009:12:1043:20260327,866464,0.0,38330,
FR:Line::aae3d4d2-051a-46ec-9044-c2b69b635c88:,84,OCESN866466F1187_F:TER:FR:Line::aae3d4d2-051a-46ec-9044-c2b69b635c88::87677005:87581009:13:1320:20260718,866466,0.0,38331,
FR:Line::aae3d4d2-051a-46ec-9044-c2b69b635c88:,3785,OCESN866466F1187_F:TER:FR:Line::aae3d4d2-051a-46ec-9044-c2b69b635c88::87677005:87581009:12:1320:20260829,866466,0.0,38332,
FR:Line::aae3d4d2-051a-46ec-9044-c2b69b635c88:,9508,OCESN866468F1187_F:TER:FR:Line::aae3d4d2-051a-46ec-9044-c2b69b635c88::87677005:87581009:12:1425:20260621,866468,0.0,38333,
FR:Line::aae3d4d2-051a-46ec-9044-c2b69b635c88:,789,OCESN866468F1187_F:TER:FR:Line::aae3d4d2-051a-46ec-9044-c2b69b635c88::87677005:87581009:12:1431:20260329,866468,0.0,38334,
FR:Line::aae3d4d2-051a-46ec-9044-c2b69b635c88:,123,OCESN866468F1187_F:TER:FR:Line::aae3d4d2-051a-46ec-9044-c2b69b635c88::87677005:87581009:13:1425:20260719,866468,0.0,38336,
FR:Line::aae3d4d2-051a-46ec-9044-c2b69b635c88:,9463,OCESN866468F1187_F:TER:FR:Line::aae3d4d2-051a-46ec-9044-c2b69b635c88::87677005:87581009:12:1425:20260517,866468,0.0,38337,
FR:Line::aae3d4d2-051a-46ec-9044-c2b69b635c88:,9509,OCESN866468F1187_F:TER:FR:Line::aae3d4d2-051a-46ec-9044-c2b69b635c88::87677005:87581009:12:1425:20260830,866468,0.0,38338,
FR:Line::aae3d4d2-051a-46ec-9044-c2b69b635c88:,214,OCESN866470F1187_F:TER:FR:Line::aae3d4d2-051a-46ec-9044-c2b69b635c88::87677005:87581009:12:1606:20260327,866470,0.0,38339,
FR:Line::aae3d4d2-051a-46ec-9044-c2b69b635c88:,201,OCESN866473F1187_F:TER:FR:Line::aae3d4d2-051a-46ec-9044-c2b69b635c88::87581009:87677005:12:2158:20260628,866473,1.0,38340,
FR:Line::aae3d4d2-051a-46ec-9044-c2b69b635c88:,123,OCESN866473F1187_F:TER:FR:Line::aae3d4d2-051a-46ec-9044-c2b69b635c88::87581009:87677005:12:2157:20260719,866473,1.0,38341,
FR:Line::aae3d4d2-051a-46ec-9044-c2b69b635c88:,9510,OCESN866473F1187_F:TER:FR:Line::aae3d4d2-051a-46ec-9044-c2b69b635c88::87581009:87677005:12:2158:20260830,866473,1.0,38342,
FR:Line::1f093b3e-6e5a-4365-9cd0-e5764b2c7767:,1176,OCESN866474F1187_F:TER:FR:Line::1f093b3e-6e5a-4365-9cd0-e5764b2c7767::87677005:87581009:14:1736:20260522,866474,1.0,38344,
FR:Line::1f093b3e-6e5a-4365-9cd0-e5764b2c7767:,926,OCESN866474F1187_F:TER:FR:Line::1f093b3e-6e5a-4365-9cd0-e5764b2c7767::87677005:87581009:14:1736:20260703,866474,1.0,38345,
FR:Line::1f093b3e-6e5a-4365-9cd0-e5764b2c7767:,9461,OCESN866474F1187_F:TER:FR:Line::1f093b3e-6e5a-4365-9cd0-e5764b2c7767::87677005:87581009:14:1736:20260513,866474,1.0,38346,
FR:Line::1f093b3e-6e5a-4365-9cd0-e5764b2c7767:,1177,OCESN866474F1187_F:TER:FR:Line::1f093b3e-6e5a-4365-9cd0-e5764b2c7767::87677005:87581009:14:1736:20260619,866474,1.0,38347,
FR:Line::1f093b3e-6e5a-4365-9cd0-e5764b2c7767:,128,OCESN866474F1187_F:TER:FR:Line::1f093b3e-6e5a-4365-9cd0-e5764b2c7767::87677005:87581009:14:1736:20260831,866474,1.0,38348,
FR:Line::1f093b3e-6e5a-4365-9cd0-e5764b2c7767:,11,OCESN866474F1187_F:TER:FR:Line::1f093b3e-6e5a-4365-9cd0-e5764b2c7767::87677005:87581009:14:1736:20260306,866474,1.0,38349,
FR:Line::1f093b3e-6e5a-4365-9cd0-e5764b2c7767:,2042,OCESN866474F1187_F:TER:FR:Line::1f093b3e-6e5a-4365-9cd0-e5764b2c7767::87677005:87581009:14:1736:20260327,866474,1.0,38350,
FR:Line::1f093b3e-6e5a-4365-9cd0-e5764b2c7767:,9511,OCESN866476F1187_F:TER:FR:Line::1f093b3e-6e5a-4365-9cd0-e5764b2c7767::87677005:87581009:15:1831:20260718,866476,1.0,38351,
FR:Line::1f093b3e-6e5a-4365-9cd0-e5764b2c7767:,9512,OCESN866476F1187_F:TER:FR:Line::1f093b3e-6e5a-4365-9cd0-e5764b2c7767::87677005:87581009:14:1831:20260829,866476,1.0,38352,
FR:Line::aae3d4d2-051a-46ec-9044-c2b69b635c88:,380,OCESN866478F1187_F:TER:FR:Line::aae3d4d2-051a-46ec-9044-c2b69b635c88::87677005:87581009:12:1903:20260329,866478,0.0,38353,
FR:Line::aae3d4d2-051a-46ec-9044-c2b69b635c88:,436,OCESN866478F1187_F:TER:FR:Line::aae3d4d2-051a-46ec-9044-c2b69b635c88::87677005:87581009:12:1903:20260628,866478,0.0,38354,
FR:Line::aae3d4d2-051a-46ec-9044-c2b69b635c88:,6667,OCESN866478F1187_F:TER:FR:Line::aae3d4d2-051a-46ec-9044-c2b69b635c88::87677005:87581009:12:1903:20260621,866478,0.0,38355,
FR:Line::aae3d4d2-051a-46ec-9044-c2b69b635c88:,7060,OCESN866478F1187_F:TER:FR:Line::aae3d4d2-051a-46ec-9044-c2b69b635c88::87677005:87581009:12:1903:20260517,866478,0.0,38356,
FR:Line::aae3d4d2-051a-46ec-9044-c2b69b635c88:,84,OCESN866480F1187_F:TER:FR:Line::aae3d4d2-051a-46ec-9044-c2b69b635c88::87677005:87581009:13:2020:20260718,866480,0.0,38357,
FR:Line::aae3d4d2-051a-46ec-9044-c2b69b635c88:,245,OCESN866480F1187_F:TER:FR:Line::aae3d4d2-051a-46ec-9044-c2b69b635c88::87677005:87581009:12:2020:20260620,866480,0.0,38358,
FR:Line::aae3d4d2-051a-46ec-9044-c2b69b635c88:,9485,OCESN866480F1187_F:TER:FR:Line::aae3d4d2-051a-46ec-9044-c2b69b635c88::87677005:87581009:12:2020:20260829,866480,0.0,38359,
FR:Line::aae3d4d2-051a-46ec-9044-c2b69b635c88:,123,OCESN866482F1187_F:TER:FR:Line::aae3d4d2-051a-46ec-9044-c2b69b635c88::87677005:87581009:13:1908:20260719,866482,0.0,38360,
FR:Line::aae3d4d2-051a-46ec-9044-c2b69b635c88:,9510,OCESN866482F1187_F:TER:FR:Line::aae3d4d2-051a-46ec-9044-c2b69b635c88::87677005:87581009:12:1908:20260830,866482,0.0,38361,
FR:Line::1f093b3e-6e5a-4365-9cd0-e5764b2c7767:,926,OCESN866484F1187_F:TER:FR:Line::1f093b3e-6e5a-4365-9cd0-e5764b2c7767::87677005:87581009:18:2139:20260703,866484,1.0,38362,
FR:Line::1f093b3e-6e5a-4365-9cd0-e5764b2c7767:,8968,OCESN866484F1187_F:TER:FR:Line::1f093b3e-6e5a-4365-9cd0-e5764b2c7767::87677005:87581009:18:2139:20260619,866484,1.0,38363,
FR:Line::1f093b3e-6e5a-4365-9cd0-e5764b2c7767:,2810,OCESN866484F1187_F:TER:FR:Line::1f093b3e-6e5a-4365-9cd0-e5764b2c7767::87677005:87581009:18:2139:20260424,866484,1.0,38365,
FR:Line::1f093b3e-6e5a-4365-9cd0-e5764b2c7767:,544,OCESN866484F1187_F:TER:FR:Line::1f093b3e-6e5a-4365-9cd0-e5764b2c7767::87677005:87581009:18:2139:20260513,866484,1.0,38366,
FR:Line::1f093b3e-6e5a-4365-9cd0-e5764b2c7767:,543,OCESN866484F1187_F:TER:FR:Line::1f093b3e-6e5a-4365-9cd0-e5764b2c7767::87677005:87581009:18:2139:20260522,866484,1.0,38367,
FR:Line::1f093b3e-6e5a-4365-9cd0-e5764b2c7767:,128,OCESN866484F1187_F:TER:FR:Line::1f093b3e-6e5a-4365-9cd0-e5764b2c7767::87677005:87581009:18:2148:20260831,866484,1.0,38368,
FR:Line::1f093b3e-6e5a-4365-9cd0-e5764b2c7767:,214,OCESN866484F1187_F:TER:FR:Line::1f093b3e-6e5a-4365-9cd0-e5764b2c7767::87677005:87581009:18:2148:20260327,866484,1.0,38369,
FR:Line::aae3d4d2-051a-46ec-9044-c2b69b635c88:,1765,OCESN866486F1187_F:TER:FR:Line::aae3d4d2-051a-46ec-9044-c2b69b635c88::87677005:87581009:12:2139:20260709,866486,0.0,38370,
FR:Line::aae3d4d2-051a-46ec-9044-c2b69b635c88:,9513,OCESN866486F1187_F:TER:FR:Line::aae3d4d2-051a-46ec-9044-c2b69b635c88::87677005:87581009:12:2139:20260811,866486,0.0,38371,
FR:Line::aae3d4d2-051a-46ec-9044-c2b69b635c88:,9514,OCESN866486F1187_F:TER:FR:Line::aae3d4d2-051a-46ec-9044-c2b69b635c88::87677005:87581009:12:2139:20260729,866486,0.0,38372,
FR:Line::aae3d4d2-051a-46ec-9044-c2b69b635c88:,9515,OCESN866486F1187_F:TER:FR:Line::aae3d4d2-051a-46ec-9044-c2b69b635c88::87677005:87581009:12:2139:20260826,866486,0.0,38373,
FR:Line::aae3d4d2-051a-46ec-9044-c2b69b635c88:,1325,OCESN866486F1187_F:TER:FR:Line::aae3d4d2-051a-46ec-9044-c2b69b635c88::87677005:87581009:13:2148:20260716,866486,0.0,38374,
FR:Line::aae3d4d2-051a-46ec-9044-c2b69b635c88:,9516,OCESN866486F1187_F:TER:FR:Line::aae3d4d2-051a-46ec-9044-c2b69b635c88::87677005:87581009:12:2148:20260827,866486,0.0,38375,
FR:Line::60a02f18-2eca-4314-bb8f-6933a6768543:,9494,OCESN866600F1187_F:TER:FR:Line::60a02f18-2eca-4314-bb8f-6933a6768543::87671016:87581009:6:645:20260515,866600,0.0,38428,
FR:Line::60a02f18-2eca-4314-bb8f-6933a6768543:,9532,OCESN866600F1187_F:TER:FR:Line::60a02f18-2eca-4314-bb8f-6933a6768543::87671016:87581009:6:645:20260615,866600,0.0,38429,
FR:Line::60a02f18-2eca-4314-bb8f-6933a6768543:,6228,OCESN866600F1187_F:TER:FR:Line::60a02f18-2eca-4314-bb8f-6933a6768543::87671016:87581009:6:645:20260831,866600,0.0,38430,
FR:Line::60a02f18-2eca-4314-bb8f-6933a6768543:,214,OCESN866600F1187_F:TER:FR:Line::60a02f18-2eca-4314-bb8f-6933a6768543::87671016:87581009:6:646:20260327,866600,0.0,38431,
FR:Line::6660e3b5-b253-43c4-9e58-ece4d79481bf:,9447,OCESN866601F1187_F:TER:FR:Line::6660e3b5-b253-43c4-9e58-ece4d79481bf::87581009:87671016:10:723:20260831,866601,1.0,38432,
FR:Line::6660e3b5-b253-43c4-9e58-ece4d79481bf:,9533,OCESN866601F1187_F:TER:FR:Line::6660e3b5-b253-43c4-9e58-ece4d79481bf::87581009:87671016:10:722:20260522,866601,1.0,38433,
FR:Line::6660e3b5-b253-43c4-9e58-ece4d79481bf:,214,OCESN866601F1187_F:TER:FR:Line::6660e3b5-b253-43c4-9e58-ece4d79481bf::87581009:87671016:10:722:20260327,866601,1.0,38434,
FR:Line::6660e3b5-b253-43c4-9e58-ece4d79481bf:,6228,OCESN866602F1187_F:TER:FR:Line::6660e3b5-b253-43c4-9e58-ece4d79481bf::87671016:87581009:10:916:20260831,866602,0.0,38435,
FR:Line::6660e3b5-b253-43c4-9e58-ece4d79481bf:,9534,OCESN866602F1187_F:TER:FR:Line::6660e3b5-b253-43c4-9e58-ece4d79481bf::87671016:87581009:10:916:20260619,866602,0.0,38436,
FR:Line::6660e3b5-b253-43c4-9e58-ece4d79481bf:,214,OCESN866602F1187_F:TER:FR:Line::6660e3b5-b253-43c4-9e58-ece4d79481bf::87671016:87581009:10:918:20260327,866602,0.0,38437,
FR:Line::6660e3b5-b253-43c4-9e58-ece4d79481bf:,9494,OCESN866603F1187_F:TER:FR:Line::6660e3b5-b253-43c4-9e58-ece4d79481bf::87581009:87671016:8:926:20260515,866603,1.0,38438,
FR:Line::6660e3b5-b253-43c4-9e58-ece4d79481bf:,9535,OCESN866603F1187_F:TER:FR:Line::6660e3b5-b253-43c4-9e58-ece4d79481bf::87581009:87671016:8:926:20260831,866603,1.0,38439,
FR:Line::6660e3b5-b253-43c4-9e58-ece4d79481bf:,7181,OCESN866603F1187_F:TER:FR:Line::6660e3b5-b253-43c4-9e58-ece4d79481bf::87581009:87671016:8:926:20260526,866603,1.0,38440,
FR:Line::6660e3b5-b253-43c4-9e58-ece4d79481bf:,214,OCESN866603F1187_F:TER:FR:Line::6660e3b5-b253-43c4-9e58-ece4d79481bf::87581009:87671016:8:925:20260327,866603,1.0,38441,
FR:Line::6660e3b5-b253-43c4-9e58-ece4d79481bf:,380,OCESN866604F1187_F:TER:FR:Line::6660e3b5-b253-43c4-9e58-ece4d79481bf::87671016:87581009:10:1036:20260329,866604,0.0,38442,
FR:Line::6660e3b5-b253-43c4-9e58-ece4d79481bf:,4057,OCESN866604F1187_F:TER:FR:Line::6660e3b5-b253-43c4-9e58-ece4d79481bf::87671016:87581009:10:1036:20260503,866604,0.0,38443,
FR:Line::6660e3b5-b253-43c4-9e58-ece4d79481bf:,426,OCESN866604F1187_F:TER:FR:Line::6660e3b5-b253-43c4-9e58-ece4d79481bf::87671016:87581009:10:1036:20260830,866604,0.0,38444,
FR:Line::6660e3b5-b253-43c4-9e58-ece4d79481bf:,9534,OCESN866604F1187_F:TER:FR:Line::6660e3b5-b253-43c4-9e58-ece4d79481bf::87671016:87581009:8:1033:20260619,866604,0.0,38445,
FR:Line::6660e3b5-b253-43c4-9e58-ece4d79481bf:,6228,OCESN866604F1187_F:TER:FR:Line::6660e3b5-b253-43c4-9e58-ece4d79481bf::87671016:87581009:8:1035:20260831,866604,0.0,38446,
FR:Line::6660e3b5-b253-43c4-9e58-ece4d79481bf:,214,OCESN866604F1187_F:TER:FR:Line::6660e3b5-b253-43c4-9e58-ece4d79481bf::87671016:87581009:8:1036:20260327,866604,0.0,38447,
FR:Line::6660e3b5-b253-43c4-9e58-ece4d79481bf:,789,OCESN866605F1187_F:TER:FR:Line::6660e3b5-b253-43c4-9e58-ece4d79481bf::87581009:87671016:8:1001:20260329,866605,1.0,38448,
FR:Line::6660e3b5-b253-43c4-9e58-ece4d79481bf:,9451,OCESN866605F1187_F:TER:FR:Line::6660e3b5-b253-43c4-9e58-ece4d79481bf::87581009:87671016:8:1007:20260514,866605,1.0,38449,
FR:Line::6660e3b5-b253-43c4-9e58-ece4d79481bf:,9452,OCESN866605F1187_F:TER:FR:Line::6660e3b5-b253-43c4-9e58-ece4d79481bf::87581009:87671016:8:1007:20260830,866605,1.0,38450,
FR:Line::6660e3b5-b253-43c4-9e58-ece4d79481bf:,789,OCESN866606F1187_F:TER:FR:Line::6660e3b5-b253-43c4-9e58-ece4d79481bf::87671016:87581009:8:1224:20260329,866606,0.0,38451,
FR:Line::6660e3b5-b253-43c4-9e58-ece4d79481bf:,9536,OCESN866606F1187_F:TER:FR:Line::6660e3b5-b253-43c4-9e58-ece4d79481bf::87671016:87581009:8:1225:20260824,866606,0.0,38452,
FR:Line::6660e3b5-b253-43c4-9e58-ece4d79481bf:,9537,OCESN866606F1187_F:TER:FR:Line::6660e3b5-b253-43c4-9e58-ece4d79481bf::87671016:87581009:8:1224:20260619,866606,0.0,38453,
FR:Line::6660e3b5-b253-43c4-9e58-ece4d79481bf:,9538,OCESN866606F1187_F:TER:FR:Line::6660e3b5-b253-43c4-9e58-ece4d79481bf::87671016:87581009:8:1224:20260830,866606,0.0,38454,
FR:Line::6660e3b5-b253-43c4-9e58-ece4d79481bf:,9539,OCESN866606F1187_F:TER:FR:Line::6660e3b5-b253-43c4-9e58-ece4d79481bf::87671016:87581009:8:1224:20260831,866606,0.0,38455,
FR:Line::6660e3b5-b253-43c4-9e58-ece4d79481bf:,468,OCESN866606F1187_F:TER:FR:Line::6660e3b5-b253-43c4-9e58-ece4d79481bf::87671016:87581009:8:1225:20260323,866606,0.0,38456,
FR:Line::6660e3b5-b253-43c4-9e58-ece4d79481bf:,3070,OCESN866606F1187_F:TER:FR:Line::6660e3b5-b253-43c4-9e58-ece4d79481bf::87671016:87581009:8:1224:20260327,866606,0.0,38457,
FR:Line::6660e3b5-b253-43c4-9e58-ece4d79481bf:,1233,OCESN866607F1187_F:TER:FR:Line::6660e3b5-b253-43c4-9e58-ece4d79481bf::87581009:87671016:8:1116:20260831,866607,1.0,38458,
FR:Line::6660e3b5-b253-43c4-9e58-ece4d79481bf:,214,OCESN866607F1187_F:TER:FR:Line::6660e3b5-b253-43c4-9e58-ece4d79481bf::87581009:87671016:8:1116:20260327,866607,1.0,38459,
FR:Line::6660e3b5-b253-43c4-9e58-ece4d79481bf:,789,OCESN866608F1187_F:TER:FR:Line::6660e3b5-b253-43c4-9e58-ece4d79481bf::87671016:87581009:10:1418:20260329,866608,0.0,38460,
FR:Line::6660e3b5-b253-43c4-9e58-ece4d79481bf:,9540,OCESN866608F1187_F:TER:FR:Line::6660e3b5-b253-43c4-9e58-ece4d79481bf::87671016:87581009:10:1416:20260831,866608,0.0,38461,
FR:Line::6660e3b5-b253-43c4-9e58-ece4d79481bf:,380,OCESN866609F1187_F:TER:FR:Line::6660e3b5-b253-43c4-9e58-ece4d79481bf::87581009:87671016:10:1226:20260329,866609,1.0,38462,
FR:Line::6660e3b5-b253-43c4-9e58-ece4d79481bf:,2119,OCESN866609F1187_F:TER:FR:Line::6660e3b5-b253-43c4-9e58-ece4d79481bf::87581009:87671016:8:1221:20260328,866609,1.0,38463,
FR:Line::6660e3b5-b253-43c4-9e58-ece4d79481bf:,9448,OCESN866609F1187_F:TER:FR:Line::6660e3b5-b253-43c4-9e58-ece4d79481bf::87581009:87671016:8:1220:20260514,866609,1.0,38464,
FR:Line::6660e3b5-b253-43c4-9e58-ece4d79481bf:,9266,OCESN866609F1187_F:TER:FR:Line::6660e3b5-b253-43c4-9e58-ece4d79481bf::87581009:87671016:8:1220:20260829,866609,1.0,38465,
FR:Line::6660e3b5-b253-43c4-9e58-ece4d79481bf:,4057,OCESN866609F1187_F:TER:FR:Line::6660e3b5-b253-43c4-9e58-ece4d79481bf::87581009:87671016:10:1226:20260503,866609,1.0,38466,
FR:Line::6660e3b5-b253-43c4-9e58-ece4d79481bf:,9447,OCESN866609F1187_F:TER:FR:Line::6660e3b5-b253-43c4-9e58-ece4d79481bf::87581009:87671016:8:1214:20260831,866609,1.0,38467,
FR:Line::6660e3b5-b253-43c4-9e58-ece4d79481bf:,426,OCESN866609F1187_F:TER:FR:Line::6660e3b5-b253-43c4-9e58-ece4d79481bf::87581009:87671016:10:1224:20260830,866609,1.0,38468,
FR:Line::6660e3b5-b253-43c4-9e58-ece4d79481bf:,9533,OCESN866609F1187_F:TER:FR:Line::6660e3b5-b253-43c4-9e58-ece4d79481bf::87581009:87671016:8:1221:20260522,866609,1.0,38469,
FR:Line::6660e3b5-b253-43c4-9e58-ece4d79481bf:,9541,OCESN866610F1187_F:TER:FR:Line::6660e3b5-b253-43c4-9e58-ece4d79481bf::87671016:87581009:8:1617:20260831,866610,0.0,38470,
FR:Line::6660e3b5-b253-43c4-9e58-ece4d79481bf:,789,OCESN866611F1187_F:TER:FR:Line::6660e3b5-b253-43c4-9e58-ece4d79481bf::87581009:87671016:10:1423:20260329,866611,1.0,38471,
FR:Line::6660e3b5-b253-43c4-9e58-ece4d79481bf:,371,OCESN866611F1187_F:TER:FR:Line::6660e3b5-b253-43c4-9e58-ece4d79481bf::87581009:87671016:10:1423:20260417,866611,1.0,38472,
FR:Line::6660e3b5-b253-43c4-9e58-ece4d79481bf:,9542,OCESN866611F1187_F:TER:FR:Line::6660e3b5-b253-43c4-9e58-ece4d79481bf::87581009:87671016:10:1420:20260830,866611,1.0,38473,
FR:Line::6660e3b5-b253-43c4-9e58-ece4d79481bf:,2558,OCESN866611F1187_F:TER:FR:Line::6660e3b5-b253-43c4-9e58-ece4d79481bf::87581009:87671016:10:1421:20260831,866611,1.0,38474,
FR:Line::6660e3b5-b253-43c4-9e58-ece4d79481bf:,789,OCESN866612F1187_F:TER:FR:Line::6660e3b5-b253-43c4-9e58-ece4d79481bf::87671016:87581009:8:1716:20260329,866612,0.0,38475,
FR:Line::6660e3b5-b253-43c4-9e58-ece4d79481bf:,341,OCESN866612F1187_F:TER:FR:Line::6660e3b5-b253-43c4-9e58-ece4d79481bf::87671016:87581009:8:1712:20260513,866612,0.0,38476,
FR:Line::6660e3b5-b253-43c4-9e58-ece4d79481bf:,9542,OCESN866612F1187_F:TER:FR:Line::6660e3b5-b253-43c4-9e58-ece4d79481bf::87671016:87581009:8:1716:20260830,866612,0.0,38477,
FR:Line::6660e3b5-b253-43c4-9e58-ece4d79481bf:,6228,OCESN866612F1187_F:TER:FR:Line::6660e3b5-b253-43c4-9e58-ece4d79481bf::87671016:87581009:8:1716:20260831,866612,0.0,38478,
FR:Line::6660e3b5-b253-43c4-9e58-ece4d79481bf:,362,OCESN866612F1187_F:TER:FR:Line::6660e3b5-b253-43c4-9e58-ece4d79481bf::87671016:87581009:8:1716:20260619,866612,0.0,38479,
FR:Line::6660e3b5-b253-43c4-9e58-ece4d79481bf:,214,OCESN866612F1187_F:TER:FR:Line::6660e3b5-b253-43c4-9e58-ece4d79481bf::87671016:87581009:8:1716:20260327,866612,0.0,38480,
FR:Line::6660e3b5-b253-43c4-9e58-ece4d79481bf:,3000,OCESN866613F1187_F:TER:FR:Line::6660e3b5-b253-43c4-9e58-ece4d79481bf::87581009:87671016:8:1610:20260522,866613,1.0,38481,
FR:Line::6660e3b5-b253-43c4-9e58-ece4d79481bf:,341,OCESN866613F1187_F:TER:FR:Line::6660e3b5-b253-43c4-9e58-ece4d79481bf::87581009:87671016:8:1606:20260513,866613,1.0,38482,
FR:Line::6660e3b5-b253-43c4-9e58-ece4d79481bf:,9447,OCESN866613F1187_F:TER:FR:Line::6660e3b5-b253-43c4-9e58-ece4d79481bf::87581009:87671016:8:1610:20260831,866613,1.0,38483,
FR:Line::6660e3b5-b253-43c4-9e58-ece4d79481bf:,214,OCESN866613F1187_F:TER:FR:Line::6660e3b5-b253-43c4-9e58-ece4d79481bf::87581009:87671016:8:1610:20260327,866613,1.0,38484,
FR:Line::6660e3b5-b253-43c4-9e58-ece4d79481bf:,2119,OCESN866614F1187_F:TER:FR:Line::6660e3b5-b253-43c4-9e58-ece4d79481bf::87671016:87581009:10:1933:20260328,866614,0.0,38485,
FR:Line::6660e3b5-b253-43c4-9e58-ece4d79481bf:,9033,OCESN866614F1187_F:TER:FR:Line::6660e3b5-b253-43c4-9e58-ece4d79481bf::87671016:87581009:10:1932:20260829,866614,0.0,38486,
FR:Line::6660e3b5-b253-43c4-9e58-ece4d79481bf:,6228,OCESN866614F1187_F:TER:FR:Line::6660e3b5-b253-43c4-9e58-ece4d79481bf::87671016:87581009:10:1932:20260831,866614,0.0,38487,
FR:Line::6660e3b5-b253-43c4-9e58-ece4d79481bf:,9543,OCESN866614F1187_F:TER:FR:Line::6660e3b5-b253-43c4-9e58-ece4d79481bf::87671016:87581009:10:1932:20260620,866614,0.0,38488,
FR:Line::6660e3b5-b253-43c4-9e58-ece4d79481bf:,214,OCESN866614F1187_F:TER:FR:Line::6660e3b5-b253-43c4-9e58-ece4d79481bf::87671016:87581009:10:1933:20260327,866614,0.0,38489,
FR:Line::6660e3b5-b253-43c4-9e58-ece4d79481bf:,789,OCESN866615F1187_F:TER:FR:Line::6660e3b5-b253-43c4-9e58-ece4d79481bf::87581009:87671016:8:1716:20260329,866615,1.0,38490,
FR:Line::6660e3b5-b253-43c4-9e58-ece4d79481bf:,9542,OCESN866615F1187_F:TER:FR:Line::6660e3b5-b253-43c4-9e58-ece4d79481bf::87581009:87671016:8:1716:20260830,866615,1.0,38491,
FR:Line::6660e3b5-b253-43c4-9e58-ece4d79481bf:,1177,OCESN866616F1187_F:TER:FR:Line::6660e3b5-b253-43c4-9e58-ece4d79481bf::87671016:87581009:10:2022:20260619,866616,0.0,38492,
FR:Line::6660e3b5-b253-43c4-9e58-ece4d79481bf:,9544,OCESN866616F1187_F:TER:FR:Line::6660e3b5-b253-43c4-9e58-ece4d79481bf::87671016:87581009:10:2023:20260522,866616,0.0,38493,
FR:Line::6660e3b5-b253-43c4-9e58-ece4d79481bf:,6228,OCESN866616F1187_F:TER:FR:Line::6660e3b5-b253-43c4-9e58-ece4d79481bf::87671016:87581009:10:2022:20260831,866616,0.0,38494,
FR:Line::6660e3b5-b253-43c4-9e58-ece4d79481bf:,214,OCESN866616F1187_F:TER:FR:Line::6660e3b5-b253-43c4-9e58-ece4d79481bf::87671016:87581009:10:2024:20260327,866616,0.0,38495,
FR:Line::6660e3b5-b253-43c4-9e58-ece4d79481bf:,9541,OCESN866617F1187_F:TER:FR:Line::6660e3b5-b253-43c4-9e58-ece4d79481bf::87581009:87671016:10:1826:20260831,866617,1.0,38496,
FR:Line::6660e3b5-b253-43c4-9e58-ece4d79481bf:,214,OCESN866617F1187_F:TER:FR:Line::6660e3b5-b253-43c4-9e58-ece4d79481bf::87581009:87671016:10:1826:20260327,866617,1.0,38497,
FR:Line::6660e3b5-b253-43c4-9e58-ece4d79481bf:,789,OCESN866618F1187_F:TER:FR:Line::6660e3b5-b253-43c4-9e58-ece4d79481bf::87671016:87581009:8:2122:20260329,866618,0.0,38498,
FR:Line::6660e3b5-b253-43c4-9e58-ece4d79481bf:,9508,OCESN866618F1187_F:TER:FR:Line::6660e3b5-b253-43c4-9e58-ece4d79481bf::87671016:87581009:8:2122:20260621,866618,0.0,38499,
FR:Line::6660e3b5-b253-43c4-9e58-ece4d79481bf:,9463,OCESN866618F1187_F:TER:FR:Line::6660e3b5-b253-43c4-9e58-ece4d79481bf::87671016:87581009:8:2122:20260517,866618,0.0,38500,
FR:Line::6660e3b5-b253-43c4-9e58-ece4d79481bf:,9226,OCESN866618F1187_F:TER:FR:Line::6660e3b5-b253-43c4-9e58-ece4d79481bf::87671016:87581009:8:2122:20260830,866618,0.0,38501,
FR:Line::6660e3b5-b253-43c4-9e58-ece4d79481bf:,9447,OCESN866619F1187_F:TER:FR:Line::6660e3b5-b253-43c4-9e58-ece4d79481bf::87581009:87671016:8:1914:20260831,866619,1.0,38502,
FR:Line::6660e3b5-b253-43c4-9e58-ece4d79481bf:,9544,OCESN866619F1187_F:TER:FR:Line::6660e3b5-b253-43c4-9e58-ece4d79481bf::87581009:87671016:8:1914:20260522,866619,1.0,38503,
FR:Line::6660e3b5-b253-43c4-9e58-ece4d79481bf:,214,OCESN866619F1187_F:TER:FR:Line::6660e3b5-b253-43c4-9e58-ece4d79481bf::87581009:87671016:8:1914:20260327,866619,1.0,38504,
FR:Line::6660e3b5-b253-43c4-9e58-ece4d79481bf:,1177,OCESN866620F1187_F:TER:FR:Line::6660e3b5-b253-43c4-9e58-ece4d79481bf::87671016:87581009:8:2230:20260619,866620,0.0,38505,
FR:Line::6660e3b5-b253-43c4-9e58-ece4d79481bf:,6228,OCESN866620F1187_F:TER:FR:Line::6660e3b5-b253-43c4-9e58-ece4d79481bf::87671016:87581009:8:2230:20260831,866620,0.0,38506,
FR:Line::6660e3b5-b253-43c4-9e58-ece4d79481bf:,9544,OCESN866620F1187_F:TER:FR:Line::6660e3b5-b253-43c4-9e58-ece4d79481bf::87671016:87581009:8:2230:20260522,866620,0.0,38507,
FR:Line::6660e3b5-b253-43c4-9e58-ece4d79481bf:,214,OCESN866620F1187_F:TER:FR:Line::6660e3b5-b253-43c4-9e58-ece4d79481bf::87671016:87581009:8:2231:20260327,866620,0.0,38508,
FR:Line::6660e3b5-b253-43c4-9e58-ece4d79481bf:,2119,OCESN866621F1187_F:TER:FR:Line::6660e3b5-b253-43c4-9e58-ece4d79481bf::87581009:87671016:8:2114:20260328,866621,1.0,38509,
FR:Line::6660e3b5-b253-43c4-9e58-ece4d79481bf:,9545,OCESN866621F1187_F:TER:FR:Line::6660e3b5-b253-43c4-9e58-ece4d79481bf::87581009:87671016:8:2115:20260829,866621,1.0,38510,
FR:Line::6660e3b5-b253-43c4-9e58-ece4d79481bf:,9541,OCESN866621F1187_F:TER:FR:Line::6660e3b5-b253-43c4-9e58-ece4d79481bf::87581009:87671016:8:2115:20260831,866621,1.0,38511,
FR:Line::6660e3b5-b253-43c4-9e58-ece4d79481bf:,214,OCESN866621F1187_F:TER:FR:Line::6660e3b5-b253-43c4-9e58-ece4d79481bf::87581009:87671016:8:2115:20260327,866621,1.0,38512,
FR:Line::6660e3b5-b253-43c4-9e58-ece4d79481bf:,2119,OCESN866622F1187_F:TER:FR:Line::6660e3b5-b253-43c4-9e58-ece4d79481bf::87671016:87581009:8:1036:20260328,866622,0.0,38513,
FR:Line::6660e3b5-b253-43c4-9e58-ece4d79481bf:,9546,OCESN866622F1187_F:TER:FR:Line::6660e3b5-b253-43c4-9e58-ece4d79481bf::87671016:87581009:8:1036:20260829,866622,0.0,38514,
FR:Line::6660e3b5-b253-43c4-9e58-ece4d79481bf:,380,OCESN866623F1187_F:TER:FR:Line::6660e3b5-b253-43c4-9e58-ece4d79481bf::87581009:87671016:8:2200:20260329,866623,1.0,38515,
FR:Line::6660e3b5-b253-43c4-9e58-ece4d79481bf:,7060,OCESN866623F1187_F:TER:FR:Line::6660e3b5-b253-43c4-9e58-ece4d79481bf::87581009:87671016:8:2200:20260517,866623,1.0,38516,
FR:Line::6660e3b5-b253-43c4-9e58-ece4d79481bf:,426,OCESN866623F1187_F:TER:FR:Line::6660e3b5-b253-43c4-9e58-ece4d79481bf::87581009:87671016:8:2158:20260830,866623,1.0,38517,
FR:Line::6660e3b5-b253-43c4-9e58-ece4d79481bf:,380,OCESN866624F1187_F:TER:FR:Line::6660e3b5-b253-43c4-9e58-ece4d79481bf::87671016:87581009:8:1916:20260329,866624,0.0,38518,
FR:Line::6660e3b5-b253-43c4-9e58-ece4d79481bf:,7060,OCESN866624F1187_F:TER:FR:Line::6660e3b5-b253-43c4-9e58-ece4d79481bf::87671016:87581009:8:1916:20260517,866624,0.0,38519,
FR:Line::6660e3b5-b253-43c4-9e58-ece4d79481bf:,426,OCESN866624F1187_F:TER:FR:Line::6660e3b5-b253-43c4-9e58-ece4d79481bf::87671016:87581009:8:1916:20260830,866624,0.0,38520,
FR:Line::60a02f18-2eca-4314-bb8f-6933a6768543:,341,OCESN866625F1187_F:TER:FR:Line::60a02f18-2eca-4314-bb8f-6933a6768543::87581009:87671016:5:2152:20260513,866625,1.0,38521,
FR:Line::60a02f18-2eca-4314-bb8f-6933a6768543:,3000,OCESN866625F1187_F:TER:FR:Line::60a02f18-2eca-4314-bb8f-6933a6768543::87581009:87671016:5:2152:20260522,866625,1.0,38522,
FR:Line::60a02f18-2eca-4314-bb8f-6933a6768543:,9447,OCESN866625F1187_F:TER:FR:Line::60a02f18-2eca-4314-bb8f-6933a6768543::87581009:87671016:5:2151:20260831,866625,1.0,38523,
FR:Line::60a02f18-2eca-4314-bb8f-6933a6768543:,214,OCESN866625F1187_F:TER:FR:Line::60a02f18-2eca-4314-bb8f-6933a6768543::87581009:87671016:5:2154:20260327,866625,1.0,38524,
FR:Line::6660e3b5-b253-43c4-9e58-ece4d79481bf:,789,OCESN866629F1187_F:TER:FR:Line::6660e3b5-b253-43c4-9e58-ece4d79481bf::87581009:87671016:10:1918:20260329,866629,1.0,38525,
FR:Line::6660e3b5-b253-43c4-9e58-ece4d79481bf:,9463,OCESN866629F1187_F:TER:FR:Line::6660e3b5-b253-43c4-9e58-ece4d79481bf::87581009:87671016:10:1918:20260517,866629,1.0,38526,
FR:Line::6660e3b5-b253-43c4-9e58-ece4d79481bf:,9460,OCESN866629F1187_F:TER:FR:Line::6660e3b5-b253-43c4-9e58-ece4d79481bf::87581009:87671016:10:1918:20260830,866629,1.0,38527,
FR:Line::e0a06da9-7515-46e3-a790-975f9883185c:,6000,OCESN866700F1187_F:TER:FR:Line::e0a06da9-7515-46e3-a790-975f9883185c::87582775:87581009:11:620:20260831,866700,1.0,38541,
FR:Line::e0a06da9-7515-46e3-a790-975f9883185c:,6000,OCESN866701F1187_F:TER:FR:Line::e0a06da9-7515-46e3-a790-975f9883185c::87581009:87582775:11:723:20260831,866701,0.0,38542,
FR:Line::e0a06da9-7515-46e3-a790-975f9883185c:,9550,OCESN866702F1187_F:TER:FR:Line::e0a06da9-7515-46e3-a790-975f9883185c::87582775:87581009:11:657:20260829,866702,1.0,38543,
FR:Line::e0a06da9-7515-46e3-a790-975f9883185c:,6000,OCESN866703F1187_F:TER:FR:Line::e0a06da9-7515-46e3-a790-975f9883185c::87581009:87582775:11:833:20260831,866703,0.0,38544,
FR:Line::e0a06da9-7515-46e3-a790-975f9883185c:,4898,OCESN866704F1187_F:TER:FR:Line::e0a06da9-7515-46e3-a790-975f9883185c::87582775:87581009:11:728:20260831,866704,1.0,38545,
FR:Line::e0a06da9-7515-46e3-a790-975f9883185c:,9550,OCESN866705F1187_F:TER:FR:Line::e0a06da9-7515-46e3-a790-975f9883185c::87581009:87582775:11:803:20260829,866705,0.0,38546,
FR:Line::e0a06da9-7515-46e3-a790-975f9883185c:,9551,OCESN866706F1187_F:TER:FR:Line::e0a06da9-7515-46e3-a790-975f9883185c::87582775:87581009:11:754:20260831,866706,1.0,38547,
FR:Line::e0a06da9-7515-46e3-a790-975f9883185c:,1,OCESN866707F1187_F:TER:FR:Line::e0a06da9-7515-46e3-a790-975f9883185c::87581009:87582775:11:926:20260828,866707,0.0,38548,
FR:Line::e0a06da9-7515-46e3-a790-975f9883185c:,4898,OCESN866707F1187_F:TER:FR:Line::e0a06da9-7515-46e3-a790-975f9883185c::87581009:87582775:11:935:20260831,866707,0.0,38549,
FR:Line::e0a06da9-7515-46e3-a790-975f9883185c:,6000,OCESN866708F1187_F:TER:FR:Line::e0a06da9-7515-46e3-a790-975f9883185c::87582775:87581009:11:827:20260831,866708,1.0,38550,
FR:Line::e0a06da9-7515-46e3-a790-975f9883185c:,9552,OCESN866709F1187_F:TER:FR:Line::e0a06da9-7515-46e3-a790-975f9883185c::87581009:87582775:11:1038:20260831,866709,0.0,38551,
FR:Line::e0a06da9-7515-46e3-a790-975f9883185c:,6000,OCESN866710F1187_F:TER:FR:Line::e0a06da9-7515-46e3-a790-975f9883185c::87582775:87581009:9:904:20260831,866710,1.0,38552,
FR:Line::e0a06da9-7515-46e3-a790-975f9883185c:,9553,OCESN866711F1187_F:TER:FR:Line::e0a06da9-7515-46e3-a790-975f9883185c::87581009:87582775:11:1021:20260714,866711,0.0,38553,
FR:Line::e0a06da9-7515-46e3-a790-975f9883185c:,9554,OCESN866711F1187_F:TER:FR:Line::e0a06da9-7515-46e3-a790-975f9883185c::87581009:87582775:11:1026:20260830,866711,0.0,38554,
FR:Line::e0a06da9-7515-46e3-a790-975f9883185c:,9550,OCESN866712F1187_F:TER:FR:Line::e0a06da9-7515-46e3-a790-975f9883185c::87582775:87581009:11:907:20260829,866712,1.0,38555,
FR:Line::e0a06da9-7515-46e3-a790-975f9883185c:,9555,OCESN866712F1187_F:TER:FR:Line::e0a06da9-7515-46e3-a790-975f9883185c::87582775:87581009:11:910:20260830,866712,1.0,38556,
FR:Line::e0a06da9-7515-46e3-a790-975f9883185c:,9552,OCESN866713F1187_F:TER:FR:Line::e0a06da9-7515-46e3-a790-975f9883185c::87581009:87582775:11:1147:20260831,866713,0.0,38557,
FR:Line::e0a06da9-7515-46e3-a790-975f9883185c:,6000,OCESN866714F1187_F:TER:FR:Line::e0a06da9-7515-46e3-a790-975f9883185c::87582775:87581009:11:1007:20260831,866714,1.0,38558,
FR:Line::e0a06da9-7515-46e3-a790-975f9883185c:,6000,OCESN866715F1187_F:TER:FR:Line::e0a06da9-7515-46e3-a790-975f9883185c::87581009:87582775:11:1349:20260831,866715,0.0,38559,
FR:Line::e0a06da9-7515-46e3-a790-975f9883185c:,6000,OCESN866716F1187_F:TER:FR:Line::e0a06da9-7515-46e3-a790-975f9883185c::87582775:87581009:11:1115:20260831,866716,1.0,38560,
FR:Line::e0a06da9-7515-46e3-a790-975f9883185c:,9556,OCESN866717F1187_F:TER:FR:Line::e0a06da9-7515-46e3-a790-975f9883185c::87581009:87582775:11:1352:20260830,866717,0.0,38561,
FR:Line::e0a06da9-7515-46e3-a790-975f9883185c:,9557,OCESN866718F1187_F:TER:FR:Line::e0a06da9-7515-46e3-a790-975f9883185c::87582775:87581009:11:1130:20260830,866718,1.0,38562,
FR:Line::e0a06da9-7515-46e3-a790-975f9883185c:,4898,OCESN866719F1187_F:TER:FR:Line::e0a06da9-7515-46e3-a790-975f9883185c::87581009:87582775:11:1521:20260831,866719,0.0,38563,
FR:Line::e0a06da9-7515-46e3-a790-975f9883185c:,9552,OCESN866720F1187_F:TER:FR:Line::e0a06da9-7515-46e3-a790-975f9883185c::87582775:87581009:11:1317:20260831,866720,1.0,38564,
FR:Line::e0a06da9-7515-46e3-a790-975f9883185c:,9558,OCESN866721F1187_F:TER:FR:Line::e0a06da9-7515-46e3-a790-975f9883185c::87581009:87582775:11:1553:20260830,866721,0.0,38565,
FR:Line::e0a06da9-7515-46e3-a790-975f9883185c:,6000,OCESN866723F1187_F:TER:FR:Line::e0a06da9-7515-46e3-a790-975f9883185c::87581009:87582775:11:1637:20260831,866723,0.0,38566,
FR:Line::e0a06da9-7515-46e3-a790-975f9883185c:,9559,OCESN866724F1187_F:TER:FR:Line::e0a06da9-7515-46e3-a790-975f9883185c::87582775:87581009:11:1414:20260831,866724,1.0,38567,
FR:Line::e0a06da9-7515-46e3-a790-975f9883185c:,6000,OCESN866725F1187_F:TER:FR:Line::e0a06da9-7515-46e3-a790-975f9883185c::87581009:87582775:11:1749:20260831,866725,0.0,38568,
FR:Line::e0a06da9-7515-46e3-a790-975f9883185c:,9560,OCESN866726F1187_F:TER:FR:Line::e0a06da9-7515-46e3-a790-975f9883185c::87582775:87581009:11:1536:20260830,866726,1.0,38569,
FR:Line::e0a06da9-7515-46e3-a790-975f9883185c:,9561,OCESN866728F1187_F:TER:FR:Line::e0a06da9-7515-46e3-a790-975f9883185c::87582775:87581009:11:1711:20260831,866728,1.0,38570,
FR:Line::e0a06da9-7515-46e3-a790-975f9883185c:,9562,OCESN866729F1187_F:TER:FR:Line::e0a06da9-7515-46e3-a790-975f9883185c::87581009:87582775:11:1833:20260831,866729,0.0,38571,
FR:Line::e0a06da9-7515-46e3-a790-975f9883185c:,106,OCESN866730F1187_F:TER:FR:Line::e0a06da9-7515-46e3-a790-975f9883185c::87582775:87581009:10:1813:20260406,866730,1.0,38572,
FR:Line::e0a06da9-7515-46e3-a790-975f9883185c:,9563,OCESN866730F1187_F:TER:FR:Line::e0a06da9-7515-46e3-a790-975f9883185c::87582775:87581009:10:1813:20260831,866730,1.0,38573,
FR:Line::e0a06da9-7515-46e3-a790-975f9883185c:,9564,OCESN866731F1187_F:TER:FR:Line::e0a06da9-7515-46e3-a790-975f9883185c::87581009:87582775:11:1931:20260831,866731,0.0,38574,
FR:Line::e0a06da9-7515-46e3-a790-975f9883185c:,9565,OCESN866733F1187_F:TER:FR:Line::e0a06da9-7515-46e3-a790-975f9883185c::87581009:87582775:11:2029:20260830,866733,0.0,38575,
FR:Line::e0a06da9-7515-46e3-a790-975f9883185c:,9566,OCESN866733F1187_F:TER:FR:Line::e0a06da9-7515-46e3-a790-975f9883185c::87581009:87582775:11:2030:20260831,866733,0.0,38576,
FR:Line::e0a06da9-7515-46e3-a790-975f9883185c:,9567,OCESN866734F1187_F:TER:FR:Line::e0a06da9-7515-46e3-a790-975f9883185c::87582775:87581009:11:2018:20260831,866734,1.0,38577,
FR:Line::e0a06da9-7515-46e3-a790-975f9883185c:,9566,OCESN866735F1187_F:TER:FR:Line::e0a06da9-7515-46e3-a790-975f9883185c::87581009:87582775:11:2127:20260831,866735,0.0,38578,
FR:Line::e0a06da9-7515-46e3-a790-975f9883185c:,9567,OCESN866736F1187_F:TER:FR:Line::e0a06da9-7515-46e3-a790-975f9883185c::87582775:87581009:11:2129:20260831,866736,1.0,38579,
FR:Line::e0a06da9-7515-46e3-a790-975f9883185c:,9568,OCESN866737F1187_F:TER:FR:Line::e0a06da9-7515-46e3-a790-975f9883185c::87581009:87582775:11:2245:20260829,866737,0.0,38580,
FR:Line::e0a06da9-7515-46e3-a790-975f9883185c:,9569,OCESN866737F1187_F:TER:FR:Line::e0a06da9-7515-46e3-a790-975f9883185c::87581009:87582775:11:2211:20260830,866737,0.0,38581,
FR:Line::e0a06da9-7515-46e3-a790-975f9883185c:,4898,OCESN866739F1187_F:TER:FR:Line::e0a06da9-7515-46e3-a790-975f9883185c::87581009:87582775:11:1434:20260831,866739,0.0,38582,
FR:Line::e0a06da9-7515-46e3-a790-975f9883185c:,9552,OCESN866740F1187_F:TER:FR:Line::e0a06da9-7515-46e3-a790-975f9883185c::87582775:87581009:11:1227:20260831,866740,1.0,38583,
FR:Line::e0a06da9-7515-46e3-a790-975f9883185c:,9570,OCESN866741F1187_F:TER:FR:Line::e0a06da9-7515-46e3-a790-975f9883185c::87581009:87582775:11:1233:20260830,866741,0.0,38584,
FR:Line::e0a06da9-7515-46e3-a790-975f9883185c:,9571,OCESN866742F1187_F:TER:FR:Line::e0a06da9-7515-46e3-a790-975f9883185c::87582775:87581009:11:1336:20260627,866742,1.0,38585,
FR:Line::e0a06da9-7515-46e3-a790-975f9883185c:,9559,OCESN866743F1187_F:TER:FR:Line::e0a06da9-7515-46e3-a790-975f9883185c::87581009:87582775:11:1238:20260831,866743,0.0,38586,
FR:Line::e0a06da9-7515-46e3-a790-975f9883185c:,4898,OCESN866744F1187_F:TER:FR:Line::e0a06da9-7515-46e3-a790-975f9883185c::87582775:87581009:11:1517:20260831,866744,1.0,38587,
FR:Line::e0a06da9-7515-46e3-a790-975f9883185c:,1,OCESN866745F1187_F:TER:FR:Line::e0a06da9-7515-46e3-a790-975f9883185c::87581009:87582775:11:1520:20260828,866745,0.0,38588,
FR:Line::e0a06da9-7515-46e3-a790-975f9883185c:,9572,OCESN866746F1187_F:TER:FR:Line::e0a06da9-7515-46e3-a790-975f9883185c::87582775:87581009:11:1923:20260829,866746,1.0,38589,
FR:Line::e0a06da9-7515-46e3-a790-975f9883185c:,9572,OCESN866747F1187_F:TER:FR:Line::e0a06da9-7515-46e3-a790-975f9883185c::87581009:87582775:11:1820:20260829,866747,0.0,38590,
FR:Line::a7820377-230e-419a-8573-9d4de08fc44f:,1982,OCESN866801F1187_F:TER:FR:Line::a7820377-230e-419a-8573-9d4de08fc44f::87581009:87586008:10:749:20260831,866801,1.0,38591,
FR:Line::a7820377-230e-419a-8573-9d4de08fc44f:,1,OCESN866802F1187_F:TER:FR:Line::a7820377-230e-419a-8573-9d4de08fc44f::87586008:87581009:10:657:20260828,866802,0.0,38592,
FR:Line::a7820377-230e-419a-8573-9d4de08fc44f:,4898,OCESN866802F1187_F:TER:FR:Line::a7820377-230e-419a-8573-9d4de08fc44f::87586008:87581009:10:659:20260831,866802,0.0,38593,
FR:Line::a7820377-230e-419a-8573-9d4de08fc44f:,9573,OCESN866803F1187_F:TER:FR:Line::a7820377-230e-419a-8573-9d4de08fc44f::87581009:87586008:13:831:20260831,866803,1.0,38595,
FR:Line::a7820377-230e-419a-8573-9d4de08fc44f:,9573,OCESN866804F1187_F:TER:FR:Line::a7820377-230e-419a-8573-9d4de08fc44f::87586008:87581009:10:735:20260831,866804,0.0,38597,
FR:Line::a7820377-230e-419a-8573-9d4de08fc44f:,6000,OCESN866805F1187_F:TER:FR:Line::a7820377-230e-419a-8573-9d4de08fc44f::87581009:87586008:10:855:20260831,866805,1.0,38598,
FR:Line::a7820377-230e-419a-8573-9d4de08fc44f:,128,OCESN866806F1187_F:TER:FR:Line::a7820377-230e-419a-8573-9d4de08fc44f::87586008:87581009:10:830:20260831,866806,0.0,38599,
FR:Line::a7820377-230e-419a-8573-9d4de08fc44f:,2433,OCESN866806F1187_F:TER:FR:Line::a7820377-230e-419a-8573-9d4de08fc44f::87586008:87581009:11:830:20260828,866806,0.0,38600,
FR:Line::a7820377-230e-419a-8573-9d4de08fc44f:,9575,OCESN866807F1187_F:TER:FR:Line::a7820377-230e-419a-8573-9d4de08fc44f::87581009:87586008:10:958:20260830,866807,1.0,38602,
FR:Line::a7820377-230e-419a-8573-9d4de08fc44f:,4898,OCESN866807F1187_F:TER:FR:Line::a7820377-230e-419a-8573-9d4de08fc44f::87581009:87586008:10:1005:20260831,866807,1.0,38603,
FR:Line::a7820377-230e-419a-8573-9d4de08fc44f:,6000,OCESN866808F1187_F:TER:FR:Line::a7820377-230e-419a-8573-9d4de08fc44f::87586008:87581009:10:933:20260831,866808,0.0,38604,
FR:Line::a7820377-230e-419a-8573-9d4de08fc44f:,9552,OCESN866809F1187_F:TER:FR:Line::a7820377-230e-419a-8573-9d4de08fc44f::87581009:87586008:10:1148:20260831,866809,1.0,38605,
FR:Line::a7820377-230e-419a-8573-9d4de08fc44f:,669,OCESN866810F1187_F:TER:FR:Line::a7820377-230e-419a-8573-9d4de08fc44f::87586008:87581009:10:1033:20260310,866810,0.0,38607,
FR:Line::a7820377-230e-419a-8573-9d4de08fc44f:,9576,OCESN866810F1187_F:TER:FR:Line::a7820377-230e-419a-8573-9d4de08fc44f::87586008:87581009:10:1032:20260831,866810,0.0,38609,
FR:Line::a7820377-230e-419a-8573-9d4de08fc44f:,9577,OCESN866811F1187_F:TER:FR:Line::a7820377-230e-419a-8573-9d4de08fc44f::87581009:87586008:10:1239:20260830,866811,1.0,38612,
FR:Line::a7820377-230e-419a-8573-9d4de08fc44f:,9578,OCESN866812F1187_F:TER:FR:Line::a7820377-230e-419a-8573-9d4de08fc44f::87586008:87581009:10:1227:20260830,866812,0.0,38615,
FR:Line::a7820377-230e-419a-8573-9d4de08fc44f:,9552,OCESN866814F1187_F:TER:FR:Line::a7820377-230e-419a-8573-9d4de08fc44f::87586008:87581009:10:1328:20260831,866814,0.0,38616,
FR:Line::a7820377-230e-419a-8573-9d4de08fc44f:,259,OCESN866815F1187_F:TER:FR:Line::a7820377-230e-419a-8573-9d4de08fc44f::87581009:87586008:10:1444:20260314,866815,1.0,38618,
FR:Line::a7820377-230e-419a-8573-9d4de08fc44f:,9579,OCESN866815F1187_F:TER:FR:Line::a7820377-230e-419a-8573-9d4de08fc44f::87581009:87586008:10:1504:20260831,866815,1.0,38619,
FR:Line::a7820377-230e-419a-8573-9d4de08fc44f:,9556,OCESN866817F1187_F:TER:FR:Line::a7820377-230e-419a-8573-9d4de08fc44f::87581009:87586008:10:1515:20260830,866817,1.0,38621,
FR:Line::a7820377-230e-419a-8573-9d4de08fc44f:,9581,OCESN866818F1187_F:TER:FR:Line::a7820377-230e-419a-8573-9d4de08fc44f::87586008:87581009:10:1427:20260830,866818,0.0,38624,
FR:Line::a7820377-230e-419a-8573-9d4de08fc44f:,128,OCESN866819F1187_F:TER:FR:Line::a7820377-230e-419a-8573-9d4de08fc44f::87581009:87586008:10:1805:20260831,866819,1.0,38626,
FR:Line::a7820377-230e-419a-8573-9d4de08fc44f:,9582,OCESN866819F1187_F:TER:FR:Line::a7820377-230e-419a-8573-9d4de08fc44f::87581009:87586008:11:1806:20260829,866819,1.0,38627,
FR:Line::a7820377-230e-419a-8573-9d4de08fc44f:,6000,OCESN866820F1187_F:TER:FR:Line::a7820377-230e-419a-8573-9d4de08fc44f::87586008:87581009:10:1532:20260831,866820,0.0,38628,
FR:Line::a7820377-230e-419a-8573-9d4de08fc44f:,9584,OCESN866821F1187_F:TER:FR:Line::a7820377-230e-419a-8573-9d4de08fc44f::87581009:87586008:10:1857:20260831,866821,1.0,38630,
FR:Line::a7820377-230e-419a-8573-9d4de08fc44f:,9587,OCESN866823F1187_F:TER:FR:Line::a7820377-230e-419a-8573-9d4de08fc44f::87581009:87586008:10:2006:20260830,866823,1.0,38633,
FR:Line::a7820377-230e-419a-8573-9d4de08fc44f:,9566,OCESN866823F1187_F:TER:FR:Line::a7820377-230e-419a-8573-9d4de08fc44f::87581009:87586008:10:2008:20260831,866823,1.0,38634,
FR:Line::a7820377-230e-419a-8573-9d4de08fc44f:,9561,OCESN866824F1187_F:TER:FR:Line::a7820377-230e-419a-8573-9d4de08fc44f::87586008:87581009:10:1718:20260831,866824,0.0,38636,
FR:Line::a7820377-230e-419a-8573-9d4de08fc44f:,9567,OCESN866825F1187_F:TER:FR:Line::a7820377-230e-419a-8573-9d4de08fc44f::87581009:87586008:13:2108:20260831,866825,1.0,38639,
FR:Line::a7820377-230e-419a-8573-9d4de08fc44f:,9588,OCESN866826F1187_F:TER:FR:Line::a7820377-230e-419a-8573-9d4de08fc44f::87586008:87581009:10:1828:20260830,866826,0.0,38642,
FR:Line::a7820377-230e-419a-8573-9d4de08fc44f:,9589,OCESN866826F1187_F:TER:FR:Line::a7820377-230e-419a-8573-9d4de08fc44f::87586008:87581009:10:1831:20260831,866826,0.0,38643,
FR:Line::a7820377-230e-419a-8573-9d4de08fc44f:,9591,OCESN866827F1187_F:TER:FR:Line::a7820377-230e-419a-8573-9d4de08fc44f::87581009:87586008:10:2225:20260831,866827,1.0,38645,
FR:Line::a7820377-230e-419a-8573-9d4de08fc44f:,9592,OCESN866828F1187_F:TER:FR:Line::a7820377-230e-419a-8573-9d4de08fc44f::87586008:87581009:10:1930:20260831,866828,0.0,38647,
FR:Line::a7820377-230e-419a-8573-9d4de08fc44f:,9567,OCESN866829F1187_F:TER:FR:Line::a7820377-230e-419a-8573-9d4de08fc44f::87581009:87586008:10:2310:20260831,866829,1.0,38649,
FR:Line::a7820377-230e-419a-8573-9d4de08fc44f:,9593,OCESN866830F1187_F:TER:FR:Line::a7820377-230e-419a-8573-9d4de08fc44f::87586008:87581009:8:2033:20260831,866830,0.0,38651,
FR:Line::a7820377-230e-419a-8573-9d4de08fc44f:,6000,OCESN866831F1187_F:TER:FR:Line::a7820377-230e-419a-8573-9d4de08fc44f::87581009:87586008:10:1653:20260831,866831,1.0,38652,
FR:Line::a7820377-230e-419a-8573-9d4de08fc44f:,9594,OCESN866832F1187_F:TER:FR:Line::a7820377-230e-419a-8573-9d4de08fc44f::87586008:87581009:10:2209:20260829,866832,0.0,38656,
FR:Line::a7820377-230e-419a-8573-9d4de08fc44f:,9565,OCESN866832F1187_F:TER:FR:Line::a7820377-230e-419a-8573-9d4de08fc44f::87586008:87581009:10:2222:20260830,866832,0.0,38657,
FR:Line::e0a06da9-7515-46e3-a790-975f9883185c:,4898,OCESN866860F1187_F:TER:FR:Line::e0a06da9-7515-46e3-a790-975f9883185c::87586545:87581009:14:641:20260831,866860,1.0,38658,
FR:Line::e3a8a728-7448-4d91-ab56-5d415d6969f2:,6000,OCESN866862F1187_F:TER:FR:Line::e3a8a728-7448-4d91-ab56-5d415d6969f2::87586545:87581009:12:805:20260831,866862,0.0,38659,
FR:Line::e0a06da9-7515-46e3-a790-975f9883185c:,9550,OCESN866864F1187_F:TER:FR:Line::e0a06da9-7515-46e3-a790-975f9883185c::87586545:87581009:17:834:20260829,866864,1.0,38661,
FR:Line::e0a06da9-7515-46e3-a790-975f9883185c:,9552,OCESN866865F1187_F:TER:FR:Line::e0a06da9-7515-46e3-a790-975f9883185c::87581009:87586545:19:1253:20260831,866865,0.0,38662,
FR:Line::e0a06da9-7515-46e3-a790-975f9883185c:,9595,OCESN866867F1187_F:TER:FR:Line::e0a06da9-7515-46e3-a790-975f9883185c::87581009:87586545:19:1358:20260829,866867,0.0,38664,
FR:Line::e0a06da9-7515-46e3-a790-975f9883185c:,972,OCESN866870F1187_F:TER:FR:Line::e0a06da9-7515-46e3-a790-975f9883185c::87586545:87581009:19:1415:20260315,866870,1.0,38665,
FR:Line::e0a06da9-7515-46e3-a790-975f9883185c:,9596,OCESN866870F1187_F:TER:FR:Line::e0a06da9-7515-46e3-a790-975f9883185c::87586545:87581009:19:1337:20260830,866870,1.0,38667,
FR:Line::e0a06da9-7515-46e3-a790-975f9883185c:,9560,OCESN866871F1187_F:TER:FR:Line::e0a06da9-7515-46e3-a790-975f9883185c::87581009:87586545:19:1756:20260830,866871,0.0,38669,
FR:Line::e0a06da9-7515-46e3-a790-975f9883185c:,9552,OCESN866872F1187_F:TER:FR:Line::e0a06da9-7515-46e3-a790-975f9883185c::87586545:87581009:18:1433:20260831,866872,1.0,38670,
FR:Line::e3a8a728-7448-4d91-ab56-5d415d6969f2:,9597,OCESN866873F1187_F:TER:FR:Line::e3a8a728-7448-4d91-ab56-5d415d6969f2::87581009:87586545:10:1914:20260831,866873,1.0,38672,
FR:Line::e0a06da9-7515-46e3-a790-975f9883185c:,9572,OCESN866874F1187_F:TER:FR:Line::e0a06da9-7515-46e3-a790-975f9883185c::87586545:87581009:19:1536:20260829,866874,1.0,38674,
FR:Line::e3a8a728-7448-4d91-ab56-5d415d6969f2:,9597,OCESN866875F1187_F:TER:FR:Line::e3a8a728-7448-4d91-ab56-5d415d6969f2::87581009:87586545:9:2001:20260831,866875,1.0,38676,
FR:Line::e0a06da9-7515-46e3-a790-975f9883185c:,9566,OCESN866876F1187_F:TER:FR:Line::e0a06da9-7515-46e3-a790-975f9883185c::87586545:87581009:16:1915:20260831,866876,1.0,38678,
FR:Line::e0a06da9-7515-46e3-a790-975f9883185c:,9572,OCESN866877F1187_F:TER:FR:Line::e0a06da9-7515-46e3-a790-975f9883185c::87581009:87586545:19:2100:20260829,866877,0.0,38680,
FR:Line::e0a06da9-7515-46e3-a790-975f9883185c:,293,OCESN866878F1187_F:TER:FR:Line::e0a06da9-7515-46e3-a790-975f9883185c::87586545:87581009:19:1931:20260517,866878,1.0,38682,
FR:Line::e0a06da9-7515-46e3-a790-975f9883185c:,9598,OCESN866878F1187_F:TER:FR:Line::e0a06da9-7515-46e3-a790-975f9883185c::87586545:87581009:19:1933:20260830,866878,1.0,38683,
FR:Line::e0a06da9-7515-46e3-a790-975f9883185c:,9565,OCESN866879F1187_F:TER:FR:Line::e0a06da9-7515-46e3-a790-975f9883185c::87581009:87586545:19:2205:20260830,866879,0.0,38685,
FR:Line::e0a06da9-7515-46e3-a790-975f9883185c:,1,OCESN866880F1187_F:TER:FR:Line::e0a06da9-7515-46e3-a790-975f9883185c::87586545:87581009:18:728:20260828,866880,1.0,38686,
FR:Line::e0a06da9-7515-46e3-a790-975f9883185c:,1,OCESN866883F1187_F:TER:FR:Line::e0a06da9-7515-46e3-a790-975f9883185c::87581009:87586545:19:1914:20260828,866883,0.0,38688,
FR:Line::e0a06da9-7515-46e3-a790-975f9883185c:,1,OCESN866885F1187_F:TER:FR:Line::e0a06da9-7515-46e3-a790-975f9883185c::87581009:87586545:14:1954:20260828,866885,0.0,38691,
FR:Line::9227d255-a1c8-4de7-b810-923df421bfc7:,380,OCESN867100F1187_F:TER:FR:Line::9227d255-a1c8-4de7-b810-923df421bfc7::87581009:87671008:15:1222:20260329,867100,1.0,38731,
FR:Line::9227d255-a1c8-4de7-b810-923df421bfc7:,4057,OCESN867100F1187_F:TER:FR:Line::9227d255-a1c8-4de7-b810-923df421bfc7::87581009:87671008:15:1222:20260503,867100,1.0,38733,
FR:Line::9227d255-a1c8-4de7-b810-923df421bfc7:,7126,OCESN867100F1187_F:TER:FR:Line::9227d255-a1c8-4de7-b810-923df421bfc7::87581009:87671008:15:1223:20260719,867100,1.0,38734,
FR:Line::9227d255-a1c8-4de7-b810-923df421bfc7:,9613,OCESN867100F1187_F:TER:FR:Line::9227d255-a1c8-4de7-b810-923df421bfc7::87581009:87671008:15:1222:20260830,867100,1.0,38735,
FR:Line::b8b05af7-0857-4c78-982b-5adcdd0aa039:,3591,OCESN867102F1187_F:TER:FR:Line::b8b05af7-0857-4c78-982b-5adcdd0aa039::87581009:87672006:11:1938:20260328,867102,1.0,38736,
FR:Line::b8b05af7-0857-4c78-982b-5adcdd0aa039:,732,OCESN867102F1187_F:TER:FR:Line::b8b05af7-0857-4c78-982b-5adcdd0aa039::87581009:87672006:11:1938:20260321,867102,1.0,38738,
FR:Line::b8b05af7-0857-4c78-982b-5adcdd0aa039:,615,OCESN867102F1187_F:TER:FR:Line::b8b05af7-0857-4c78-982b-5adcdd0aa039::87581009:87672006:11:1935:20260530,867102,1.0,38739,
FR:Line::b8b05af7-0857-4c78-982b-5adcdd0aa039:,9483,OCESN867102F1187_F:TER:FR:Line::b8b05af7-0857-4c78-982b-5adcdd0aa039::87581009:87672006:11:1938:20260514,867102,1.0,38740,
FR:Line::b8b05af7-0857-4c78-982b-5adcdd0aa039:,9199,OCESN867104F1187_F:TER:FR:Line::b8b05af7-0857-4c78-982b-5adcdd0aa039::87581009:87672006:11:2142:20260512,867104,1.0,38741,
FR:Line::b8b05af7-0857-4c78-982b-5adcdd0aa039:,1091,OCESN867104F1187_F:TER:FR:Line::b8b05af7-0857-4c78-982b-5adcdd0aa039::87581009:87672006:11:2142:20260326,867104,1.0,38742,
FR:Line::b8b05af7-0857-4c78-982b-5adcdd0aa039:,9253,OCESN867104F1187_F:TER:FR:Line::b8b05af7-0857-4c78-982b-5adcdd0aa039::87581009:87672006:11:2142:20260831,867104,1.0,38743,
FR:Line::b8b05af7-0857-4c78-982b-5adcdd0aa039:,505,OCESN867106F1187_F:TER:FR:Line::b8b05af7-0857-4c78-982b-5adcdd0aa039::87581009:87671008:15:2227:20260724,867106,1.0,38744,
FR:Line::b8b05af7-0857-4c78-982b-5adcdd0aa039:,9614,OCESN867106F1187_F:TER:FR:Line::b8b05af7-0857-4c78-982b-5adcdd0aa039::87581009:87671008:15:2226:20260828,867106,1.0,38745,
FR:Line::b8b05af7-0857-4c78-982b-5adcdd0aa039:,9615,OCESN867108F1187_F:TER:FR:Line::b8b05af7-0857-4c78-982b-5adcdd0aa039::87671008:87581009:15:816:20260715,867108,0.0,38746,
FR:Line::b8b05af7-0857-4c78-982b-5adcdd0aa039:,9616,OCESN867108F1187_F:TER:FR:Line::b8b05af7-0857-4c78-982b-5adcdd0aa039::87671008:87581009:15:816:20260831,867108,0.0,38747,
FR:Line::b8b05af7-0857-4c78-982b-5adcdd0aa039:,9617,OCESN867108F1187_F:TER:FR:Line::b8b05af7-0857-4c78-982b-5adcdd0aa039::87671008:87581009:15:816:20260615,867108,0.0,38748,
FR:Line::b8b05af7-0857-4c78-982b-5adcdd0aa039:,1152,OCESN867108F1187_F:TER:FR:Line::b8b05af7-0857-4c78-982b-5adcdd0aa039::87671008:87581009:15:816:20260504,867108,0.0,38749,
FR:Line::b8b05af7-0857-4c78-982b-5adcdd0aa039:,468,OCESN867108F1187_F:TER:FR:Line::b8b05af7-0857-4c78-982b-5adcdd0aa039::87671008:87581009:15:816:20260323,867108,0.0,38750,
FR:Line::b8b05af7-0857-4c78-982b-5adcdd0aa039:,9618,OCESN867110F1187_F:TER:FR:Line::b8b05af7-0857-4c78-982b-5adcdd0aa039::87672006:87581009:11:816:20260619,867110,0.0,38751,
FR:Line::b8b05af7-0857-4c78-982b-5adcdd0aa039:,9619,OCESN867110F1187_F:TER:FR:Line::b8b05af7-0857-4c78-982b-5adcdd0aa039::87672006:87581009:11:816:20260828,867110,0.0,38752,
FR:Line::b8b05af7-0857-4c78-982b-5adcdd0aa039:,9471,OCESN867110F1187_F:TER:FR:Line::b8b05af7-0857-4c78-982b-5adcdd0aa039::87672006:87581009:11:816:20260515,867110,0.0,38753,
FR:Line::b8b05af7-0857-4c78-982b-5adcdd0aa039:,3070,OCESN867110F1187_F:TER:FR:Line::b8b05af7-0857-4c78-982b-5adcdd0aa039::87672006:87581009:11:816:20260327,867110,0.0,38754,
FR:Line::9227d255-a1c8-4de7-b810-923df421bfc7:,9620,OCESN867112F1187_F:TER:FR:Line::9227d255-a1c8-4de7-b810-923df421bfc7::87671008:87581009:13:1049:20260830,867112,0.0,38755,
FR:Line::9227d255-a1c8-4de7-b810-923df421bfc7:,6005,OCESN867112F1187_F:TER:FR:Line::9227d255-a1c8-4de7-b810-923df421bfc7::87671008:87581009:13:1049:20260525,867112,0.0,38756,
FR:Line::9227d255-a1c8-4de7-b810-923df421bfc7:,932,OCESN867112F1187_F:TER:FR:Line::9227d255-a1c8-4de7-b810-923df421bfc7::87671008:87581009:13:1049:20260711,867112,0.0,38757,
FR:Line::9227d255-a1c8-4de7-b810-923df421bfc7:,9458,OCESN867112F1187_F:TER:FR:Line::9227d255-a1c8-4de7-b810-923df421bfc7::87671008:87581009:13:1049:20260726,867112,0.0,38758,
FR:Line::9227d255-a1c8-4de7-b810-923df421bfc7:,810,OCESN867112F1187_F:TER:FR:Line::9227d255-a1c8-4de7-b810-923df421bfc7::87671008:87581009:13:1049:20260628,867112,0.0,38759,
FR:Line::9227d255-a1c8-4de7-b810-923df421bfc7:,9622,OCESN867112F1187_F:TER:FR:Line::9227d255-a1c8-4de7-b810-923df421bfc7::87671008:87581009:13:1049:20260621,867112,0.0,38761,
FR:Line::9227d255-a1c8-4de7-b810-923df421bfc7:,9623,OCESN867112F1187_F:TER:FR:Line::9227d255-a1c8-4de7-b810-923df421bfc7::87671008:87581009:13:1049:20260514,867112,0.0,38762,
FR:Line::9227d255-a1c8-4de7-b810-923df421bfc7:,3998,OCESN867112F1187_F:TER:FR:Line::9227d255-a1c8-4de7-b810-923df421bfc7::87671008:87581009:13:1049:20260329,867112,0.0,38763,
FR:Line::9227d255-a1c8-4de7-b810-923df421bfc7:,76,OCESN867112F1187_F:TER:FR:Line::9227d255-a1c8-4de7-b810-923df421bfc7::87671008:87581009:13:1049:20260307,867112,0.0,38764,
FR:Line::b8b05af7-0857-4c78-982b-5adcdd0aa039:,9624,OCESN867114F1187_F:TER:FR:Line::b8b05af7-0857-4c78-982b-5adcdd0aa039::87672006:87581009:9:2037:20260621,867114,0.0,38765,
OCESN-87672006-87581009,179,OCESN867114F1187_F:TER:OCESN-87672006-87581009:87672006:87581009:9:2025:20260712,867114,1.0,38766,
FR:Line::b8b05af7-0857-4c78-982b-5adcdd0aa039:,9625,OCESN867114F1187_F:TER:FR:Line::b8b05af7-0857-4c78-982b-5adcdd0aa039::87672006:87581009:9:2037:20260830,867114,0.0,38767,
FR:Line::9227d255-a1c8-4de7-b810-923df421bfc7:,7126,OCESN867117F1187_F:TER:FR:Line::9227d255-a1c8-4de7-b810-923df421bfc7::87581009:87671008:15:2149:20260719,867117,1.0,38768,
OCESN-87581009-87671008,9530,OCESN867117F1187_F:TER:OCESN-87581009-87671008:87581009:87671008:15:2152:20260525,867117,0.0,38769,
FR:Line::9227d255-a1c8-4de7-b810-923df421bfc7:,9626,OCESN867117F1187_F:TER:FR:Line::9227d255-a1c8-4de7-b810-923df421bfc7::87581009:87671008:15:2148:20260830,867117,1.0,38770,
FR:Line::b8b05af7-0857-4c78-982b-5adcdd0aa039:,1176,OCESN867201F1187_F:TER:FR:Line::b8b05af7-0857-4c78-982b-5adcdd0aa039::87672006:87581009:11:732:20260522,867201,0.0,38771,
FR:Line::b8b05af7-0857-4c78-982b-5adcdd0aa039:,9172,OCESN867201F1187_F:TER:FR:Line::b8b05af7-0857-4c78-982b-5adcdd0aa039::87672006:87581009:11:732:20260515,867201,0.0,38772,
FR:Line::b8b05af7-0857-4c78-982b-5adcdd0aa039:,1177,OCESN867201F1187_F:TER:FR:Line::b8b05af7-0857-4c78-982b-5adcdd0aa039::87672006:87581009:11:732:20260619,867201,0.0,38773,
FR:Line::b8b05af7-0857-4c78-982b-5adcdd0aa039:,6228,OCESN867201F1187_F:TER:FR:Line::b8b05af7-0857-4c78-982b-5adcdd0aa039::87672006:87581009:11:732:20260831,867201,0.0,38774,
FR:Line::b8b05af7-0857-4c78-982b-5adcdd0aa039:,214,OCESN867201F1187_F:TER:FR:Line::b8b05af7-0857-4c78-982b-5adcdd0aa039::87672006:87581009:11:732:20260327,867201,0.0,38775,
FR:Line::9227d255-a1c8-4de7-b810-923df421bfc7:,1,OCESN867203F1187_F:TER:FR:Line::9227d255-a1c8-4de7-b810-923df421bfc7::87672006:87581009:9:1042:20260828,867203,0.0,38776,
FR:Line::9227d255-a1c8-4de7-b810-923df421bfc7:,9471,OCESN867205F1187_F:TER:FR:Line::9227d255-a1c8-4de7-b810-923df421bfc7::87672006:87581009:9:1245:20260515,867205,0.0,38778,
FR:Line::9227d255-a1c8-4de7-b810-923df421bfc7:,9628,OCESN867205F1187_F:TER:FR:Line::9227d255-a1c8-4de7-b810-923df421bfc7::87672006:87581009:9:1242:20260619,867205,0.0,38779,
FR:Line::9227d255-a1c8-4de7-b810-923df421bfc7:,1140,OCESN867205F1187_F:TER:FR:Line::9227d255-a1c8-4de7-b810-923df421bfc7::87672006:87581009:9:1242:20260522,867205,0.0,38780,
FR:Line::9227d255-a1c8-4de7-b810-923df421bfc7:,9629,OCESN867205F1187_F:TER:FR:Line::9227d255-a1c8-4de7-b810-923df421bfc7::87672006:87581009:9:1242:20260828,867205,0.0,38781,
FR:Line::b8b05af7-0857-4c78-982b-5adcdd0aa039:,1132,OCESN867206F1187_F:TER:FR:Line::b8b05af7-0857-4c78-982b-5adcdd0aa039::87581009:87671339:14:912:20260323,867206,1.0,38782,
FR:Line::b8b05af7-0857-4c78-982b-5adcdd0aa039:,9475,OCESN867206F1187_F:TER:FR:Line::b8b05af7-0857-4c78-982b-5adcdd0aa039::87581009:87671339:14:912:20260511,867206,1.0,38783,
FR:Line::b8b05af7-0857-4c78-982b-5adcdd0aa039:,9630,OCESN867206F1187_F:TER:FR:Line::b8b05af7-0857-4c78-982b-5adcdd0aa039::87581009:87671339:14:912:20260831,867206,1.0,38784,
FR:Line::9227d255-a1c8-4de7-b810-923df421bfc7:,9631,OCESN867207F1187_F:TER:FR:Line::9227d255-a1c8-4de7-b810-923df421bfc7::87671339:87581009:12:1244:20260615,867207,0.0,38786,
FR:Line::9227d255-a1c8-4de7-b810-923df421bfc7:,635,OCESN867207F1187_F:TER:FR:Line::9227d255-a1c8-4de7-b810-923df421bfc7::87671339:87581009:12:1245:20260629,867207,0.0,38787,
FR:Line::9227d255-a1c8-4de7-b810-923df421bfc7:,128,OCESN867207F1187_F:TER:FR:Line::9227d255-a1c8-4de7-b810-923df421bfc7::87671339:87581009:12:1245:20260831,867207,0.0,38788,
FR:Line::b8b05af7-0857-4c78-982b-5adcdd0aa039:,9627,OCESN867208F1187_F:TER:FR:Line::b8b05af7-0857-4c78-982b-5adcdd0aa039::87581009:87672006:11:843:20260327,867208,1.0,38789,
FR:Line::b8b05af7-0857-4c78-982b-5adcdd0aa039:,9479,OCESN867208F1187_F:TER:FR:Line::b8b05af7-0857-4c78-982b-5adcdd0aa039::87581009:87672006:11:843:20260522,867208,1.0,38790,
FR:Line::b8b05af7-0857-4c78-982b-5adcdd0aa039:,9632,OCESN867208F1187_F:TER:FR:Line::b8b05af7-0857-4c78-982b-5adcdd0aa039::87581009:87672006:11:843:20260828,867208,1.0,38791,
FR:Line::9227d255-a1c8-4de7-b810-923df421bfc7:,814,OCESN867209F1187_F:TER:FR:Line::9227d255-a1c8-4de7-b810-923df421bfc7::87671008:87581009:13:1507:20260831,867209,0.0,38793,
FR:Line::9227d255-a1c8-4de7-b810-923df421bfc7:,9477,OCESN867209F1187_F:TER:FR:Line::9227d255-a1c8-4de7-b810-923df421bfc7::87671008:87581009:13:1507:20260507,867209,0.0,38795,
FR:Line::9227d255-a1c8-4de7-b810-923df421bfc7:,2564,OCESN867209F1187_F:TER:FR:Line::9227d255-a1c8-4de7-b810-923df421bfc7::87671008:87581009:13:1507:20260619,867209,0.0,38796,
FR:Line::9227d255-a1c8-4de7-b810-923df421bfc7:,9633,OCESN867209F1187_F:TER:FR:Line::9227d255-a1c8-4de7-b810-923df421bfc7::87671008:87581009:13:1507:20260731,867209,0.0,38797,
FR:Line::9227d255-a1c8-4de7-b810-923df421bfc7:,6178,OCESN867209F1187_F:TER:FR:Line::9227d255-a1c8-4de7-b810-923df421bfc7::87671008:87581009:13:1507:20260605,867209,0.0,38798,
FR:Line::b8b05af7-0857-4c78-982b-5adcdd0aa039:,2119,OCESN867210F1187_F:TER:FR:Line::b8b05af7-0857-4c78-982b-5adcdd0aa039::87581009:87672006:11:1044:20260328,867210,1.0,38800,
FR:Line::b8b05af7-0857-4c78-982b-5adcdd0aa039:,9448,OCESN867210F1187_F:TER:FR:Line::b8b05af7-0857-4c78-982b-5adcdd0aa039::87581009:87672006:11:1044:20260514,867210,1.0,38801,
FR:Line::b8b05af7-0857-4c78-982b-5adcdd0aa039:,9266,OCESN867210F1187_F:TER:FR:Line::b8b05af7-0857-4c78-982b-5adcdd0aa039::87581009:87672006:11:1044:20260829,867210,1.0,38803,
FR:Line::9227d255-a1c8-4de7-b810-923df421bfc7:,380,OCESN867211F1187_F:TER:FR:Line::9227d255-a1c8-4de7-b810-923df421bfc7::87671008:87581009:13:1645:20260329,867211,0.0,38804,
FR:Line::9227d255-a1c8-4de7-b810-923df421bfc7:,123,OCESN867211F1187_F:TER:FR:Line::9227d255-a1c8-4de7-b810-923df421bfc7::87671008:87581009:13:1645:20260719,867211,0.0,38805,
FR:Line::9227d255-a1c8-4de7-b810-923df421bfc7:,6667,OCESN867211F1187_F:TER:FR:Line::9227d255-a1c8-4de7-b810-923df421bfc7::87671008:87581009:13:1645:20260621,867211,0.0,38807,
FR:Line::9227d255-a1c8-4de7-b810-923df421bfc7:,9634,OCESN867211F1187_F:TER:FR:Line::9227d255-a1c8-4de7-b810-923df421bfc7::87671008:87581009:13:1645:20260726,867211,0.0,38808,
FR:Line::9227d255-a1c8-4de7-b810-923df421bfc7:,7584,OCESN867211F1187_F:TER:FR:Line::9227d255-a1c8-4de7-b810-923df421bfc7::87671008:87581009:13:1645:20260830,867211,0.0,38809,
FR:Line::9227d255-a1c8-4de7-b810-923df421bfc7:,7060,OCESN867211F1187_F:TER:FR:Line::9227d255-a1c8-4de7-b810-923df421bfc7::87671008:87581009:13:1645:20260517,867211,0.0,38810,
FR:Line::b8b05af7-0857-4c78-982b-5adcdd0aa039:,1195,OCESN867212F1187_F:TER:FR:Line::b8b05af7-0857-4c78-982b-5adcdd0aa039::87581009:87672006:11:1046:20260327,867212,1.0,38811,
FR:Line::b8b05af7-0857-4c78-982b-5adcdd0aa039:,9172,OCESN867212F1187_F:TER:FR:Line::b8b05af7-0857-4c78-982b-5adcdd0aa039::87581009:87672006:11:1046:20260515,867212,1.0,38812,
FR:Line::b8b05af7-0857-4c78-982b-5adcdd0aa039:,1176,OCESN867212F1187_F:TER:FR:Line::b8b05af7-0857-4c78-982b-5adcdd0aa039::87581009:87672006:11:1046:20260522,867212,1.0,38813,
FR:Line::b8b05af7-0857-4c78-982b-5adcdd0aa039:,2462,OCESN867212F1187_F:TER:FR:Line::b8b05af7-0857-4c78-982b-5adcdd0aa039::87581009:87672006:11:1046:20260828,867212,1.0,38814,
FR:Line::b8b05af7-0857-4c78-982b-5adcdd0aa039:,128,OCESN867212F1187_F:TER:FR:Line::b8b05af7-0857-4c78-982b-5adcdd0aa039::87581009:87672006:11:1047:20260831,867212,1.0,38815,
FR:Line::b8b05af7-0857-4c78-982b-5adcdd0aa039:,3591,OCESN867213F1187_F:TER:FR:Line::b8b05af7-0857-4c78-982b-5adcdd0aa039::87672006:87581009:11:1737:20260328,867213,0.0,38816,
FR:Line::b8b05af7-0857-4c78-982b-5adcdd0aa039:,732,OCESN867213F1187_F:TER:FR:Line::b8b05af7-0857-4c78-982b-5adcdd0aa039::87672006:87581009:11:1737:20260321,867213,0.0,38818,
FR:Line::b8b05af7-0857-4c78-982b-5adcdd0aa039:,613,OCESN867213F1187_F:TER:FR:Line::b8b05af7-0857-4c78-982b-5adcdd0aa039::87672006:87581009:11:1737:20260627,867213,0.0,38819,
FR:Line::b8b05af7-0857-4c78-982b-5adcdd0aa039:,407,OCESN867213F1187_F:TER:FR:Line::b8b05af7-0857-4c78-982b-5adcdd0aa039::87672006:87581009:11:1737:20260620,867213,0.0,38820,
FR:Line::b8b05af7-0857-4c78-982b-5adcdd0aa039:,9483,OCESN867213F1187_F:TER:FR:Line::b8b05af7-0857-4c78-982b-5adcdd0aa039::87672006:87581009:11:1737:20260514,867213,0.0,38821,
FR:Line::b8b05af7-0857-4c78-982b-5adcdd0aa039:,380,OCESN867215F1187_F:TER:FR:Line::b8b05af7-0857-4c78-982b-5adcdd0aa039::87672006:87581009:11:1814:20260329,867215,0.0,38822,
FR:Line::b8b05af7-0857-4c78-982b-5adcdd0aa039:,4837,OCESN867215F1187_F:TER:FR:Line::b8b05af7-0857-4c78-982b-5adcdd0aa039::87672006:87581009:11:1807:20260830,867215,0.0,38824,
FR:Line::b8b05af7-0857-4c78-982b-5adcdd0aa039:,6667,OCESN867215F1187_F:TER:FR:Line::b8b05af7-0857-4c78-982b-5adcdd0aa039::87672006:87581009:11:1809:20260621,867215,0.0,38825,
FR:Line::b8b05af7-0857-4c78-982b-5adcdd0aa039:,7060,OCESN867215F1187_F:TER:FR:Line::b8b05af7-0857-4c78-982b-5adcdd0aa039::87672006:87581009:11:1808:20260517,867215,0.0,38826,
FR:Line::9227d255-a1c8-4de7-b810-923df421bfc7:,290,OCESN867216F1187_F:TER:FR:Line::9227d255-a1c8-4de7-b810-923df421bfc7::87581009:87672006:9:1239:20260829,867216,1.0,38827,
FR:Line::9227d255-a1c8-4de7-b810-923df421bfc7:,1176,OCESN867217F1187_F:TER:FR:Line::9227d255-a1c8-4de7-b810-923df421bfc7::87671008:87581009:13:1947:20260522,867217,0.0,38829,
FR:Line::9227d255-a1c8-4de7-b810-923df421bfc7:,9461,OCESN867217F1187_F:TER:FR:Line::9227d255-a1c8-4de7-b810-923df421bfc7::87671008:87581009:13:1947:20260513,867217,0.0,38830,
FR:Line::9227d255-a1c8-4de7-b810-923df421bfc7:,814,OCESN867217F1187_F:TER:FR:Line::9227d255-a1c8-4de7-b810-923df421bfc7::87671008:87581009:13:1947:20260831,867217,0.0,38831,
FR:Line::9227d255-a1c8-4de7-b810-923df421bfc7:,1177,OCESN867217F1187_F:TER:FR:Line::9227d255-a1c8-4de7-b810-923df421bfc7::87671008:87581009:13:1947:20260619,867217,0.0,38832,
FR:Line::9227d255-a1c8-4de7-b810-923df421bfc7:,9633,OCESN867217F1187_F:TER:FR:Line::9227d255-a1c8-4de7-b810-923df421bfc7::87671008:87581009:13:1947:20260731,867217,0.0,38833,
FR:Line::9227d255-a1c8-4de7-b810-923df421bfc7:,214,OCESN867217F1187_F:TER:FR:Line::9227d255-a1c8-4de7-b810-923df421bfc7::87671008:87581009:13:1947:20260327,867217,0.0,38834,
FR:Line::9227d255-a1c8-4de7-b810-923df421bfc7:,3591,OCESN867218F1187_F:TER:FR:Line::9227d255-a1c8-4de7-b810-923df421bfc7::87581009:87672006:9:1341:20260328,867218,1.0,38835,
FR:Line::9227d255-a1c8-4de7-b810-923df421bfc7:,732,OCESN867218F1187_F:TER:FR:Line::9227d255-a1c8-4de7-b810-923df421bfc7::87581009:87672006:9:1341:20260321,867218,1.0,38837,
FR:Line::9227d255-a1c8-4de7-b810-923df421bfc7:,7572,OCESN867218F1187_F:TER:FR:Line::9227d255-a1c8-4de7-b810-923df421bfc7::87581009:87672006:9:1341:20260627,867218,1.0,38838,
FR:Line::9227d255-a1c8-4de7-b810-923df421bfc7:,9448,OCESN867218F1187_F:TER:FR:Line::9227d255-a1c8-4de7-b810-923df421bfc7::87581009:87672006:9:1341:20260514,867218,1.0,38839,
FR:Line::9227d255-a1c8-4de7-b810-923df421bfc7:,2119,OCESN867221F1187_F:TER:FR:Line::9227d255-a1c8-4de7-b810-923df421bfc7::87671008:87581009:13:2139:20260328,867221,0.0,38841,
FR:Line::9227d255-a1c8-4de7-b810-923df421bfc7:,615,OCESN867221F1187_F:TER:FR:Line::9227d255-a1c8-4de7-b810-923df421bfc7::87671008:87581009:13:2139:20260530,867221,0.0,38842,
FR:Line::9227d255-a1c8-4de7-b810-923df421bfc7:,9483,OCESN867221F1187_F:TER:FR:Line::9227d255-a1c8-4de7-b810-923df421bfc7::87671008:87581009:13:2139:20260514,867221,0.0,38845,
FR:Line::9227d255-a1c8-4de7-b810-923df421bfc7:,380,OCESN867223F1187_F:TER:FR:Line::9227d255-a1c8-4de7-b810-923df421bfc7::87672006:87581009:9:2141:20260329,867223,0.0,38846,
FR:Line::9227d255-a1c8-4de7-b810-923df421bfc7:,3229,OCESN867223F1187_F:TER:FR:Line::9227d255-a1c8-4de7-b810-923df421bfc7::87672006:87581009:9:2141:20260531,867223,0.0,38847,
FR:Line::9227d255-a1c8-4de7-b810-923df421bfc7:,7060,OCESN867223F1187_F:TER:FR:Line::9227d255-a1c8-4de7-b810-923df421bfc7::87672006:87581009:9:2141:20260517,867223,0.0,38848,
FR:Line::9227d255-a1c8-4de7-b810-923df421bfc7:,9468,OCESN867224F1187_F:TER:FR:Line::9227d255-a1c8-4de7-b810-923df421bfc7::87581009:87672006:9:1545:20260717,867224,1.0,38850,
FR:Line::9227d255-a1c8-4de7-b810-923df421bfc7:,9488,OCESN867224F1187_F:TER:FR:Line::9227d255-a1c8-4de7-b810-923df421bfc7::87581009:87672006:9:1545:20260828,867224,1.0,38851,
FR:Line::9227d255-a1c8-4de7-b810-923df421bfc7:,9486,OCESN867224F1187_F:TER:FR:Line::9227d255-a1c8-4de7-b810-923df421bfc7::87581009:87672006:9:1550:20260409,867224,1.0,38852,
FR:Line::9227d255-a1c8-4de7-b810-923df421bfc7:,9636,OCESN867224F1187_F:TER:FR:Line::9227d255-a1c8-4de7-b810-923df421bfc7::87581009:87672006:9:1552:20260507,867224,1.0,38853,
FR:Line::9227d255-a1c8-4de7-b810-923df421bfc7:,128,OCESN867224F1187_F:TER:FR:Line::9227d255-a1c8-4de7-b810-923df421bfc7::87581009:87672006:9:1545:20260831,867224,1.0,38854,
FR:Line::9227d255-a1c8-4de7-b810-923df421bfc7:,245,OCESN867225F1187_F:TER:FR:Line::9227d255-a1c8-4de7-b810-923df421bfc7::87671008:87581009:13:2139:20260620,867225,0.0,38856,
FR:Line::9227d255-a1c8-4de7-b810-923df421bfc7:,84,OCESN867225F1187_F:TER:FR:Line::9227d255-a1c8-4de7-b810-923df421bfc7::87671008:87581009:13:2139:20260718,867225,0.0,38857,
FR:Line::9227d255-a1c8-4de7-b810-923df421bfc7:,1826,OCESN867225F1187_F:TER:FR:Line::9227d255-a1c8-4de7-b810-923df421bfc7::87671008:87581009:13:2148:20260829,867225,0.0,38858,
FR:Line::9227d255-a1c8-4de7-b810-923df421bfc7:,9637,OCESN867225F1187_F:TER:FR:Line::9227d255-a1c8-4de7-b810-923df421bfc7::87671008:87581009:13:2148:20260725,867225,0.0,38859,
FR:Line::9227d255-a1c8-4de7-b810-923df421bfc7:,604,OCESN867227F1187_F:TER:FR:Line::9227d255-a1c8-4de7-b810-923df421bfc7::87672006:87581009:9:2138:20260621,867227,0.0,38860,
FR:Line::9227d255-a1c8-4de7-b810-923df421bfc7:,9489,OCESN867227F1187_F:TER:FR:Line::9227d255-a1c8-4de7-b810-923df421bfc7::87672006:87581009:9:2148:20260830,867227,0.0,38861,
FR:Line::9227d255-a1c8-4de7-b810-923df421bfc7:,9490,OCESN867227F1187_F:TER:FR:Line::9227d255-a1c8-4de7-b810-923df421bfc7::87672006:87581009:9:2148:20260719,867227,0.0,38862,
FR:Line::9227d255-a1c8-4de7-b810-923df421bfc7:,2080,OCESN867228F1187_F:TER:FR:Line::9227d255-a1c8-4de7-b810-923df421bfc7::87581009:87672006:9:1743:20260327,867228,1.0,38863,
FR:Line::9227d255-a1c8-4de7-b810-923df421bfc7:,7076,OCESN867228F1187_F:TER:FR:Line::9227d255-a1c8-4de7-b810-923df421bfc7::87581009:87672006:9:1743:20260828,867228,1.0,38865,
FR:Line::9227d255-a1c8-4de7-b810-923df421bfc7:,9491,OCESN867228F1187_F:TER:FR:Line::9227d255-a1c8-4de7-b810-923df421bfc7::87581009:87672006:9:1743:20260513,867228,1.0,38866,
FR:Line::9227d255-a1c8-4de7-b810-923df421bfc7:,2119,OCESN867230F1187_F:TER:FR:Line::9227d255-a1c8-4de7-b810-923df421bfc7::87581009:87671008:12:1821:20260328,867230,1.0,38867,
FR:Line::9227d255-a1c8-4de7-b810-923df421bfc7:,2921,OCESN867230F1187_F:TER:FR:Line::9227d255-a1c8-4de7-b810-923df421bfc7::87581009:87671008:12:1822:20260718,867230,1.0,38868,
FR:Line::9227d255-a1c8-4de7-b810-923df421bfc7:,9483,OCESN867230F1187_F:TER:FR:Line::9227d255-a1c8-4de7-b810-923df421bfc7::87581009:87671008:12:1821:20260514,867230,1.0,38870,
FR:Line::9227d255-a1c8-4de7-b810-923df421bfc7:,9638,OCESN867230F1187_F:TER:FR:Line::9227d255-a1c8-4de7-b810-923df421bfc7::87581009:87671008:12:1821:20260829,867230,1.0,38871,
FR:Line::b8b05af7-0857-4c78-982b-5adcdd0aa039:,380,OCESN867232F1187_F:TER:FR:Line::b8b05af7-0857-4c78-982b-5adcdd0aa039::87581009:87672006:11:1944:20260329,867232,1.0,38872,
FR:Line::b8b05af7-0857-4c78-982b-5adcdd0aa039:,84,OCESN867232F1187_F:TER:FR:Line::b8b05af7-0857-4c78-982b-5adcdd0aa039::87581009:87672006:11:1942:20260718,867232,1.0,38873,
FR:Line::b8b05af7-0857-4c78-982b-5adcdd0aa039:,7060,OCESN867232F1187_F:TER:FR:Line::b8b05af7-0857-4c78-982b-5adcdd0aa039::87581009:87672006:11:1944:20260517,867232,1.0,38874,
FR:Line::b8b05af7-0857-4c78-982b-5adcdd0aa039:,9492,OCESN867232F1187_F:TER:FR:Line::b8b05af7-0857-4c78-982b-5adcdd0aa039::87581009:87672006:11:1943:20260830,867232,1.0,38876,
FR:Line::b8b05af7-0857-4c78-982b-5adcdd0aa039:,697,OCESN867234F1187_F:TER:FR:Line::b8b05af7-0857-4c78-982b-5adcdd0aa039::87581009:87671008:17:2034:20260724,867234,1.0,38878,
FR:Line::b8b05af7-0857-4c78-982b-5adcdd0aa039:,9639,OCESN867234F1187_F:TER:FR:Line::b8b05af7-0857-4c78-982b-5adcdd0aa039::87581009:87671008:17:2033:20260831,867234,1.0,38879,
FR:Line::b8b05af7-0857-4c78-982b-5adcdd0aa039:,9461,OCESN867234F1187_F:TER:FR:Line::b8b05af7-0857-4c78-982b-5adcdd0aa039::87581009:87671008:17:2033:20260513,867234,1.0,38880,
FR:Line::b8b05af7-0857-4c78-982b-5adcdd0aa039:,1176,OCESN867234F1187_F:TER:FR:Line::b8b05af7-0857-4c78-982b-5adcdd0aa039::87581009:87671008:17:2033:20260522,867234,1.0,38881,
FR:Line::b8b05af7-0857-4c78-982b-5adcdd0aa039:,214,OCESN867234F1187_F:TER:FR:Line::b8b05af7-0857-4c78-982b-5adcdd0aa039::87581009:87671008:17:2033:20260327,867234,1.0,38882,
FR:Line::b8b05af7-0857-4c78-982b-5adcdd0aa039:,4714,OCESN867236F1187_F:TER:FR:Line::b8b05af7-0857-4c78-982b-5adcdd0aa039::87581009:87671008:15:2153:20260514,867236,1.0,38883,
FR:Line::b8b05af7-0857-4c78-982b-5adcdd0aa039:,2119,OCESN867236F1187_F:TER:FR:Line::b8b05af7-0857-4c78-982b-5adcdd0aa039::87581009:87671008:15:2153:20260328,867236,1.0,38884,
FR:Line::b8b05af7-0857-4c78-982b-5adcdd0aa039:,84,OCESN867236F1187_F:TER:FR:Line::b8b05af7-0857-4c78-982b-5adcdd0aa039::87581009:87671008:15:2155:20260718,867236,1.0,38885,
FR:Line::b8b05af7-0857-4c78-982b-5adcdd0aa039:,932,OCESN867236F1187_F:TER:FR:Line::b8b05af7-0857-4c78-982b-5adcdd0aa039::87581009:87671008:15:2154:20260711,867236,1.0,38886,
FR:Line::b8b05af7-0857-4c78-982b-5adcdd0aa039:,2391,OCESN867236F1187_F:TER:FR:Line::b8b05af7-0857-4c78-982b-5adcdd0aa039::87581009:87671008:15:2153:20260502,867236,1.0,38887,
FR:Line::b8b05af7-0857-4c78-982b-5adcdd0aa039:,9638,OCESN867236F1187_F:TER:FR:Line::b8b05af7-0857-4c78-982b-5adcdd0aa039::87581009:87671008:15:2153:20260829,867236,1.0,38890,
FR:Line::b8b05af7-0857-4c78-982b-5adcdd0aa039:,9640,OCESN867238F1187_F:TER:FR:Line::b8b05af7-0857-4c78-982b-5adcdd0aa039::87581009:87671008:15:2244:20260703,867238,1.0,38891,
FR:Line::b8b05af7-0857-4c78-982b-5adcdd0aa039:,9491,OCESN867238F1187_F:TER:FR:Line::b8b05af7-0857-4c78-982b-5adcdd0aa039::87581009:87671008:15:2244:20260513,867238,1.0,38893,
OCESN-80110684-87581009,290,OCESN9594F1187_F:ICE:OCESN-80110684-87581009:80110684:87581009:13:1439:20260829,9594,1.0,49808,
OCESN-87581009-80110684,1458,OCESN9599F1187_F:ICE:OCESN-87581009-80110684:87581009:80110684:9:2340:20260801,9599,,49809,
OCESN-87581009-80110684,12529,OCESN9599F1187_F:ICE:OCESN-87581009-80110684:87581009:80110684:13:2340:20260829,9599,0.0,49810,
