step,action_pred,action_opt,reward,TP,FP,FN,TN
1,1,0,-0.5245836973190308,0,1,0,0
2,0,1,-0.2820959985256195,0,1,1,0
3,1,1,0.5497874617576599,1,1,1,0
4,0,1,-0.9614524245262146,1,1,2,0
7,0,0,0.002920116763561964,1,1,2,1
8,0,1,-0.6018698811531067,1,1,3,1
9,1,1,0.591846227645874,2,1,3,1
10,1,1,0.6068092584609985,3,1,3,1
11,1,1,0.5006214380264282,4,1,3,1
12,1,0,-0.7766278982162476,4,2,3,1
13,0,1,-0.513846755027771,4,2,4,1
14,0,1,-0.5974813103675842,4,2,5,1
16,1,0,-0.5305158495903015,4,3,5,1
17,1,1,0.30049052834510803,5,3,5,1
18,0,0,0.21447506546974182,5,3,5,2
19,1,0,-0.5639310479164124,5,4,5,2
20,0,1,-0.6623378396034241,5,4,6,2
22,0,0,0.20923517644405365,5,4,6,3
23,0,1,-0.524823784828186,5,4,7,3
24,1,1,0.25352635979652405,6,4,7,3
25,0,0,0.32669177651405334,6,4,7,4
26,1,1,0.539254367351532,7,4,7,4
27,1,1,0.4420481324195862,8,4,7,4
28,0,1,-0.3608854413032532,8,4,8,4
29,1,0,-0.6651500463485718,8,5,8,4
30,1,0,-0.13726907968521118,8,6,8,4
31,0,0,0.5840674638748169,8,6,8,5
32,0,0,0.43425247073173523,8,6,8,6
33,0,0,0.6210111975669861,8,6,8,7
35,0,1,-0.34838059544563293,8,6,9,7
36,0,0,0.32459747791290283,8,6,9,8
37,1,0,-1.0424855947494507,8,7,9,8
38,1,0,-0.7248496413230896,8,8,9,8
39,1,0,-0.10325638204813004,8,9,9,8
40,1,0,-0.6872726082801819,8,10,9,8
41,1,0,-0.8135839700698853,8,11,9,8
42,0,0,0.23918116092681885,8,11,9,9
43,1,0,-0.2342820167541504,8,12,9,9
44,1,1,0.5228775143623352,9,12,9,9
45,1,1,0.3996480107307434,10,12,9,9
46,1,1,0.4570642411708832,11,12,9,9
47,1,0,-0.29875001311302185,11,13,9,9
48,0,0,0.10601573437452316,11,13,9,10
49,0,0,0.5502416491508484,11,13,9,11
50,0,0,0.1656406670808792,11,13,9,12
51,1,1,0.23136092722415924,12,13,9,12
52,1,1,0.2517215609550476,13,13,9,12
53,0,1,-0.6613869667053223,13,13,10,12
54,0,0,0.24765025079250336,13,13,10,13
56,0,0,0.6287745237350464,13,13,10,14
57,0,1,-0.5997757911682129,13,13,11,14
58,0,0,0.4469446837902069,13,13,11,15
59,1,1,0.44040364027023315,14,13,11,15
60,0,1,-0.4076167047023773,14,13,12,15
61,0,0,0.058448851108551025,14,13,12,16
62,1,1,0.032671064138412476,15,13,12,16
63,0,0,0.5998970866203308,15,13,12,17
64,1,0,-0.061558231711387634,15,14,12,17
65,1,0,-0.6900507807731628,15,15,12,17
66,0,0,0.33588674664497375,15,15,12,18
67,1,1,0.4996609091758728,16,15,12,18
68,1,1,0.42237982153892517,17,15,12,18
69,0,1,-0.38568058609962463,17,15,13,18
70,0,1,-0.3920476734638214,17,15,14,18
71,0,1,-0.8008139133453369,17,15,15,18
72,1,0,-0.5775435566902161,17,16,15,18
73,0,0,0.9291408061981201,17,16,15,19
74,1,1,0.3850642442703247,18,16,15,19
75,1,0,-0.7724268436431885,18,17,15,19
76,1,1,0.6228417158126831,19,17,15,19
77,1,0,-0.7967849969863892,19,18,15,19
78,1,0,-0.09220701456069946,19,19,15,19
79,0,1,-0.7562025785446167,19,19,16,19
80,1,1,0.4396388530731201,20,19,16,19
81,0,0,0.17746888101100922,20,19,16,20
82,1,1,0.5004269480705261,21,19,16,20
83,1,0,-0.6848355531692505,21,20,16,20
84,1,0,-0.018488319590687752,21,21,16,20
85,1,1,0.5872802138328552,22,21,16,20
86,1,1,0.4576728343963623,23,21,16,20
87,1,0,-0.5716596841812134,23,22,16,20
89,0,1,-0.43346256017684937,23,22,17,20
90,0,1,-0.6688185930252075,23,22,18,20
91,0,1,-0.5255852341651917,23,22,19,20
92,1,0,-0.025951305404305458,23,23,19,20
93,0,0,0.5270691514015198,23,23,19,21
94,0,1,-0.6838340163230896,23,23,20,21
95,0,1,-0.6437916159629822,23,23,21,21
96,0,1,-0.4099124073982239,23,23,22,21
97,1,0,-0.1264430433511734,23,24,22,21
98,0,0,-0.040258944034576416,23,24,22,22
99,0,0,0.552375316619873,23,24,22,23
100,0,0,0.553713858127594,23,24,22,24
101,1,1,0.2845136821269989,24,24,22,24
102,1,0,-0.4157384932041168,24,25,22,24
103,1,0,-1.0398708581924438,24,26,22,24
104,0,0,0.4187615215778351,24,26,22,25
105,0,1,-0.45311349630355835,24,26,23,25
106,0,0,0.6349775195121765,24,26,23,26
107,0,1,-0.4248468279838562,24,26,24,26
108,1,1,0.6782200336456299,25,26,24,26
109,0,1,-0.7506219744682312,25,26,25,26
111,1,0,-0.46260228753089905,25,27,25,26
112,1,1,0.4331669509410858,26,27,25,26
113,0,0,0.5727048516273499,26,27,25,27
114,0,1,-0.6448115706443787,26,27,26,27
115,1,0,-0.5384197235107422,26,28,26,27
117,0,1,-0.7263922691345215,26,28,27,27
118,1,0,-0.7857537269592285,26,29,27,27
120,1,0,-0.0344388522207737,26,30,27,27
121,0,0,-0.012293340638279915,26,30,27,28
122,0,0,0.5834604501724243,26,30,27,29
123,1,0,-0.6822993159294128,26,31,27,29
124,1,0,-0.23657889664173126,26,32,27,29
125,1,1,0.49577435851097107,27,32,27,29
126,1,1,0.6362217664718628,28,32,27,29
127,1,1,0.4799906611442566,29,32,27,29
128,0,0,0.49596771597862244,29,32,27,30
129,1,0,-0.39466530084609985,29,33,27,30
131,1,1,0.5672264695167542,30,33,27,30
132,0,1,-0.7785139083862305,30,33,28,30
133,1,0,-0.31518393754959106,30,34,28,30
134,1,0,-0.27774208784103394,30,35,28,30
135,1,1,0.6495217084884644,31,35,28,30
136,1,1,0.6517466306686401,32,35,28,30
137,0,0,0.04860709235072136,32,35,28,31
138,0,0,0.03634568303823471,32,35,28,32
139,0,0,0.14738890528678894,32,35,28,33
140,0,1,-0.7419167757034302,32,35,29,33
141,0,1,-0.5144228935241699,32,35,30,33
142,0,0,0.6627979874610901,32,35,30,34
143,0,1,-0.721918523311615,32,35,31,34
144,0,0,0.5799024701118469,32,35,31,35
145,1,1,0.6977767944335938,33,35,31,35
146,1,1,0.5880030393600464,34,35,31,35
147,0,0,0.19294945895671844,34,35,31,36
149,0,1,-0.5331102609634399,34,35,32,36
150,0,1,-0.7257277369499207,34,35,33,36
151,0,0,0.9185150265693665,34,35,33,37
152,0,0,-0.09965597093105316,34,35,33,38
153,1,1,0.5529871582984924,35,35,33,38
154,0,0,0.1189122349023819,35,35,33,39
155,0,1,-0.7571192383766174,35,35,34,39
156,1,1,0.735442578792572,36,35,34,39
157,1,1,0.6094688773155212,37,35,34,39
158,1,0,-0.484261691570282,37,36,34,39
159,0,0,-0.020186003297567368,37,36,34,40
160,0,0,0.11930464953184128,37,36,34,41
161,0,0,0.12487810105085373,37,36,34,42
162,0,0,0.9336519837379456,37,36,34,43
163,1,1,0.6430351138114929,38,36,34,43
164,1,0,-1.0348981618881226,38,37,34,43
166,0,0,0.06309400498867035,38,37,34,44
167,1,0,-0.07490324974060059,38,38,34,44
168,0,0,0.01846848987042904,38,38,34,45
169,1,1,0.7040425539016724,39,38,34,45
170,0,1,-0.8097481727600098,39,38,35,45
171,1,0,-0.41047966480255127,39,39,35,45
172,0,0,0.211509108543396,39,39,35,46
173,1,1,0.6870744824409485,40,39,35,46
174,0,0,0.5151770114898682,40,39,35,47
175,1,0,-0.7346593141555786,40,40,35,47
176,0,1,-0.7508650422096252,40,40,36,47
177,1,1,0.6297427415847778,41,40,36,47
178,0,1,-0.7172273993492126,41,40,37,47
179,1,1,0.5476970672607422,42,40,37,47
180,0,1,-0.8478718996047974,42,40,38,47
181,0,1,-0.11962965875864029,42,40,39,47
182,1,0,-1.0427128076553345,42,41,39,47
183,0,0,0.5298299789428711,42,41,39,48
184,0,1,-0.8057452440261841,42,41,40,48
185,0,1,-0.7225168347358704,42,41,41,48
186,0,1,-0.7004128694534302,42,41,42,48
187,0,0,0.594624936580658,42,41,42,49
188,1,0,-0.1802760511636734,42,42,42,49
189,1,0,-0.061079107224941254,42,43,42,49
190,1,1,0.6569693684577942,43,43,42,49
191,1,1,0.545608639717102,44,43,42,49
192,0,1,-0.8000190258026123,44,43,43,49
193,0,0,0.020927315577864647,44,43,43,50
195,0,0,0.0448053777217865,44,43,43,51
197,0,0,0.49492383003234863,44,43,43,52
198,1,1,0.5180614590644836,45,43,43,52
199,0,0,-0.046869564801454544,45,43,43,53
200,0,0,0.19615037739276886,45,43,43,54
201,0,0,0.4129996597766876,45,43,43,55
202,1,0,-0.5904558897018433,45,44,43,55
203,0,0,0.5370165109634399,45,44,43,56
204,0,1,-0.7437554597854614,45,44,44,56
205,1,1,0.38809648156166077,46,44,44,56
206,1,1,0.3845726251602173,47,44,44,56
207,1,1,0.5977044105529785,48,44,44,56
208,1,1,0.5423169136047363,49,44,44,56
209,1,0,-0.11073430627584457,49,45,44,56
210,0,0,-0.060981184244155884,49,45,44,57
211,0,0,-0.06920050084590912,49,45,44,58
212,0,0,0.08254256844520569,49,45,44,59
213,0,1,-0.48601165413856506,49,45,45,59
214,0,1,-0.5289672613143921,49,45,46,59
216,1,1,0.07850553840398788,50,45,46,59
217,1,0,-0.8528021574020386,50,46,46,59
218,1,0,-0.7210814952850342,50,47,46,59
219,0,1,-0.8172897100448608,50,47,47,59
220,1,1,0.7172428965568542,51,47,47,59
221,0,0,0.25572389364242554,51,47,47,60
222,0,0,0.527398407459259,51,47,47,61
223,0,0,0.061696380376815796,51,47,47,62
224,0,0,2.2029107640264556e-05,51,47,47,63
225,0,1,-0.8067560195922852,51,47,48,63
226,0,0,0.5792348384857178,51,47,48,64
227,1,0,-0.7240893840789795,51,48,48,64
228,0,0,0.23782606422901154,51,48,48,65
229,1,1,0.5654569864273071,52,48,48,65
230,1,0,-0.7517946362495422,52,49,48,65
231,0,0,-0.02595609612762928,52,49,48,66
232,0,1,-0.8069267868995667,52,49,49,66
233,1,0,-0.8599097728729248,52,50,49,66
234,1,0,-0.4186498820781708,52,51,49,66
235,1,1,0.4572731554508209,53,51,49,66
236,1,1,0.6805495023727417,54,51,49,66
237,0,1,-0.21974463760852814,54,51,50,66
238,0,1,-0.5783580541610718,54,51,51,66
239,0,0,0.9232479929924011,54,51,51,67
240,1,0,-0.4091605246067047,54,52,51,67
241,0,1,-0.5793802738189697,54,52,52,67
242,1,0,-0.699173629283905,54,53,52,67
243,1,0,-0.3599087595939636,54,54,52,67
245,1,1,0.45534980297088623,55,54,52,67
246,1,0,-0.14932923018932343,55,55,52,67
247,0,0,-0.01871406100690365,55,55,52,68
248,1,1,0.7239145636558533,56,55,52,68
249,0,0,0.5247730612754822,56,55,52,69
250,0,0,0.05341145023703575,56,55,52,70
251,0,1,-0.5763197541236877,56,55,53,70
252,1,1,0.1557079255580902,57,55,53,70
253,1,1,0.6837812662124634,58,55,53,70
254,0,1,-0.8152883648872375,58,55,54,70
256,1,0,-0.026244476437568665,58,56,54,70
257,1,0,-0.0927995964884758,58,57,54,70
258,1,1,0.5990601181983948,59,57,54,70
259,1,1,0.5687893629074097,60,57,54,70
260,0,0,0.5278809666633606,60,57,54,71
261,0,0,0.0030918677803128958,60,57,54,72
262,1,0,-0.7256874442100525,60,58,54,72
263,1,1,0.6950531601905823,61,58,54,72
264,1,1,0.6334315538406372,62,58,54,72
265,1,0,-0.8607218861579895,62,59,54,72
266,1,0,-0.44656166434288025,62,60,54,72
267,0,0,0.16224326193332672,62,60,54,73
270,1,1,0.7068713903427124,63,60,54,73
271,0,0,0.5488271713256836,63,60,54,74
272,0,1,-0.7789316177368164,63,60,55,74
273,1,0,-0.6258441209793091,63,61,55,74
274,0,0,0.5721974968910217,63,61,55,75
275,0,1,-0.8480786085128784,63,61,56,75
276,0,1,-0.5720022916793823,63,61,57,75
277,1,1,0.7224864363670349,64,61,57,75
279,1,1,0.6785686612129211,65,61,57,75
281,0,0,0.6382117867469788,65,61,57,76
282,0,1,-0.24532674252986908,65,61,58,76
283,0,0,0.5957255363464355,65,61,58,77
284,0,1,-0.8055697679519653,65,61,59,77
285,1,1,0.6324697732925415,66,61,59,77
286,0,1,-0.23081964254379272,66,61,60,77
287,0,0,0.3870609402656555,66,61,60,78
288,0,0,-0.0862153172492981,66,61,60,79
289,1,1,0.6109161972999573,67,61,60,79
290,0,1,-0.862955629825592,67,61,61,79
291,1,1,0.4774118661880493,68,61,61,79
292,0,0,-0.07558947056531906,68,61,61,80
293,1,0,-0.6904329061508179,68,62,61,80
294,1,1,0.7303838729858398,69,62,61,80
296,1,0,-0.39782559871673584,69,63,61,80
297,0,1,-0.5990389585494995,69,63,62,80
298,1,1,0.7524780035018921,70,63,62,80
299,1,1,0.7160268425941467,71,63,62,80
300,0,0,0.6205713152885437,71,63,62,81
301,0,0,0.5751022696495056,71,63,62,82
302,0,0,0.5695284605026245,71,63,62,83
303,1,0,-0.6565136313438416,71,64,62,83
304,1,0,-0.7602657675743103,71,65,62,83
305,0,1,-0.6216563582420349,71,65,63,83
306,1,1,0.6641207933425903,72,65,63,83
307,0,1,-0.6058271527290344,72,65,64,83
308,0,0,0.6367198824882507,72,65,64,84
310,0,0,0.5906513333320618,72,65,64,85
311,1,0,-0.7387478351593018,72,66,64,85
312,0,0,-0.004611557815223932,72,66,64,86
313,0,1,-0.8358845114707947,72,66,65,86
314,0,1,-0.71164870262146,72,66,66,86
315,1,1,0.047806691378355026,73,66,66,86
316,0,0,0.46151065826416016,73,66,66,87
317,1,0,-0.02937161922454834,73,67,66,87
318,0,0,-0.09282942116260529,73,67,66,88
319,0,0,-0.03782730549573898,73,67,66,89
320,0,0,0.3698771595954895,73,67,66,90
321,0,0,0.21646703779697418,73,67,66,91
322,0,1,-0.30914220213890076,73,67,67,91
323,1,0,-0.7079347372055054,73,68,67,91
324,1,0,-0.7155979871749878,73,69,67,91
325,1,1,0.7455976605415344,74,69,67,91
326,1,0,-0.4195149540901184,74,70,67,91
327,0,1,-0.8798301219940186,74,70,68,91
329,0,1,-0.2328769564628601,74,70,69,91
330,1,1,0.042745184153318405,75,70,69,91
331,0,0,0.6438301205635071,75,70,69,92
332,1,1,0.7680075764656067,76,70,69,92
333,1,0,-0.5719636678695679,76,71,69,92
334,1,1,0.7608603835105896,77,71,69,92
335,1,0,-0.836654543876648,77,72,69,92
336,0,0,0.5059590935707092,77,72,69,93
337,0,1,-0.26048752665519714,77,72,70,93
338,0,0,0.19042465090751648,77,72,70,94
339,0,1,-0.8178080916404724,77,72,71,94
340,1,0,-0.023990873247385025,77,73,71,94
342,1,1,0.10228677839040756,78,73,71,94
343,1,1,0.7438546419143677,79,73,71,94
344,1,1,0.7601031064987183,80,73,71,94
345,1,1,0.08092352747917175,81,73,71,94
346,1,0,-0.059445228427648544,81,74,71,94
347,0,0,0.6238910555839539,81,74,71,95
348,0,1,-0.8391030430793762,81,74,72,95
349,0,1,-0.18286728858947754,81,74,73,95
350,1,1,0.7892712354660034,82,74,73,95
351,1,0,-0.5297532081604004,82,75,73,95
352,1,0,-0.30247753858566284,82,76,73,95
353,0,0,0.5377634167671204,82,76,73,96
354,0,1,-0.8699904680252075,82,76,74,96
355,0,0,0.9114485383033752,82,76,74,97
356,0,1,-0.6703413128852844,82,76,75,97
357,1,0,-1.014379858970642,82,77,75,97
358,1,1,0.8342971801757812,83,77,75,97
359,0,1,-0.8867124915122986,83,77,76,97
360,0,1,-0.9033514857292175,83,77,77,97
362,0,1,-0.891065239906311,83,77,78,97
363,1,0,-0.7960953116416931,83,78,78,97
364,0,0,0.5641317367553711,83,78,78,98
365,1,1,0.640505850315094,84,78,78,98
366,0,0,-0.09244756400585175,84,78,78,99
367,0,0,-0.08331164717674255,84,78,78,100
368,0,0,0.33164021372795105,84,78,78,101
369,0,1,-0.15053655207157135,84,78,79,101
370,1,0,-0.565399169921875,84,79,79,101
371,0,0,-0.02907426282763481,84,79,79,102
372,1,0,-0.6166814565658569,84,80,79,102
373,0,0,0.1441105604171753,84,80,79,103
374,1,0,-0.4247116446495056,84,81,79,103
375,0,1,-0.9294071793556213,84,81,80,103
376,0,1,-0.8826870322227478,84,81,81,103
377,1,0,-0.21507777273654938,84,82,81,103
378,1,0,-0.04339895769953728,84,83,81,103
379,1,1,0.6750437617301941,85,83,81,103
380,0,0,0.3107167184352875,85,83,81,104
381,0,0,0.46901243925094604,85,83,81,105
382,1,1,0.08250334113836288,86,83,81,105
383,0,1,-0.17281049489974976,86,83,82,105
384,1,1,0.6829400062561035,87,83,82,105
385,1,1,0.6006436944007874,88,83,82,105
386,0,1,-0.21902430057525635,88,83,83,105
387,0,0,-0.003656385699287057,88,83,83,106
388,0,1,-0.34675824642181396,88,83,84,106
389,0,0,0.6301998496055603,88,83,84,107
390,1,0,-0.6785761117935181,88,84,84,107
391,1,0,-0.7827599048614502,88,85,84,107
392,0,0,0.29156002402305603,88,85,84,108
393,1,1,0.801690936088562,89,85,84,108
394,0,0,0.4237261712551117,89,85,84,109
395,1,0,-0.05442005768418312,89,86,84,109
396,1,0,-0.004308316856622696,89,87,84,109
397,1,1,0.04084066301584244,90,87,84,109
398,0,0,0.8609733581542969,90,87,84,110
400,0,1,-0.18508964776992798,90,87,85,110
401,1,1,0.7592413425445557,91,87,85,110
402,0,1,-0.9041738510131836,91,87,86,110
403,1,1,0.7734819650650024,92,87,86,110
405,1,0,-0.1156049445271492,92,88,86,110
406,0,1,-0.23474913835525513,92,88,87,110
407,0,1,-0.19174858927726746,92,88,88,110
408,1,0,-0.5773314833641052,92,89,88,110
409,0,0,0.3492336869239807,92,89,88,111
410,0,1,-0.22687290608882904,92,89,89,111
411,1,0,-0.32366207242012024,92,90,89,111
412,0,0,0.4659523665904999,92,90,89,112
414,0,1,-0.9254375100135803,92,90,90,112
415,1,1,-0.02198813110589981,93,90,90,112
416,0,1,-0.9308769106864929,93,90,91,112
417,0,1,-0.9145796895027161,93,90,92,112
418,0,1,-0.9296475648880005,93,90,93,112
419,0,0,0.5245556235313416,93,90,93,113
420,1,1,0.061420898884534836,94,90,93,113
421,0,1,-0.758554220199585,94,90,94,113
422,0,0,0.6826673150062561,94,90,94,114
423,1,0,-0.07470438629388809,94,91,94,114
424,1,0,-0.7046197652816772,94,92,94,114
425,0,0,-0.06606560945510864,94,92,94,115
426,0,1,-0.946783721446991,94,92,95,115
427,0,0,0.6131699681282043,94,92,95,116
428,1,0,-0.06936653703451157,94,93,95,116
429,0,0,0.6240807175636292,94,93,95,117
430,1,0,-0.6789073348045349,94,94,95,117
431,0,1,-0.4444155693054199,94,94,96,117
432,0,1,-0.3971722424030304,94,94,97,117
433,1,1,0.059888843446969986,95,94,97,117
435,0,1,-0.16638541221618652,95,94,98,117
436,0,1,-0.8269135355949402,95,94,99,117
437,0,1,-0.8902460932731628,95,94,100,117
438,1,0,-0.7301381826400757,95,95,100,117
439,1,1,0.7892295718193054,96,95,100,117
440,0,0,0.3086359202861786,96,95,100,118
441,1,1,0.1697055995464325,97,95,100,118
442,0,0,0.4607602059841156,97,95,100,119
444,0,0,0.5179581046104431,97,95,100,120
445,0,0,0.4853435158729553,97,95,100,121
446,1,0,-0.829410970211029,97,96,100,121
447,0,1,-0.1901949793100357,97,96,101,121
448,0,0,0.5876182317733765,97,96,101,122
449,1,0,-0.5992785096168518,97,97,101,122
450,1,0,-0.740977942943573,97,98,101,122
451,0,0,0.5942582488059998,97,98,101,123
452,0,0,0.2636612355709076,97,98,101,124
453,1,1,0.22526928782463074,98,98,101,124
454,0,1,-0.7675535678863525,98,98,102,124
455,0,1,-0.911983072757721,98,98,103,124
456,0,0,0.624675452709198,98,98,103,125
457,1,0,-0.701442539691925,98,99,103,125
458,1,0,-0.8403286337852478,98,100,103,125
459,0,0,0.4990091919898987,98,100,103,126
460,1,1,0.24306504428386688,99,100,103,126
461,1,1,0.7911854386329651,100,100,103,126
462,0,1,-0.7627213597297668,100,100,104,126
463,1,1,0.6616732478141785,101,100,104,126
464,0,1,-0.7727301716804504,101,100,105,126
465,0,0,0.5656076073646545,101,100,105,127
466,1,1,0.15074390172958374,102,100,105,127
467,0,1,-0.9568894505500793,102,100,106,127
468,0,0,0.5292267203330994,102,100,106,128
469,0,0,0.5770758986473083,102,100,106,129
470,1,1,0.6637825965881348,103,100,106,129
471,1,1,0.754298210144043,104,100,106,129
472,1,0,-0.7868037819862366,104,101,106,129
473,0,1,-0.5334255695343018,104,101,107,129
474,0,1,-0.2544170022010803,104,101,108,129
475,0,1,-0.25414586067199707,104,101,109,129
476,0,1,-0.16811789572238922,104,101,110,129
477,1,0,-0.7378072738647461,104,102,110,129
479,0,0,0.509707510471344,104,102,110,130
480,0,0,0.3064097464084625,104,102,110,131
481,1,1,0.8365722894668579,105,102,110,131
482,1,1,0.8293606638908386,106,102,110,131
483,0,1,-0.9487721920013428,106,102,111,131
484,1,1,0.16455575823783875,107,102,111,131
485,1,0,-0.5929791927337646,107,103,111,131
486,0,0,0.5028407573699951,107,103,111,132
487,0,1,-0.4867454767227173,107,103,112,132
488,0,0,0.2599821388721466,107,103,112,133
490,1,0,-0.3744794428348541,107,104,112,133
491,0,1,-0.9716898798942566,107,104,113,133
492,1,0,-0.6544337272644043,107,105,113,133
493,0,1,-0.9214699864387512,107,105,114,133
494,1,1,0.6893672347068787,108,105,114,133
495,1,1,0.8185166716575623,109,105,114,133
497,0,1,-1.0097793340682983,109,105,115,133
498,0,1,-0.8200868368148804,109,105,116,133
499,1,1,0.14820748567581177,110,105,116,133
500,1,0,-0.40115752816200256,110,106,116,133
501,0,0,0.6264286041259766,110,106,116,134
502,0,1,-0.9971796870231628,110,106,117,134
503,0,1,-0.827505350112915,110,106,118,134
504,1,0,-0.8441250920295715,110,107,118,134
505,0,1,-0.7848774194717407,110,107,119,134
506,1,0,-0.19200608134269714,110,108,119,134
507,0,1,-0.5576508045196533,110,108,120,134
508,0,1,-1.0028866529464722,110,108,121,134
509,0,1,-0.2852676212787628,110,108,122,134
510,1,1,0.10842114686965942,111,108,122,134
511,1,1,0.6824321746826172,112,108,122,134
512,1,1,0.42844823002815247,113,108,122,134
513,0,0,0.6154956221580505,113,108,122,135
514,1,1,0.746674656867981,114,108,122,135
516,0,1,-0.24479886889457703,114,108,123,135
517,1,1,0.7406740784645081,115,108,123,135
518,1,1,0.3330063223838806,116,108,123,135
519,0,1,-0.8900783658027649,116,108,124,135
520,1,0,-0.589148223400116,116,109,124,135
522,1,1,0.7597629427909851,117,109,124,135
525,1,0,-0.8188650608062744,117,110,124,135
526,0,0,0.8643051385879517,117,110,124,136
527,0,0,0.5408728718757629,117,110,124,137
528,1,0,-0.11863473802804947,117,111,124,137
529,0,1,-0.9513807892799377,117,111,125,137
530,0,1,-1.0005953311920166,117,111,126,137
531,0,1,-0.8637794256210327,117,111,127,137
532,0,0,0.5086956024169922,117,111,127,138
533,0,0,0.6333411335945129,117,111,127,139
534,0,1,-0.8802685141563416,117,111,128,139
535,1,0,-0.1324872523546219,117,112,128,139
536,0,0,0.6800003051757812,117,112,128,140
537,1,1,0.7439504265785217,118,112,128,140
538,0,0,0.47312110662460327,118,112,128,141
539,0,0,0.5205962061882019,118,112,128,142
540,1,1,0.728970468044281,119,112,128,142
541,0,0,0.4278053343296051,119,112,128,143
542,1,0,-0.16838033497333527,119,113,128,143
543,1,1,0.7695167660713196,120,113,128,143
544,1,1,0.39593571424484253,121,113,128,143
545,0,1,-0.8685554265975952,121,113,129,143
546,0,0,0.5538625717163086,121,113,129,144
547,0,0,0.5844884514808655,121,113,129,145
548,0,1,-0.36308780312538147,121,113,130,145
550,1,1,0.7660736441612244,122,113,130,145
551,0,0,0.4880746304988861,122,113,130,146
552,0,0,0.45429372787475586,122,113,130,147
553,0,1,-0.6150272488594055,122,113,131,147
554,1,1,-0.05049677938222885,123,113,131,147
555,0,0,0.3466755449771881,123,113,131,148
557,1,1,0.31844696402549744,124,113,131,148
558,0,0,0.46297532320022583,124,113,131,149
559,1,0,-0.697480320930481,124,114,131,149
560,0,1,-0.9174337983131409,124,114,132,149
561,0,0,-0.0969339981675148,124,114,132,150
562,1,1,0.7801797389984131,125,114,132,150
563,1,0,-0.7973396182060242,125,115,132,150
564,1,1,0.23042580485343933,126,115,132,150
565,1,0,-1.0214853286743164,126,116,132,150
567,0,1,-0.5431295037269592,126,116,133,150
568,1,0,-0.7956963777542114,126,117,133,150
569,0,0,0.5783637166023254,126,117,133,151
570,1,0,-0.34293052554130554,126,118,133,151
571,1,0,-0.5740900039672852,126,119,133,151
572,1,1,0.205246239900589,127,119,133,151
573,1,0,-0.7611130475997925,127,120,133,151
574,0,0,0.15153080224990845,127,120,133,152
575,0,1,-0.5985620021820068,127,120,134,152
576,0,0,0.6758148670196533,127,120,134,153
577,0,0,0.6069733500480652,127,120,134,154
578,0,1,-0.2729595899581909,127,120,135,154
579,1,1,0.7668463587760925,128,120,135,154
580,0,0,0.505363404750824,128,120,135,155
581,1,1,0.7199121713638306,129,120,135,155
583,0,0,0.29267916083335876,129,120,135,156
584,1,1,0.21018187701702118,130,120,135,156
585,0,0,0.5107556581497192,130,120,135,157
586,0,0,0.5981157422065735,130,120,135,158
587,0,1,-0.9452506899833679,130,120,136,158
589,1,1,0.6643060445785522,131,120,136,158
590,1,1,0.7175548076629639,132,120,136,158
591,1,0,-0.7098353505134583,132,121,136,158
592,1,1,0.3195739686489105,133,121,136,158
593,0,1,-0.6045612096786499,133,121,137,158
594,0,0,0.4261031746864319,133,121,137,159
595,0,1,-0.6196181178092957,133,121,138,159
597,0,0,0.5650094747543335,133,121,138,160
598,0,1,-0.3487325608730316,133,121,139,160
599,0,1,-0.9273815155029297,133,121,140,160
600,1,0,-0.719500720500946,133,122,140,160
601,0,1,-0.5754079818725586,133,122,141,160
602,1,0,-0.5703393220901489,133,123,141,160
603,1,1,0.8096520900726318,134,123,141,160
604,1,0,-0.5435506105422974,134,124,141,160
605,1,0,-0.3924686014652252,134,125,141,160
606,0,0,0.22879329323768616,134,125,141,161
607,1,1,0.6895699501037598,135,125,141,161
608,0,0,0.4104120433330536,135,125,141,162
609,0,0,0.920260488986969,135,125,141,163
610,0,1,-0.3306909501552582,135,125,142,163
611,1,0,-0.6979149580001831,135,126,142,163
612,1,1,0.6717389822006226,136,126,142,163
613,1,0,-0.685470700263977,136,127,142,163
614,1,1,0.21595355868339539,137,127,142,163
615,0,0,0.293619304895401,137,127,142,164
616,0,1,-0.8871375918388367,137,127,143,164
617,1,0,-0.6479460000991821,137,128,143,164
618,0,0,0.44251641631126404,137,128,143,165
619,1,0,-0.7100557088851929,137,129,143,165
620,1,0,-0.5602079033851624,137,130,143,165
621,0,1,-0.9314308762550354,137,130,144,165
622,1,1,0.26463207602500916,138,130,144,165
623,0,0,0.47233062982559204,138,130,144,166
624,0,1,-0.6102101802825928,138,130,145,166
625,1,0,-0.829932689666748,138,131,145,166
626,0,0,0.439976304769516,138,131,145,167
628,0,1,-0.9428243041038513,138,131,146,167
629,0,1,-0.9435834884643555,138,131,147,167
630,1,0,-0.6541575193405151,138,132,147,167
631,1,0,-0.7548516392707825,138,133,147,167
632,0,0,0.4766800105571747,138,133,147,168
633,0,0,0.4331889748573303,138,133,147,169
634,1,1,0.5814992785453796,139,133,147,169
635,1,1,0.8223661184310913,140,133,147,169
636,0,1,-0.8964659571647644,140,133,148,169
637,0,1,-0.857185423374176,140,133,149,169
638,0,1,-0.9441855549812317,140,133,150,169
640,1,1,0.7021909356117249,141,133,150,169
641,1,0,-0.56267249584198,141,134,150,169
642,0,0,0.679401695728302,141,134,150,170
643,0,0,0.41816020011901855,141,134,150,171
644,0,1,-0.9448089599609375,141,134,151,171
645,1,0,-0.8297435641288757,141,135,151,171
646,0,0,0.43139171600341797,141,135,151,172
647,0,0,0.48927196860313416,141,135,151,173
648,0,0,0.5225520730018616,141,135,151,174
649,0,1,-0.9631503224372864,141,135,152,174
650,0,1,-0.9477781057357788,141,135,153,174
651,1,1,0.827967643737793,142,135,153,174
652,1,1,0.38740959763526917,143,135,153,174
654,1,1,0.7045899629592896,144,135,153,174
655,0,0,0.19927076995372772,144,135,153,175
656,0,1,-0.39046362042427063,144,135,154,175
657,0,1,-0.4246649742126465,144,135,155,175
658,0,0,0.5729411840438843,144,135,155,176
659,1,1,0.7189053893089294,145,135,155,176
660,0,1,-0.9760832786560059,145,135,156,176
661,1,0,-0.8351139426231384,145,136,156,176
662,0,1,-0.8817591071128845,145,136,157,176
663,1,0,-0.593326210975647,145,137,157,176
664,1,1,0.7468329071998596,146,137,157,176
666,0,0,0.45229899883270264,146,137,157,177
667,0,0,0.5240761041641235,146,137,157,178
668,1,1,0.29716628789901733,147,137,157,178
669,0,0,0.5264619588851929,147,137,157,179
670,0,0,0.44668829441070557,147,137,157,180
671,1,0,-0.5515137910842896,147,138,157,180
672,1,0,-0.8036544322967529,147,139,157,180
674,0,1,-0.39831653237342834,147,139,158,180
676,0,0,0.5545350909233093,147,139,158,181
677,1,0,-0.7353354096412659,147,140,158,181
678,0,0,0.19804565608501434,147,140,158,182
679,0,1,-0.9694501161575317,147,140,159,182
680,0,1,-0.41396987438201904,147,140,160,182
681,1,0,-0.7783069610595703,147,141,160,182
682,1,0,-0.5590381622314453,147,142,160,182
683,1,0,-0.551655113697052,147,143,160,182
684,0,1,-0.778579831123352,147,143,161,182
685,1,1,0.7308242321014404,148,143,161,182
686,1,1,0.7114845514297485,149,143,161,182
687,0,0,0.5063051581382751,149,143,161,183
688,1,1,0.7415744662284851,150,143,161,183
689,0,1,-0.7238341569900513,150,143,162,183
692,0,1,-0.9717601537704468,150,143,163,183
693,0,0,0.6042768359184265,150,143,163,184
694,0,0,0.462326318025589,150,143,163,185
695,0,0,0.46221280097961426,150,143,163,186
697,1,0,-0.6683592200279236,150,144,163,186
698,1,0,-0.6111574769020081,150,145,163,186
699,0,0,0.3967745006084442,150,145,163,187
701,0,0,0.4706481397151947,150,145,163,188
702,0,0,0.6654809713363647,150,145,163,189
703,1,0,-0.6386653780937195,150,146,163,189
704,0,1,-0.5654558539390564,150,146,164,189
705,0,0,0.6603861451148987,150,146,164,190
706,0,0,0.3990984559059143,150,146,164,191
707,1,0,-0.6256673336029053,150,147,164,191
708,0,0,0.5968179702758789,150,147,164,192
709,0,1,-1.000463604927063,150,147,165,192
710,1,1,0.24423529207706451,151,147,165,192
711,0,0,0.6072397232055664,151,147,165,193
712,1,0,-0.7106237411499023,151,148,165,193
713,0,0,0.3645177185535431,151,148,165,194
714,0,0,0.5329374670982361,151,148,165,195
715,0,0,0.19314627349376678,151,148,165,196
716,1,1,0.6470922231674194,152,148,165,196
717,1,1,0.8638912439346313,153,148,165,196
718,0,1,-0.9809648394584656,153,148,166,196
719,1,1,0.6798937320709229,154,148,166,196
720,1,0,-0.49688583612442017,154,149,166,196
721,0,1,-0.7987000942230225,154,149,167,196
723,1,0,-0.6798365116119385,154,150,167,196
724,1,0,-0.7957853078842163,154,151,167,196
725,1,0,-0.8196507096290588,154,152,167,196
726,1,0,-0.8408265113830566,154,153,167,196
727,1,0,-0.8238804340362549,154,154,167,196
728,1,0,-0.5876166224479675,154,155,167,196
729,1,0,-0.29793715476989746,154,156,167,196
730,1,0,-0.8202238082885742,154,157,167,196
731,0,1,-0.7760573029518127,154,157,168,196
732,1,0,-0.7168359756469727,154,158,168,196
734,1,1,0.7937815189361572,155,158,168,196
735,1,1,0.1223396584391594,156,158,168,196
737,0,1,-0.3969571590423584,156,158,169,196
738,1,0,-0.2761823832988739,156,159,169,196
739,0,0,0.32144197821617126,156,159,169,197
740,1,1,0.7638256549835205,157,159,169,197
742,0,0,0.5379035472869873,157,159,169,198
743,1,1,0.7703406810760498,158,159,169,198
744,0,1,-0.2553034722805023,158,159,170,198
745,1,1,0.7750991582870483,159,159,170,198
746,1,0,-0.7672755718231201,159,160,170,198
747,0,0,0.5532287359237671,159,160,170,199
748,0,0,0.5860543251037598,159,160,170,200
749,1,1,0.6433963775634766,160,160,170,200
750,1,1,0.26299169659614563,161,160,170,200
751,0,1,-0.4574289917945862,161,160,171,200
752,1,1,0.12577290832996368,162,160,171,200
753,1,1,0.3770126402378082,163,160,171,200
754,0,0,0.3585967719554901,163,160,171,201
755,0,0,0.4676729738712311,163,160,171,202
756,0,0,0.20428618788719177,163,160,171,203
757,1,0,-0.8200229406356812,163,161,171,203
758,1,0,-0.8192643523216248,163,162,171,203
759,0,0,0.43719208240509033,163,162,171,204
760,0,0,0.24690499901771545,163,162,171,205
761,1,0,-0.77504563331604,163,163,171,205
762,0,0,0.4002876877784729,163,163,171,206
763,0,0,0.42174872756004333,163,163,171,207
764,0,1,-0.9259046912193298,163,163,172,207
765,0,0,0.5310652852058411,163,163,172,208
766,0,0,0.4707135260105133,163,163,172,209
767,0,1,-0.9425415992736816,163,163,173,209
768,0,0,0.4496191740036011,163,163,173,210
769,1,0,-0.6022302508354187,163,164,173,210
770,1,0,-0.6550993919372559,163,165,173,210
771,1,0,-0.804229736328125,163,166,173,210
772,0,1,-0.6451634764671326,163,166,174,210
773,1,1,0.2637009918689728,164,166,174,210
775,0,0,0.41509681940078735,164,166,174,211
776,0,1,-0.17243830859661102,164,166,175,211
777,0,0,0.5071935653686523,164,166,175,212
778,0,0,0.47838854789733887,164,166,175,213
779,1,1,0.42997002601623535,165,166,175,213
780,1,0,-0.33839449286460876,165,167,175,213
781,0,0,0.476863831281662,165,167,175,214
782,1,1,0.2040158361196518,166,167,175,214
783,0,0,0.6590523719787598,166,167,175,215
784,1,0,-0.681647777557373,166,168,175,215
785,0,1,-0.5321155786514282,166,168,176,215
786,0,0,0.5501719117164612,166,168,176,216
787,0,0,0.5377836227416992,166,168,176,217
788,1,1,0.7719742059707642,167,168,176,217
790,1,0,-0.32049569487571716,167,169,176,217
791,1,0,-0.6045876741409302,167,170,176,217
792,1,0,-0.6898795962333679,167,171,176,217
793,0,0,0.6093164682388306,167,171,176,218
794,0,0,0.4221266508102417,167,171,176,219
795,0,1,-0.9601992964744568,167,171,177,219
797,0,1,-0.2693588435649872,167,171,178,219
798,0,1,-0.33641451597213745,167,171,179,219
800,0,0,0.9346831440925598,167,171,179,220
801,0,0,0.4034869372844696,167,171,179,221
802,1,0,-0.41922956705093384,167,172,179,221
803,0,0,0.41536054015159607,167,172,179,222
804,0,0,0.5846743583679199,167,172,179,223
805,0,0,0.2079370617866516,167,172,179,224
806,0,0,0.38068103790283203,167,172,179,225
807,0,0,0.9315924048423767,167,172,179,226
808,1,0,-0.30348265171051025,167,173,179,226
809,0,0,0.37439462542533875,167,173,179,227
810,1,0,-0.8704537749290466,167,174,179,227
811,0,0,0.5475727319717407,167,174,179,228
812,1,1,0.4468977153301239,168,174,179,228
813,0,1,-0.5533530116081238,168,174,180,228
814,1,0,-0.6355034112930298,168,175,180,228
815,1,0,-0.6310441493988037,168,176,180,228
816,1,0,-0.3575471043586731,168,177,180,228
817,1,0,-0.29458552598953247,168,178,180,228
818,0,0,0.18591448664665222,168,178,180,229
819,0,0,0.5315088033676147,168,178,180,230
820,0,0,0.48555201292037964,168,178,180,231
822,0,0,0.43044978380203247,168,178,180,232
823,0,0,0.3805166780948639,168,178,180,233
824,0,0,0.5388683676719666,168,178,180,234
825,0,0,0.38841429352760315,168,178,180,235
826,0,1,-0.6053290963172913,168,178,181,235
827,0,0,0.42392197251319885,168,178,181,236
828,1,0,-0.5208156704902649,168,179,181,236
829,0,0,0.5974889993667603,168,179,181,237
830,0,0,0.40807777643203735,168,179,181,238
831,0,0,0.4850922226905823,168,179,181,239
832,0,1,-0.5344767570495605,168,179,182,239
833,0,0,0.5920405387878418,168,179,182,240
834,0,1,-0.5726078748703003,168,179,183,240
835,1,0,-0.6231772303581238,168,180,183,240
836,0,1,-0.3837558627128601,168,180,184,240
837,0,0,0.5797087550163269,168,180,184,241
838,0,1,-0.47949516773223877,168,180,185,241
839,0,0,0.1841038018465042,168,180,185,242
840,1,0,-0.6739829778671265,168,181,185,242
841,0,0,0.23186028003692627,168,181,185,243
842,1,0,-0.7754074335098267,168,182,185,243
843,0,0,0.6057354211807251,168,182,185,244
844,1,0,-0.8198789358139038,168,183,185,244
846,1,0,-0.5889079570770264,168,184,185,244
847,1,0,-0.6368421316146851,168,185,185,244
848,0,0,0.22511713206768036,168,185,185,245
849,1,0,-0.7865803837776184,168,186,185,245
850,1,0,-0.31276261806488037,168,187,185,245
851,0,0,0.6528496146202087,168,187,185,246
852,0,0,0.4437345862388611,168,187,185,247
853,1,0,-0.5336650013923645,168,188,185,247
854,0,0,0.4754239022731781,168,188,185,248
855,0,0,0.4599989354610443,168,188,185,249
856,0,0,0.5925626754760742,168,188,185,250
858,0,0,0.42439770698547363,168,188,185,251
859,0,0,0.4358503818511963,168,188,185,252
860,1,0,-1.0048949718475342,168,189,185,252
861,1,1,0.1986941546201706,169,189,185,252
862,0,0,0.21450811624526978,169,189,185,253
863,0,0,0.9249283075332642,169,189,185,254
864,1,0,-0.6037327647209167,169,190,185,254
865,1,1,0.42514070868492126,170,190,185,254
866,0,0,0.42225155234336853,170,190,185,255
867,1,1,0.8310245871543884,171,190,185,255
868,0,1,-0.4590214788913727,171,190,186,255
869,1,1,0.46091020107269287,172,190,186,255
871,0,0,0.5679084658622742,172,190,186,256
872,0,0,0.5702446699142456,172,190,186,257
873,0,0,0.19506098330020905,172,190,186,258
874,0,1,-0.9894459247589111,172,190,187,258
876,1,0,-0.7763277888298035,172,191,187,258
877,0,1,-0.9814659953117371,172,191,188,258
878,0,0,0.44115230441093445,172,191,188,259
879,1,1,0.4246785044670105,173,191,188,259
880,0,0,0.43530893325805664,173,191,188,260
881,1,1,0.4980867803096771,174,191,188,260
882,0,0,0.1935654878616333,174,191,188,261
883,0,1,-0.9962729811668396,174,191,189,261
884,0,0,0.49321407079696655,174,191,189,262
885,1,0,-0.787869393825531,174,192,189,262
886,0,0,0.32215920090675354,174,192,189,263
887,1,1,0.44191113114356995,175,192,189,263
888,0,1,-0.5297703742980957,175,192,190,263
889,1,1,0.8362988233566284,176,192,190,263
890,0,0,0.5263329148292542,176,192,190,264
891,1,0,-0.1711500883102417,176,193,190,264
892,1,1,0.8445816040039062,177,193,190,264
893,0,0,0.23367173969745636,177,193,190,265
894,1,0,-0.7916848063468933,177,194,190,265
895,0,1,-0.606052041053772,177,194,191,265
896,0,0,0.2220417559146881,177,194,191,266
897,0,1,-1.0065487623214722,177,194,192,266
898,1,0,-0.5549074411392212,177,195,192,266
899,0,0,0.5380207896232605,177,195,192,267
900,1,0,-0.7709129452705383,177,196,192,267
901,1,0,-0.8400737643241882,177,197,192,267
902,0,0,0.45629966259002686,177,197,192,268
903,0,0,0.8658702373504639,177,197,192,269
904,0,0,0.5228176712989807,177,197,192,270
905,1,1,0.3764399588108063,178,197,192,270
906,1,0,-0.6851152777671814,178,198,192,270
907,0,0,0.594308078289032,178,198,192,271
908,0,0,0.5061076879501343,178,198,192,272
909,0,1,-0.9976801872253418,178,198,193,272
910,1,0,-0.7273104786872864,178,199,193,272
911,1,1,0.4568847417831421,179,199,193,272
912,0,0,0.5732460618019104,179,199,193,273
913,1,0,-0.5249167084693909,179,200,193,273
914,1,0,-0.5827224850654602,179,201,193,273
915,1,0,-0.7246608734130859,179,202,193,273
916,1,1,0.39969271421432495,180,202,193,273
917,1,0,-0.5800554156303406,180,203,193,273
918,0,0,0.6015699505805969,180,203,193,274
919,0,0,0.5450777411460876,180,203,193,275
920,1,1,0.07644383609294891,181,203,193,275
922,1,1,0.1460580825805664,182,203,193,275
923,0,0,0.5998252630233765,182,203,193,276
924,0,0,0.5193363428115845,182,203,193,277
925,0,0,0.5147092342376709,182,203,193,278
926,1,1,0.5173124670982361,183,203,193,278
927,1,1,0.8615744113922119,184,203,193,278
929,0,0,0.45044684410095215,184,203,193,279
930,0,0,0.4190065562725067,184,203,193,280
931,1,1,0.8472847938537598,185,203,193,280
932,1,0,-0.7442837953567505,185,204,193,280
933,1,0,-0.2947562038898468,185,205,193,280
934,0,1,-1.0102204084396362,185,205,194,280
935,0,0,0.5276127457618713,185,205,194,281
937,1,0,-0.6211832165718079,185,206,194,281
940,1,1,0.8644729852676392,186,206,194,281
941,1,0,-0.15256382524967194,186,207,194,281
942,1,1,0.26732587814331055,187,207,194,281
943,1,0,-0.627801775932312,187,208,194,281
944,0,0,0.6493511199951172,187,208,194,282
945,1,0,-0.28119829297065735,187,209,194,282
946,0,1,-0.567654013633728,187,209,195,282
947,1,0,-0.6352332234382629,187,210,195,282
948,1,1,0.40688660740852356,188,210,195,282
949,0,0,0.4183256924152374,188,210,195,283
950,0,0,0.33080050349235535,188,210,195,284
951,1,0,-1.0367965698242188,188,211,195,284
952,0,0,0.43530991673469543,188,211,195,285
953,0,0,0.5278846621513367,188,211,195,286
954,1,0,-0.773807942867279,188,212,195,286
955,0,1,-0.529798686504364,188,212,196,286
957,1,1,0.4326649606227875,189,212,196,286
958,1,0,-0.8032925724983215,189,213,196,286
959,0,1,-0.6840132474899292,189,213,197,286
961,0,0,0.5620095729827881,189,213,197,287
962,0,0,0.531396746635437,189,213,197,288
963,1,0,-0.7391698956489563,189,214,197,288
964,0,0,0.5133206248283386,189,214,197,289
965,0,1,-0.3330605626106262,189,214,198,289
966,0,0,0.1895110309123993,189,214,198,290
967,0,0,0.23477408289909363,189,214,198,291
968,1,0,-0.5873497724533081,189,215,198,291
969,0,0,0.8672756552696228,189,215,198,292
971,1,0,-0.6379021406173706,189,216,198,292
972,1,1,0.8571617603302002,190,216,198,292
973,0,0,0.6097342371940613,190,216,198,293
974,1,0,-0.519377589225769,190,217,198,293
975,0,0,0.199768528342247,190,217,198,294
976,1,1,0.3207509517669678,191,217,198,294
977,0,0,0.5170180201530457,191,217,198,295
978,0,0,0.6530948281288147,191,217,198,296
979,1,0,-0.5033167004585266,191,218,198,296
980,1,0,-0.49367809295654297,191,219,198,296
981,0,0,0.4081200063228607,191,219,198,297
982,1,0,-0.6545470952987671,191,220,198,297
983,0,0,0.1808512806892395,191,220,198,298
984,1,1,0.8573803901672363,192,220,198,298
985,0,0,0.5707582235336304,192,220,198,299
986,1,0,-0.5256398916244507,192,221,198,299
988,1,0,-0.20798078179359436,192,222,198,299
989,1,0,-0.604358434677124,192,223,198,299
990,0,0,0.3861694633960724,192,223,198,300
991,0,0,0.13734561204910278,192,223,198,301
992,0,1,-0.7813408970832825,192,223,199,301
993,1,1,0.47322311997413635,193,223,199,301
994,0,0,0.3783652186393738,193,223,199,302
995,0,0,0.5176827907562256,193,223,199,303
996,0,0,0.1784902662038803,193,223,199,304
997,1,1,0.5969958901405334,194,223,199,304
998,0,1,-0.5612744688987732,194,223,200,304
999,1,0,-0.5483294725418091,194,224,200,304
1000,0,0,0.5693395733833313,194,224,200,305
1001,1,1,0.8527520298957825,195,224,200,305
1002,1,0,-1.036194086074829,195,225,200,305
1004,1,0,-0.7795217037200928,195,226,200,305
1005,1,1,0.598191499710083,196,226,200,305
1006,1,0,-0.7897630929946899,196,227,200,305
1007,0,0,0.24154385924339294,196,227,200,306
1008,0,1,-0.6945163607597351,196,227,201,306
1009,0,0,0.8608677387237549,196,227,201,307
1010,0,1,-0.8034945130348206,196,227,202,307
1011,1,0,-0.8102887868881226,196,228,202,307
1012,1,0,-0.5892738699913025,196,229,202,307
1013,1,0,-0.7144749164581299,196,230,202,307
1014,1,1,0.5689967274665833,197,230,202,307
1016,0,1,-0.2595149874687195,197,230,203,307
1017,1,1,0.5518065690994263,198,230,203,307
1018,1,0,-1.0388261079788208,198,231,203,307
1019,0,0,0.4047285318374634,198,231,203,308
1020,1,0,-0.6181653141975403,198,232,203,308
1021,0,0,0.32665950059890747,198,232,203,309
1022,0,0,0.3578445315361023,198,232,203,310
1023,1,0,-0.7235467433929443,198,233,203,310
1024,0,1,-0.5662714242935181,198,233,204,310
1025,0,1,-0.3505570888519287,198,233,205,310
1026,1,0,-0.5530255436897278,198,234,205,310
1027,0,0,0.385490745306015,198,234,205,311
1028,0,0,0.9146779179573059,198,234,205,312
1029,0,1,-0.41596925258636475,198,234,206,312
1030,1,1,0.45450761914253235,199,234,206,312
1031,0,1,-0.7691853642463684,199,234,207,312
1032,0,1,-0.767581582069397,199,234,208,312
1033,1,0,-0.3985910713672638,199,235,208,312
1034,1,0,-0.5841822028160095,199,236,208,312
1035,0,1,-0.6479619741439819,199,236,209,312
1036,0,0,0.5596498847007751,199,236,209,313
1037,0,1,-0.5414173007011414,199,236,210,313
1038,0,1,-0.5337322354316711,199,236,211,313
1039,0,1,-0.6717537045478821,199,236,212,313
1040,0,0,0.1769782453775406,199,236,212,314
1041,0,0,0.4872475564479828,199,236,212,315
1042,1,0,-0.8677208423614502,199,237,212,315
1044,0,0,0.42085427045822144,199,237,212,316
1045,1,0,-0.7368952035903931,199,238,212,316
1046,1,0,-0.6360165476799011,199,239,212,316
1047,1,1,0.13265277445316315,200,239,212,316
1048,0,0,0.6114259958267212,200,239,212,317
1049,0,0,0.3917351961135864,200,239,212,318
1050,0,0,0.3959611654281616,200,239,212,319
1051,1,0,-0.5325172543525696,200,240,212,319
1053,1,0,-0.6671998500823975,200,241,212,319
1054,1,0,-0.3952679932117462,200,242,212,319
1055,1,0,-0.7887505292892456,200,243,212,319
1056,0,0,0.37426528334617615,200,243,212,320
1057,1,1,0.10607797652482986,201,243,212,320
1058,1,0,-0.5345624685287476,201,244,212,320
1060,1,0,-0.29812121391296387,201,245,212,320
1062,0,0,0.08988112211227417,201,245,212,321
1063,0,1,-0.6820716261863708,201,245,213,321
1064,0,0,0.6320207715034485,201,245,213,322
1065,1,1,0.6301085948944092,202,245,213,322
1066,1,1,0.49288228154182434,203,245,213,322
1067,0,0,0.6443119049072266,203,245,213,323
1068,0,0,0.329191118478775,203,245,213,324
1069,1,0,-0.512252926826477,203,246,213,324
1070,1,0,-0.6896357536315918,203,247,213,324
1071,0,0,0.4130200147628784,203,247,213,325
1072,0,0,0.4020494520664215,203,247,213,326
1073,1,0,-0.7656285762786865,203,248,213,326
1075,1,0,-0.6699660420417786,203,249,213,326
1076,0,0,0.4953918159008026,203,249,213,327
1077,0,0,0.5784448981285095,203,249,213,328
1079,0,0,0.5184192657470703,203,249,213,329
1080,0,0,0.1826300323009491,203,249,213,330
1081,0,1,-0.7895557284355164,203,249,214,330
1082,1,1,0.3100471496582031,204,249,214,330
1083,1,1,0.520176351070404,205,249,214,330
1084,0,1,-0.6186495423316956,205,249,215,330
1085,0,1,-0.47063395380973816,205,249,216,330
1086,1,0,-0.2656168043613434,205,250,216,330
1087,0,0,0.16193588078022003,205,250,216,331
1088,0,0,0.9307061433792114,205,250,216,332
1089,0,1,-0.633698582649231,205,250,217,332
1090,0,0,0.34004420042037964,205,250,217,333
1091,0,0,0.4147738516330719,205,250,217,334
1092,1,0,-0.5953775644302368,205,251,217,334
1093,1,0,-0.6790423393249512,205,252,217,334
1094,0,0,0.3943483233451843,205,252,217,335
1095,1,1,0.35482868552207947,206,252,217,335
1097,0,0,0.5440318584442139,206,252,217,336
1098,1,0,-0.6295670866966248,206,253,217,336
1100,1,0,-0.6221791505813599,206,254,217,336
1101,0,0,0.15962253510951996,206,254,217,337
1102,1,1,0.5828081369400024,207,254,217,337
1103,0,0,0.40037164092063904,207,254,217,338
1104,1,0,-0.5805820226669312,207,255,217,338
1105,1,0,-0.5063353776931763,207,256,217,338
1106,0,0,0.6247192025184631,207,256,217,339
1107,1,0,-0.7349307537078857,207,257,217,339
1108,1,0,-1.0402878522872925,207,258,217,339
1109,0,0,0.5862497091293335,207,258,217,340
1110,1,1,0.30518975853919983,208,258,217,340
1111,0,0,0.3514474928379059,208,258,217,341
1112,1,0,-0.7233293652534485,208,259,217,341
1113,1,0,-0.5991936326026917,208,260,217,341
1114,1,0,-0.5302561521530151,208,261,217,341
1115,1,0,-0.5181708335876465,208,262,217,341
1116,0,0,0.36391061544418335,208,262,217,342
1117,0,1,-0.4248569905757904,208,262,218,342
1118,1,0,-0.817288875579834,208,263,218,342
1119,0,0,0.41231241822242737,208,263,218,343
1120,1,0,-0.616392970085144,208,264,218,343
1122,1,0,-0.5538320541381836,208,265,218,343
1124,1,0,-0.7355153560638428,208,266,218,343
1125,0,0,0.5484274625778198,208,266,218,344
1126,1,1,0.13244947791099548,209,266,218,344
1127,0,0,0.5630712509155273,209,266,218,345
1128,0,0,0.5116052031517029,209,266,218,346
1129,0,0,0.3813294768333435,209,266,218,347
1130,1,1,0.3271561861038208,210,266,218,347
1131,0,0,0.36083003878593445,210,266,218,348
1132,1,0,-0.5274643301963806,210,267,218,348
1133,0,0,0.3318783640861511,210,267,218,349
1134,1,0,-0.5095081925392151,210,268,218,349
1135,0,0,0.28456783294677734,210,268,218,350
1136,1,0,-0.6258990168571472,210,269,218,350
1137,1,0,-0.5034932494163513,210,270,218,350
1138,0,1,-0.4421786069869995,210,270,219,350
1139,0,0,0.5970488786697388,210,270,219,351
1140,1,0,-0.2873486876487732,210,271,219,351
1141,1,0,-0.6788085699081421,210,272,219,351
1142,1,1,0.5145227313041687,211,272,219,351
1143,1,0,-0.5439509153366089,211,273,219,351
1144,0,0,0.39718693494796753,211,273,219,352
1145,0,0,0.12844248116016388,211,273,219,353
1146,0,0,0.5752785801887512,211,273,219,354
1148,0,0,0.5296338796615601,211,273,219,355
1149,0,0,0.41560250520706177,211,273,219,356
1150,0,1,-0.6364641785621643,211,273,220,356
1151,0,1,-0.5999667048454285,211,273,221,356
1152,1,0,-0.6422487497329712,211,274,221,356
1153,0,0,0.0446300134062767,211,274,221,357
1154,1,0,-0.2694322466850281,211,275,221,357
1155,1,0,-0.6169829964637756,211,276,221,357
1156,0,1,-0.5767072439193726,211,276,222,357
1157,1,0,-0.5208479166030884,211,277,222,357
1158,0,0,0.3753374516963959,211,277,222,358
1159,0,0,0.5836412310600281,211,277,222,359
1160,1,1,0.5603319406509399,212,277,222,359
1161,0,0,0.18129540979862213,212,277,222,360
1162,1,0,-0.53287273645401,212,278,222,360
1163,0,0,0.5678719878196716,212,278,222,361
1164,0,0,0.4055236577987671,212,278,222,362
1165,0,0,0.4765063226222992,212,278,222,363
1166,0,1,-0.37418192625045776,212,278,223,363
1167,1,1,0.5773462653160095,213,278,223,363
1168,0,0,0.5058051347732544,213,278,223,364
1169,0,1,-0.6939219832420349,213,278,224,364
1170,1,1,0.3050260841846466,214,278,224,364
1171,1,1,0.5556392669677734,215,278,224,364
1172,0,0,0.18987219035625458,215,278,224,365
1173,1,0,-0.5214655995368958,215,279,224,365
1174,0,0,0.3134708106517792,215,279,224,366
1175,0,1,-0.6981698274612427,215,279,225,366
1177,1,1,0.6259571313858032,216,279,225,366
1178,1,1,0.2744843065738678,217,279,225,366
1179,0,0,0.4604317843914032,217,279,225,367
1180,1,0,-0.6666232347488403,217,280,225,367
1181,0,0,0.5958020687103271,217,280,225,368
1182,0,0,0.5918055176734924,217,280,225,369
1183,1,0,-0.3023848533630371,217,281,225,369
1184,1,0,-0.13244156539440155,217,282,225,369
1185,0,0,0.3871068060398102,217,282,225,370
1186,1,0,-0.2627750337123871,217,283,225,370
1187,1,0,-0.6247310638427734,217,284,225,370
1188,0,0,0.3541516065597534,217,284,225,371
1192,0,0,0.36452487111091614,217,284,225,372
1193,1,1,0.16720938682556152,218,284,225,372
1194,0,1,-0.6966422200202942,218,284,226,372
1195,1,1,0.1389925330877304,219,284,226,372
1196,1,0,-0.5584708452224731,219,285,226,372
1197,1,0,-0.5307047963142395,219,286,226,372
1198,1,0,-0.6356491446495056,219,287,226,372
1199,0,0,0.5521464347839355,219,287,226,373
1200,1,1,0.3785419464111328,220,287,226,373
1201,0,0,0.4383053183555603,220,287,226,374
1202,1,1,0.24575617909431458,221,287,226,374
1203,0,0,0.5412282943725586,221,287,226,375
1204,1,0,-0.7372027635574341,221,288,226,375
1205,0,0,0.3493953347206116,221,288,226,376
1206,1,1,0.18955311179161072,222,288,226,376
1207,1,1,0.6350405812263489,223,288,226,376
1208,0,1,-0.5741681456565857,223,288,227,376
1209,0,1,-0.3174231946468353,223,288,228,376
1210,1,0,-0.6241344809532166,223,289,228,376
1211,1,0,-0.23157569766044617,223,290,228,376
1213,1,0,-0.694464921951294,223,291,228,376
1214,1,1,0.33740487694740295,224,291,228,376
1216,0,0,0.5215995907783508,224,291,228,377
1217,0,0,-0.07955045253038406,224,291,228,378
1218,1,0,-0.4848306477069855,224,292,228,378
1219,0,1,-0.4592347741127014,224,292,229,378
1220,0,1,-0.5948699712753296,224,292,230,378
1222,1,0,-0.7788863182067871,224,293,230,378
1223,1,0,-0.5579898357391357,224,294,230,378
1224,0,0,0.37097039818763733,224,294,230,379
1225,1,0,-0.5650696158409119,224,295,230,379
1226,1,1,0.34918883442878723,225,295,230,379
1227,1,0,-0.7808136343955994,225,296,230,379
1228,0,0,0.4814482033252716,225,296,230,380
1229,0,1,-0.7230982184410095,225,296,231,380
1230,0,0,0.5622265338897705,225,296,231,381
1231,1,0,-0.506665050983429,225,297,231,381
1232,1,0,-0.8040611743927002,225,298,231,381
1233,1,0,-0.7447662353515625,225,299,231,381
1234,0,0,0.5930712819099426,225,299,231,382
1235,1,0,-0.7242885828018188,225,300,231,382
1236,1,0,-0.49637576937675476,225,301,231,382
1237,1,1,0.2023715376853943,226,301,231,382
1238,0,1,-0.5092594623565674,226,301,232,382
1239,0,1,-0.519434928894043,226,301,233,382
1240,1,1,0.34911540150642395,227,301,233,382
1241,0,0,0.1749957948923111,227,301,233,383
1242,1,0,-0.5115400552749634,227,302,233,383
1243,1,0,-0.4751913547515869,227,303,233,383
1244,1,0,-0.27438268065452576,227,304,233,383
1245,0,0,0.2145289182662964,227,304,233,384
1246,1,0,-0.7664476037025452,227,305,233,384
1247,0,1,-0.4697037935256958,227,305,234,384
1249,0,0,0.5916938781738281,227,305,234,385
1250,1,0,-0.5098479390144348,227,306,234,385
1251,0,0,0.3891628682613373,227,306,234,386
1252,1,1,0.6345369219779968,228,306,234,386
1253,0,0,0.44405096769332886,228,306,234,387
1254,0,0,0.5931795239448547,228,306,234,388
1256,0,0,0.18196715414524078,228,306,234,389
1257,0,0,0.3756454885005951,228,306,234,390
1258,0,0,0.41170138120651245,228,306,234,391
1259,0,0,0.34197136759757996,228,306,234,392
1260,1,0,-0.44909965991973877,228,307,234,392
1261,0,0,0.3730168044567108,228,307,234,393
1262,0,1,-0.5196923613548279,228,307,235,393
1263,1,1,0.6371180415153503,229,307,235,393
1264,1,0,-0.5889476537704468,229,308,235,393
1265,0,1,-0.5590313673019409,229,308,236,393
1266,0,0,0.2474639117717743,229,308,236,394
1268,1,1,0.283227801322937,230,308,236,394
1269,1,1,0.37486547231674194,231,308,236,394
1270,1,0,-0.2637196481227875,231,309,236,394
1271,1,1,0.3694111108779907,232,309,236,394
1272,1,0,-0.6743856072425842,232,310,236,394
1273,1,1,0.27064773440361023,233,310,236,394
1274,0,0,0.08679487556219101,233,310,236,395
1275,1,1,0.36052462458610535,234,310,236,395
1276,1,0,-0.5033935308456421,234,311,236,395
1277,0,1,-0.5279617309570312,234,311,237,395
1278,1,0,-0.8093423247337341,234,312,237,395
1279,0,0,0.41224217414855957,234,312,237,396
1280,1,0,-1.0417155027389526,234,313,237,396
1281,1,1,0.36133909225463867,235,313,237,396
1282,0,1,-0.46052268147468567,235,313,238,396
1283,0,0,0.6028574705123901,235,313,238,397
1284,1,1,0.32475194334983826,236,313,238,397
1285,0,0,0.42677801847457886,236,313,238,398
1286,0,0,0.5687776803970337,236,313,238,399
1287,1,0,-0.6029939651489258,236,314,238,399
1288,0,0,0.5961917638778687,236,314,238,400
1289,1,1,0.33865734934806824,237,314,238,400
1290,1,0,-0.7652862668037415,237,315,238,400
1291,0,0,0.34585055708885193,237,315,238,401
1292,1,1,0.36963632702827454,238,315,238,401
1293,0,0,0.5689845681190491,238,315,238,402
1294,1,0,-0.6739632487297058,238,316,238,402
1295,0,1,-0.4132598042488098,238,316,239,402
1296,1,0,-0.5592433214187622,238,317,239,402
1297,0,0,0.5271506905555725,238,317,239,403
1298,1,1,0.39733707904815674,239,317,239,403
1299,0,0,0.11130207777023315,239,317,239,404
1301,1,0,-0.4705743193626404,239,318,239,404
1302,0,0,0.4855790436267853,239,318,239,405
1303,0,0,0.09743151068687439,239,318,239,406
1304,0,1,-0.170979842543602,239,318,240,406
1306,0,0,0.4637107849121094,239,318,240,407
1307,0,0,0.35080966353416443,239,318,240,408
1308,1,1,0.5555991530418396,240,318,240,408
1309,0,1,-0.6739617586135864,240,318,241,408
1310,0,0,0.36617550253868103,240,318,241,409
1311,1,1,0.4099820554256439,241,318,241,409
1312,1,0,-0.33701959252357483,241,319,241,409
1313,1,0,-0.4922056496143341,241,320,241,409
1314,0,1,-0.5518258810043335,241,320,242,409
1315,0,1,-0.6043983697891235,241,320,243,409
1316,1,0,-0.2178194373846054,241,321,243,409
1317,1,1,0.35564202070236206,242,321,243,409
1318,0,0,0.4338979721069336,242,321,243,410
1319,1,0,-0.48694169521331787,242,322,243,410
1321,1,0,-0.5592535734176636,242,323,243,410
1322,1,0,-0.6068422198295593,242,324,243,410
1323,1,1,0.6005370020866394,243,324,243,410
1324,0,0,0.31281763315200806,243,324,243,411
1325,0,0,0.31585001945495605,243,324,243,412
1326,0,0,0.07319044321775436,243,324,243,413
1327,0,1,-0.7185999155044556,243,324,244,413
1328,0,1,-0.5366313457489014,243,324,245,413
1329,1,0,-0.7753748297691345,243,325,245,413
1330,0,0,0.40776410698890686,243,325,245,414
1332,0,1,-0.4885026216506958,243,325,246,414
1333,1,0,-0.22102320194244385,243,326,246,414
1334,1,0,-0.4904440641403198,243,327,246,414
1335,0,0,0.4468386173248291,243,327,246,415
1336,0,1,-0.7673376202583313,243,327,247,415
1337,0,1,-0.41842371225357056,243,327,248,415
1338,0,1,-0.5026707649230957,243,327,249,415
1339,1,0,-0.5738224387168884,243,328,249,415
1340,0,1,-0.4468463659286499,243,328,250,415
1341,0,0,0.3477686047554016,243,328,250,416
1342,0,1,-0.7672194242477417,243,328,251,416
1343,0,0,0.23879733681678772,243,328,251,417
1344,0,1,-0.5340968370437622,243,328,252,417
1345,1,0,-0.403032511472702,243,329,252,417
1346,0,0,0.3527010679244995,243,329,252,418
1348,0,0,0.5221215486526489,243,329,252,419
1349,1,1,0.3762713670730591,244,329,252,419
1350,1,0,-0.2865445613861084,244,330,252,419
1351,1,1,0.6287972331047058,245,330,252,419
1352,1,0,-0.5987575054168701,245,331,252,419
1353,0,0,0.5047584772109985,245,331,252,420
1354,0,0,0.5027221441268921,245,331,252,421
1355,1,0,-0.5009169578552246,245,332,252,421
1356,0,0,0.11133779585361481,245,332,252,422
1357,0,1,-0.5891855359077454,245,332,253,422
1358,1,0,-0.8011240363121033,245,333,253,422
1359,1,0,-0.5988531112670898,245,334,253,422
1360,1,0,-0.6433557868003845,245,335,253,422
1361,0,0,0.15586714446544647,245,335,253,423
1362,1,0,-0.5996295213699341,245,336,253,423
1363,1,0,-0.5818275213241577,245,337,253,423
1364,1,0,-0.19884319603443146,245,338,253,423
1365,0,0,0.45887047052383423,245,338,253,424
1366,0,1,-0.49763938784599304,245,338,254,424
1368,0,1,-0.40656885504722595,245,338,255,424
1369,1,0,-0.455256849527359,245,339,255,424
1370,0,0,0.5043314695358276,245,339,255,425
1371,1,1,0.6978795528411865,246,339,255,425
1372,0,1,-0.6057410836219788,246,339,256,425
1373,1,1,0.2520339787006378,247,339,256,425
1374,0,0,0.36073046922683716,247,339,256,426
1375,0,1,-0.587634265422821,247,339,257,426
1376,1,0,-0.524116039276123,247,340,257,426
1377,1,1,0.4379180371761322,248,340,257,426
1378,1,0,-0.784269392490387,248,341,257,426
1379,0,0,0.07817161828279495,248,341,257,427
1380,1,0,-0.45596107840538025,248,342,257,427
1382,1,0,-0.8508773446083069,248,343,257,427
1383,1,0,-0.7845165133476257,248,344,257,427
1384,0,0,0.5129612684249878,248,344,257,428
1385,0,1,-0.5499072670936584,248,344,258,428
1386,0,0,0.13782253861427307,248,344,258,429
1387,1,0,-0.5246512293815613,248,345,258,429
1388,1,0,-0.5731058716773987,248,346,258,429
1389,1,0,-0.4725590646266937,248,347,258,429
1390,0,0,0.4771285951137543,248,347,258,430
1391,1,1,0.699639618396759,249,347,258,430
1392,1,0,-0.24073687195777893,249,348,258,430
1393,1,1,0.3827890157699585,250,348,258,430
1394,1,1,0.39254042506217957,251,348,258,430
1395,1,0,-0.25068143010139465,251,349,258,430
1396,1,0,-0.7676041722297668,251,350,258,430
1397,0,0,0.6182741522789001,251,350,258,431
1398,0,0,0.4285324811935425,251,350,258,432
1399,0,1,-0.39522138237953186,251,350,259,432
1400,0,1,-0.5576931238174438,251,350,260,432
1401,0,1,-0.5775696635246277,251,350,261,432
1402,1,1,0.3985709547996521,252,350,261,432
1403,1,1,0.5273316502571106,253,350,261,432
1404,0,0,0.5742313861846924,253,350,261,433
1405,0,1,-0.8099868893623352,253,350,262,433
1406,0,0,0.37257835268974304,253,350,262,434
1407,0,0,0.585697591304779,253,350,262,435
1409,0,1,-0.4653925895690918,253,350,263,435
1410,1,0,-0.6441814303398132,253,351,263,435
1411,1,0,-0.5259709358215332,253,352,263,435
1412,0,1,-0.48012611269950867,253,352,264,435
1413,1,0,-0.2391596883535385,253,353,264,435
1414,1,0,-0.5862353444099426,253,354,264,435
1415,0,1,-0.6178531646728516,253,354,265,435
1416,0,0,0.13343477249145508,253,354,265,436
1417,1,0,-0.5025036334991455,253,355,265,436
1418,0,1,-0.8056763410568237,253,355,266,436
1419,1,0,-0.5351159572601318,253,356,266,436
1420,1,1,0.4156787693500519,254,356,266,436
1421,1,0,-1.0186998844146729,254,357,266,436
1422,0,0,0.5090560913085938,254,357,266,437
1423,0,0,0.3768385350704193,254,357,266,438
1425,1,1,0.3769148886203766,255,357,266,438
1426,1,1,0.25797295570373535,256,357,266,438
1427,1,0,-0.716334879398346,256,358,266,438
1428,0,0,0.5052817463874817,256,358,266,439
1429,1,0,-0.4775587022304535,256,359,266,439
1430,1,0,-0.21099206805229187,256,360,266,439
1431,1,0,-0.7122865915298462,256,361,266,439
1432,0,1,-0.5884538888931274,256,361,267,439
1433,1,0,-0.4359090328216553,256,362,267,439
1434,1,0,-0.623698890209198,256,363,267,439
1437,0,1,-0.8321592211723328,256,363,268,439
1438,0,1,-0.43490439653396606,256,363,269,439
1439,0,0,0.47607553005218506,256,363,269,440
1440,1,0,-0.45833250880241394,256,364,269,440
1441,0,0,0.3456874489784241,256,364,269,441
1442,0,0,0.47271549701690674,256,364,269,442
1443,1,1,0.3394842743873596,257,364,269,442
1444,1,0,-0.7841082811355591,257,365,269,442
1445,1,0,-0.7457876205444336,257,366,269,442
1446,0,0,0.4124486744403839,257,366,269,443
1447,1,1,0.41158032417297363,258,366,269,443
1448,1,0,-0.6185620427131653,258,367,269,443
1449,1,1,0.3834952116012573,259,367,269,443
1450,0,1,-0.8337817788124084,259,367,270,443
1451,1,0,-0.3040751516819,259,368,270,443
1452,1,1,0.46886348724365234,260,368,270,443
1453,0,0,0.3397490382194519,260,368,270,444
1456,0,0,0.5565615892410278,260,368,270,445
1457,0,0,0.3780950903892517,260,368,270,446
1458,1,1,0.3962721526622772,261,368,270,446
1459,1,0,-0.7250348329544067,261,369,270,446
1460,1,0,-0.45663514733314514,261,370,270,446
1461,0,1,-0.5693904757499695,261,370,271,446
1462,0,0,0.4245045781135559,261,370,271,447
1463,0,0,0.3982614576816559,261,370,271,448
1464,1,1,0.4601508677005768,262,370,271,448
1465,0,0,-0.021717187017202377,262,370,271,449
1466,1,1,0.7372351288795471,263,370,271,449
1467,1,0,-1.035759449005127,263,371,271,449
1468,0,0,0.500373899936676,263,371,271,450
1469,1,0,-0.6672453284263611,263,372,271,450
1470,0,1,-0.578075647354126,263,372,272,450
1471,1,0,-0.6328462958335876,263,373,272,450
1472,1,0,-0.44217559695243835,263,374,272,450
1473,0,0,0.317004919052124,263,374,272,451
1475,1,0,-0.5370877981185913,263,375,272,451
1476,1,0,-0.5983051657676697,263,376,272,451
1477,1,0,-0.5049699544906616,263,377,272,451
1478,0,1,-0.8419668078422546,263,377,273,451
1479,1,0,-0.8566315174102783,263,378,273,451
1481,0,0,0.3657737374305725,263,378,273,452
1482,0,1,-0.6011082530021667,263,378,274,452
1483,0,0,0.1453690528869629,263,378,274,453
1484,0,1,-0.19913895428180695,263,378,275,453
1485,0,0,0.17778055369853973,263,378,275,454
1486,0,0,0.6028748154640198,263,378,275,455
1487,0,0,0.2827194333076477,263,378,275,456
1488,0,0,0.5025033950805664,263,378,275,457
1489,1,1,0.6989496946334839,264,378,275,457
1490,0,1,-0.6443413496017456,264,378,276,457
1491,0,0,0.4816999137401581,264,378,276,458
1492,0,1,-0.4764227867126465,264,378,277,458
1494,0,0,0.08620505779981613,264,378,277,459
1495,1,0,-1.0428197383880615,264,379,277,459
1496,0,0,0.4148954749107361,264,379,277,460
1497,1,1,0.733496367931366,265,379,277,460
1498,1,0,-0.815506100654602,265,380,277,460
1499,0,1,-0.6637210249900818,265,380,278,460
1500,1,0,-0.6166898608207703,265,381,278,460
1501,0,0,0.3984594941139221,265,381,278,461
1502,1,0,-0.37000590562820435,265,382,278,461
1503,1,0,-0.24985912442207336,265,383,278,461
1505,1,0,-0.7841461300849915,265,384,278,461
1506,1,1,0.7286503911018372,266,384,278,461
1507,1,1,0.40642037987709045,267,384,278,461
1508,1,0,-0.6677306890487671,267,385,278,461
1509,1,1,0.24780811369419098,268,385,278,461
1510,1,0,-0.4574665129184723,268,386,278,461
1511,1,0,-0.5046181082725525,268,387,278,461
1512,1,0,-0.44060322642326355,268,388,278,461
1513,1,0,-0.591002345085144,268,389,278,461
1514,0,0,0.4921126067638397,268,389,278,462
1515,0,1,-0.5975543856620789,268,389,279,462
1516,0,0,0.512984037399292,268,389,279,463
1518,0,0,0.47789376974105835,268,389,279,464
1519,0,1,-0.7157326340675354,268,389,280,464
1520,1,1,0.05785223841667175,269,389,280,464
1521,0,1,-0.8685095310211182,269,389,281,464
1522,1,1,0.44715026021003723,270,389,281,464
1523,0,0,0.8643659353256226,270,389,281,465
1524,0,1,-0.6040177345275879,270,389,282,465
1525,0,1,-0.6622887849807739,270,389,283,465
1526,0,0,0.9134279489517212,270,389,283,466
1527,1,1,0.7326816916465759,271,389,283,466
1528,1,1,0.4467496871948242,272,389,283,466
1529,1,1,0.7509859204292297,273,389,283,466
1530,1,0,-0.6069573163986206,273,390,283,466
1531,1,1,0.4825936257839203,274,390,283,466
1533,0,1,-0.4974684417247772,274,390,284,466
1534,0,0,0.06958062201738358,274,390,284,467
1535,1,0,-0.6199041604995728,274,391,284,467
1536,0,1,-0.47471389174461365,274,391,285,467
1537,0,0,0.47899329662323,274,391,285,468
1538,0,1,-0.632326602935791,274,391,286,468
1539,0,0,0.2815539538860321,274,391,286,469
1540,0,0,0.5973592400550842,274,391,286,470
1541,1,0,-0.8324487209320068,274,392,286,470
1542,1,1,0.2724608778953552,275,392,286,470
1543,0,0,0.02219260483980179,275,392,286,471
1544,1,1,0.45579245686531067,276,392,286,471
1545,1,0,-0.4853805601596832,276,393,286,471
1546,1,0,-0.5330934524536133,276,394,286,471
1547,1,0,-0.611164391040802,276,395,286,471
1548,0,0,0.48978134989738464,276,395,286,472
1549,1,0,-0.5322693586349487,276,396,286,472
1550,1,1,0.08684560656547546,277,396,286,472
1552,0,0,0.5112407207489014,277,396,286,473
1553,0,1,-0.6300123929977417,277,396,287,473
1554,0,0,0.12484630942344666,277,396,287,474
1555,1,1,0.49505698680877686,278,396,287,474
1556,1,0,-0.7400370836257935,278,397,287,474
1557,0,1,-0.6083853244781494,278,397,288,474
1558,1,0,-0.5751034617424011,278,398,288,474
1559,1,0,-0.442184180021286,278,399,288,474
1560,0,0,0.5450965166091919,278,399,288,475
1561,0,0,0.6583499312400818,278,399,288,476
1562,1,0,-0.7844957113265991,278,400,288,476
1563,1,0,-0.45479723811149597,278,401,288,476
1564,1,1,0.25779005885124207,279,401,288,476
1565,1,0,-0.7013193964958191,279,402,288,476
1566,1,0,-0.8095118999481201,279,403,288,476
1567,0,0,0.41844186186790466,279,403,288,477
1568,1,0,-0.5141391754150391,279,404,288,477
1569,0,0,0.5371041297912598,279,404,288,478
1570,0,1,-0.8573189377784729,279,404,289,478
1571,0,0,0.5765422582626343,279,404,289,479
1572,0,0,0.9276849031448364,279,404,289,480
1573,1,0,-0.12157062441110611,279,405,289,480
1574,0,0,0.3879964351654053,279,405,289,481
1575,1,1,0.7697778344154358,280,405,289,481
1576,0,0,0.15818960964679718,280,405,289,482
1577,1,0,-0.5497698783874512,280,406,289,482
1578,1,0,-0.5996454954147339,280,407,289,482
1579,1,1,0.46148329973220825,281,407,289,482
1580,0,0,0.1206037774682045,281,407,289,483
1581,0,1,-0.5885351896286011,281,407,290,483
1582,1,0,-0.5585155487060547,281,408,290,483
1583,1,1,0.5220714211463928,282,408,290,483
1584,0,1,-0.669858455657959,282,408,291,483
1585,1,1,0.45951685309410095,283,408,291,483
1586,0,1,-0.598048985004425,283,408,292,483
1587,0,1,-0.6187519431114197,283,408,293,483
1588,1,0,-0.5514862537384033,283,409,293,483
1589,0,1,-0.658509373664856,283,409,294,483
1590,1,0,-0.517437756061554,283,410,294,483
1592,0,0,0.05377350002527237,283,410,294,484
1593,0,1,-0.5526635050773621,283,410,295,484
1594,0,0,0.5617403388023376,283,410,295,485
1595,1,0,-0.6818819642066956,283,411,295,485
1596,1,1,0.4420173764228821,284,411,295,485
1597,0,1,-0.6562174558639526,284,411,296,485
1600,1,0,-0.43413031101226807,284,412,296,485
1601,0,0,0.8647250533103943,284,412,296,486
1602,0,0,0.056933801621198654,284,412,296,487
1603,0,0,0.3487616777420044,284,412,296,488
1604,1,0,-1.0364875793457031,284,413,296,488
1605,0,0,0.48497819900512695,284,413,296,489
1606,0,0,0.2761833965778351,284,413,296,490
1607,1,0,-0.7998977899551392,284,414,296,490
1608,1,0,-0.22909952700138092,284,415,296,490
1609,1,0,-0.44395318627357483,284,416,296,490
1610,1,1,0.24227723479270935,285,416,296,490
1611,0,0,0.5099530816078186,285,416,296,491
1612,1,0,-0.6458000540733337,285,417,296,491
1613,0,0,0.315309077501297,285,417,296,492
1614,0,0,0.6362465023994446,285,417,296,493
1615,1,1,0.4792851507663727,286,417,296,493
1616,0,0,0.49983829259872437,286,417,296,494
1617,0,1,-0.6242343187332153,286,417,297,494
1618,0,0,0.47838011384010315,286,417,297,495
1619,1,1,0.7761080265045166,287,417,297,495
1620,1,0,-0.714504063129425,287,418,297,495
1621,0,0,0.2745169997215271,287,418,297,496
1622,0,0,0.525489330291748,287,418,297,497
1623,1,0,-1.0379858016967773,287,419,297,497
1624,1,1,0.4831857681274414,288,419,297,497
1625,0,1,-0.8976476788520813,288,419,298,497
1626,0,1,-0.7231570482254028,288,419,299,497
1627,0,0,0.18587327003479004,288,419,299,498
1628,1,0,-0.1753491759300232,288,420,299,498
1629,0,0,0.2512171268463135,288,420,299,499
1631,1,0,-0.2656707465648651,288,421,299,499
1632,1,0,-0.7339228987693787,288,422,299,499
1633,0,0,0.5823456645011902,288,422,299,500
1634,1,0,-0.7110417485237122,288,423,299,500
1635,0,0,0.5175630450248718,288,423,299,501
1636,0,1,-0.7033320665359497,288,423,300,501
1637,0,1,-0.6960945129394531,288,423,301,501
1638,0,0,0.4656161963939667,288,423,301,502
1639,0,0,0.09462633728981018,288,423,301,503
1640,1,0,-0.20015855133533478,288,424,301,503
1641,1,1,0.33981776237487793,289,424,301,503
1642,0,0,0.3074042797088623,289,424,301,504
1643,1,1,0.7733511924743652,290,424,301,504
1644,1,1,0.8001400828361511,291,424,301,504
1645,1,1,0.4772927761077881,292,424,301,504
1646,0,0,0.316932737827301,292,424,301,505
1647,0,0,0.062473393976688385,292,424,301,506
1648,1,0,-0.7099438905715942,292,425,301,506
1649,1,0,-0.46300753951072693,292,426,301,506
1650,0,1,-0.5430436134338379,292,426,302,506
1651,1,0,-0.5478579998016357,292,427,302,506
1652,1,0,-0.21085751056671143,292,428,302,506
1654,0,1,-0.7642259001731873,292,428,303,506
1655,1,0,-0.4672301411628723,292,429,303,506
1656,1,1,0.44415587186813354,293,429,303,506
1657,1,1,0.5248579382896423,294,429,303,506
1658,1,1,0.3234598934650421,295,429,303,506
1659,1,0,-0.8131583333015442,295,430,303,506
1660,0,0,0.49288398027420044,295,430,303,507
1661,1,0,-0.4785594046115875,295,431,303,507
1662,0,1,-0.7166757583618164,295,431,304,507
1663,0,0,0.3458694815635681,295,431,304,508
1664,1,1,0.8325017690658569,296,431,304,508
1665,1,1,0.4751069247722626,297,431,304,508
1666,0,0,0.47302743792533875,297,431,304,509
1667,1,0,-0.6747980713844299,297,432,304,509
1668,1,1,0.28929078578948975,298,432,304,509
1669,0,0,0.533086895942688,298,432,304,510
1670,0,0,0.45835158228874207,298,432,304,511
1671,0,1,-0.6849645972251892,298,432,305,511
1672,0,0,0.2816131114959717,298,432,305,512
1673,0,1,-0.16343320906162262,298,432,306,512
1674,0,0,0.4830354154109955,298,432,306,513
1675,1,0,-0.45129162073135376,298,433,306,513
1676,1,1,0.5370293259620667,299,433,306,513
1677,1,0,-0.5784162282943726,299,434,306,513
1678,0,0,0.12301398813724518,299,434,306,514
1679,1,0,-0.5597612261772156,299,435,306,514
1680,0,0,0.020045090466737747,299,435,306,515
1681,1,0,-0.7601267099380493,299,436,306,515
1682,0,0,0.5270810127258301,299,436,306,516
1683,1,1,0.5237208604812622,300,436,306,516
1685,1,0,-0.6114092469215393,300,437,306,516
1686,1,0,-0.42222079634666443,300,438,306,516
1687,1,0,-0.7690682411193848,300,439,306,516
1688,0,1,-0.9364327192306519,300,439,307,516
1689,1,0,-0.5642539858818054,300,440,307,516
1690,1,0,-0.4130849838256836,300,441,307,516
1691,1,0,-0.7989885210990906,300,442,307,516
1692,0,0,0.24395035207271576,300,442,307,517
1693,1,0,-0.19364601373672485,300,443,307,517
1694,1,0,-0.5944793820381165,300,444,307,517
1695,0,0,0.331356406211853,300,444,307,518
1696,1,1,0.5178402066230774,301,444,307,518
1697,0,0,0.03567332401871681,301,444,307,519
1698,1,1,0.540825366973877,302,444,307,519
1699,1,1,0.8195963501930237,303,444,307,519
1700,0,1,-0.6261367201805115,303,444,308,519
1702,1,0,-0.21710973978042603,303,445,308,519
1703,0,0,0.10043822228908539,303,445,308,520
1704,1,0,-0.6833266615867615,303,446,308,520
1705,1,1,0.30567607283592224,304,446,308,520
1706,1,0,-0.5271275043487549,304,447,308,520
1707,1,0,-0.5877894163131714,304,448,308,520
1708,1,0,-0.43811023235321045,304,449,308,520
1709,0,1,-0.7324265837669373,304,449,309,520
1710,0,0,0.6337528824806213,304,449,309,521
1712,0,0,0.548122763633728,304,449,309,522
1713,0,1,-0.7275736927986145,304,449,310,522
1714,1,0,-0.45463764667510986,304,450,310,522
1715,1,0,-0.13218611478805542,304,451,310,522
1716,0,0,0.3821050524711609,304,451,310,523
1717,1,0,-0.5373953580856323,304,452,310,523
1719,1,0,-0.47909408807754517,304,453,310,523
1720,0,0,0.4881543815135956,304,453,310,524
1721,1,0,-0.4631430208683014,304,454,310,524
1722,0,1,-0.7373786568641663,304,454,311,524
1723,1,0,-0.3971489667892456,304,455,311,524
1724,0,0,0.22226695716381073,304,455,311,525
1725,1,0,-0.7556756734848022,304,456,311,525
1726,0,0,0.3630905747413635,304,456,311,526
1727,0,0,0.26278501749038696,304,456,311,527
1728,0,0,0.4427706301212311,304,456,311,528
1730,1,1,0.5588279962539673,305,456,311,528
1731,1,0,-0.7477560639381409,305,457,311,528
1732,1,0,-0.5522847771644592,305,458,311,528
1733,1,0,-0.6045868992805481,305,459,311,528
1734,0,0,0.04372796416282654,305,459,311,529
1735,1,1,0.19129520654678345,306,459,311,529
1736,0,0,0.11180207133293152,306,459,311,530
1737,0,0,0.615309476852417,306,459,311,531
1738,1,1,0.4801936745643616,307,459,311,531
1739,0,1,-0.6625182628631592,307,459,312,531
1740,0,1,-0.9509409666061401,307,459,313,531
1741,1,1,0.5314012765884399,308,459,313,531
1742,1,0,-0.8138155937194824,308,460,313,531
1743,1,0,-0.2528148889541626,308,461,313,531
1745,0,1,-0.37449169158935547,308,461,314,531
1746,0,0,0.46349334716796875,308,461,314,532
1748,0,1,-0.95527583360672,308,461,315,532
1749,1,1,0.5852675437927246,309,461,315,532
1750,0,1,-0.7487913370132446,309,461,316,532
1751,1,1,0.41590067744255066,310,461,316,532
1752,1,0,-0.6829397678375244,310,462,316,532
1753,1,0,-0.5293277502059937,310,463,316,532
1754,0,1,-0.7556236982345581,310,463,317,532
1755,1,1,0.5893191695213318,311,463,317,532
1757,0,1,-0.730341374874115,311,463,318,532
1758,1,0,-0.39806026220321655,311,464,318,532
1759,1,0,-0.5626034736633301,311,465,318,532
1760,1,0,-0.4437389075756073,311,466,318,532
1761,0,0,0.44478273391723633,311,466,318,533
1762,1,0,-0.8469372391700745,311,467,318,533
1763,1,0,-0.6347480416297913,311,468,318,533
1764,1,1,0.6102701425552368,312,468,318,533
1765,0,1,-0.6819155812263489,312,468,319,533
1766,1,0,-0.6124498844146729,312,469,319,533
1767,0,1,-0.9722014665603638,312,469,320,533
1768,0,0,0.5694121718406677,312,469,320,534
1769,1,1,0.6552362442016602,313,469,320,534
1770,0,1,-0.9822939038276672,313,469,321,534
1771,0,1,-0.6318327784538269,313,469,322,534
1772,1,0,-0.31861525774002075,313,470,322,534
1773,0,0,0.01897408440709114,313,470,322,535
1774,1,0,-0.20440207421779633,313,471,322,535
1775,0,0,0.5619248747825623,313,471,322,536
1776,0,1,-0.3529582619667053,313,471,323,536
1777,0,0,0.00450174231082201,313,471,323,537
1778,1,1,0.8505330681800842,314,471,323,537
1780,1,1,0.48315608501434326,315,471,323,537
1781,1,1,0.27170422673225403,316,471,323,537
1782,1,0,-0.3788561224937439,316,472,323,537
1783,0,0,0.3299180567264557,316,472,323,538
1784,1,0,-0.7417407035827637,316,473,323,538
1785,1,0,-0.14595875144004822,316,474,323,538
1786,1,1,0.622922956943512,317,474,323,538
1788,0,0,0.10366714000701904,317,474,323,539
1789,1,1,0.3313848078250885,318,474,323,539
1790,1,0,-0.3715670108795166,318,475,323,539
1791,0,1,-0.9809338450431824,318,475,324,539
1792,1,1,0.5179332494735718,319,475,324,539
1793,1,0,-0.5773051381111145,319,476,324,539
1794,1,0,-0.5302405953407288,319,477,324,539
1795,0,0,0.37203702330589294,319,477,324,540
1796,1,0,-0.3610217273235321,319,478,324,540
1797,1,0,-0.5706579685211182,319,479,324,540
1798,0,0,0.34018203616142273,319,479,324,541
1799,1,0,-0.4343101382255554,319,480,324,541
1800,0,0,0.44514086842536926,319,480,324,542
1801,0,0,0.9229061007499695,319,480,324,543
1802,0,0,0.4071395695209503,319,480,324,544
1803,0,1,-0.7877846360206604,319,480,325,544
1804,0,1,-0.6284093260765076,319,480,326,544
1805,0,0,0.577658474445343,319,480,326,545
1806,1,1,0.2417604774236679,320,480,326,545
1807,1,0,-0.8280853629112244,320,481,326,545
1808,1,1,0.3432416617870331,321,481,326,545
1809,1,0,-0.6990574598312378,321,482,326,545
1810,1,0,-0.7623007297515869,321,483,326,545
1811,0,1,-0.7718364596366882,321,483,327,545
1812,0,0,0.5295109152793884,321,483,327,546
1813,0,0,0.3850504457950592,321,483,327,547
1814,0,1,-0.6306610703468323,321,483,328,547
1815,0,1,-0.7157378792762756,321,483,329,547
1816,1,0,-0.7296537756919861,321,484,329,547
1817,1,0,-0.3997005820274353,321,485,329,547
1818,1,0,-0.47154179215431213,321,486,329,547
1819,0,0,0.3808181881904602,321,486,329,548
1820,1,1,0.5450611114501953,322,486,329,548
1821,1,0,-0.7144619822502136,322,487,329,548
1822,0,0,0.3140616714954376,322,487,329,549
1824,1,0,-0.49907559156417847,322,488,329,549
1825,0,1,-0.27725809812545776,322,488,330,549
1826,0,0,-0.03977533429861069,322,488,330,550
1827,0,0,0.43114200234413147,322,488,330,551
1828,0,1,-0.6621338725090027,322,488,331,551
1829,0,0,0.6672502160072327,322,488,331,552
1831,0,1,-0.9415205121040344,322,488,332,552
1832,0,0,0.2061699628829956,322,488,332,553
1833,1,0,-0.6683902740478516,322,489,332,553
1834,0,0,0.46623921394348145,322,489,332,554
1835,0,0,0.3899124264717102,322,489,332,555
1836,0,0,0.448534220457077,322,489,332,556
1837,1,0,-0.36566436290740967,322,490,332,556
1838,1,0,-0.7317327260971069,322,491,332,556
1839,0,0,0.07300517708063126,322,491,332,557
1840,1,0,-0.6992672681808472,322,492,332,557
1841,1,1,0.6285861134529114,323,492,332,557
1842,1,0,-0.46618369221687317,323,493,332,557
1843,0,0,0.49992045760154724,323,493,332,558
1844,1,1,0.5525848865509033,324,493,332,558
1846,0,0,0.37512797117233276,324,493,332,559
1847,1,0,-0.40667638182640076,324,494,332,559
1848,0,1,-0.7816511392593384,324,494,333,559
1849,0,1,-0.918779194355011,324,494,334,559
1850,1,1,0.4271964132785797,325,494,334,559
1851,1,1,0.3727818429470062,326,494,334,559
1852,0,1,-0.920052170753479,326,494,335,559
1853,1,1,0.537720263004303,327,494,335,559
1854,1,0,-0.7483545541763306,327,495,335,559
1855,1,0,-0.7302647233009338,327,496,335,559
1857,0,0,0.3755938410758972,327,496,335,560
1858,1,1,0.48994702100753784,328,496,335,560
1859,0,0,0.6690000295639038,328,496,335,561
1860,1,0,-0.8020712733268738,328,497,335,561
1861,1,0,-0.5239420533180237,328,498,335,561
1862,1,0,-0.41379112005233765,328,499,335,561
1863,1,1,0.5755585432052612,329,499,335,561
1864,0,0,0.47625529766082764,329,499,335,562
1865,1,0,-0.08865386247634888,329,500,335,562
1866,0,1,-0.603507399559021,329,500,336,562
1867,0,1,-0.7826675772666931,329,500,337,562
1868,0,0,0.2563149929046631,329,500,337,563
1869,0,0,0.27740874886512756,329,500,337,564
1870,1,0,-0.3600409924983978,329,501,337,564
1872,0,0,0.2339540272951126,329,501,337,565
1873,1,0,-0.3705536723136902,329,502,337,565
1874,0,0,0.8637241721153259,329,502,337,566
1875,1,1,0.8297039270401001,330,502,337,566
1876,0,0,0.40534982085227966,330,502,337,567
1877,0,0,0.35938388109207153,330,502,337,568
1878,0,1,-0.6994419097900391,330,502,338,568
1879,1,1,0.5069494843482971,331,502,338,568
1880,0,1,-0.7122657299041748,331,502,339,568
1881,0,1,-0.8014078140258789,331,502,340,568
1882,0,0,0.5882511734962463,331,502,340,569
1883,1,0,-0.5899001955986023,331,503,340,569
1884,1,0,-0.7604608535766602,331,504,340,569
1885,0,1,-0.7041094303131104,331,504,341,569
1886,0,0,0.2824179232120514,331,504,341,570
1887,0,0,0.1007058322429657,331,504,341,571
1888,0,0,0.06344939023256302,331,504,341,572
1889,1,0,-0.46212345361709595,331,505,341,572
1890,1,1,0.6127471327781677,332,505,341,572
1891,0,1,-0.9765444993972778,332,505,342,572
1892,1,1,0.6651367545127869,333,505,342,572
1893,1,0,-0.3961636424064636,333,506,342,572
1894,1,0,-0.31851768493652344,333,507,342,572
1895,0,1,-0.8235039114952087,333,507,343,572
1896,1,0,-0.20556066930294037,333,508,343,572
1897,1,1,0.7037615776062012,334,508,343,572
1898,1,0,-0.5994021892547607,334,509,343,572
1899,0,0,0.9258180260658264,334,509,343,573
1900,1,1,0.6262457370758057,335,509,343,573
1901,1,1,0.5688853859901428,336,509,343,573
1902,1,0,-0.49721425771713257,336,510,343,573
1903,1,0,-0.8065199255943298,336,511,343,573
1904,0,0,-0.01564125530421734,336,511,343,574
1905,0,1,-0.5033884048461914,336,511,344,574
1906,0,0,0.5369400382041931,336,511,344,575
1907,0,0,0.2728330194950104,336,511,344,576
1908,1,0,-0.6578727960586548,336,512,344,576
1909,0,1,-0.4978996515274048,336,512,345,576
1910,0,0,0.4543779492378235,336,512,345,577
1911,1,0,-0.6420454382896423,336,513,345,577
1912,1,0,-0.4042341709136963,336,514,345,577
1913,0,1,-0.8261829614639282,336,514,346,577
1914,1,1,0.648577094078064,337,514,346,577
1915,0,0,0.4866102337837219,337,514,346,578
1916,0,1,-0.941482663154602,337,514,347,578
1917,0,1,-0.6729986667633057,337,514,348,578
1918,1,0,-0.49349525570869446,337,515,348,578
1919,1,1,0.6422334313392639,338,515,348,578
1920,1,0,-0.35930490493774414,338,516,348,578
1921,1,0,-0.4955613315105438,338,517,348,578
1922,0,1,-0.9706615209579468,338,517,349,578
1923,0,0,0.9264528155326843,338,517,349,579
1924,0,1,-0.8312052488327026,338,517,350,579
1925,1,0,-0.22324614226818085,338,518,350,579
1926,1,0,-0.12478045374155045,338,519,350,579
1927,1,0,-0.5209614634513855,338,520,350,579
1928,0,0,0.3235201835632324,338,520,350,580
1929,1,0,-0.39228904247283936,338,521,350,580
1930,0,0,0.490682452917099,338,521,350,581
1931,0,0,0.03313823789358139,338,521,350,582
1932,1,0,-0.48461246490478516,338,522,350,582
1933,1,1,0.5580635666847229,339,522,350,582
1934,0,0,0.2703844904899597,339,522,350,583
1935,0,1,-0.7084770798683167,339,522,351,583
1936,0,0,0.5479912757873535,339,522,351,584
1937,1,0,-0.7722938656806946,339,523,351,584
1938,0,0,0.2537152171134949,339,523,351,585
1939,0,0,0.2950395941734314,339,523,351,586
1940,0,0,0.2650681734085083,339,523,351,587
1941,1,1,0.7079280614852905,340,523,351,587
1942,0,0,0.29284241795539856,340,523,351,588
1944,1,0,-0.6752124428749084,340,524,351,588
1945,1,0,-0.7645674347877502,340,525,351,588
1946,1,0,-0.3204891085624695,340,526,351,588
1947,0,0,0.31188860535621643,340,526,351,589
1948,1,0,-0.22175191342830658,340,527,351,589
1949,1,0,-0.7055459022521973,340,528,351,589
1950,1,0,-0.7246308922767639,340,529,351,589
1951,0,1,-0.7262764573097229,340,529,352,589
1952,1,0,-0.7260317206382751,340,530,352,589
1954,0,0,0.8625788688659668,340,530,352,590
1955,1,0,-0.40458354353904724,340,531,352,590
1956,1,1,0.4920412003993988,341,531,352,590
1957,1,1,0.8747313618659973,342,531,352,590
1959,1,0,-0.4243144094944,342,532,352,590
1960,1,0,-0.47179362177848816,342,533,352,590
1961,1,1,0.8574586510658264,343,533,352,590
1962,1,1,0.8793838024139404,344,533,352,590
1963,1,1,0.5605764985084534,345,533,352,590
1964,0,1,-0.9746537804603577,345,533,353,590
1966,0,0,0.6249841451644897,345,533,353,591
1968,0,0,0.39810439944267273,345,533,353,592
1969,0,1,-0.7151771783828735,345,533,354,592
1970,1,1,0.6768336296081543,346,533,354,592
1971,1,1,0.5265418887138367,347,533,354,592
1972,1,0,-0.45660409331321716,347,534,354,592
1973,0,0,0.4357481002807617,347,534,354,593
1974,0,0,0.01780496910214424,347,534,354,594
1975,0,0,0.40541961789131165,347,534,354,595
1976,1,1,0.8323137760162354,348,534,354,595
1977,1,0,-0.09320581704378128,348,535,354,595
1978,0,1,-0.33220764994621277,348,535,355,595
1979,0,1,-0.9680913686752319,348,535,356,595
1980,0,0,0.0039369892328977585,348,535,356,596
1981,0,1,-0.9465781450271606,348,535,357,596
1982,1,0,-0.34097304940223694,348,536,357,596
1983,0,0,0.6114748120307922,348,536,357,597
1984,1,0,-0.6827619075775146,348,537,357,597
1985,1,1,0.6025065779685974,349,537,357,597
1987,0,1,-0.9891660213470459,349,537,358,597
1988,1,0,-0.22399133443832397,349,538,358,597
1989,0,1,-0.6974858641624451,349,538,359,597
1990,0,0,0.47057175636291504,349,538,359,598
1991,1,0,-0.36543670296669006,349,539,359,598
1992,0,0,0.33372780680656433,349,539,359,599
1993,1,1,0.5970188975334167,350,539,359,599
1994,1,0,-0.5422484278678894,350,540,359,599
1995,1,0,-0.6400507092475891,350,541,359,599
1996,1,1,0.6136922836303711,351,541,359,599
1997,1,0,-0.7058275938034058,351,542,359,599
1998,1,0,-1.0180410146713257,351,543,359,599
1999,0,1,-0.8424268960952759,351,543,360,599
2000,1,1,0.6981687545776367,352,543,360,599
2001,0,1,-0.7272627353668213,352,543,361,599
2002,0,0,0.3582940399646759,352,543,361,600
2003,1,0,-0.14702391624450684,352,544,361,600
2004,0,1,-0.839231014251709,352,544,362,600
2005,1,0,-0.4220956861972809,352,545,362,600
2007,0,0,-0.019185496494174004,352,545,362,601
2008,1,0,-0.6876034140586853,352,546,362,601
2009,0,0,0.3066050410270691,352,546,362,602
2010,0,1,-0.7273127436637878,352,546,363,602
2011,0,1,-0.7298733592033386,352,546,364,602
2012,0,0,0.43216612935066223,352,546,364,603
2013,1,0,-0.6564735770225525,352,547,364,603
2014,0,0,0.47609418630599976,352,547,364,604
2015,1,0,-0.38039323687553406,352,548,364,604
2016,1,0,-0.345265656709671,352,549,364,604
2017,1,0,-0.24705632030963898,352,550,364,604
2018,0,1,-0.9771530628204346,352,550,365,604
2019,0,1,-0.9867383241653442,352,550,366,604
2020,1,0,-0.3710962235927582,352,551,366,604
2021,1,1,0.5843120813369751,353,551,366,604
2022,1,0,-0.4847724139690399,353,552,366,604
2023,1,0,-0.36948004364967346,353,553,366,604
2024,1,0,-0.2837156057357788,353,554,366,604
2025,1,0,-0.7423721551895142,353,555,366,604
2026,0,0,0.5208550691604614,353,555,366,605
2027,1,0,-0.6827158331871033,353,556,366,605
2028,0,0,0.39055901765823364,353,556,366,606
2029,0,1,-0.3668330907821655,353,556,367,606
2030,0,1,-0.8346144556999207,353,556,368,606
2031,1,1,0.6857306361198425,354,556,368,606
2032,0,1,-0.6841300129890442,354,556,369,606
2033,1,0,-0.5070272088050842,354,557,369,606
2035,0,0,0.5213369131088257,354,557,369,607
2036,1,1,0.6254288554191589,355,557,369,607
2037,1,0,-0.3418523967266083,355,558,369,607
2038,0,1,-0.9708096981048584,355,558,370,607
2039,0,0,0.24170826375484467,355,558,370,608
2042,1,0,-0.6440838575363159,355,559,370,608
2043,1,0,-0.16833244264125824,355,560,370,608
2044,1,0,-0.5919100642204285,355,561,370,608
2045,0,0,0.5016663670539856,355,561,370,609
2046,1,0,-0.4526214599609375,355,562,370,609
2047,1,1,0.8709602952003479,356,562,370,609
2048,0,0,0.4187827408313751,356,562,370,610
2049,1,0,-0.09614752978086472,356,563,370,610
2050,0,0,-0.03938876464962959,356,563,370,611
2051,0,0,0.26632675528526306,356,563,370,612
2053,0,0,0.34865206480026245,356,563,370,613
2054,1,1,0.8672400116920471,357,563,370,613
2055,1,0,-0.5731892585754395,357,564,370,613
2056,1,1,0.3872712254524231,358,564,370,613
2057,1,1,0.6390875577926636,359,564,370,613
2058,0,0,0.48603466153144836,359,564,370,614
2059,1,1,0.5830821394920349,360,564,370,614
2061,0,0,0.3241989314556122,360,564,370,615
2063,1,1,0.7135351300239563,361,564,370,615
2065,0,0,-0.005577636882662773,361,564,370,616
2066,0,1,-0.8828826546669006,361,564,371,616
2067,0,0,0.4358537197113037,361,564,371,617
2068,1,1,0.732276439666748,362,564,371,617
2069,0,1,-0.8723682761192322,362,564,372,617
2070,0,0,0.25618359446525574,362,564,372,618
2071,0,1,-0.7674022912979126,362,564,373,618
2072,1,0,-0.8220157027244568,362,565,373,618
2073,0,0,0.035044603049755096,362,565,373,619
2074,1,0,-0.045718077570199966,362,566,373,619
2075,0,1,-0.8656057715415955,362,566,374,619
2076,0,0,0.3461361527442932,362,566,374,620
2077,0,0,0.2801201343536377,362,566,374,621
2078,0,0,0.25186887383461,362,566,374,622
2079,0,1,-0.7939485311508179,362,566,375,622
2080,0,0,0.4223460555076599,362,566,375,623
2081,1,0,-0.48537296056747437,362,567,375,623
2082,0,1,-0.7517517805099487,362,567,376,623
2083,0,1,-0.6007736921310425,362,567,377,623
2084,1,0,-0.19370362162590027,362,568,377,623
2085,1,0,-0.3977924883365631,362,569,377,623
2086,0,0,0.5007166266441345,362,569,377,624
2087,1,0,-0.08404527604579926,362,570,377,624
2088,0,0,0.49897703528404236,362,570,377,625
2089,0,0,0.33318036794662476,362,570,377,626
2090,1,0,-0.10143601894378662,362,571,377,626
2091,0,0,0.41908887028694153,362,571,377,627
2092,0,0,0.2977578043937683,362,571,377,628
2093,0,0,0.5282261967658997,362,571,377,629
2094,1,0,-0.32674479484558105,362,572,377,629
2095,1,1,0.7168715000152588,363,572,377,629
2096,0,0,0.6193369626998901,363,572,377,630
2097,1,0,-0.1402091681957245,363,573,377,630
2098,1,0,-0.8022222518920898,363,574,377,630
2099,1,0,-0.3591251075267792,363,575,377,630
2100,0,0,0.36668553948402405,363,575,377,631
2101,0,0,0.40336883068084717,363,575,377,632
2102,0,0,0.5836418271064758,363,575,377,633
2103,0,0,0.0718660056591034,363,575,377,634
2104,0,1,-0.8681433200836182,363,575,378,634
2105,0,0,0.19306766986846924,363,575,378,635
2106,0,0,0.13587293028831482,363,575,378,636
2107,0,0,0.5443598031997681,363,575,378,637
2108,0,0,0.4539509415626526,363,575,378,638
2109,0,0,0.26022082567214966,363,575,378,639
2110,0,0,0.354653924703598,363,575,378,640
2111,1,0,-0.04757244139909744,363,576,378,640
2113,0,1,-0.9064724445343018,363,576,379,640
2114,1,0,-0.36539819836616516,363,577,379,640
2115,0,0,0.2531018853187561,363,577,379,641
2116,0,0,0.39161524176597595,363,577,379,642
2117,0,0,0.3617557883262634,363,577,379,643
2118,0,0,0.4170079827308655,363,577,379,644
2119,0,1,-0.8898698687553406,363,577,380,644
2120,1,1,0.7317515015602112,364,577,380,644
2121,0,1,-0.8833193182945251,364,577,381,644
2122,1,0,-0.5746247172355652,364,578,381,644
2123,1,1,0.7005515694618225,365,578,381,644
2124,0,0,0.3532332479953766,365,578,381,645
2125,0,0,-0.006077424623072147,365,578,381,646
2126,0,0,0.31882214546203613,365,578,381,647
2127,1,1,0.4450500011444092,366,578,381,647
2128,1,0,-0.7245277762413025,366,579,381,647
2129,0,0,0.2009342759847641,366,579,381,648
2130,0,0,0.5560848116874695,366,579,381,649
2131,0,0,0.05321154743432999,366,579,381,650
2132,0,0,-0.053067393600940704,366,579,381,651
2133,1,0,-0.19390761852264404,366,580,381,651
2134,0,1,-0.7317883372306824,366,580,382,651
2135,0,0,0.2736144959926605,366,580,382,652
2136,0,0,0.49307146668434143,366,580,382,653
2137,0,0,0.39286044239997864,366,580,382,654
2138,1,1,0.739194929599762,367,580,382,654
2139,0,1,-0.8960584998130798,367,580,383,654
2140,0,0,0.03073366917669773,367,580,383,655
2141,1,1,0.7348983287811279,368,580,383,655
2142,0,0,0.36446163058280945,368,580,383,656
2143,0,0,0.3644762933254242,368,580,383,657
2144,0,0,0.24650341272354126,368,580,383,658
2145,0,0,0.33782199025154114,368,580,383,659
2146,0,0,0.5044881701469421,368,580,383,660
2148,0,0,0.4841262400150299,368,580,383,661
2149,0,0,0.4321863353252411,368,580,383,662
2150,1,1,0.7386035323143005,369,580,383,662
2151,1,1,0.6312041878700256,370,580,383,662
2153,0,1,-0.8830507397651672,370,580,384,662
2154,1,0,-0.3387542963027954,370,581,384,662
2155,1,0,-0.10482124984264374,370,582,384,662
2156,0,1,-0.7722054123878479,370,582,385,662
2157,0,0,0.012294186279177666,370,582,385,663
2158,0,0,0.48017266392707825,370,582,385,664
2159,0,0,0.25910070538520813,370,582,385,665
2160,1,0,-0.6010321378707886,370,583,385,665
2161,0,0,0.054075345396995544,370,583,385,666
2162,0,0,0.6004875302314758,370,583,385,667
2163,0,1,-0.9077728986740112,370,583,386,667
2164,1,0,-0.31928524374961853,370,584,386,667
2166,0,0,0.28856921195983887,370,584,386,668
2167,1,1,0.7420085668563843,371,584,386,668
2168,1,0,-0.15540190041065216,371,585,386,668
2169,1,1,0.7475048899650574,372,585,386,668
2171,0,0,0.2920595705509186,372,585,386,669
2172,0,0,0.510726809501648,372,585,386,670
2173,0,1,-0.8039344549179077,372,585,387,670
2174,0,0,0.339569091796875,372,585,387,671
2175,1,1,0.6447229385375977,373,585,387,671
2176,0,0,0.30477824807167053,373,585,387,672
2178,1,0,-0.37135276198387146,373,586,387,672
2179,1,0,-0.5061147212982178,373,587,387,672
2180,1,1,0.6630825400352478,374,587,387,672
2181,0,1,-0.7987324595451355,374,587,388,672
2182,0,1,-0.7571657299995422,374,587,389,672
2183,1,1,0.5321314334869385,375,587,389,672
2184,0,0,0.39097753167152405,375,587,389,673
2185,1,1,0.6328360438346863,376,587,389,673
2186,1,0,-0.5888029932975769,376,588,389,673
2187,0,0,0.011916948482394218,376,588,389,674
2188,0,0,0.3458710312843323,376,588,389,675
2189,0,0,0.16717256605625153,376,588,389,676
2190,0,0,0.46049028635025024,376,588,389,677
2191,1,0,-0.5643552541732788,376,589,389,677
2194,1,0,-0.2167367935180664,376,590,389,677
2195,1,0,-0.3132345974445343,376,591,389,677
2197,1,1,0.6335132718086243,377,591,389,677
2198,0,0,0.2709234654903412,377,591,389,678
2199,0,0,0.40365561842918396,377,591,389,679
2200,0,1,-0.7737948894500732,377,591,390,679
2201,0,0,0.645081639289856,377,591,390,680
2202,1,0,-0.3136930763721466,377,592,390,680
2203,0,1,-0.15564127266407013,377,592,391,680
2204,0,0,0.3924914300441742,377,592,391,681
2205,1,1,0.7382039427757263,378,592,391,681
2206,0,0,-0.04974731057882309,378,592,391,682
2207,0,0,0.48908159136772156,378,592,391,683
2208,1,0,-0.2101590782403946,378,593,391,683
2209,0,0,0.09974600374698639,378,593,391,684
2210,0,0,0.20759190618991852,378,593,391,685
2211,1,0,-0.37963372468948364,378,594,391,685
2212,0,0,0.4298118054866791,378,594,391,686
2213,0,0,0.39515092968940735,378,594,391,687
2215,0,1,-0.9317998886108398,378,594,392,687
2216,0,1,-0.6997249722480774,378,594,393,687
2217,0,0,0.4748181998729706,378,594,393,688
2219,0,0,0.5523538589477539,378,594,393,689
2220,1,0,-0.03395282104611397,378,595,393,689
2221,1,1,0.7451010346412659,379,595,393,689
2222,0,1,-0.7786849141120911,379,595,394,689
2223,1,1,0.5726039409637451,380,595,394,689
2224,0,1,-0.937323272228241,380,595,395,689
2225,0,1,-0.9332027435302734,380,595,396,689
2226,0,1,-0.921765148639679,380,595,397,689
2227,1,0,-0.06090417131781578,380,596,397,689
2228,1,1,0.44591647386550903,381,596,397,689
2229,0,0,0.25611406564712524,381,596,397,690
2230,1,1,0.753971517086029,382,596,397,690
2231,0,1,-0.13155364990234375,382,596,398,690
2232,1,1,0.7748516201972961,383,596,398,690
2233,0,0,0.02221720479428768,383,596,398,691
2235,1,1,0.6793394684791565,384,596,398,691
2236,0,1,-0.9455869793891907,384,596,399,691
2237,0,1,-0.8081177473068237,384,596,400,691
2238,0,0,0.04708084091544151,384,596,400,692
2239,1,1,0.551663875579834,385,596,400,692
2240,0,0,0.2500726878643036,385,596,400,693
2241,0,0,0.3711681663990021,385,596,400,694
2242,1,0,-0.5035783052444458,385,597,400,694
2243,0,0,0.1863173246383667,385,597,400,695
2244,0,1,-0.8090808391571045,385,597,401,695
2245,1,1,0.7838486433029175,386,597,401,695
2246,0,1,-0.7517386674880981,386,597,402,695
2247,1,0,-0.03187670186161995,386,598,402,695
2248,1,0,-0.09856992214918137,386,599,402,695
2249,1,0,-0.18096525967121124,386,600,402,695
2250,0,0,-0.053802356123924255,386,600,402,696
2251,1,0,-0.12382599711418152,386,601,402,696
2252,1,1,0.4237031042575836,387,601,402,696
2253,1,0,-0.0725373923778534,387,602,402,696
2254,1,1,0.6419763565063477,388,602,402,696
2255,1,1,0.7793157696723938,389,602,402,696
2256,0,0,0.3905940055847168,389,602,402,697
2257,0,0,0.4545832872390747,389,602,402,698
2258,0,1,-0.7924379706382751,389,602,403,698
2259,1,0,-0.13495321571826935,389,603,403,698
2260,1,0,-0.33534422516822815,389,604,403,698
2261,1,0,-0.7381129264831543,389,605,403,698
2262,1,0,-0.15716977417469025,389,606,403,698
2263,0,0,0.5602668523788452,389,606,403,699
2264,1,0,-0.29890358448028564,389,607,403,699
2265,1,0,-0.34798726439476013,389,608,403,699
2266,1,1,0.449856698513031,390,608,403,699
2267,0,0,0.4414902925491333,390,608,403,700
2268,0,0,0.305838942527771,390,608,403,701
2269,0,0,0.5015366077423096,390,608,403,702
2270,0,0,0.1667913943529129,390,608,403,703
2271,0,0,0.12394142150878906,390,608,403,704
2272,0,0,0.44256362318992615,390,608,403,705
2273,1,1,0.4506748914718628,391,608,403,705
2274,0,1,-0.9649497270584106,391,608,404,705
2275,1,0,-0.4941639006137848,391,609,404,705
2276,0,0,0.5133053064346313,391,609,404,706
2277,0,1,-0.9503697752952576,391,609,405,706
2278,0,0,0.4077242910861969,391,609,405,707
2279,0,1,-0.8290661573410034,391,609,406,707
2280,0,0,0.26409703493118286,391,609,406,708
2281,1,0,-0.12693513929843903,391,610,406,708
2282,0,1,-0.6970322132110596,391,610,407,708
2283,1,0,-0.7350907921791077,391,611,407,708
2284,0,1,-0.17946764826774597,391,611,408,708
2285,0,0,-0.08654330670833588,391,611,408,709
2286,0,0,0.30069273710250854,391,611,408,710
2290,0,0,0.3678397834300995,391,611,408,711
2291,0,0,0.39691224694252014,391,611,408,712
2292,0,0,-0.11074483394622803,391,611,408,713
2293,1,0,-0.5248908996582031,391,612,408,713
2294,1,1,0.6896413564682007,392,612,408,713
2295,1,1,0.7040480375289917,393,612,408,713
2296,1,0,-0.48250311613082886,393,613,408,713
2297,0,0,0.4871065020561218,393,613,408,714
2298,0,0,0.3817782998085022,393,613,408,715
2299,0,0,-0.028287511318922043,393,613,408,716
2300,1,0,-0.3221766948699951,393,614,408,716
2301,0,0,0.32721245288848877,393,614,408,717
2302,1,0,-0.09325765073299408,393,615,408,717
2304,0,0,0.4250662922859192,393,615,408,718
2306,1,1,0.15932032465934753,394,615,408,718
2307,0,0,0.4144074022769928,394,615,408,719
2308,0,0,-0.09370403736829758,394,615,408,720
2309,1,1,0.5520793795585632,395,615,408,720
2310,1,0,-0.711826741695404,395,616,408,720
2311,0,0,0.4069209098815918,395,616,408,721
2312,0,0,0.3644320070743561,395,616,408,722
2313,0,0,0.3046632707118988,395,616,408,723
2314,0,0,0.5509721636772156,395,616,408,724
2315,1,0,-0.11554024368524551,395,617,408,724
2316,1,0,-0.5431246757507324,395,618,408,724
2317,0,0,0.49886322021484375,395,618,408,725
2318,1,0,-0.4951050877571106,395,619,408,725
2319,1,1,0.5734854936599731,396,619,408,725
2320,0,0,0.5337921977043152,396,619,408,726
2322,0,0,-0.05525055527687073,396,619,408,727
2323,1,0,-0.7858985662460327,396,620,408,727
2324,0,0,0.1784914880990982,396,620,408,728
2325,0,0,0.38787561655044556,396,620,408,729
2326,0,0,0.34077903628349304,396,620,408,730
2327,1,0,-0.259406179189682,396,621,408,730
2328,0,0,0.3819078505039215,396,621,408,731
2329,0,0,0.37529316544532776,396,621,408,732
2330,1,0,-0.0830206349492073,396,622,408,732
2331,0,1,-0.6681744456291199,396,622,409,732
2332,1,0,-0.05558961629867554,396,623,409,732
2333,0,0,0.3837725520133972,396,623,409,733
2335,0,0,0.06427061557769775,396,623,409,734
2336,0,0,0.5438599586486816,396,623,409,735
2337,0,1,-0.9555618762969971,396,623,410,735
2338,1,1,0.622960090637207,397,623,410,735
2339,0,0,0.5151106119155884,397,623,410,736
2340,1,0,-0.5917035937309265,397,624,410,736
2341,1,0,-0.6665390133857727,397,625,410,736
2342,1,1,0.8281766772270203,398,625,410,736
2343,1,1,0.6096970438957214,399,625,410,736
2344,0,0,0.09100387990474701,399,625,410,737
2345,0,1,-0.9804767966270447,399,625,411,737
2346,0,0,0.3989546298980713,399,625,411,738
2347,1,0,-0.09344924986362457,399,626,411,738
2348,0,0,0.5231615304946899,399,626,411,739
2349,0,0,0.27023258805274963,399,626,411,740
2350,0,0,-0.10371924936771393,399,626,411,741
2351,0,1,-0.9866697788238525,399,626,412,741
2352,1,0,-0.12156274914741516,399,627,412,741
2353,1,1,0.8292068243026733,400,627,412,741
2354,1,0,-0.1478070318698883,400,628,412,741
2355,1,0,-0.15060651302337646,400,629,412,741
2356,1,0,-0.4914019703865051,400,630,412,741
2357,1,0,-0.26331743597984314,400,631,412,741
2358,1,1,0.05592538043856621,401,631,412,741
2359,0,0,0.6309554576873779,401,631,412,742
2360,0,1,-0.8700844049453735,401,631,413,742
2361,1,0,-0.6073129773139954,401,632,413,742
2362,0,0,0.3224315643310547,401,632,413,743
2363,0,0,0.20376670360565186,401,632,413,744
2364,1,0,-0.11918885260820389,401,633,413,744
2365,0,0,-0.06436866521835327,401,633,413,745
2366,1,0,-0.003848287044093013,401,634,413,745
2367,1,0,-0.14337287843227386,401,635,413,745
2368,0,1,-0.9829164147377014,401,635,414,745
2369,0,0,0.41582226753234863,401,635,414,746
2370,1,0,-0.5188608169555664,401,636,414,746
2371,0,0,0.15702325105667114,401,636,414,747
2372,0,1,-0.6846528649330139,401,636,415,747
2373,0,1,-0.8586759567260742,401,636,416,747
2375,1,0,-0.035703394562006,401,637,416,747
2376,1,0,-0.1469939947128296,401,638,416,747
2377,0,0,0.23842790722846985,401,638,416,748
2378,1,1,0.6031078696250916,402,638,416,748
2379,0,0,0.2566567063331604,402,638,416,749
2380,0,0,-0.0777759701013565,402,638,416,750
2381,0,0,0.35764777660369873,402,638,416,751
2382,0,1,-0.8661898970603943,402,638,417,751
2383,1,0,-1.038094162940979,402,639,417,751
2384,0,0,0.37768542766571045,402,639,417,752
2385,1,0,-0.1318029910326004,402,640,417,752
2386,1,1,0.7806033492088318,403,640,417,752
2387,0,0,0.4882257282733917,403,640,417,753
2388,1,0,-0.26216626167297363,403,641,417,753
2389,0,0,0.18094605207443237,403,641,417,754
2390,1,1,0.5569746494293213,404,641,417,754
2391,1,1,0.5761576890945435,405,641,417,754
2392,0,0,0.3783160448074341,405,641,417,755
2393,0,0,0.4064837098121643,405,641,417,756
2394,1,0,-0.42300528287887573,405,642,417,756
2395,0,0,0.38933855295181274,405,642,417,757
2396,0,0,0.3650748133659363,405,642,417,758
2397,0,0,0.6182771325111389,405,642,417,759
2398,1,1,0.09732169657945633,406,642,417,759
2399,0,0,0.4876112639904022,406,642,417,760
2400,0,0,0.3774489462375641,406,642,417,761
2401,1,0,-0.6431223750114441,406,643,417,761
2402,1,0,-0.6387330889701843,406,644,417,761
2403,1,1,0.5772207975387573,407,644,417,761
2404,1,0,-0.5651823282241821,407,645,417,761
2405,1,1,0.8263026475906372,408,645,417,761
2406,1,0,-0.031102368608117104,408,646,417,761
2407,0,1,-0.6646443009376526,408,646,418,761
2408,1,1,0.1193031445145607,409,646,418,761
2409,1,1,0.8354000449180603,410,646,418,761
2410,0,0,0.3673042953014374,410,646,418,762
2411,0,0,0.531788170337677,410,646,418,763
2412,0,1,-0.8769660592079163,410,646,419,763
2413,1,1,0.5680468678474426,411,646,419,763
2414,1,1,0.026727344840765,412,646,419,763
2415,0,0,-0.05072154477238655,412,646,419,764
2416,0,0,0.4626879394054413,412,646,419,765
2417,0,0,0.38969001173973083,412,646,419,766
2418,0,0,0.9059432744979858,412,646,419,767
2419,0,0,0.2009398639202118,412,646,419,768
2420,0,0,0.36507320404052734,412,646,419,769
2421,1,1,0.7194451689720154,413,646,419,769
2422,0,1,-0.6469031572341919,413,646,420,769
2423,1,0,-0.1278717815876007,413,647,420,769
2424,1,1,0.5927591323852539,414,647,420,769
2425,1,1,0.0004062708467245102,415,647,420,769
2426,1,0,-0.08109718561172485,415,648,420,769
2427,0,0,0.02262152172625065,415,648,420,770
2428,1,0,-0.021798256784677505,415,649,420,770
2429,1,0,-0.5693150758743286,415,650,420,770
2430,0,0,0.28113865852355957,415,650,420,771
2431,0,0,0.4022528827190399,415,650,420,772
2432,1,0,-0.05457126349210739,415,651,420,772
2433,0,0,0.9290316104888916,415,651,420,773
2434,1,0,-0.10682497173547745,415,652,420,773
2435,1,0,-0.4195139408111572,415,653,420,773
2436,1,0,-0.21517150104045868,415,654,420,773
2437,0,1,-0.661783754825592,415,654,421,773
2438,1,0,-0.2829299867153168,415,655,421,773
2439,0,0,0.11317797750234604,415,655,421,774
2440,1,1,0.8451482653617859,416,655,421,774
2441,0,0,0.1279912292957306,416,655,421,775
2443,1,0,-0.28721654415130615,416,656,421,775
2444,0,0,0.16424237191677094,416,656,421,776
2445,0,0,0.31966379284858704,416,656,421,777
2447,0,0,0.4046004116535187,416,656,421,778
2448,1,1,0.006852046120911837,417,656,421,778
2449,1,0,-0.033964160829782486,417,657,421,778
2450,0,0,0.3812063932418823,417,657,421,779
2451,0,0,0.44845274090766907,417,657,421,780
2452,1,1,0.7337201237678528,418,657,421,780
2453,0,0,0.42660242319107056,418,657,421,781
2454,1,0,-0.037176668643951416,418,658,421,781
2455,0,0,0.33732619881629944,418,658,421,782
2456,1,0,-0.6531387567520142,418,659,421,782
2458,1,1,0.8586356043815613,419,659,421,782
2459,0,0,0.36186978220939636,419,659,421,783
2460,1,0,-0.47826483845710754,419,660,421,783
2461,1,1,0.48090773820877075,420,660,421,783
2462,0,0,0.284930020570755,420,660,421,784
2463,1,1,0.6010971665382385,421,660,421,784
2464,0,1,-0.8666190505027771,421,660,422,784
2465,1,0,-0.4387302100658417,421,661,422,784
2466,1,0,-0.03371338173747063,421,662,422,784
2467,1,0,-0.41389691829681396,421,663,422,784
2469,1,1,0.4996926784515381,422,663,422,784
2470,1,0,-0.18024159967899323,422,664,422,784
2471,0,0,0.361003577709198,422,664,422,785
2472,1,1,0.8101447820663452,423,664,422,785
2474,1,0,-0.4251256585121155,423,665,422,785
2475,0,1,-0.9586049914360046,423,665,423,785
2476,0,1,-0.6784535646438599,423,665,424,785
2477,0,1,-1.030328631401062,423,665,425,785
2478,1,1,0.7281470894813538,424,665,425,785
2479,1,0,-0.3080205023288727,424,666,425,785
2480,1,1,0.8690620064735413,425,666,425,785
2481,1,0,-0.13765861093997955,425,667,425,785
2482,0,0,0.4617752730846405,425,667,425,786
2483,1,1,0.0008162244339473546,426,667,425,786
2485,1,0,-0.22568009793758392,426,668,425,786
2486,1,1,0.726908266544342,427,668,425,786
2487,1,0,-0.09060066938400269,427,669,425,786
2488,0,0,0.43845078349113464,427,669,425,787
2489,1,0,-0.6559001803398132,427,670,425,787
2490,1,1,0.4946393072605133,428,670,425,787
2491,1,0,-0.7588303685188293,428,671,425,787
2492,0,0,0.14759260416030884,428,671,425,788
2494,0,0,0.3271557688713074,428,671,425,789
2495,0,0,0.5912426114082336,428,671,425,790
2496,1,1,0.8136679530143738,429,671,425,790
2497,0,0,0.40721940994262695,429,671,425,791
2498,0,0,0.027237610891461372,429,671,425,792
2499,0,0,0.6292721629142761,429,671,425,793
2501,0,0,0.3133605420589447,429,671,425,794
2502,0,0,0.5039692521095276,429,671,425,795
2503,0,1,-0.7673035264015198,429,671,426,795
2504,0,0,0.5617417693138123,429,671,426,796
2505,1,0,-0.2939493954181671,429,672,426,796
2506,1,0,-0.3043369948863983,429,673,426,796
2507,1,0,-0.05663055554032326,429,674,426,796
2508,0,1,-0.26155325770378113,429,674,427,796
2509,0,0,0.32494860887527466,429,674,427,797
2510,1,1,0.5079572200775146,430,674,427,797
2511,0,0,0.3447636663913727,430,674,427,798
2512,0,1,-0.9042662978172302,430,674,428,798
2513,0,0,0.45479726791381836,430,674,428,799
2514,0,1,-0.8988287448883057,430,674,429,799
2515,0,0,0.24768804013729095,430,674,429,800
2516,0,1,-0.9197391867637634,430,674,430,800
2517,1,1,0.7561932802200317,431,674,430,800
2518,1,0,-0.44025272130966187,431,675,430,800
2519,0,0,0.45270103216171265,431,675,430,801
2521,0,1,-0.22607043385505676,431,675,431,801
2522,0,0,0.39342236518859863,431,675,431,802
2523,0,1,-0.6939662098884583,431,675,432,802
2524,1,0,-0.08193442970514297,431,676,432,802
2525,0,0,0.452494740486145,431,676,432,803
2526,1,1,0.5537621974945068,432,676,432,803
2527,1,1,0.8191527128219604,433,676,432,803
2528,0,1,-0.9071438908576965,433,676,433,803
2529,1,0,-0.017267443239688873,433,677,433,803
2530,0,0,0.21024300158023834,433,677,433,804
2531,0,1,-0.15180544555187225,433,677,434,804
2532,0,0,0.40020129084587097,433,677,434,805
2533,0,0,0.3670026957988739,433,677,434,806
2534,0,1,-0.9872037768363953,433,677,435,806
2535,1,0,-0.11411964893341064,433,678,435,806
2536,0,0,0.4034307599067688,433,678,435,807
2537,1,0,-0.131101593375206,433,679,435,807
2538,1,1,0.8285700678825378,434,679,435,807
2539,0,0,0.22687098383903503,434,679,435,808
2540,1,0,-0.05862455815076828,434,680,435,808
2541,1,1,0.821678638458252,435,680,435,808
2542,0,0,0.11761602759361267,435,680,435,809
2543,1,1,0.5460522174835205,436,680,435,809
2544,0,1,-0.9203324913978577,436,680,436,809
2545,0,0,0.3368995487689972,436,680,436,810
2546,0,1,-0.7129021286964417,436,680,437,810
2547,0,0,0.4014092981815338,436,680,437,811
2548,0,0,0.19330361485481262,436,680,437,812
2549,0,0,0.3890180289745331,436,680,437,813
2550,1,0,-0.10122581571340561,436,681,437,813
2551,0,0,0.24459220468997955,436,681,437,814
2552,1,1,0.7542024254798889,437,681,437,814
2553,0,0,0.46806102991104126,437,681,437,815
2554,0,0,-0.10983975976705551,437,681,437,816
2555,1,1,0.7559018135070801,438,681,437,816
2556,0,0,0.9294845461845398,438,681,437,817
2557,1,0,-0.2662683427333832,438,682,437,817
2558,1,1,0.8211209774017334,439,682,437,817
2559,1,0,-0.012900914996862411,439,683,437,817
2560,0,0,0.44103461503982544,439,683,437,818
2561,1,1,0.7501886487007141,440,683,437,818
2562,0,0,0.383513480424881,440,683,437,819
2563,0,0,0.3698710799217224,440,683,437,820
2564,1,1,0.7600472569465637,441,683,437,820
2565,0,1,-0.9129620790481567,441,683,438,820
2566,1,1,0.8298966884613037,442,683,438,820
2567,1,1,0.49910736083984375,443,683,438,820
2569,1,0,-0.2832169234752655,443,684,438,820
2570,0,0,0.5801030397415161,443,684,438,821
2571,0,0,0.34929078817367554,443,684,438,822
2572,0,0,0.35459139943122864,443,684,438,823
2573,1,1,0.7649669647216797,444,684,438,823
2574,1,0,-0.19961003959178925,444,685,438,823
2575,0,0,0.017458239570260048,444,685,438,824
2576,1,0,-0.06996627151966095,444,686,438,824
2577,0,0,0.9255406856536865,444,686,438,825
2578,0,0,-0.0721706822514534,444,686,438,826
2579,0,1,-0.1416378617286682,444,686,439,826
2580,0,0,0.3346744775772095,444,686,439,827
2581,0,1,-0.15149791538715363,444,686,440,827
2582,0,0,0.43752413988113403,444,686,440,828
2583,0,0,0.47916290163993835,444,686,440,829
2584,0,1,-0.7592434287071228,444,686,441,829
2586,1,1,0.49552831053733826,445,686,441,829
2587,0,0,0.41409116983413696,445,686,441,830
2588,1,1,0.7631696462631226,446,686,441,830
2589,0,0,0.4279513657093048,446,686,441,831
2590,0,1,-0.6972481608390808,446,686,442,831
2591,0,0,0.32913631200790405,446,686,442,832
2593,1,0,-0.0793769583106041,446,687,442,832
2594,1,0,-0.03643014654517174,446,688,442,832
2595,1,0,-0.17855331301689148,446,689,442,832
2597,1,0,-0.0005899921525269747,446,690,442,832
2598,1,1,0.6259608864784241,447,690,442,832
2599,1,0,-1.0428072214126587,447,691,442,832
2600,0,0,0.4627044200897217,447,691,442,833
2601,1,1,0.015068217180669308,448,691,442,833
2602,0,0,0.3620817959308624,448,691,442,834
2603,0,0,0.06148602440953255,448,691,442,835
2604,1,1,0.042495932430028915,449,691,442,835
2605,0,1,-0.7310505509376526,449,691,443,835
2606,1,1,0.6075652837753296,450,691,443,835
2607,0,0,0.3433094322681427,450,691,443,836
2608,0,0,0.12856313586235046,450,691,443,837
2609,1,0,-0.5225490927696228,450,692,443,837
2611,0,0,0.3843325674533844,450,692,443,838
2612,0,0,0.2556854486465454,450,692,443,839
2613,0,0,0.5130990743637085,450,692,443,840
2614,1,1,0.09614741802215576,451,692,443,840
2615,0,0,0.30293214321136475,451,692,443,841
2616,1,0,-0.5967084765434265,451,693,443,841
2617,0,0,0.4402822256088257,451,693,443,842
2618,1,1,0.6242396831512451,452,693,443,842
2619,1,1,0.6694985628128052,453,693,443,842
2620,0,0,0.36400580406188965,453,693,443,843
2621,0,0,0.5566912293434143,453,693,443,844
2622,1,1,0.6229000091552734,454,693,443,844
2623,0,1,-0.7582222819328308,454,693,444,844
2624,0,1,-0.12560302019119263,454,693,445,844
2625,0,0,0.4227067828178406,454,693,445,845
2626,0,0,0.4787045419216156,454,693,445,846
2627,1,0,-0.3978801667690277,454,694,445,846
2628,1,0,-0.6302412152290344,454,695,445,846
2629,0,0,0.33342909812927246,454,695,445,847
2630,0,1,-1.0069164037704468,454,695,446,847
2631,0,0,0.2988435626029968,454,695,446,848
2632,0,0,0.29653945565223694,454,695,446,849
2633,1,1,0.8474562764167786,455,695,446,849
2635,1,0,-0.6764878034591675,455,696,446,849
2636,0,0,0.5389949679374695,455,696,446,850
2637,1,0,-0.3978191018104553,455,697,446,850
2638,0,1,-0.8370786905288696,455,697,447,850
2639,1,1,0.683975875377655,456,697,447,850
2640,1,1,0.6401014924049377,457,697,447,850
2641,1,1,0.6840096116065979,458,697,447,850
2642,0,1,-1.019616961479187,458,697,448,850
2643,0,0,0.3034486472606659,458,697,448,851
2644,0,0,0.39584630727767944,458,697,448,852
2645,0,0,0.1661183387041092,458,697,448,853
2646,1,0,-0.5664260983467102,458,698,448,853
2647,0,1,-1.0226746797561646,458,698,449,853
2648,1,0,-0.6455288529396057,458,699,449,853
2649,0,1,-0.24367815256118774,458,699,450,853
2650,0,0,0.6785393357276917,458,699,450,854
2651,0,0,0.9243772625923157,458,699,450,855
2652,1,0,-0.24544966220855713,458,700,450,855
2653,1,0,-0.04425618797540665,458,701,450,855
2655,1,0,-0.0952553004026413,458,702,450,855
2656,0,0,0.8646023869514465,458,702,450,856
2657,0,0,0.3122398853302002,458,702,450,857
2658,1,1,0.8556106090545654,459,702,450,857
2659,0,0,0.4213387072086334,459,702,450,858
2661,1,0,-0.6572669148445129,459,703,450,858
2662,0,0,0.1971043199300766,459,703,450,859
2663,1,0,-0.45739951729774475,459,704,450,859
2664,0,0,0.5087695121765137,459,704,450,860
2665,1,0,-0.3470067083835602,459,705,450,860
2666,1,1,0.6750351786613464,460,705,450,860
2667,0,0,-0.10993516445159912,460,705,450,861
2668,0,1,-0.133657306432724,460,705,451,861
2669,1,1,0.7053514719009399,461,705,451,861
2671,1,1,0.6860806941986084,462,705,451,861
2672,0,0,0.6709703207015991,462,705,451,862
2673,0,0,0.2710246741771698,462,705,451,863
2674,1,0,-0.25042492151260376,462,706,451,863
2675,1,0,-0.020741233602166176,462,707,451,863
2677,1,1,0.540654182434082,463,707,451,863
2678,0,0,0.41761091351509094,463,707,451,864
2680,0,0,0.4353259205818176,463,707,451,865
2681,0,0,0.48308178782463074,463,707,451,866
2682,0,1,-0.8741018772125244,463,707,452,866
2683,1,0,-0.19385525584220886,463,708,452,866
2684,0,0,0.08158200234174728,463,708,452,867
2685,1,1,0.07311231642961502,464,708,452,867
2686,0,0,0.5006744861602783,464,708,452,868
2687,0,0,0.5509223341941833,464,708,452,869
2688,0,1,-0.8787888884544373,464,708,453,869
2689,0,0,0.921922504901886,464,708,453,870
2690,1,0,-0.037149958312511444,464,709,453,870
2691,1,1,0.7263779640197754,465,709,453,870
2692,0,1,-0.1582757979631424,465,709,454,870
2693,1,0,-0.1291731745004654,465,710,454,870
2694,0,1,-0.8442714810371399,465,710,455,870
2695,1,1,0.08117511123418808,466,710,455,870
2696,1,1,0.6850237250328064,467,710,455,870
2697,0,1,-0.8857510089874268,467,710,456,870
2698,1,0,-0.2838153541088104,467,711,456,870
2699,1,1,0.7031066417694092,468,711,456,870
2700,1,0,-0.05213271826505661,468,712,456,870
2701,0,1,-0.27030593156814575,468,712,457,870
2702,0,0,0.6087977886199951,468,712,457,871
2703,0,0,0.35329246520996094,468,712,457,872
2704,1,1,0.03467515856027603,469,712,457,872
2705,0,0,-0.013574229553341866,469,712,457,873
2706,0,1,-0.8534090518951416,469,712,458,873
2707,0,0,0.4807755649089813,469,712,458,874
2708,0,1,-0.8406202793121338,469,712,459,874
2709,0,1,-0.851247251033783,469,712,460,874
2710,0,1,-0.8379268646240234,469,712,461,874
2711,1,0,-0.14702412486076355,469,713,461,874
2713,0,0,0.5656344890594482,469,713,461,875
2714,0,0,0.535149335861206,469,713,461,876
2715,0,0,0.4888264834880829,469,713,461,877
2716,0,0,0.22375766932964325,469,713,461,878
2717,1,0,-0.19416968524456024,469,714,461,878
2718,0,1,-0.8961265087127686,469,714,462,878
2719,1,1,0.7267645597457886,470,714,462,878
2721,0,1,-0.14490222930908203,470,714,463,878
2722,1,1,0.5767911672592163,471,714,463,878
2723,0,1,-0.860776960849762,471,714,464,878
2724,0,0,0.4518968462944031,471,714,464,879
2726,0,1,-0.7786789536476135,471,714,465,879
2727,0,0,0.14886072278022766,471,714,465,880
2728,0,0,0.3054240643978119,471,714,465,881
2729,0,0,0.3782183527946472,471,714,465,882
2730,1,1,0.5533630847930908,472,714,465,882
2731,1,1,0.12218859791755676,473,714,465,882
2732,1,1,0.5729475021362305,474,714,465,882
2733,0,0,0.45197927951812744,474,714,465,883
2734,1,1,0.7117536664009094,475,714,465,883
2735,0,0,0.3212723135948181,475,714,465,884
2736,1,1,0.7371034622192383,476,714,465,884
2737,1,1,0.03793965280056,477,714,465,884
2738,0,0,0.3842126429080963,477,714,465,885
2739,0,0,-0.09232144802808762,477,714,465,886
2740,0,0,0.37322646379470825,477,714,465,887
2741,1,0,-0.045118946582078934,477,715,465,887
2742,0,0,0.4280555248260498,477,715,465,888
2743,1,1,0.7640870213508606,478,715,465,888
2745,1,1,0.5403209328651428,479,715,465,888
2746,0,0,0.37670499086380005,479,715,465,889
2748,1,1,0.7439845204353333,480,715,465,889
2749,0,1,-0.9003030061721802,480,715,466,889
2750,1,1,0.7233551740646362,481,715,466,889
2751,0,0,-0.11492198705673218,481,715,466,890
2752,1,1,0.07469885796308517,482,715,466,890
2753,0,0,0.4813709557056427,482,715,466,891
2755,0,1,-0.21285881102085114,482,715,467,891
2756,1,0,-0.15518099069595337,482,716,467,891
2757,0,0,0.5229073166847229,482,716,467,892
2758,0,0,0.3180147409439087,482,716,467,893
2760,0,1,-0.7497099041938782,482,716,468,893
2761,0,0,0.5380092859268188,482,716,468,894
2762,1,0,-0.2333124727010727,482,717,468,894
2763,0,0,0.10556493699550629,482,717,468,895
2764,1,1,0.6877002716064453,483,717,468,895
2765,0,0,0.8655341267585754,483,717,468,896
2766,1,0,-1.0366168022155762,483,718,468,896
2767,1,1,0.7024649977684021,484,718,468,896
2768,1,0,-0.6775720715522766,484,719,468,896
2769,0,0,0.18924184143543243,484,719,468,897
2770,0,0,0.5346463322639465,484,719,468,898
2771,0,0,0.46379730105400085,484,719,468,899
2772,1,1,0.5692535638809204,485,719,468,899
2773,0,0,0.4612455666065216,485,719,468,900
2774,1,1,0.21215277910232544,486,719,468,900
2775,0,1,-0.8408388495445251,486,719,469,900
2776,1,1,0.6098813414573669,487,719,469,900
2778,0,0,0.06660037487745285,487,719,469,901
2779,1,0,-0.6727966666221619,487,720,469,901
2780,1,1,0.08921626210212708,488,720,469,901
2781,1,0,-0.5463418960571289,488,721,469,901
2782,1,1,0.12218798696994781,489,721,469,901
2783,1,1,0.09889766573905945,490,721,469,901
2784,1,1,0.12651099264621735,491,721,469,901
2786,0,0,0.4445706903934479,491,721,469,902
2788,1,1,0.5772427320480347,492,721,469,902
2789,0,1,-0.258457750082016,492,721,470,902
2790,0,0,0.13165341317653656,492,721,470,903
2791,1,0,-0.22196818888187408,492,722,470,903
2792,0,0,0.1026562973856926,492,722,470,904
2793,1,0,-1.0227617025375366,492,723,470,904
2794,0,1,-0.7575616836547852,492,723,471,904
2795,0,1,-0.886197030544281,492,723,472,904
2796,1,1,0.5624022483825684,493,723,472,904
2797,0,1,-0.16320835053920746,493,723,473,904
2798,0,0,0.2708341181278229,493,723,473,905
2799,0,0,0.3716462254524231,493,723,473,906
2800,1,1,0.5720920562744141,494,723,473,906
2801,1,1,0.22723570466041565,495,723,473,906
2802,1,1,0.5577759146690369,496,723,473,906
2803,1,1,0.5967925786972046,497,723,473,906
2804,1,1,0.16450892388820648,498,723,473,906
2805,0,0,0.23113718628883362,498,723,473,907
2806,0,0,0.2653391659259796,498,723,473,908
2807,0,0,0.4010246694087982,498,723,473,909
2808,1,1,0.6396402716636658,499,723,473,909
2809,0,0,0.15443672239780426,499,723,473,910
2810,0,1,-0.2106701284646988,499,723,474,910
2811,0,1,-0.8879227638244629,499,723,475,910
2812,1,0,-0.20770461857318878,499,724,475,910
2813,0,1,-0.2569822072982788,499,724,476,910
2814,0,0,0.5028803944587708,499,724,476,911
2815,1,0,-0.29215866327285767,499,725,476,911
2816,1,1,0.6271405816078186,500,725,476,911
2817,0,0,0.343612402677536,500,725,476,912
2818,1,0,-0.188869908452034,500,726,476,912
2819,0,1,-0.889310359954834,500,726,477,912
2820,1,1,0.5697765350341797,501,726,477,912
2821,1,0,-0.1088637188076973,501,727,477,912
2822,0,1,-0.24842721223831177,501,727,478,912
2823,0,1,-0.3352189064025879,501,727,479,912
2824,0,0,0.22771379351615906,501,727,479,913
2825,1,1,0.7673559784889221,502,727,479,913
2826,1,1,0.039538078010082245,503,727,479,913
2827,0,0,0.19860665500164032,503,727,479,914
2828,0,0,0.31232932209968567,503,727,479,915
2829,1,1,0.7215272188186646,504,727,479,915
2830,0,0,0.36256831884384155,504,727,479,916
2831,1,0,-0.19783726334571838,504,728,479,916
2832,0,0,0.588948667049408,504,728,479,917
2833,0,0,0.40193286538124084,504,728,479,918
2834,0,0,0.1517963707447052,504,728,479,919
2835,0,1,-0.8666478395462036,504,728,480,919
2836,0,0,0.37662118673324585,504,728,480,920
2837,0,1,-0.8996578454971313,504,728,481,920
2838,0,1,-0.9317330121994019,504,728,482,920
2839,0,0,0.2677169144153595,504,728,482,921
2840,0,1,-0.9462932348251343,504,728,483,921
2841,1,1,0.6731382608413696,505,728,483,921
2842,0,0,0.47287988662719727,505,728,483,922
2843,1,0,-0.5410456657409668,505,729,483,922
2844,0,1,-0.7912057042121887,505,729,484,922
2845,1,0,-0.15905235707759857,505,730,484,922
2846,1,1,0.17616398632526398,506,730,484,922
2847,0,1,-0.8902853727340698,506,730,485,922
2848,0,0,0.31903883814811707,506,730,485,923
2849,1,0,-0.4176151156425476,506,731,485,923
2850,1,1,0.6792647242546082,507,731,485,923
2851,1,1,0.7741110324859619,508,731,485,923
2852,0,0,0.13000552356243134,508,731,485,924
2853,1,1,0.7836957573890686,509,731,485,924
2854,0,0,0.11483000963926315,509,731,485,925
2855,0,1,-0.9311120510101318,509,731,486,925
2856,0,0,0.06227908656001091,509,731,486,926
2857,0,0,0.32257723808288574,509,731,486,927
2858,1,1,0.03656495735049248,510,731,486,927
2860,0,1,-0.8219083547592163,510,731,487,927
2861,0,1,-0.9426314234733582,510,731,488,927
2862,0,0,-0.08261572569608688,510,731,488,928
2863,1,0,-0.6152312755584717,510,732,488,928
2864,0,1,-0.130992591381073,510,732,489,928
2865,1,1,0.7942813038825989,511,732,489,928
2866,1,1,0.10355047881603241,512,732,489,928
2867,0,1,-0.8164870738983154,512,732,490,928
2868,0,0,-0.06406532973051071,512,732,490,929
2869,0,0,0.38850516080856323,512,732,490,930
2870,0,0,0.46948450803756714,512,732,490,931
2871,1,0,-0.41240018606185913,512,733,490,931
2872,0,0,0.9302584528923035,512,733,490,932
2873,0,0,0.3276256322860718,512,733,490,933
2874,0,0,0.33727705478668213,512,733,490,934
2875,1,1,0.7816457152366638,513,733,490,934
2876,0,0,0.24383212625980377,513,733,490,935
2877,0,1,-0.9439789056777954,513,733,491,935
2878,0,0,0.6149106621742249,513,733,491,936
2879,0,0,0.2066681832075119,513,733,491,937
2880,0,1,-0.9452114105224609,513,733,492,937
2881,0,0,-0.12190599739551544,513,733,492,938
2882,1,1,0.018162790685892105,514,733,492,938
2883,0,1,-0.2093709409236908,514,733,493,938
2884,0,0,0.43067315220832825,514,733,493,939
2885,0,0,0.31262698769569397,514,733,493,940
2886,1,1,0.7546296715736389,515,733,493,940
2887,0,0,0.4991433024406433,515,733,493,941
2888,0,0,0.5008381009101868,515,733,493,942
2890,0,0,0.26366671919822693,515,733,493,943
2891,0,0,0.40478503704071045,515,733,493,944
2892,1,1,0.7682713866233826,516,733,493,944
2893,1,0,-0.6290226578712463,516,734,493,944
2894,0,1,-0.3421420454978943,516,734,494,944
2895,0,0,0.21853360533714294,516,734,494,945
2896,1,0,-0.3368372619152069,516,735,494,945
2897,1,1,0.7755815982818604,517,735,494,945
2898,0,0,0.3600194752216339,517,735,494,946
2899,1,1,0.7719117403030396,518,735,494,946
2900,0,0,0.3069252371788025,518,735,494,947
2901,1,0,-1.0116868019104004,518,736,494,947
2902,0,1,-0.8671317100524902,518,736,495,947
2903,0,0,0.30640193819999695,518,736,495,948
2904,0,0,0.223135307431221,518,736,495,949
2905,1,0,-0.08859199285507202,518,737,495,949
2906,0,0,0.3468094766139984,518,737,495,950
2908,0,0,0.24654234945774078,518,737,495,951
2909,0,0,0.9223588705062866,518,737,495,952
2910,1,1,0.036353159695863724,519,737,495,952
2911,0,0,0.40494030714035034,519,737,495,953
2912,0,0,0.26810222864151,519,737,495,954
2913,0,0,0.38797527551651,519,737,495,955
2914,0,0,0.49556484818458557,519,737,495,956
2915,0,1,-0.9771183729171753,519,737,496,956
2916,0,0,0.27229487895965576,519,737,496,957
2917,0,0,0.23783041536808014,519,737,496,958
2918,1,0,-0.18137921392917633,519,738,496,958
2919,1,1,0.17948853969573975,520,738,496,958
2920,1,1,0.6139077544212341,521,738,496,958
2921,0,1,-0.1547386348247528,521,738,497,958
2922,0,1,-0.4068504273891449,521,738,498,958
2923,0,1,-0.8474105000495911,521,738,499,958
2924,1,0,-0.5953844785690308,521,739,499,958
2925,0,1,-0.9688074588775635,521,739,500,958
2926,1,0,-0.6250219941139221,521,740,500,958
2927,0,1,-0.28837043046951294,521,740,501,958
2928,1,1,0.5872540473937988,522,740,501,958
2929,0,0,0.4286666512489319,522,740,501,959
2930,0,0,0.44526007771492004,522,740,501,960
2931,0,0,0.372161328792572,522,740,501,961
2932,0,0,-0.004836078267544508,522,740,501,962
2933,0,1,-0.9093653559684753,522,740,502,962
2934,0,0,0.44333988428115845,522,740,502,963
2935,1,0,-0.41170114278793335,522,741,502,963
2936,0,0,0.5206568241119385,522,741,502,964
2937,0,0,0.16055475175380707,522,741,502,965
2938,0,0,0.5612086653709412,522,741,502,966
2939,0,0,0.47151291370391846,522,741,502,967
2940,0,1,-0.7743608355522156,522,741,503,967
2941,0,0,0.1909126341342926,522,741,503,968
2942,0,1,-0.9386199116706848,522,741,504,968
2943,1,1,0.12260986119508743,523,741,504,968
2944,1,0,-0.17020857334136963,523,742,504,968
2945,0,1,-0.9284316301345825,523,742,505,968
2946,1,1,0.22491049766540527,524,742,505,968
2947,0,0,0.26882168650627136,524,742,505,969
2949,0,0,0.4047008156776428,524,742,505,970
2950,0,0,0.27962198853492737,524,742,505,971
2951,1,1,0.802753210067749,525,742,505,971
2952,0,0,0.4829692840576172,525,742,505,972
2953,0,0,0.3470466136932373,525,742,505,973
2954,0,0,0.07852065563201904,525,742,505,974
2955,0,0,0.14960689842700958,525,742,505,975
2956,0,1,-0.1319229006767273,525,742,506,975
2957,0,0,0.2358490526676178,525,742,506,976
2958,1,1,0.2544591426849365,526,742,506,976
2959,0,1,-0.8220329284667969,526,742,507,976
2960,0,0,0.06328195333480835,526,742,507,977
2961,0,1,-0.9707614779472351,526,742,508,977
2962,0,0,0.9263246655464172,526,742,508,978
2963,1,0,-0.5206615328788757,526,743,508,978
2964,1,0,-0.4875560998916626,526,744,508,978
2965,0,0,-0.12125866860151291,526,744,508,979
2966,0,0,-0.10855541378259659,526,744,508,980
2968,1,0,-0.18238164484500885,526,745,508,980
2970,0,0,0.4544060528278351,526,745,508,981
2972,0,1,-0.9841219186782837,526,745,509,981
2973,0,0,0.21157145500183105,526,745,509,982
2974,0,0,0.40132394433021545,526,745,509,983
2975,1,1,0.6654660105705261,527,745,509,983
2976,0,0,0.38116565346717834,527,745,509,984
2977,0,1,-0.34023401141166687,527,745,510,984
2978,0,0,0.3938128650188446,527,745,510,985
2979,1,1,0.5881006121635437,528,745,510,985
2980,0,0,0.32898855209350586,528,745,510,986
2981,1,1,0.7468814253807068,529,745,510,986
2983,1,0,-0.5771669149398804,529,746,510,986
2984,0,0,0.41786623001098633,529,746,510,987
2985,1,1,0.7494416832923889,530,746,510,987
2986,0,1,-1.0006352663040161,530,746,511,987
2987,1,0,-0.09890001267194748,530,747,511,987
2988,0,0,-0.06210591644048691,530,747,511,988
2989,1,1,0.6500358581542969,531,747,511,988
2990,1,1,0.7554370760917664,532,747,511,988
2991,1,1,0.03119075857102871,533,747,511,988
2992,0,1,-0.9906899333000183,533,747,512,988
2993,0,0,0.3036403954029083,533,747,512,989
2994,0,1,-0.16468626260757446,533,747,513,989
2995,0,0,0.40446507930755615,533,747,513,990
2996,0,1,-0.9913245439529419,533,747,514,990
2997,1,1,0.12281031161546707,534,747,514,990
2998,0,0,0.3080635964870453,534,747,514,991
2999,1,1,0.26051950454711914,535,747,514,991
3000,0,0,0.025945335626602173,535,747,514,992
3001,0,0,0.5179657936096191,535,747,514,993
3003,0,0,0.4836653769016266,535,747,514,994
3004,1,1,0.7730453610420227,536,747,514,994
3005,0,1,-0.1762658804655075,536,747,515,994
3007,0,1,-0.8864079713821411,536,747,516,994
3008,0,1,-0.9982258081436157,536,747,517,994
3009,0,0,0.2820482552051544,536,747,517,995
3010,0,0,0.038738321512937546,536,747,517,996
3011,0,1,-0.1465321183204651,536,747,518,996
3012,1,1,0.7414109706878662,537,747,518,996
3013,0,0,0.48127949237823486,537,747,518,997
3014,0,0,0.4095741808414459,537,747,518,998
3015,0,0,0.15569181740283966,537,747,518,999
3016,1,1,0.07382690161466599,538,747,518,999
3017,1,0,-0.4521706700325012,538,748,518,999
3018,0,0,0.4865930676460266,538,748,518,1000
3019,1,0,-0.17007780075073242,538,749,518,1000
3020,0,1,-0.9065129160881042,538,749,519,1000
3021,0,0,0.35242122411727905,538,749,519,1001
3022,1,1,0.07694946229457855,539,749,519,1001
3023,0,0,0.3381694555282593,539,749,519,1002
3024,0,1,-0.27030137181282043,539,749,520,1002
3025,0,0,0.029161833226680756,539,749,520,1003
3026,1,1,0.770348072052002,540,749,520,1003
3027,1,1,0.05066968500614166,541,749,520,1003
3028,0,0,0.2462548017501831,541,749,520,1004
3029,0,0,0.6313824653625488,541,749,520,1005
3031,1,1,0.6115570068359375,542,749,520,1005
3032,0,1,-0.9342668652534485,542,749,521,1005
3033,1,1,0.7655436992645264,543,749,521,1005
3034,1,1,0.2459135204553604,544,749,521,1005
3035,0,0,0.46042487025260925,544,749,521,1006
3036,0,0,0.1982087790966034,544,749,521,1007
3037,1,0,-0.16996106505393982,544,750,521,1007
3038,1,1,0.2927281856536865,545,750,521,1007
3039,0,1,-1.0019251108169556,545,750,522,1007
3040,1,1,0.8254067897796631,546,750,522,1007
3041,0,0,0.4017963707447052,546,750,522,1008
3042,0,0,0.6278858184814453,546,750,522,1009
3043,1,0,-0.13817691802978516,546,751,522,1009
3044,1,1,0.7055885791778564,547,751,522,1009
3045,0,1,-0.31657931208610535,547,751,523,1009
3046,0,1,-1.010059118270874,547,751,524,1009
3047,1,1,0.6461410522460938,548,751,524,1009
3048,0,0,0.9269523620605469,548,751,524,1010
3049,1,1,0.2784283757209778,549,751,524,1010
3050,1,1,0.768913209438324,550,751,524,1010
3051,0,1,-0.9302330613136292,550,751,525,1010
3052,0,0,0.23157663643360138,550,751,525,1011
3053,1,1,0.29979607462882996,551,751,525,1011
3054,0,0,0.3968963623046875,551,751,525,1012
3055,0,1,-0.3322198688983917,551,751,526,1012
3056,1,0,-0.6248170137405396,551,752,526,1012
3057,1,1,0.8308696150779724,552,752,526,1012
3058,1,1,0.28254416584968567,553,752,526,1012
3059,1,0,-0.1501811146736145,553,753,526,1012
3060,0,1,-1.0008512735366821,553,753,527,1012
3061,0,1,-0.4010023772716522,553,753,528,1012
3062,1,1,0.3131238520145416,554,753,528,1012
3063,1,1,0.09573647379875183,555,753,528,1012
3064,1,0,-0.5989646315574646,555,754,528,1012
3065,0,0,0.22837938368320465,555,754,528,1013
3066,1,1,0.6028257608413696,556,754,528,1013
3067,1,1,0.8449872136116028,557,754,528,1013
3069,1,0,-0.5064800381660461,557,755,528,1013
3070,0,0,0.5806748867034912,557,755,528,1014
3071,0,0,-0.08639773726463318,557,755,528,1015
3072,1,0,-0.6327812075614929,557,756,528,1015
3074,0,1,-0.17072246968746185,557,756,529,1015
3075,0,0,0.3397173583507538,557,756,529,1016
3076,0,0,0.3657337427139282,557,756,529,1017
3077,0,1,-0.3941654860973358,557,756,530,1017
3078,0,0,0.3077445328235626,557,756,530,1018
3079,0,1,-0.22650106251239777,557,756,531,1018
3080,0,1,-0.14578187465667725,557,756,532,1018
3081,1,0,-0.35613691806793213,557,757,532,1018
3082,0,0,-0.06769314408302307,557,757,532,1019
3083,0,1,-0.22528579831123352,557,757,533,1019
3084,0,0,0.43898454308509827,557,757,533,1020
3085,0,0,0.3803715705871582,557,757,533,1021
3086,0,0,0.4321609139442444,557,757,533,1022
3087,0,1,-0.23006676137447357,557,757,534,1022
3088,0,1,-0.3815220594406128,557,757,535,1022
3089,0,0,0.18553133308887482,557,757,535,1023
3090,1,1,0.11295587569475174,558,757,535,1023
3091,1,0,-0.44565996527671814,558,758,535,1023
3092,1,0,-0.5305023789405823,558,759,535,1023
3094,0,0,-0.010639159008860588,558,759,535,1024
3095,0,1,-0.39406928420066833,558,759,536,1024
3096,0,0,0.5191508531570435,558,759,536,1025
3097,1,1,0.8505475521087646,559,759,536,1025
3098,0,0,0.4079352617263794,559,759,536,1026
3099,0,0,0.1440926194190979,559,759,536,1027
3101,0,1,-0.8255041241645813,559,759,537,1027
3102,0,0,0.34208256006240845,559,759,537,1028
3103,0,0,0.27713003754615784,559,759,537,1029
3104,1,1,0.7225553393363953,560,759,537,1029
3105,0,1,-0.811519980430603,560,759,538,1029
3106,1,1,0.28502991795539856,561,759,538,1029
3107,1,1,0.8564218878746033,562,759,538,1029
3108,0,1,-0.8403714299201965,562,759,539,1029
3109,0,1,-0.14596237242221832,562,759,540,1029
3110,0,0,0.06471739709377289,562,759,540,1030
3111,0,0,0.2417154461145401,562,759,540,1031
3112,0,0,0.3354102671146393,562,759,540,1032
3113,0,0,0.6438661813735962,562,759,540,1033
3114,1,1,0.86763596534729,563,759,540,1033
3115,0,1,-0.20518141984939575,563,759,541,1033
3116,1,1,0.28808870911598206,564,759,541,1033
3117,0,0,0.3471866250038147,564,759,541,1034
3118,0,0,0.390419065952301,564,759,541,1035
3119,0,0,0.9191601872444153,564,759,541,1036
3120,0,0,0.10832858830690384,564,759,541,1037
3121,0,0,0.2592364251613617,564,759,541,1038
3122,1,1,0.6834662556648254,565,759,541,1038
3123,1,1,0.6730973124504089,566,759,541,1038
3124,1,0,-1.0418206453323364,566,760,541,1038
3125,0,1,-0.2695368528366089,566,760,542,1038
3126,1,1,0.08225391060113907,567,760,542,1038
3127,1,0,-0.08604049682617188,567,761,542,1038
3128,0,0,0.030817214399576187,567,761,542,1039
3129,1,0,-0.3043026030063629,567,762,542,1039
3130,0,1,-0.23432449996471405,567,762,543,1039
3131,1,1,0.12020561099052429,568,762,543,1039
3132,1,0,-0.12061596661806107,568,763,543,1039
3133,1,0,-0.27319324016571045,568,764,543,1039
3134,0,0,0.19267117977142334,568,764,543,1040
3135,1,1,0.651034951210022,569,764,543,1040
3136,0,0,0.20492452383041382,569,764,543,1041
3137,1,1,0.6863499283790588,570,764,543,1041
3138,1,1,0.07011084258556366,571,764,543,1041
3140,1,0,-0.5119541883468628,571,765,543,1041
3141,0,0,0.22796274721622467,571,765,543,1042
3142,1,0,-0.07747841626405716,571,766,543,1042
3143,1,0,-0.3421574831008911,571,767,543,1042
3144,1,0,-0.13579417765140533,571,768,543,1042
3145,1,1,0.055380191653966904,572,768,543,1042
3146,0,1,-0.2686954438686371,572,768,544,1042
3147,0,0,0.21533292531967163,572,768,544,1043
3148,0,1,-0.2827039361000061,572,768,545,1043
3149,0,0,0.6331380009651184,572,768,545,1044
3150,1,1,0.11437880247831345,573,768,545,1044
3151,0,0,0.09963073581457138,573,768,545,1045
3152,0,0,0.04080021753907204,573,768,545,1046
3153,1,0,-0.6511749029159546,573,769,545,1046
3154,0,1,-0.2589358985424042,573,769,546,1046
3155,1,0,-0.15492670238018036,573,770,546,1046
3156,0,0,0.2749379575252533,573,770,546,1047
3157,1,0,-0.109523706138134,573,771,546,1047
3158,1,0,-0.05960875377058983,573,772,546,1047
3159,0,0,0.28500545024871826,573,772,546,1048
3160,0,0,0.27247369289398193,573,772,546,1049
3161,0,0,0.09052649140357971,573,772,546,1050
3162,0,0,0.4152221381664276,573,772,546,1051
3163,1,0,-0.6322336792945862,573,773,546,1051
3164,0,0,0.3508032560348511,573,773,546,1052
3165,1,0,-0.003046289784833789,573,774,546,1052
3166,0,0,-0.00887023750692606,573,774,546,1053
3167,0,0,0.31383785605430603,573,774,546,1054
3168,1,1,0.6283348798751831,574,774,546,1054
3169,1,0,-0.3392365574836731,574,775,546,1054
3170,0,0,0.24672430753707886,574,775,546,1055
3171,1,1,0.3214915096759796,575,775,546,1055
3172,1,1,0.1112530380487442,576,775,546,1055
3173,0,0,0.22324033081531525,576,775,546,1056
3175,1,1,0.14728578925132751,577,775,546,1056
3176,1,1,0.7035277485847473,578,775,546,1056
3177,1,0,-0.6317971348762512,578,776,546,1056
3179,0,0,0.01146761979907751,578,776,546,1057
3180,1,0,-0.20033378899097443,578,777,546,1057
3181,0,0,0.5327356457710266,578,777,546,1058
3182,0,0,0.44726595282554626,578,777,546,1059
3183,1,1,0.003520435420796275,579,777,546,1059
3184,0,1,-0.2893896698951721,579,777,547,1059
3185,0,1,-0.4177873432636261,579,777,548,1059
3186,1,0,-0.771543562412262,579,778,548,1059
3187,1,1,0.24852004647254944,580,778,548,1059
3188,1,0,-0.6545436978340149,580,779,548,1059
3190,0,1,-0.3819182515144348,580,779,549,1059
3191,1,1,0.7450675964355469,581,779,549,1059
3192,0,0,0.39872491359710693,581,779,549,1060
3193,0,0,0.36131736636161804,581,779,549,1061
3194,0,0,0.0939890444278717,581,779,549,1062
3195,1,1,0.23491443693637848,582,779,549,1062
3196,1,1,0.11985871940851212,583,779,549,1062
3197,1,1,0.1520540416240692,584,779,549,1062
3198,0,0,0.9297921657562256,584,779,549,1063
3199,0,0,0.08430622518062592,584,779,549,1064
3200,0,0,0.35907626152038574,584,779,549,1065
3201,0,0,0.3218434154987335,584,779,549,1066
3202,1,0,-0.389518678188324,584,780,549,1066
3203,1,1,0.05645221471786499,585,780,549,1066
3204,1,1,0.17347614467144012,586,780,549,1066
3205,1,1,0.1404268592596054,587,780,549,1066
3206,0,0,0.2620247006416321,587,780,549,1067
3207,0,0,0.3460327386856079,587,780,549,1068
3208,0,1,-0.19852063059806824,587,780,550,1068
3209,0,0,0.5036507844924927,587,780,550,1069
3211,0,0,0.28952035307884216,587,780,550,1070
3212,0,1,-0.31276899576187134,587,780,551,1070
3213,0,0,0.028403783217072487,587,780,551,1071
3214,0,0,0.33345162868499756,587,780,551,1072
3215,0,1,-0.4565299451351166,587,780,552,1072
3217,1,0,-0.40813741087913513,587,781,552,1072
3218,1,1,0.18758033215999603,588,781,552,1072
3219,0,0,-0.10628130286931992,588,781,552,1073
3220,1,1,0.015113022178411484,589,781,552,1073
3221,1,1,0.09756660461425781,590,781,552,1073
3222,1,1,0.7044057250022888,591,781,552,1073
3223,1,0,-0.5726466178894043,591,782,552,1073
3224,0,0,0.19795547425746918,591,782,552,1074
3225,1,0,-0.02586212009191513,591,783,552,1074
3226,0,1,-0.8925588726997375,591,783,553,1074
3227,0,0,0.3093545436859131,591,783,553,1075
3228,1,0,-0.34693512320518494,591,784,553,1075
3229,0,1,-0.186003640294075,591,784,554,1075
3230,1,1,0.6673943400382996,592,784,554,1075
3231,0,0,0.13402102887630463,592,784,554,1076
3232,0,0,0.1084015741944313,592,784,554,1077
3233,0,1,-0.9205766916275024,592,784,555,1077
3234,1,1,0.33559682965278625,593,784,555,1077
3235,0,1,-0.225871279835701,593,784,556,1077
3236,1,0,-0.6822440028190613,593,785,556,1077
3237,1,0,-0.7534347772598267,593,786,556,1077
3238,0,0,0.397439181804657,593,786,556,1078
3239,0,1,-0.4139217734336853,593,786,557,1078
3240,1,0,-0.6614405512809753,593,787,557,1078
3241,0,0,0.08659088611602783,593,787,557,1079
3242,0,1,-0.5171513557434082,593,787,558,1079
3243,0,1,-0.8757048845291138,593,787,559,1079
3245,0,0,0.5963283181190491,593,787,559,1080
3246,1,0,-0.49245962500572205,593,788,559,1080
3248,1,0,-0.39406606554985046,593,789,559,1080
3249,0,0,0.1414332240819931,593,789,559,1081
3250,0,0,0.21441757678985596,593,789,559,1082
3251,0,0,0.1691470742225647,593,789,559,1083
3252,0,0,0.5122117400169373,593,789,559,1084
3253,1,0,-1.0441174507141113,593,790,559,1084
3254,1,1,0.4062057137489319,594,790,559,1084
3255,1,0,-0.09224537760019302,594,791,559,1084
3256,0,1,-0.19106866419315338,594,791,560,1084
3257,0,0,-0.07302817702293396,594,791,560,1085
3258,0,0,0.5419878363609314,594,791,560,1086
3260,1,1,0.35447752475738525,595,791,560,1086
3261,0,0,0.38047611713409424,595,791,560,1087
3262,1,0,-0.1389651596546173,595,792,560,1087
3263,0,0,0.248921737074852,595,792,560,1088
3264,1,0,-0.5595108270645142,595,793,560,1088
3265,0,0,0.5048400163650513,595,793,560,1089
3266,1,0,-0.33479341864585876,595,794,560,1089
3267,0,0,0.33088386058807373,595,794,560,1090
3268,0,0,0.4013630747795105,595,794,560,1091
3269,0,0,0.20597891509532928,595,794,560,1092
3270,0,0,0.6202426552772522,595,794,560,1093
3271,1,1,0.13524210453033447,596,794,560,1093
3272,1,0,-0.06597193330526352,596,795,560,1093
3273,0,1,-0.4925719201564789,596,795,561,1093
3274,0,1,-0.38046202063560486,596,795,562,1093
3275,0,0,0.16922752559185028,596,795,562,1094
3276,0,0,0.5512253046035767,596,795,562,1095
3277,1,1,0.20261581242084503,597,795,562,1095
3278,0,0,0.4038493037223816,597,795,562,1096
3279,0,1,-0.8484961986541748,597,795,563,1096
3280,0,0,0.0034961469937115908,597,795,563,1097
3281,0,0,0.000123937294119969,597,795,563,1098
3282,0,0,0.3733363747596741,597,795,563,1099
3283,1,1,0.40203574299812317,598,795,563,1099
3285,0,1,-0.46941569447517395,598,795,564,1099
3286,0,0,0.2980579733848572,598,795,564,1100
3287,0,1,-0.5432833433151245,598,795,565,1100
3288,0,0,0.4974130094051361,598,795,565,1101
3289,0,0,0.9286864399909973,598,795,565,1102
3290,0,0,0.5061247944831848,598,795,565,1103
3291,0,0,0.5453804731369019,598,795,565,1104
3292,0,0,0.8672829270362854,598,795,565,1105
3293,1,1,0.3496316373348236,599,795,565,1105
3294,1,0,-0.5850504040718079,599,796,565,1105
3295,1,0,-0.5645435452461243,599,797,565,1105
3297,1,1,0.3983789086341858,600,797,565,1105
3298,0,1,-0.5527161955833435,600,797,566,1105
3299,1,0,-0.784740686416626,600,798,566,1105
3300,1,0,-0.5822346210479736,600,799,566,1105
3301,1,1,0.7244020700454712,601,799,566,1105
3302,0,1,-0.33084774017333984,601,799,567,1105
3303,0,0,0.3046156167984009,601,799,567,1106
3304,0,0,0.41251152753829956,601,799,567,1107
3305,0,0,0.0552888922393322,601,799,567,1108
3306,1,1,0.24619238078594208,602,799,567,1108
3307,1,1,0.3914307653903961,603,799,567,1108
3308,1,0,-0.24084752798080444,603,800,567,1108
3309,0,0,0.49020612239837646,603,800,567,1109
3310,0,0,-0.10692412406206131,603,800,567,1110
3311,0,0,0.380746066570282,603,800,567,1111
3312,0,0,0.3748171031475067,603,800,567,1112
3313,0,0,0.3272489309310913,603,800,567,1113
3314,0,1,-0.3035270571708679,603,800,568,1113
3315,1,1,0.7264135479927063,604,800,568,1113
3316,0,0,0.6575363278388977,604,800,568,1114
3317,0,1,-0.5270293951034546,604,800,569,1114
3318,0,0,0.637280285358429,604,800,569,1115
3319,1,0,-0.15817606449127197,604,801,569,1115
3320,1,0,-0.5375603437423706,604,802,569,1115
3321,0,0,-0.061198409646749496,604,802,569,1116
3323,0,0,0.41651758551597595,604,802,569,1117
3324,1,1,0.13532306253910065,605,802,569,1117
3325,0,0,0.09601538628339767,605,802,569,1118
3326,0,1,-0.43165963888168335,605,802,570,1118
3327,0,1,-0.8871027827262878,605,802,571,1118
3328,1,0,-0.2008073627948761,605,803,571,1118
3329,0,1,-0.5342054963111877,605,803,572,1118
3330,0,0,-0.04006937891244888,605,803,572,1119
3331,0,1,-0.9591418504714966,605,803,573,1119
3332,0,0,0.19316624104976654,605,803,573,1120
3333,1,1,0.1806006282567978,606,803,573,1120
3334,0,0,0.3921027183532715,606,803,573,1121
3335,0,0,0.24203194677829742,606,803,573,1122
3336,1,1,0.3302997648715973,607,803,573,1122
3337,1,0,-0.4106431305408478,607,804,573,1122
3338,1,1,0.7378061413764954,608,804,573,1122
3339,0,1,-0.414567232131958,608,804,574,1122
3340,0,1,-0.6250142455101013,608,804,575,1122
3341,0,0,0.4661777913570404,608,804,575,1123
3342,0,1,-0.2033301740884781,608,804,576,1123
3343,0,0,0.29000356793403625,608,804,576,1124
3344,0,1,-0.24921119213104248,608,804,577,1124
3345,1,1,0.32677629590034485,609,804,577,1124
3346,0,0,0.22028647363185883,609,804,577,1125
3347,1,0,-0.285988450050354,609,805,577,1125
3348,1,1,0.17820578813552856,610,805,577,1125
3349,0,0,0.4088289141654968,610,805,577,1126
3350,0,0,0.4171474874019623,610,805,577,1127
3351,0,1,-0.4079682528972626,610,805,578,1127
3353,0,0,0.0015774546191096306,610,805,578,1128
3354,1,1,0.39717283844947815,611,805,578,1128
3356,0,0,0.5934122800827026,611,805,578,1129
3357,1,1,0.22079899907112122,612,805,578,1129
3358,0,1,-0.975862979888916,612,805,579,1129
3359,1,0,-0.7445086240768433,612,806,579,1129
3360,0,0,0.4397403299808502,612,806,579,1130
3361,1,0,-0.5448126196861267,612,807,579,1130
3362,0,0,0.3951961100101471,612,807,579,1131
3363,1,1,0.38901287317276,613,807,579,1131
3364,1,1,0.4204714000225067,614,807,579,1131
3365,1,0,-0.21697480976581573,614,808,579,1131
3366,1,1,0.04163944348692894,615,808,579,1131
3367,0,0,0.2358463853597641,615,808,579,1132
3368,0,1,-0.5468072891235352,615,808,580,1132
3369,0,0,0.18305306136608124,615,808,580,1133
3370,0,1,-0.9544012546539307,615,808,581,1133
3371,0,0,0.40462788939476013,615,808,581,1134
3372,1,0,-0.2141665369272232,615,809,581,1134
3373,0,0,0.9269075393676758,615,809,581,1135
3374,1,1,0.3146313428878784,616,809,581,1135
3375,1,0,-0.7564930319786072,616,810,581,1135
3376,1,1,0.467598021030426,617,810,581,1135
3377,1,1,0.2309231013059616,618,810,581,1135
3378,0,0,0.6233659982681274,618,810,581,1136
3379,0,0,0.11029636114835739,618,810,581,1137
3380,0,1,-0.2320193201303482,618,810,582,1137
3382,1,0,-0.3347172439098358,618,811,582,1137
3383,0,1,-0.5210909843444824,618,811,583,1137
3384,0,0,0.17170771956443787,618,811,583,1138
3385,0,0,0.24894003570079803,618,811,583,1139
3386,1,1,0.7016733288764954,619,811,583,1139
3387,1,0,-0.5601040720939636,619,812,583,1139
3388,1,1,0.17641645669937134,620,812,583,1139
3389,0,0,0.5563499927520752,620,812,583,1140
3390,1,1,0.10109340399503708,621,812,583,1140
3391,1,0,-0.5802847146987915,621,813,583,1140
3392,0,1,-0.38910263776779175,621,813,584,1140
3393,1,1,0.3479236960411072,622,813,584,1140
3394,1,0,-0.08596458286046982,622,814,584,1140
3395,0,0,-0.10489044338464737,622,814,584,1141
3396,1,1,0.40852415561676025,623,814,584,1141
3397,0,0,0.022827627137303352,623,814,584,1142
3398,0,0,0.16064906120300293,623,814,584,1143
3399,0,1,-0.3120100498199463,623,814,585,1143
3400,1,0,-0.28817740082740784,623,815,585,1143
3401,1,1,0.36497578024864197,624,815,585,1143
3402,1,1,0.3869689404964447,625,815,585,1143
3403,0,1,-0.24998992681503296,625,815,586,1143
3404,0,1,-0.3508894443511963,625,815,587,1143
3405,1,1,0.07139430940151215,626,815,587,1143
3406,1,0,-0.05435260385274887,626,816,587,1143
3407,0,1,-0.3417221009731293,626,816,588,1143
3408,1,0,-0.5683387517929077,626,817,588,1143
3410,0,0,0.4501582682132721,626,817,588,1144
3411,0,0,0.41185781359672546,626,817,588,1145
3412,1,1,0.38059449195861816,627,817,588,1145
3413,0,1,-0.17690996825695038,627,817,589,1145
3414,0,0,0.9194616079330444,627,817,589,1146
3415,0,0,0.15010586380958557,627,817,589,1147
3416,1,1,0.2114800661802292,628,817,589,1147
3417,0,0,0.3874624967575073,628,817,589,1148
3418,1,1,0.6899372339248657,629,817,589,1148
3419,0,0,0.011958935298025608,629,817,589,1149
3420,0,1,-0.6051848530769348,629,817,590,1149
3421,0,1,-0.229118213057518,629,817,591,1149
3422,1,1,0.34602099657058716,630,817,591,1149
3423,1,1,0.11237141489982605,631,817,591,1149
3424,0,1,-0.5708147883415222,631,817,592,1149
3425,0,1,-0.8993398547172546,631,817,593,1149
3426,1,0,-0.7471407055854797,631,818,593,1149
3427,0,1,-0.4011974036693573,631,818,594,1149
3429,1,0,-0.5180761814117432,631,819,594,1149
3430,0,0,0.20718549191951752,631,819,594,1150
3431,1,1,0.7640625834465027,632,819,594,1150
3433,0,0,0.285873144865036,632,819,594,1151
3434,0,0,0.39640700817108154,632,819,594,1152
3435,1,1,0.4328232407569885,633,819,594,1152
3437,0,0,0.6028556227684021,633,819,594,1153
3438,1,0,-0.4166422188282013,633,820,594,1153
3439,0,0,-0.07712372392416,633,820,594,1154
3440,0,0,0.5710998773574829,633,820,594,1155
3441,0,1,-0.6155980229377747,633,820,595,1155
3442,1,1,0.44004613161087036,634,820,595,1155
3443,0,0,0.11370689421892166,634,820,595,1156
3444,1,1,0.33948904275894165,635,820,595,1156
3445,1,1,0.46061083674430847,636,820,595,1156
3446,0,1,-0.3009055256843567,636,820,596,1156
3447,1,0,-0.239689439535141,636,821,596,1156
3448,0,0,0.36878475546836853,636,821,596,1157
3449,0,0,0.4534819424152374,636,821,596,1158
3450,0,0,-0.0893421471118927,636,821,596,1159
3451,0,0,0.2072376012802124,636,821,596,1160
3452,1,1,0.33260098099708557,637,821,596,1160
3453,0,0,0.9116404056549072,637,821,596,1161
3454,1,1,0.22670069336891174,638,821,596,1161
3455,1,1,0.23536579310894012,639,821,596,1161
3456,0,0,0.9266942143440247,639,821,596,1162
3457,0,0,0.18875539302825928,639,821,596,1163
3458,0,0,0.5635093450546265,639,821,596,1164
3459,1,1,0.7233434319496155,640,821,596,1164
3460,0,0,-0.11859658360481262,640,821,596,1165
3461,1,0,-0.0687568187713623,640,822,596,1165
3462,1,1,0.3992101550102234,641,822,596,1165
3463,0,0,0.20329611003398895,641,822,596,1166
3464,1,0,-0.40889424085617065,641,823,596,1166
3465,1,0,-0.7594234347343445,641,824,596,1166
3466,1,1,0.7612311244010925,642,824,596,1166
3467,1,0,-0.130192369222641,642,825,596,1166
3468,1,1,0.7556148767471313,643,825,596,1166
3469,0,0,0.5480078458786011,643,825,596,1167
3470,0,1,-0.587319552898407,643,825,597,1167
3471,0,1,-0.9134759306907654,643,825,598,1167
3472,1,1,0.167968288064003,644,825,598,1167
3473,0,0,0.5794597864151001,644,825,598,1168
3474,0,0,0.35366806387901306,644,825,598,1169
3476,0,0,0.08270542323589325,644,825,598,1170
3477,1,0,-0.6967551708221436,644,826,598,1170
3478,0,0,0.39776307344436646,644,826,598,1171
3480,1,1,0.07253114879131317,645,826,598,1171
3481,0,0,0.33762067556381226,645,826,598,1172
3482,0,0,0.2700270414352417,645,826,598,1173
3483,1,1,0.4728727638721466,646,826,598,1173
3484,1,0,-0.24111932516098022,646,827,598,1173
3485,1,1,0.7196221351623535,647,827,598,1173
3486,1,1,0.7583638429641724,648,827,598,1173
3487,0,0,0.3110713064670563,648,827,598,1174
3488,1,1,0.3980029821395874,649,827,598,1174
3489,1,0,-0.5007081031799316,649,828,598,1174
3490,1,0,-0.2707279920578003,649,829,598,1174
3492,1,1,0.2116725742816925,650,829,598,1174
3493,0,0,0.42346760630607605,650,829,598,1175
3494,1,1,0.4560856819152832,651,829,598,1175
3495,1,0,-0.48625898361206055,651,830,598,1175
3496,0,0,0.610058605670929,651,830,598,1176
3498,1,0,-0.003586507635191083,651,831,598,1176
3499,0,1,-0.6333631277084351,651,831,599,1176
3500,0,1,-0.9971945285797119,651,831,600,1176
3501,0,0,0.18911898136138916,651,831,600,1177
3502,1,1,0.4126037657260895,652,831,600,1177
3503,0,0,0.1985175758600235,652,831,600,1178
3504,0,0,0.13724708557128906,652,831,600,1179
3505,1,0,-0.02935194782912731,652,832,600,1179
3506,0,1,-0.9217514991760254,652,832,601,1179
3507,0,1,-0.48672759532928467,652,832,602,1179
3508,0,0,0.40950262546539307,652,832,602,1180
3509,1,1,0.06991997361183167,653,832,602,1180
3510,0,0,0.5682104825973511,653,832,602,1181
3511,1,1,0.7175496220588684,654,832,602,1181
3512,1,1,0.26105043292045593,655,832,602,1181
3513,1,1,0.23778420686721802,656,832,602,1181
3514,0,0,-0.025764763355255127,656,832,602,1182
3515,0,1,-0.4533239006996155,656,832,603,1182
3516,1,1,0.1522677093744278,657,832,603,1182
3517,0,0,0.5742962956428528,657,832,603,1183
3518,1,1,0.3676682114601135,658,832,603,1183
3519,0,1,-0.9362863302230835,658,832,604,1183
3520,1,0,-0.5867472887039185,658,833,604,1183
3521,0,0,0.35286933183670044,658,833,604,1184
3522,1,1,0.48180851340293884,659,833,604,1184
3523,0,0,0.42449119687080383,659,833,604,1185
3524,0,0,0.3743356168270111,659,833,604,1186
3525,1,0,-0.47226211428642273,659,834,604,1186
3526,0,0,0.250596821308136,659,834,604,1187
3527,1,1,0.43777066469192505,660,834,604,1187
3528,1,1,0.4551764726638794,661,834,604,1187
3529,0,1,-0.5247657895088196,661,834,605,1187
3530,0,1,-0.6148038506507874,661,834,606,1187
3531,0,0,0.19896677136421204,661,834,606,1188
3532,0,0,0.9170354008674622,661,834,606,1189
3533,1,1,0.06084774062037468,662,834,606,1189
3534,0,0,0.20322096347808838,662,834,606,1190
3535,1,0,-0.28426623344421387,662,835,606,1190
3536,1,1,0.3242977261543274,663,835,606,1190
3537,0,0,0.4072394073009491,663,835,606,1191
3538,0,0,0.08844541758298874,663,835,606,1192
3539,1,1,0.4881483316421509,664,835,606,1192
3540,1,0,-0.7156579494476318,664,836,606,1192
3541,0,0,0.483899861574173,664,836,606,1193
3542,0,1,-0.524274468421936,664,836,607,1193
3544,0,0,0.5560210943222046,664,836,607,1194
3545,0,1,-0.5869307518005371,664,836,608,1194
3546,1,1,0.48638010025024414,665,836,608,1194
3547,1,1,0.1742418259382248,666,836,608,1194
3548,0,0,0.42479556798934937,666,836,608,1195
3549,0,0,0.1090666726231575,666,836,608,1196
3550,1,1,0.41316553950309753,667,836,608,1196
3551,0,0,0.24380142986774445,667,836,608,1197
3552,1,1,0.36040830612182617,668,836,608,1197
3553,0,0,0.38497453927993774,668,836,608,1198
3554,1,0,-0.010679800994694233,668,837,608,1198
3555,0,1,-0.9665128588676453,668,837,609,1198
3556,0,0,0.14317138493061066,668,837,609,1199
3558,1,1,0.4179515540599823,669,837,609,1199
3559,1,1,0.34866613149642944,670,837,609,1199
3560,0,0,0.35706594586372375,670,837,609,1200
3561,0,0,0.4145064353942871,670,837,609,1201
3562,0,0,0.21301957964897156,670,837,609,1202
3563,0,0,0.3768836259841919,670,837,609,1203
3564,1,1,0.484842985868454,671,837,609,1203
3565,1,0,-0.2633940279483795,671,838,609,1203
3566,0,0,0.3203832507133484,671,838,609,1204
3567,1,1,0.02491356059908867,672,838,609,1204
3568,1,1,0.3847272992134094,673,838,609,1204
3569,0,0,0.9270352125167847,673,838,609,1205
3570,1,1,0.5211313962936401,674,838,609,1205
3571,1,0,-0.20873813331127167,674,839,609,1205
3572,0,0,0.5994839668273926,674,839,609,1206
3573,1,1,0.011799672618508339,675,839,609,1206
3574,1,0,-1.0252273082733154,675,840,609,1206
3575,0,0,0.10057266056537628,675,840,609,1207
3576,1,1,0.36376798152923584,676,840,609,1207
3577,0,0,0.08414682745933533,676,840,609,1208
3578,0,0,0.34985074400901794,676,840,609,1209
3579,1,1,0.1486445963382721,677,840,609,1209
3580,0,1,-0.430009126663208,677,840,610,1209
3581,0,0,0.4204265773296356,677,840,610,1210
3582,0,0,0.26250603795051575,677,840,610,1211
3583,0,0,0.15184012055397034,677,840,610,1212
3584,0,1,-0.6093944907188416,677,840,611,1212
3585,0,0,0.3255789875984192,677,840,611,1213
3586,0,0,0.4011719524860382,677,840,611,1214
3587,1,0,-0.5852224230766296,677,841,611,1214
3588,0,1,-0.2920158803462982,677,841,612,1214
3589,0,0,0.3148241639137268,677,841,612,1215
3590,0,0,0.2612383961677551,677,841,612,1216
3591,1,1,0.7869476675987244,678,841,612,1216
3592,1,0,-0.00474138418212533,678,842,612,1216
3593,1,1,0.2968776226043701,679,842,612,1216
3594,0,0,0.5332022309303284,679,842,612,1217
3595,0,0,0.403346985578537,679,842,612,1218
3596,0,1,-0.1971803605556488,679,842,613,1218
3597,0,0,0.5682251453399658,679,842,613,1219
3598,1,0,-0.4459885060787201,679,843,613,1219
3600,1,0,-0.7875125408172607,679,844,613,1219
3601,0,0,0.23604848980903625,679,844,613,1220
3602,1,1,0.041524481028318405,680,844,613,1220
3603,0,0,0.5697014331817627,680,844,613,1221
3604,1,1,0.15710242092609406,681,844,613,1221
3605,0,1,-0.6562579870223999,681,844,614,1221
3607,0,0,0.42162343859672546,681,844,614,1222
3608,0,0,0.0640372484922409,681,844,614,1223
3609,0,0,0.4846247732639313,681,844,614,1224
3610,0,0,0.6100934743881226,681,844,614,1225
3611,0,0,0.15121549367904663,681,844,614,1226
3612,1,0,-0.02660096250474453,681,845,614,1226
3613,1,1,0.14509227871894836,682,845,614,1226
3614,1,1,0.37430518865585327,683,845,614,1226
3615,1,1,0.017405802384018898,684,845,614,1226
3616,0,0,0.613898754119873,684,845,614,1227
3617,0,0,0.3050643801689148,684,845,614,1228
3618,1,1,0.06772467494010925,685,845,614,1228
3619,0,0,0.39643463492393494,685,845,614,1229
3620,1,0,-0.4225248694419861,685,846,614,1229
3621,1,1,0.7391366958618164,686,846,614,1229
3622,0,0,0.2699277997016907,686,846,614,1230
3623,1,0,-0.08202627301216125,686,847,614,1230
3624,0,0,0.15289677679538727,686,847,614,1231
3625,0,1,-0.9864056706428528,686,847,615,1231
3626,1,1,0.7935001254081726,687,847,615,1231
3627,0,0,0.18811310827732086,687,847,615,1232
3628,0,1,-0.15599410235881805,687,847,616,1232
3629,0,0,0.15664201974868774,687,847,616,1233
3630,1,1,0.41652750968933105,688,847,616,1233
3631,1,1,0.44949498772621155,689,847,616,1233
3632,0,1,-0.9336063265800476,689,847,617,1233
3634,0,0,0.28701454401016235,689,847,617,1234
3635,0,1,-0.48361748456954956,689,847,618,1234
3636,0,0,0.3930732011795044,689,847,618,1235
3637,0,1,-0.35470709204673767,689,847,619,1235
3638,0,0,0.24597281217575073,689,847,619,1236
3639,1,1,0.3519189953804016,690,847,619,1236
3640,0,1,-0.11375495046377182,690,847,620,1236
3641,1,0,-0.017782775685191154,690,848,620,1236
3642,0,0,0.1218622550368309,690,848,620,1237
3645,0,1,-0.9423338174819946,690,848,621,1237
3646,0,0,0.3169625997543335,690,848,621,1238
3647,0,1,-0.28084978461265564,690,848,622,1238
3648,1,1,0.7716653943061829,691,848,622,1238
3649,0,0,0.19982963800430298,691,848,622,1239
3650,1,0,-0.12167108803987503,691,849,622,1239
3651,0,1,-0.321915864944458,691,849,623,1239
3652,0,0,0.5787734985351562,691,849,623,1240
3653,0,0,0.6281925439834595,691,849,623,1241
3654,1,1,0.7511392831802368,692,849,623,1241
3655,0,0,0.42148298025131226,692,849,623,1242
3656,1,1,0.7268611192703247,693,849,623,1242
3657,1,1,0.5360320210456848,694,849,623,1242
3658,0,0,0.6119483113288879,694,849,623,1243
3659,0,0,0.42449313402175903,694,849,623,1244
3660,0,0,0.05489394813776016,694,849,623,1245
3661,0,0,0.38918575644493103,694,849,623,1246
3662,1,0,-0.7668614983558655,694,850,623,1246
3664,0,0,0.5039551854133606,694,850,623,1247
3665,0,0,0.9249980449676514,694,850,623,1248
3666,0,0,0.1308869570493698,694,850,623,1249
3668,0,0,0.3261387050151825,694,850,623,1250
3669,0,0,0.35067999362945557,694,850,623,1251
3670,0,1,-0.9672057628631592,694,850,624,1251
3671,1,1,0.7549074292182922,695,850,624,1251
3672,0,0,0.665025532245636,695,850,624,1252
3673,0,1,-0.9537398219108582,695,850,625,1252
3674,1,1,0.030052851885557175,696,850,625,1252
3676,1,1,0.7562556862831116,697,850,625,1252
3677,1,1,0.7979274988174438,698,850,625,1252
3678,0,0,0.35692811012268066,698,850,625,1253
3679,0,1,-0.5670419931411743,698,850,626,1253
3680,0,0,0.08868542313575745,698,850,626,1254
3681,1,1,0.741033136844635,699,850,626,1254
3682,1,1,0.5143254399299622,700,850,626,1254
3683,0,0,0.5611545443534851,700,850,626,1255
3684,1,1,0.4494674801826477,701,850,626,1255
3685,0,1,-0.6046021580696106,701,850,627,1255
3686,1,1,0.46849390864372253,702,850,627,1255
3687,1,1,0.48487433791160583,703,850,627,1255
3688,0,0,0.21351461112499237,703,850,627,1256
3689,0,0,0.2528156042098999,703,850,627,1257
3691,1,1,0.20856112241744995,704,850,627,1257
3692,0,0,0.5820197463035583,704,850,627,1258
3693,1,1,0.7454802393913269,705,850,627,1258
3694,0,1,-0.38501039147377014,705,850,628,1258
3695,0,1,-0.31317853927612305,705,850,629,1258
3696,1,1,0.11083023250102997,706,850,629,1258
3697,1,1,0.5420406460762024,707,850,629,1258
3698,0,1,-0.7497116923332214,707,850,630,1258
3699,1,0,-0.36042481660842896,707,851,630,1258
3700,1,1,0.08129861205816269,708,851,630,1258
3701,0,0,0.42271244525909424,708,851,630,1259
3702,0,1,-0.6211107969284058,708,851,631,1259
3703,0,1,-0.6926519870758057,708,851,632,1259
3704,1,1,0.12656043469905853,709,851,632,1259
3705,0,1,-0.5569412112236023,709,851,633,1259
3706,1,1,0.13440275192260742,710,851,633,1259
3707,1,1,0.5321968197822571,711,851,633,1259
3708,0,0,0.24629691243171692,711,851,633,1260
3709,1,0,-0.4569336771965027,711,852,633,1260
3710,1,0,-0.7473350167274475,711,853,633,1260
3711,0,0,0.38911959528923035,711,853,633,1261
3712,0,0,0.6263381242752075,711,853,633,1262
3713,1,1,0.37959665060043335,712,853,633,1262
3714,0,0,0.42534786462783813,712,853,633,1263
3716,0,0,0.5962962508201599,712,853,633,1264
3717,0,0,0.6656317114830017,712,853,633,1265
3719,0,0,0.9276319146156311,712,853,633,1266
3720,0,0,0.6447871923446655,712,853,633,1267
3721,0,1,-0.35117530822753906,712,853,634,1267
3722,0,0,0.23002351820468903,712,853,634,1268
3723,0,0,0.2544611394405365,712,853,634,1269
3724,0,1,-0.5757369995117188,712,853,635,1269
3725,1,0,-0.5409259796142578,712,854,635,1269
3726,1,1,0.20360969007015228,713,854,635,1269
3727,0,0,0.2415410429239273,713,854,635,1270
3728,0,0,0.29246947169303894,713,854,635,1271
3729,0,1,-0.9729271531105042,713,854,636,1271
3730,1,0,-0.43853306770324707,713,855,636,1271
3731,0,1,-0.9744764566421509,713,855,637,1271
3732,1,1,0.4848410487174988,714,855,637,1271
3733,0,0,0.2410755455493927,714,855,637,1272
3734,1,1,0.08768126368522644,715,855,637,1272
3735,0,0,0.161982923746109,715,855,637,1273
3736,0,0,0.3215002119541168,715,855,637,1274
3737,1,1,0.476911336183548,716,855,637,1274
3738,1,0,-0.23338136076927185,716,856,637,1274
3739,0,0,0.1844239979982376,716,856,637,1275
3740,1,1,0.07953296601772308,717,856,637,1275
3741,1,1,0.2605642080307007,718,856,637,1275
3743,0,0,0.4936187267303467,718,856,637,1276
3744,0,0,0.5578369498252869,718,856,637,1277
3745,1,1,0.4203304648399353,719,856,637,1277
3746,1,1,0.4720044732093811,720,856,637,1277
3747,0,0,0.0732724517583847,720,856,637,1278
3748,1,0,-0.38467568159103394,720,857,637,1278
3749,0,0,0.44542577862739563,720,857,637,1279
3750,0,0,0.561255156993866,720,857,637,1280
3751,1,0,-0.5319486856460571,720,858,637,1280
3752,0,0,0.21546746790409088,720,858,637,1281
3753,0,0,0.5864176750183105,720,858,637,1282
3754,1,1,0.4999970495700836,721,858,637,1282
3755,1,1,0.8107681274414062,722,858,637,1282
3756,0,1,-0.6129693984985352,722,858,638,1282
3757,1,1,0.037081148475408554,723,858,638,1282
3758,1,1,0.13627482950687408,724,858,638,1282
3759,0,0,0.3349577486515045,724,858,638,1283
3760,0,0,0.5121449828147888,724,858,638,1284
3761,1,0,-0.4575257897377014,724,859,638,1284
3762,1,1,0.1877986043691635,725,859,638,1284
3763,1,1,0.0008853034232743084,726,859,638,1284
3764,0,1,-0.6281782388687134,726,859,639,1284
3765,0,0,0.14352688193321228,726,859,639,1285
3766,1,1,0.01376109104603529,727,859,639,1285
3767,1,1,0.40506717562675476,728,859,639,1285
3768,0,0,0.3997342586517334,728,859,639,1286
3770,1,0,-0.37883493304252625,728,860,639,1286
3771,0,0,-0.00367832207120955,728,860,639,1287
3772,0,0,0.24389882385730743,728,860,639,1288
3773,0,0,0.48277875781059265,728,860,639,1289
3774,0,0,0.06877167522907257,728,860,639,1290
3775,0,1,-0.701016366481781,728,860,640,1290
3776,0,0,0.51462721824646,728,860,640,1291
3777,1,1,0.4778412878513336,729,860,640,1291
3779,0,1,-0.5894615054130554,729,860,641,1291
3780,1,1,0.25498130917549133,730,860,641,1291
3781,0,0,0.26640939712524414,730,860,641,1292
3782,0,1,-0.4900892674922943,730,860,642,1292
3783,1,1,0.4524727761745453,731,860,642,1292
3785,1,1,0.5534910559654236,732,860,642,1292
3786,1,0,-0.574321448802948,732,861,642,1292
3787,1,1,0.5300737619400024,733,861,642,1292
3790,0,0,0.2920870780944824,733,861,642,1293
3791,0,1,-0.3298470079898834,733,861,643,1293
3792,1,1,0.2075727880001068,734,861,643,1293
3793,1,1,-0.0408761091530323,735,861,643,1293
3794,1,0,-0.08789500594139099,735,862,643,1293
3795,0,0,0.3453497588634491,735,862,643,1294
3796,0,0,0.6225131750106812,735,862,643,1295
3797,1,1,0.05408262088894844,736,862,643,1295
3798,1,0,-0.2516133189201355,736,863,643,1295
3799,0,0,0.271263986825943,736,863,643,1296
3801,0,1,-0.6419773697853088,736,863,644,1296
3802,1,0,-0.39380720257759094,736,864,644,1296
3803,0,0,0.0901409238576889,736,864,644,1297
3804,1,0,-0.06310570240020752,736,865,644,1297
3805,0,0,0.08411942422389984,736,865,644,1298
3806,1,1,0.44551926851272583,737,865,644,1298
3807,0,0,0.31323304772377014,737,865,644,1299
3808,1,0,-0.5308559536933899,737,866,644,1299
3809,0,1,-0.7095590233802795,737,866,645,1299
3810,1,1,0.12197354435920715,738,866,645,1299
3811,1,0,-0.4697164297103882,738,867,645,1299
3812,0,0,0.23704755306243896,738,867,645,1300
3813,0,1,-0.6443126797676086,738,867,646,1300
3814,0,1,-0.6387226581573486,738,867,647,1300
3815,0,0,0.6361053586006165,738,867,647,1301
3816,1,1,0.3093370497226715,739,867,647,1301
3817,1,1,0.4089745879173279,740,867,647,1301
3818,1,0,-0.7336813807487488,740,868,647,1301
3819,0,0,0.5895671248435974,740,868,647,1302
3820,0,0,0.2548634707927704,740,868,647,1303
3821,0,0,0.5434474349021912,740,868,647,1304
3822,0,0,0.02321542613208294,740,868,647,1305
3823,0,1,-0.5828766226768494,740,868,648,1305
3824,0,0,-0.0873536691069603,740,868,648,1306
3825,1,1,0.5699191689491272,741,868,648,1306
3826,0,0,0.5554558038711548,741,868,648,1307
3827,0,1,-0.3205278813838959,741,868,649,1307
3828,0,0,0.21460244059562683,741,868,649,1308
3829,1,1,0.49974074959754944,742,868,649,1308
3830,1,1,0.44231978058815,743,868,649,1308
3831,1,1,0.2471475452184677,744,868,649,1308
3832,0,0,0.3340696096420288,744,868,649,1309
3833,1,1,0.46360817551612854,745,868,649,1309
3834,0,0,0.2514282166957855,745,868,649,1310
3835,0,0,0.4438372254371643,745,868,649,1311
3836,1,1,0.5599639415740967,746,868,649,1311
3837,0,1,-0.6383980512619019,746,868,650,1311
3838,1,0,-0.7987607717514038,746,869,650,1311
3839,1,1,0.24257421493530273,747,869,650,1311
3840,0,0,0.0182713121175766,747,869,650,1312
3841,0,0,0.11530862748622894,747,869,650,1313
3842,1,1,0.574247419834137,748,869,650,1313
3843,1,1,0.350702166557312,749,869,650,1313
3844,1,1,0.2668348550796509,750,869,650,1313
3845,0,1,-0.3920642137527466,750,869,651,1313
3846,0,1,-0.4287017285823822,750,869,652,1313
3847,0,1,-0.5603524446487427,750,869,653,1313
3848,0,0,0.15064139664173126,750,869,653,1314
3849,1,1,0.0672568529844284,751,869,653,1314
3850,0,0,-0.07097788900136948,751,869,653,1315
3851,0,1,-0.6392677426338196,751,869,654,1315
3852,0,0,0.3087889850139618,751,869,654,1316
3853,0,0,0.18970301747322083,751,869,654,1317
3854,1,1,0.19955483078956604,752,869,654,1317
3855,1,1,0.27978676557540894,753,869,654,1317
3856,0,1,-0.5629276037216187,753,869,655,1317
3857,0,0,0.2699601948261261,753,869,655,1318
3858,0,0,0.34132054448127747,753,869,655,1319
3859,0,0,0.20606064796447754,753,869,655,1320
3861,0,0,0.31059300899505615,753,869,655,1321
3862,0,1,-0.5427765250205994,753,869,656,1321
3864,0,1,-0.2368687242269516,753,869,657,1321
3865,0,0,0.6332274079322815,753,869,657,1322
3866,1,1,0.273598313331604,754,869,657,1322
3867,1,1,0.5446031093597412,755,869,657,1322
3868,1,1,0.178141787648201,756,869,657,1322
3869,0,0,0.2609209418296814,756,869,657,1323
3870,1,1,0.5580469369888306,757,869,657,1323
3871,1,0,-0.18554486334323883,757,870,657,1323
3872,1,1,0.4876771569252014,758,870,657,1323
3873,0,0,0.0838083028793335,758,870,657,1324
3874,0,0,0.04441406577825546,758,870,657,1325
3875,1,0,-1.0440211296081543,758,871,657,1325
3876,0,0,0.09298623353242874,758,871,657,1326
3877,0,0,0.08059592545032501,758,871,657,1327
3878,1,1,0.3949430584907532,759,871,657,1327
3879,0,0,0.3308192193508148,759,871,657,1328
3880,1,1,0.2119259536266327,760,871,657,1328
3881,1,1,0.09972090274095535,761,871,657,1328
3882,0,0,-0.05662485584616661,761,871,657,1329
3883,0,0,0.31138965487480164,761,871,657,1330
3884,1,1,0.2763064503669739,762,871,657,1330
3885,0,1,-0.7582848072052002,762,871,658,1330
3886,0,0,0.3963257968425751,762,871,658,1331
3887,1,1,0.21058142185211182,763,871,658,1331
3889,1,0,-0.24732908606529236,763,872,658,1331
3890,1,0,-0.5077952146530151,763,873,658,1331
3891,0,0,0.15684591233730316,763,873,658,1332
3892,0,0,0.47132304310798645,763,873,658,1333
3893,1,1,0.09933174401521683,764,873,658,1333
3894,0,0,0.5678443908691406,764,873,658,1334
3895,1,1,0.2409672737121582,765,873,658,1334
3896,1,1,0.43376290798187256,766,873,658,1334
3897,0,0,0.2796091139316559,766,873,658,1335
3898,0,0,0.2280440628528595,766,873,658,1336
3899,0,0,0.22156256437301636,766,873,658,1337
3900,1,0,-0.7701237201690674,766,874,658,1337
3901,1,1,0.5965799689292908,767,874,658,1337
3902,1,1,0.5683447122573853,768,874,658,1337
3903,0,1,-0.30194544792175293,768,874,659,1337
3904,0,1,-0.6549385786056519,768,874,660,1337
3905,1,1,0.17934837937355042,769,874,660,1337
3906,1,1,0.5209817290306091,770,874,660,1337
3907,0,0,0.33339959383010864,770,874,660,1338
3908,1,1,0.2223900407552719,771,874,660,1338
3909,0,0,0.22109326720237732,771,874,660,1339
3910,0,1,-0.6752845048904419,771,874,661,1339
3911,0,1,-0.3456971049308777,771,874,662,1339
3912,0,1,-0.7039392590522766,771,874,663,1339
3913,0,1,-0.35865089297294617,771,874,664,1339
3914,0,0,0.09166798740625381,771,874,664,1340
3915,1,1,0.16338475048542023,772,874,664,1340
3916,1,0,-0.23445188999176025,772,875,664,1340
3917,1,0,-0.3877629041671753,772,876,664,1340
3918,1,0,-0.18426400423049927,772,877,664,1340
3919,0,0,0.2241823375225067,772,877,664,1341
3920,1,1,0.5302432775497437,773,877,664,1341
3921,0,0,0.5201101899147034,773,877,664,1342
3922,0,1,-0.27289527654647827,773,877,665,1342
3923,0,0,-0.11602675914764404,773,877,665,1343
3924,0,1,-0.20565447211265564,773,877,666,1343
3925,0,0,0.9175904393196106,773,877,666,1344
3926,0,0,0.2170812338590622,773,877,666,1345
3927,0,0,0.49800726771354675,773,877,666,1346
3928,0,1,-0.6186649203300476,773,877,667,1346
3929,0,0,0.29186350107192993,773,877,667,1347
3930,0,0,0.08362884819507599,773,877,667,1348
3931,1,1,0.3666492700576782,774,877,667,1348
3932,0,0,0.24612759053707123,774,877,667,1349
3933,1,1,0.5884085893630981,775,877,667,1349
3934,0,1,-0.678532063961029,775,877,668,1349
3936,0,0,0.0027892724610865116,775,877,668,1350
3937,1,1,0.3709932863712311,776,877,668,1350
3938,1,1,0.5574133396148682,777,877,668,1350
3939,0,1,-0.38647791743278503,777,877,669,1350
3940,0,0,-0.000246618379605934,777,877,669,1351
3941,0,1,-0.76988685131073,777,877,670,1351
3942,0,1,-0.37058043479919434,777,877,671,1351
3943,1,1,0.5851802229881287,778,877,671,1351
3944,0,0,0.3059317469596863,778,877,671,1352
3945,1,1,0.2047308087348938,779,877,671,1352
3946,1,1,0.5365598201751709,780,877,671,1352
3947,0,0,0.9313716888427734,780,877,671,1353
3948,1,0,-0.27996811270713806,780,878,671,1353
3949,1,1,0.5507838129997253,781,878,671,1353
3950,0,1,-0.616428017616272,781,878,672,1353
3951,0,1,-0.5828187465667725,781,878,673,1353
3952,0,1,-0.2552831470966339,781,878,674,1353
3953,0,0,0.18362873792648315,781,878,674,1354
3954,0,1,-0.3806612193584442,781,878,675,1354
3955,1,1,0.47783803939819336,782,878,675,1354
3956,0,0,0.8613675236701965,782,878,675,1355
3957,1,1,0.33108216524124146,783,878,675,1355
3958,0,0,0.5025205016136169,783,878,675,1356
3959,1,1,0.5133938193321228,784,878,675,1356
3960,0,0,0.6651046872138977,784,878,675,1357
3961,0,1,-0.5208249092102051,784,878,676,1357
3962,0,1,-0.6295455098152161,784,878,677,1357
3963,0,1,-0.7557315826416016,784,878,678,1357
3964,0,0,0.39319154620170593,784,878,678,1358
3965,0,0,0.30327045917510986,784,878,678,1359
3966,0,0,0.32501229643821716,784,878,678,1360
3967,1,1,0.6060251593589783,785,878,678,1360
3969,0,0,0.17142730951309204,785,878,678,1361
3970,1,1,0.6293838620185852,786,878,678,1361
3971,0,0,0.14285960793495178,786,878,678,1362
3972,0,1,-0.4224465489387512,786,878,679,1362
3973,0,0,0.914222002029419,786,878,679,1363
3974,1,0,-0.3833218812942505,786,879,679,1363
3975,0,1,-0.45623779296875,786,879,680,1363
3976,0,0,0.4272158145904541,786,879,680,1364
3977,0,0,0.4887007176876068,786,879,680,1365
3978,0,0,0.0540529228746891,786,879,680,1366
3979,1,0,-0.6456363797187805,786,880,680,1366
3980,0,0,0.09566934406757355,786,880,680,1367
3981,1,0,-0.3063906729221344,786,881,680,1367
3982,0,0,0.6086869835853577,786,881,680,1368
3983,0,0,0.5806549787521362,786,881,680,1369
3984,0,1,-0.4843543469905853,786,881,681,1369
3985,1,1,0.22702829539775848,787,881,681,1369
3986,1,0,-0.43211039900779724,787,882,681,1369
3987,0,1,-0.7260673642158508,787,882,682,1369
3988,1,1,0.5500513315200806,788,882,682,1369
3989,1,1,0.5373949408531189,789,882,682,1369
3990,1,1,0.27168452739715576,790,882,682,1369
3992,0,0,0.3793693482875824,790,882,682,1370
3993,0,1,-0.6467963457107544,790,882,683,1370
3994,1,1,0.6185427308082581,791,882,683,1370
3995,1,1,0.5463980436325073,792,882,683,1370
3997,0,0,0.3330724835395813,792,882,683,1371
3998,1,1,0.31810498237609863,793,882,683,1371
3999,0,0,0.5512993335723877,793,882,683,1372
4000,0,0,0.5472100377082825,793,882,683,1373
4001,0,0,0.5710884928703308,793,882,683,1374
4002,1,1,0.4980056583881378,794,882,683,1374
4003,0,1,-0.4527286887168884,794,882,684,1374
4004,0,1,-0.23010848462581635,794,882,685,1374
4005,1,0,-0.37909507751464844,794,883,685,1374
4006,0,0,0.9295451045036316,794,883,685,1375
4007,0,0,0.046713877469301224,794,883,685,1376
4008,1,0,-0.5038627982139587,794,884,685,1376
4009,0,0,0.15206022560596466,794,884,685,1377
4010,0,1,-0.5349456071853638,794,884,686,1377
4011,0,1,-0.3805142939090729,794,884,687,1377
4012,0,0,0.04428109526634216,794,884,687,1378
4013,0,0,0.22283416986465454,794,884,687,1379
4015,0,0,0.34357893466949463,794,884,687,1380
4016,0,1,-0.6729981303215027,794,884,688,1380
4017,0,0,-0.019358275458216667,794,884,688,1381
4018,1,0,-0.13660995662212372,794,885,688,1381
4019,0,0,0.3064248561859131,794,885,688,1382
4020,0,0,0.6070888042449951,794,885,688,1383
4021,1,1,0.330058217048645,795,885,688,1383
4022,1,1,0.46181029081344604,796,885,688,1383
4023,0,1,-0.6847364902496338,796,885,689,1383
4024,0,1,-0.3069806396961212,796,885,690,1383
4025,1,0,-0.2881641685962677,796,886,690,1383
4026,0,1,-0.7576740384101868,796,886,691,1383
4027,0,0,0.19152037799358368,796,886,691,1384
4028,1,1,0.3082479238510132,797,886,691,1384
4029,1,1,0.6177146434783936,798,886,691,1384
4030,0,0,0.3492182791233063,798,886,691,1385
4032,0,0,0.2389092743396759,798,886,691,1386
4033,1,1,0.2002021223306656,799,886,691,1386
4034,1,1,0.25846534967422485,800,886,691,1386
4035,0,0,0.33204904198646545,800,886,691,1387
4036,0,0,0.918422281742096,800,886,691,1388
4037,1,1,0.15872488915920258,801,886,691,1388
4038,0,1,-0.7279942035675049,801,886,692,1388
4039,1,1,0.18756414949893951,802,886,692,1388
4040,0,0,0.4400562644004822,802,886,692,1389
4041,1,1,0.2605264186859131,803,886,692,1389
4042,1,0,-0.1510096788406372,803,887,692,1389
4043,1,1,0.5940544605255127,804,887,692,1389
4044,0,1,-0.25033921003341675,804,887,693,1389
4045,0,0,0.408617228269577,804,887,693,1390
4046,1,0,-0.8539090752601624,804,888,693,1390
4047,0,1,-0.1494324803352356,804,888,694,1390
4048,0,1,-0.6742945313453674,804,888,695,1390
4049,0,0,0.21755452454090118,804,888,695,1391
4050,1,1,0.5814233422279358,805,888,695,1391
4051,1,1,0.63383948802948,806,888,695,1391
4052,0,0,0.26446592807769775,806,888,695,1392
4053,0,1,-0.5627489686012268,806,888,696,1392
4054,1,1,0.24353061616420746,807,888,696,1392
4055,1,1,0.608350396156311,808,888,696,1392
4056,0,0,0.04069576412439346,808,888,696,1393
4057,0,0,0.2469041496515274,808,888,696,1394
4058,0,0,0.18894822895526886,808,888,696,1395
4059,0,0,0.266463041305542,808,888,696,1396
4060,0,0,0.25128769874572754,808,888,696,1397
4061,1,1,0.1861434131860733,809,888,696,1397
4062,0,0,-0.03921579569578171,809,888,696,1398
4063,1,1,0.1636597365140915,810,888,696,1398
4064,1,1,0.34562867879867554,811,888,696,1398
4065,0,1,-0.7044004201889038,811,888,697,1398
4066,1,1,0.28384318947792053,812,888,697,1398
4067,0,0,0.42010584473609924,812,888,697,1399
4068,0,0,0.1058020144701004,812,888,697,1400
4069,0,0,0.32050877809524536,812,888,697,1401
4070,1,1,0.1885378658771515,813,888,697,1401
4071,0,0,0.4186382591724396,813,888,697,1402
4072,1,1,0.30054906010627747,814,888,697,1402
4073,0,1,-0.6833367347717285,814,888,698,1402
4074,1,1,0.5158795118331909,815,888,698,1402
4076,1,1,0.5254146456718445,816,888,698,1402
4077,1,1,0.17537063360214233,817,888,698,1402
4078,0,1,-0.8112282156944275,817,888,699,1402
4079,1,1,0.2195001244544983,818,888,699,1402
4080,1,1,0.14833517372608185,819,888,699,1402
4081,1,1,0.5629786849021912,820,888,699,1402
4082,0,0,0.2098814696073532,820,888,699,1403
4083,0,0,0.45308586955070496,820,888,699,1404
4084,1,0,-1.0397347211837769,820,889,699,1404
4085,0,0,0.09090717881917953,820,889,699,1405
4087,0,0,0.04831754416227341,820,889,699,1406
4088,0,0,0.3850337564945221,820,889,699,1407
4089,0,0,0.05120615288615227,820,889,699,1408
4090,1,1,0.5973593592643738,821,889,699,1408
4091,0,1,-0.8368940353393555,821,889,700,1408
4093,0,0,-0.07034046947956085,821,889,700,1409
4094,0,1,-0.703181803226471,821,889,701,1409
4095,1,1,0.2908385694026947,822,889,701,1409
4096,0,0,-0.06774827837944031,822,889,701,1410
4098,0,0,0.16844166815280914,822,889,701,1411
4099,1,1,0.6553629636764526,823,889,701,1411
4100,1,1,0.5870819687843323,824,889,701,1411
4101,1,1,0.6392990350723267,825,889,701,1411
4102,0,1,-0.2938186228275299,825,889,702,1411
4103,0,1,-0.8095702528953552,825,889,703,1411
4104,0,0,0.32941341400146484,825,889,703,1412
4105,0,0,-0.014898130670189857,825,889,703,1413
4106,1,1,0.6792293787002563,826,889,703,1413
4107,1,1,0.597519040107727,827,889,703,1413
4108,0,0,0.27197086811065674,827,889,703,1414
4109,1,0,-0.4523768424987793,827,890,703,1414
4110,0,0,0.055921394377946854,827,890,703,1415
4111,1,1,0.31675249338150024,828,890,703,1415
4112,1,1,0.6045270562171936,829,890,703,1415
4113,1,1,0.6220323443412781,830,890,703,1415
4114,0,0,0.1264183074235916,830,890,703,1416
4115,0,0,0.49651846289634705,830,890,703,1417
4116,0,1,-0.5454679131507874,830,890,704,1417
4118,1,1,0.6538507342338562,831,890,704,1417
4119,0,0,0.6130061745643616,831,890,704,1418
4120,0,1,-0.749387264251709,831,890,705,1418
4121,0,0,0.3787044584751129,831,890,705,1419
4122,0,0,0.5622057318687439,831,890,705,1420
4123,1,1,0.6355525255203247,832,890,705,1420
4124,0,1,-0.7269665598869324,832,890,706,1420
4125,1,1,0.3366614878177643,833,890,706,1420
4126,0,0,0.4497937560081482,833,890,706,1421
4127,1,0,-0.3773598074913025,833,891,706,1421
4128,0,0,0.0908718854188919,833,891,706,1422
4129,0,0,0.419213205575943,833,891,706,1423
4131,0,0,0.4630386233329773,833,891,706,1424
4133,0,0,-0.08005964756011963,833,891,706,1425
4134,1,0,-0.11107858270406723,833,892,706,1425
4135,0,0,0.38839808106422424,833,892,706,1426
4136,0,0,0.6009495854377747,833,892,706,1427
4137,0,0,-0.06762874126434326,833,892,706,1428
4138,0,0,0.18002094328403473,833,892,706,1429
4139,0,0,0.5402440428733826,833,892,706,1430
4140,1,1,0.6709616184234619,834,892,706,1430
4141,1,1,0.15422126650810242,835,892,706,1430
4143,1,1,0.6666765809059143,836,892,706,1430
4144,1,1,0.5786397457122803,837,892,706,1430
4145,0,1,-0.26773518323898315,837,892,707,1430
4147,0,0,0.40383797883987427,837,892,707,1431
4149,1,1,0.4279972016811371,838,892,707,1431
4150,0,1,-0.7417974472045898,838,892,708,1431
4151,0,0,0.3626708686351776,838,892,708,1432
4152,0,0,0.04738929122686386,838,892,708,1433
4153,1,1,0.5976523756980896,839,892,708,1433
4154,0,0,0.656908392906189,839,892,708,1434
4155,1,1,0.6017088294029236,840,892,708,1434
4156,1,1,0.25780582427978516,841,892,708,1434
4157,0,0,0.4465068280696869,841,892,708,1435
4159,1,1,0.17840524017810822,842,892,708,1435
4160,0,0,0.3471132218837738,842,892,708,1436
4161,0,1,-0.39129364490509033,842,892,709,1436
4162,0,0,0.17701931297779083,842,892,709,1437
4163,0,0,0.37936916947364807,842,892,709,1438
4164,1,1,0.6465641856193542,843,892,709,1438
4165,0,0,0.3098858892917633,843,892,709,1439
4166,0,0,0.4512284994125366,843,892,709,1440
4167,0,0,0.09349992126226425,843,892,709,1441
4168,1,1,0.6013817191123962,844,892,709,1441
4169,1,1,0.6691705584526062,845,892,709,1441
4170,0,0,0.5188327431678772,845,892,709,1442
4171,0,0,0.1158134937286377,845,892,709,1443
4172,1,1,0.5893372893333435,846,892,709,1443
4173,1,1,0.6178032159805298,847,892,709,1443
4174,1,1,0.2183336466550827,848,892,709,1443
4175,0,0,0.9242017269134521,848,892,709,1444
4176,1,1,0.6042227149009705,849,892,709,1444
4177,1,1,0.6466584801673889,850,892,709,1444
4179,0,0,0.30495941638946533,850,892,709,1445
4180,0,0,0.5100969672203064,850,892,709,1446
4181,0,0,0.5227793455123901,850,892,709,1447
4182,0,0,0.23993007838726044,850,892,709,1448
4183,0,0,0.5644823312759399,850,892,709,1449
4184,0,1,-0.7611808180809021,850,892,710,1449
4185,1,1,0.6044387221336365,851,892,710,1449
4186,0,0,0.5752207636833191,851,892,710,1450
4187,1,1,0.4768948256969452,852,892,710,1450
4188,0,0,0.15014806389808655,852,892,710,1451
4189,0,0,0.9182837605476379,852,892,710,1452
4190,0,0,0.5489457249641418,852,892,710,1453
4191,1,1,0.6102093458175659,853,892,710,1453
4192,0,0,0.21076925098896027,853,892,710,1454
4193,0,0,0.0977625697851181,853,892,710,1455
4194,0,1,-0.31355711817741394,853,892,711,1455
4195,1,1,0.6367855668067932,854,892,711,1455
4196,0,0,0.2751009464263916,854,892,711,1456
4197,1,1,0.3019985854625702,855,892,711,1456
4198,0,0,0.8626105189323425,855,892,711,1457
4199,0,1,-0.32535025477409363,855,892,712,1457
4200,0,0,0.6259781718254089,855,892,712,1458
4201,0,0,-0.08535926043987274,855,892,712,1459
4202,0,1,-0.7485035061836243,855,892,713,1459
4203,0,0,0.5102530121803284,855,892,713,1460
4204,0,1,-0.41115328669548035,855,892,714,1460
4205,0,0,0.3122929036617279,855,892,714,1461
4206,0,0,0.5370593070983887,855,892,714,1462
4207,1,1,0.509631872177124,856,892,714,1462
4208,0,0,0.6013167500495911,856,892,714,1463
4209,0,0,0.3582831621170044,856,892,714,1464
4210,1,1,0.4577587842941284,857,892,714,1464
4211,0,0,0.35032930970191956,857,892,714,1465
4212,1,1,0.24989096820354462,858,892,714,1465
4214,1,1,0.6103411316871643,859,892,714,1465
4215,0,0,0.5312007665634155,859,892,714,1466
4216,1,1,0.31335434317588806,860,892,714,1466
4217,0,1,-0.41685712337493896,860,892,715,1466
4218,0,0,0.5849871039390564,860,892,715,1467
4219,1,1,0.652975857257843,861,892,715,1467
4220,1,1,0.3239865303039551,862,892,715,1467
4221,0,1,-0.8191813826560974,862,892,716,1467
4222,0,0,0.11131083965301514,862,892,716,1468
4223,1,1,0.6748952865600586,863,892,716,1468
4224,0,0,0.23672404885292053,863,892,716,1469
4225,0,1,-0.8673585057258606,863,892,717,1469
4226,1,1,0.3252975344657898,864,892,717,1469
4227,0,1,-0.3971964716911316,864,892,718,1469
4228,0,0,0.2875135540962219,864,892,718,1470
4229,0,1,-0.7902608513832092,864,892,719,1470
4230,1,1,0.38087591528892517,865,892,719,1470
4231,0,0,0.2639976143836975,865,892,719,1471
4232,0,1,-0.7528949975967407,865,892,720,1471
4233,1,1,0.3438856899738312,866,892,720,1471
4234,1,1,0.6972949504852295,867,892,720,1471
4235,1,1,0.569775402545929,868,892,720,1471
4236,0,0,0.18946246802806854,868,892,720,1472
4237,1,1,0.6672495603561401,869,892,720,1472
4238,0,0,0.5434836745262146,869,892,720,1473
4239,1,1,0.5931375026702881,870,892,720,1473
4240,0,0,0.45148205757141113,870,892,720,1474
4241,0,0,0.2995729148387909,870,892,720,1475
4242,0,0,0.16922087967395782,870,892,720,1476
4245,0,0,0.5675481557846069,870,892,720,1477
4246,0,1,-0.507580041885376,870,892,721,1477
4247,0,0,0.16382114589214325,870,892,721,1478
4248,1,0,-0.41385605931282043,870,893,721,1478
4249,0,1,-0.3490486741065979,870,893,722,1478
4250,0,0,-0.09757532179355621,870,893,722,1479
4251,1,1,0.6900410652160645,871,893,722,1479
4253,1,1,0.6172223687171936,872,893,722,1479
4254,0,0,0.07958798110485077,872,893,722,1480
4255,1,1,0.3712998330593109,873,893,722,1480
4256,0,1,-0.8204026222229004,873,893,723,1480
4257,1,1,0.4975247383117676,874,893,723,1480
4258,0,0,0.43575209379196167,874,893,723,1481
4260,1,1,0.6463341116905212,875,893,723,1481
4261,1,1,0.4775301516056061,876,893,723,1481
4262,1,1,0.46250197291374207,877,893,723,1481
4263,0,1,-0.14953309297561646,877,893,724,1481
4264,0,0,0.2964436709880829,877,893,724,1482
4265,1,1,0.40197062492370605,878,893,724,1482
4266,0,0,-0.011637069284915924,878,893,724,1483
4267,0,0,0.9204135537147522,878,893,724,1484
4268,1,1,0.6417495012283325,879,893,724,1484
4269,0,0,0.6092870831489563,879,893,724,1485
4270,1,1,0.7228453755378723,880,893,724,1485
4271,0,0,0.5818427801132202,880,893,724,1486
4272,1,1,0.6111714839935303,881,893,724,1486
4273,0,0,0.5119755864143372,881,893,724,1487
4274,0,0,0.23853470385074615,881,893,724,1488
4275,1,1,0.2935227155685425,882,893,724,1488
4276,0,1,-0.8232134580612183,882,893,725,1488
4277,0,0,0.2757929861545563,882,893,725,1489
4278,1,1,0.723161518573761,883,893,725,1489
4279,0,1,-0.8859893679618835,883,893,726,1489
4280,0,0,0.23546989262104034,883,893,726,1490
4281,1,1,0.22681081295013428,884,893,726,1490
4283,0,0,0.9308472275733948,884,893,726,1491
4284,0,0,0.03705336153507233,884,893,726,1492
4285,1,1,0.6994521617889404,885,893,726,1492
4286,1,1,0.6339884400367737,886,893,726,1492
4287,1,1,0.7070711255073547,887,893,726,1492
4288,1,1,0.70766681432724,888,893,726,1492
4289,1,1,0.7022236585617065,889,893,726,1492
4290,1,1,0.646727442741394,890,893,726,1492
4292,0,1,-0.4294600784778595,890,893,727,1492
4293,1,0,-0.2937026917934418,890,894,727,1492
4295,1,1,0.3496890962123871,891,894,727,1492
4296,0,0,0.24150021374225616,891,894,727,1493
4297,0,0,0.2532408535480499,891,894,727,1494
4298,1,1,0.2892116904258728,892,894,727,1494
4299,1,1,0.7207643985748291,893,894,727,1494
4300,1,1,0.2066003382205963,894,894,727,1494
4301,0,0,0.5136970281600952,894,894,727,1495
4302,1,0,-0.5186892747879028,894,895,727,1495
4303,0,0,0.48005127906799316,894,895,727,1496
4304,0,0,0.2791128158569336,894,895,727,1497
4305,1,1,0.7156640887260437,895,895,727,1497
4306,0,1,-0.8160019516944885,895,895,728,1497
4307,1,1,0.33023783564567566,896,895,728,1497
4308,1,1,0.6925087571144104,897,895,728,1497
4309,0,0,0.029073579236865044,897,895,728,1498
4310,0,0,0.19443285465240479,897,895,728,1499
4311,1,1,0.4077300727367401,898,895,728,1499
4312,1,1,0.6992740035057068,899,895,728,1499
4313,0,0,0.12958775460720062,899,895,728,1500
4314,1,1,0.2615407407283783,900,895,728,1500
4315,1,1,0.29676109552383423,901,895,728,1500
4316,1,1,0.2529795467853546,902,895,728,1500
4317,0,0,0.5426475405693054,902,895,728,1501
4318,0,0,0.6207011342048645,902,895,728,1502
4319,1,1,0.6585657000541687,903,895,728,1502
4320,0,1,-0.4867466986179352,903,895,729,1502
4321,1,1,0.20393851399421692,904,895,729,1502
4322,0,0,0.2230459302663803,904,895,729,1503
4323,1,1,0.6266547441482544,905,895,729,1503
4324,0,0,0.34925466775894165,905,895,729,1504
4325,1,1,0.7306699752807617,906,895,729,1504
4326,0,0,0.8626975417137146,906,895,729,1505
4327,0,0,0.4313548505306244,906,895,729,1506
4328,1,1,0.6515884399414062,907,895,729,1506
4329,1,1,0.19222049415111542,908,895,729,1506
4330,0,0,0.5282614231109619,908,895,729,1507
4331,0,0,0.6243131160736084,908,895,729,1508
4332,0,1,-0.4492191672325134,908,895,730,1508
4333,0,1,-0.8778659701347351,908,895,731,1508
4334,0,0,0.5652483701705933,908,895,731,1509
4335,0,0,0.5397138595581055,908,895,731,1510
4336,1,1,0.6685840487480164,909,895,731,1510
4337,0,0,0.23084156215190887,909,895,731,1511
4338,0,0,0.307358056306839,909,895,731,1512
4339,0,0,0.10178523510694504,909,895,731,1513
4340,0,0,0.5680160522460938,909,895,731,1514
4341,0,0,0.3956681489944458,909,895,731,1515
4342,0,0,0.4688032865524292,909,895,731,1516
4343,1,1,0.714460015296936,910,895,731,1516
4344,0,0,0.6600174307823181,910,895,731,1517
4345,0,0,0.22564207017421722,910,895,731,1518
4346,0,0,0.2765432298183441,910,895,731,1519
4347,1,1,0.25490936636924744,911,895,731,1519
4348,1,1,0.6662845611572266,912,895,731,1519
4349,1,1,0.3180828094482422,913,895,731,1519
4350,1,1,0.23397937417030334,914,895,731,1519
4351,1,1,0.3093098998069763,915,895,731,1519
4352,0,0,0.3763001263141632,915,895,731,1520
4353,0,0,-0.020272046327590942,915,895,731,1521
4354,1,1,0.7323042154312134,916,895,731,1521
4355,0,0,0.6408830881118774,916,895,731,1522
4356,1,1,0.2821986973285675,917,895,731,1522
4357,0,0,0.24903203547000885,917,895,731,1523
4359,1,1,0.37244313955307007,918,895,731,1523
4360,1,1,0.6485976576805115,919,895,731,1523
4361,1,1,0.2889719605445862,920,895,731,1523
4362,1,0,-0.4183914065361023,920,896,731,1523
4363,1,1,0.40397053956985474,921,896,731,1523
4364,1,0,-0.39147719740867615,921,897,731,1523
4365,1,1,0.2921232581138611,922,897,731,1523
4366,1,1,0.2683233916759491,923,897,731,1523
4367,0,0,0.3382906913757324,923,897,731,1524
4368,1,1,0.5263617038726807,924,897,731,1524
4369,1,1,0.2802876830101013,925,897,731,1524
4370,0,0,0.5044191479682922,925,897,731,1525
4371,1,1,0.4881654977798462,926,897,731,1525
4372,0,1,-0.8638100028038025,926,897,732,1525
4373,0,0,0.1378144770860672,926,897,732,1526
4374,1,1,0.7115278244018555,927,897,732,1526
4375,1,1,0.299828439950943,928,897,732,1526
4376,0,0,0.5074390769004822,928,897,732,1527
4377,0,0,0.936072826385498,928,897,732,1528
4378,0,0,0.4574725031852722,928,897,732,1529
4379,0,0,0.4874069392681122,928,897,732,1530
4380,1,1,0.5337615013122559,929,897,732,1530
4382,0,0,0.30298271775245667,929,897,732,1531
4383,0,1,-0.7866387963294983,929,897,733,1531
4385,1,1,0.5384045243263245,930,897,733,1531
4386,1,1,0.7024900913238525,931,897,733,1531
4388,1,1,0.13393734395503998,932,897,733,1531
4389,1,1,0.3700578808784485,933,897,733,1531
4390,0,0,0.09495119005441666,933,897,733,1532
4391,0,0,0.576117992401123,933,897,733,1533
4392,0,1,-0.5098556876182556,933,897,734,1533
4393,0,1,-0.6287566423416138,933,897,735,1533
4394,0,0,0.3794019818305969,933,897,735,1534
4395,0,1,-0.6878798604011536,933,897,736,1534
4396,1,1,0.39129120111465454,934,897,736,1534
4397,1,0,-0.3859305679798126,934,898,736,1534
4398,0,0,0.5441394448280334,934,898,736,1535
4399,1,0,-0.7272725701332092,934,899,736,1535
4400,1,1,0.3581879436969757,935,899,736,1535
4401,1,1,0.45986372232437134,936,899,736,1535
4402,1,0,-0.32609015703201294,936,900,736,1535
4403,1,1,0.4192653000354767,937,900,736,1535
4404,1,1,0.4156191349029541,938,900,736,1535
4405,0,0,0.5507092475891113,938,900,736,1536
4406,0,0,0.319245845079422,938,900,736,1537
4407,1,1,0.3182681202888489,939,900,736,1537
4408,0,0,0.44426628947257996,939,900,736,1538
4409,1,1,0.5074957013130188,940,900,736,1538
4410,0,0,0.43150901794433594,940,900,736,1539
4411,0,0,0.5152178406715393,940,900,736,1540
4412,1,1,0.7301296591758728,941,900,736,1540
4413,0,0,0.01725245825946331,941,900,736,1541
4414,1,1,0.5397303700447083,942,900,736,1541
4415,1,1,0.29906293749809265,943,900,736,1541
4416,0,1,-0.8271274566650391,943,900,737,1541
4417,0,0,0.4577135443687439,943,900,737,1542
4419,0,0,0.5307855010032654,943,900,737,1543
4420,0,1,-0.42107445001602173,943,900,738,1543
4421,0,0,0.3542691171169281,943,900,738,1544
4422,1,1,0.6718716025352478,944,900,738,1544
4423,0,0,0.5929679274559021,944,900,738,1545
4424,1,1,0.32126760482788086,945,900,738,1545
4425,0,1,-0.1889326274394989,945,900,739,1545
4426,1,1,0.7262510657310486,946,900,739,1545
4427,1,0,-0.2896062135696411,946,901,739,1545
4428,0,0,-0.012283599004149437,946,901,739,1546
4429,0,0,0.35349157452583313,946,901,739,1547
4430,0,0,0.5699692964553833,946,901,739,1548
4431,1,0,-0.2682289183139801,946,902,739,1548
4432,0,0,0.2998695373535156,946,902,739,1549
4433,1,1,0.6815306544303894,947,902,739,1549
4434,1,1,0.3166559934616089,948,902,739,1549
4435,0,0,-0.10843758285045624,948,902,739,1550
4436,1,1,0.32378914952278137,949,902,739,1550
4437,0,0,0.5193623304367065,949,902,739,1551
4438,0,0,0.18967142701148987,949,902,739,1552
4439,1,1,0.3149239718914032,950,902,739,1552
4440,0,0,0.3898552358150482,950,902,739,1553
4441,1,1,0.6588300466537476,951,902,739,1553
4442,0,0,0.45596152544021606,951,902,739,1554
4443,0,0,0.5408799648284912,951,902,739,1555
4444,1,1,0.6880726218223572,952,902,739,1555
4445,1,1,0.7282594442367554,953,902,739,1555
4446,1,0,-0.3462730050086975,953,903,739,1555
4447,1,1,0.2863701283931732,954,903,739,1555
4448,1,0,-0.28483977913856506,954,904,739,1555
4449,0,0,0.16709266602993011,954,904,739,1556
4450,0,0,0.1756720393896103,954,904,739,1557
4451,0,0,0.44715118408203125,954,904,739,1558
4452,1,1,0.7467761039733887,955,904,739,1558
4453,0,1,-0.8392714858055115,955,904,740,1558
4454,0,1,-0.17486412823200226,955,904,741,1558
4455,1,1,0.43454375863075256,956,904,741,1558
4457,0,1,-0.3688918650150299,956,904,742,1558
4458,1,1,0.6676722168922424,957,904,742,1558
4459,0,1,-0.41520941257476807,957,904,743,1558
4460,1,1,0.6589256525039673,958,904,743,1558
4461,0,0,0.45445680618286133,958,904,743,1559
4462,0,0,-0.058346815407276154,958,904,743,1560
4463,0,0,0.6827505230903625,958,904,743,1561
4464,1,0,-0.3349313735961914,958,905,743,1561
4465,1,1,0.7149509787559509,959,905,743,1561
4466,0,0,0.24126848578453064,959,905,743,1562
4467,0,0,0.5073779821395874,959,905,743,1563
4468,0,0,0.2225351780653,959,905,743,1564
4469,1,1,0.349553644657135,960,905,743,1564
4470,1,1,0.26116418838500977,961,905,743,1564
4471,0,0,0.22745712101459503,961,905,743,1565
4472,0,0,0.3271190822124481,961,905,743,1566
4475,0,1,-0.9229755997657776,961,905,744,1566
4476,0,0,0.18171651661396027,961,905,744,1567
4477,0,0,0.32092729210853577,961,905,744,1568
4478,1,1,0.3676961362361908,962,905,744,1568
4479,1,1,0.32811078429222107,963,905,744,1568
4480,0,0,0.4399450123310089,963,905,744,1569
4481,0,0,0.5523599982261658,963,905,744,1570
4482,0,0,0.5011822581291199,963,905,744,1571
4483,1,1,0.32731640338897705,964,905,744,1571
4484,0,0,0.008069576695561409,964,905,744,1572
4485,0,1,-0.45144227147102356,964,905,745,1572
4486,1,1,0.7763063907623291,965,905,745,1572
4487,1,1,0.30570298433303833,966,905,745,1572
4488,0,0,0.48680368065834045,966,905,745,1573
4489,1,1,0.2738914489746094,967,905,745,1573
4490,1,0,-0.04979129135608673,967,906,745,1573
4491,0,0,0.23494145274162292,967,906,745,1574
4492,0,0,0.573793888092041,967,906,745,1575
4493,0,0,0.07673635333776474,967,906,745,1576
4494,0,1,-0.7820852398872375,967,906,746,1576
4495,1,1,0.5292195081710815,968,906,746,1576
4496,0,1,-0.5943927764892578,968,906,747,1576
4497,1,1,0.7343757152557373,969,906,747,1576
4498,1,1,0.7225368618965149,970,906,747,1576
4499,0,0,0.46004676818847656,970,906,747,1577
4500,0,1,-0.7480152249336243,970,906,748,1577
4501,0,0,0.12063287198543549,970,906,748,1578
4502,1,1,0.3188350200653076,971,906,748,1578
4503,0,0,0.3566122353076935,971,906,748,1579
4504,0,0,0.038109876215457916,971,906,748,1580
4505,1,1,0.7491689920425415,972,906,748,1580
4506,0,0,0.2743350863456726,972,906,748,1581
4507,0,1,-0.21201452612876892,972,906,749,1581
4508,0,0,0.3888872563838959,972,906,749,1582
4509,1,1,0.3147193491458893,973,906,749,1582
4510,0,0,0.9241660833358765,973,906,749,1583
4511,1,1,0.36045560240745544,974,906,749,1583
4512,0,0,0.5275446176528931,974,906,749,1584
4514,1,1,0.35535645484924316,975,906,749,1584
4515,0,0,0.17688894271850586,975,906,749,1585
4516,0,1,-0.4108947813510895,975,906,750,1585
4518,1,1,0.7052181959152222,976,906,750,1585
4519,0,0,0.11585179716348648,976,906,750,1586
4520,1,1,0.40656062960624695,977,906,750,1586
4522,1,1,0.37602531909942627,978,906,750,1586
4523,1,1,0.26475584506988525,979,906,750,1586
4524,1,1,0.7231554388999939,980,906,750,1586
4528,0,0,-0.13556374609470367,980,906,750,1587
4529,0,0,0.26803135871887207,980,906,750,1588
4530,1,1,0.29735609889030457,981,906,750,1588
4531,1,1,0.4098890423774719,982,906,750,1588
4532,0,0,0.4090232849121094,982,906,750,1589
4533,1,1,0.7533846497535706,983,906,750,1589
4535,1,1,0.7773205637931824,984,906,750,1589
4536,1,1,0.7739505171775818,985,906,750,1589
4537,0,0,0.1446051001548767,985,906,750,1590
4538,1,1,0.7379580736160278,986,906,750,1590
4539,0,1,-0.2044915407896042,986,906,751,1590
4540,1,1,0.4139314889907837,987,906,751,1590
4542,0,0,0.023915516212582588,987,906,751,1591
4543,1,1,0.44992491602897644,988,906,751,1591
4544,1,1,0.7861872315406799,989,906,751,1591
4545,0,0,0.25577327609062195,989,906,751,1592
4547,0,1,-0.6183180212974548,989,906,752,1592
4548,0,1,-0.9569956660270691,989,906,753,1592
4549,1,1,0.7426807284355164,990,906,753,1592
4550,1,1,0.36983785033226013,991,906,753,1592
4552,0,0,0.26404860615730286,991,906,753,1593
4553,1,1,0.7662844657897949,992,906,753,1593
4555,0,0,0.9155278205871582,992,906,753,1594
4556,1,1,0.4440327286720276,993,906,753,1594
4557,0,0,0.32884177565574646,993,906,753,1595
4558,0,1,-0.4726409912109375,993,906,754,1595
4559,0,0,0.5350187420845032,993,906,754,1596
4560,0,1,-0.9484140872955322,993,906,755,1596
4561,0,0,0.2963399589061737,993,906,755,1597
4562,1,1,0.5290800333023071,994,906,755,1597
4563,1,1,0.3367197811603546,995,906,755,1597
4564,0,0,0.3347277343273163,995,906,755,1598
4565,1,1,0.39736831188201904,996,906,755,1598
4566,0,1,-0.9596733450889587,996,906,756,1598
4567,0,0,0.6048578023910522,996,906,756,1599
4568,0,0,-0.08539310842752457,996,906,756,1600
4569,1,1,0.7556244134902954,997,906,756,1600
4570,1,1,0.42891475558280945,998,906,756,1600
4571,0,1,-0.8607851266860962,998,906,757,1600
4572,0,1,-0.7450541853904724,998,906,758,1600
4573,1,1,0.44773411750793457,999,906,758,1600
4574,0,0,0.5969756245613098,999,906,758,1601
4575,1,1,0.39761093258857727,1000,906,758,1601
4576,0,1,-0.6536605358123779,1000,906,759,1601
4577,1,1,0.3770001232624054,1001,906,759,1601
4578,0,0,-0.11713558435440063,1001,906,759,1602
4579,1,1,0.3159383535385132,1002,906,759,1602
4580,1,1,0.34782397747039795,1003,906,759,1602
4582,1,1,0.6967121362686157,1004,906,759,1602
4583,0,0,0.17430244386196136,1004,906,759,1603
4584,0,0,-0.03987767547369003,1004,906,759,1604
4586,0,1,-0.4784008860588074,1004,906,760,1604
4587,0,0,0.28708416223526,1004,906,760,1605
4588,0,0,0.22288165986537933,1004,906,760,1606
4589,1,1,0.37571999430656433,1005,906,760,1606
4590,0,0,0.21152059733867645,1005,906,760,1607
4591,1,1,0.6024343371391296,1006,906,760,1607
4592,1,1,0.3921579122543335,1007,906,760,1607
4593,0,0,0.1837836354970932,1007,906,760,1608
4594,1,0,-0.799104630947113,1007,907,760,1608
4595,0,0,0.9270987510681152,1007,907,760,1609
4596,0,0,0.9264277815818787,1007,907,760,1610
4597,0,0,-0.047961264848709106,1007,907,760,1611
4598,1,1,0.7538110017776489,1008,907,760,1611
4599,1,1,0.8038017749786377,1009,907,760,1611
4600,1,1,0.39286816120147705,1010,907,760,1611
4601,0,0,0.4112280309200287,1010,907,760,1612
4602,1,1,0.3447874188423157,1011,907,760,1612
4603,0,0,0.28309619426727295,1011,907,760,1613
4604,1,0,-0.7758718729019165,1011,908,760,1613
4605,1,1,0.5476051568984985,1012,908,760,1613
4607,0,0,0.47146934270858765,1012,908,760,1614
4608,0,0,0.5051850080490112,1012,908,760,1615
4609,1,1,0.328181654214859,1013,908,760,1615
4610,0,1,-0.5717325210571289,1013,908,761,1615
4611,1,1,0.7761976718902588,1014,908,761,1615
4612,0,1,-0.6180025339126587,1014,908,762,1615
4613,0,1,-0.8889897465705872,1014,908,763,1615
4614,1,0,-0.3529896140098572,1014,909,763,1615
4615,1,1,0.38131996989250183,1015,909,763,1615
4616,0,0,0.6203919053077698,1015,909,763,1616
4617,1,1,0.7188016772270203,1016,909,763,1616
4618,1,1,0.8177942633628845,1017,909,763,1616
4619,0,0,0.25350674986839294,1017,909,763,1617
4620,0,0,-0.02720334194600582,1017,909,763,1618
4621,0,0,0.4577910900115967,1017,909,763,1619
4622,0,0,0.3647664189338684,1017,909,763,1620
4623,1,1,0.5504043102264404,1018,909,763,1620
4625,0,0,0.4126949608325958,1018,909,763,1621
4626,0,0,0.5981463193893433,1018,909,763,1622
4628,0,0,0.9253957867622375,1018,909,763,1623
4629,1,1,0.3137865662574768,1019,909,763,1623
4630,1,0,-0.15802231431007385,1019,910,763,1623
4631,0,0,0.26238662004470825,1019,910,763,1624
4632,1,1,0.7344032526016235,1020,910,763,1624
4633,1,1,0.552312970161438,1021,910,763,1624
4634,0,0,0.48409759998321533,1021,910,763,1625
4635,0,1,-0.5254957675933838,1021,910,764,1625
4636,0,1,-0.21980491280555725,1021,910,765,1625
4637,1,1,0.8160186409950256,1022,910,765,1625
4638,0,1,-0.13644008338451385,1022,910,766,1625
4639,1,1,0.15122905373573303,1023,910,766,1625
4640,1,1,0.3713216483592987,1024,910,766,1625
4641,0,1,-0.22135649621486664,1024,910,767,1625
4642,0,0,0.6048468351364136,1024,910,767,1626
4643,1,1,0.7698894739151001,1025,910,767,1626
4644,0,0,0.49866893887519836,1025,910,767,1627
4645,1,1,0.2965540885925293,1026,910,767,1627
4646,1,1,0.4277642071247101,1027,910,767,1627
4647,1,1,0.39593467116355896,1028,910,767,1627
4648,0,0,0.2916937470436096,1028,910,767,1628
4649,0,1,-0.8770197033882141,1028,910,768,1628
4650,0,0,0.08944859355688095,1028,910,768,1629
4651,1,1,0.8076491951942444,1029,910,768,1629
4652,1,1,0.8198241591453552,1030,910,768,1629
4653,0,0,0.5068497061729431,1030,910,768,1630
4654,1,1,0.3511774241924286,1031,910,768,1630
4655,1,1,0.5421247482299805,1032,910,768,1630
4658,0,1,-0.6285756230354309,1032,910,769,1630
4659,1,1,0.8084934949874878,1033,910,769,1630
4660,1,1,0.426424503326416,1034,910,769,1630
4661,1,1,0.47003334760665894,1035,910,769,1630
4662,1,1,0.7577918171882629,1036,910,769,1630
4663,0,0,0.22815746068954468,1036,910,769,1631
4664,1,1,0.35540980100631714,1037,910,769,1631
4665,1,1,0.46149471402168274,1038,910,769,1631
4666,1,1,0.4214511811733246,1039,910,769,1631
4667,1,0,-0.44577646255493164,1039,911,769,1631
4668,0,1,-0.17410385608673096,1039,911,770,1631
4669,1,1,0.48912692070007324,1040,911,770,1631
4670,1,1,0.3895713686943054,1041,911,770,1631
4672,1,1,0.3864481747150421,1042,911,770,1631
4673,0,0,0.16310948133468628,1042,911,770,1632
4674,0,1,-0.9727277755737305,1042,911,771,1632
4675,0,0,0.5690517425537109,1042,911,771,1633
4676,0,0,0.6622238755226135,1042,911,771,1634
4677,1,1,0.47659868001937866,1043,911,771,1634
4678,0,1,-0.5242208242416382,1043,911,772,1634
4679,0,0,0.9270875453948975,1043,911,772,1635
4680,1,1,0.3938266932964325,1044,911,772,1635
4681,0,0,0.47396865487098694,1044,911,772,1636
4682,1,1,0.39358049631118774,1045,911,772,1636
4683,0,0,-0.07520297914743423,1045,911,772,1637
4684,1,1,0.8204591870307922,1046,911,772,1637
4685,1,1,0.41495010256767273,1047,911,772,1637
4686,1,1,0.5568258762359619,1048,911,772,1637
4687,0,0,-0.022398699074983597,1048,911,772,1638
4688,1,1,0.442995548248291,1049,911,772,1638
4689,1,1,0.36015382409095764,1050,911,772,1638
4690,0,0,0.08477416634559631,1050,911,772,1639
4691,0,0,0.5127959847450256,1050,911,772,1640
4692,0,0,0.4696364104747772,1050,911,772,1641
4693,1,1,0.41386112570762634,1051,911,772,1641
4694,1,1,0.4200596809387207,1052,911,772,1641
4695,1,1,0.6142565608024597,1053,911,772,1641
4696,0,0,0.4857785403728485,1053,911,772,1642
4697,1,1,0.7651847004890442,1054,911,772,1642
4698,1,1,0.4826628565788269,1055,911,772,1642
4699,0,0,0.581527829170227,1055,911,772,1643
4700,0,0,0.1521105319261551,1055,911,772,1644
4701,1,1,0.8388330340385437,1056,911,772,1644
4702,1,1,0.5713134407997131,1057,911,772,1644
4704,0,0,-0.08421897143125534,1057,911,772,1645
4706,0,0,0.550300121307373,1057,911,772,1646
4707,0,0,0.3896717131137848,1057,911,772,1647
4708,0,1,-0.18106423318386078,1057,911,773,1647
4709,1,0,-0.5442534685134888,1057,912,773,1647
4710,0,1,-0.5716380476951599,1057,912,774,1647
4711,0,1,-0.511915385723114,1057,912,775,1647
4712,0,1,-0.5479610562324524,1057,912,776,1647
4713,0,1,-0.25295060873031616,1057,912,777,1647
4714,1,1,0.39535319805145264,1058,912,777,1647
4715,0,0,0.5010530352592468,1058,912,777,1648
4716,1,0,-0.461129367351532,1058,913,777,1648
4717,1,1,0.3557940721511841,1059,913,777,1648
4718,0,0,0.43461132049560547,1059,913,777,1649
4719,1,1,0.4077834188938141,1060,913,777,1649
4720,0,1,-0.15942227840423584,1060,913,778,1649
4721,1,1,0.3886207044124603,1061,913,778,1649
4723,0,0,0.4214031398296356,1061,913,778,1650
4724,0,0,0.36233294010162354,1061,913,778,1651
4725,1,1,0.4922044575214386,1062,913,778,1651
4726,0,1,-0.6151654124259949,1062,913,779,1651
4727,0,0,0.5724250078201294,1062,913,779,1652
4728,0,0,0.6298928260803223,1062,913,779,1653
4729,1,1,0.7924779653549194,1063,913,779,1653
4730,0,0,0.6629814505577087,1063,913,779,1654
4731,1,1,0.7821585536003113,1064,913,779,1654
4732,0,1,-0.6199065446853638,1064,913,780,1654
4733,1,1,0.4068000316619873,1065,913,780,1654
4735,0,0,0.08175767213106155,1065,913,780,1655
4736,0,0,-0.10014321655035019,1065,913,780,1656
4737,1,1,0.8002508282661438,1066,913,780,1656
4738,0,0,0.5777506232261658,1066,913,780,1657
4739,0,0,0.378996342420578,1066,913,780,1658
4740,1,1,0.5527518391609192,1067,913,780,1658
4741,1,1,0.36496201157569885,1068,913,780,1658
4742,0,0,0.5325738787651062,1068,913,780,1659
4743,0,0,0.34966424107551575,1068,913,780,1660
4744,1,1,0.3488321900367737,1069,913,780,1660
4746,0,0,0.5228177309036255,1069,913,780,1661
4747,1,1,0.3994225859642029,1070,913,780,1661
4748,0,0,0.23733331263065338,1070,913,780,1662
4749,0,1,-0.5512564182281494,1070,913,781,1662
4750,0,0,0.3507343530654907,1070,913,781,1663
4751,1,1,0.40731489658355713,1071,913,781,1663
4752,1,0,-0.4869283437728882,1071,914,781,1663
4753,0,0,0.5830250382423401,1071,914,781,1664
4754,1,1,0.49020862579345703,1072,914,781,1664
4755,1,1,0.48271527886390686,1073,914,781,1664
4756,1,1,0.48049652576446533,1074,914,781,1664
4757,1,1,0.36831530928611755,1075,914,781,1664
4758,1,1,0.49559512734413147,1076,914,781,1664
4759,0,0,0.9286538362503052,1076,914,781,1665
4760,1,1,0.4326951205730438,1077,914,781,1665
4761,0,0,0.5338056087493896,1077,914,781,1666
4762,0,0,0.2875926196575165,1077,914,781,1667
4764,1,0,-0.47403600811958313,1077,915,781,1667
4767,0,0,0.21689175069332123,1077,915,781,1668
4768,1,1,0.48151102662086487,1078,915,781,1668
4769,0,0,0.2646991014480591,1078,915,781,1669
4770,0,1,-0.5343441963195801,1078,915,782,1669
4771,0,0,0.35278862714767456,1078,915,782,1670
4772,0,0,0.571846604347229,1078,915,782,1671
4773,0,1,-0.33825474977493286,1078,915,783,1671
4774,1,1,0.6205784678459167,1079,915,783,1671
4775,1,1,0.41365721821784973,1080,915,783,1671
4776,0,0,0.86116623878479,1080,915,783,1672
4777,0,0,0.6383618712425232,1080,915,783,1673
4778,0,0,0.4729388952255249,1080,915,783,1674
4779,0,1,-0.7841230034828186,1080,915,784,1674
4780,1,1,0.7989072799682617,1081,915,784,1674
4781,1,1,0.4370289742946625,1082,915,784,1674
4782,0,0,0.6138519048690796,1082,915,784,1675
4783,1,0,-0.7138938903808594,1082,916,784,1675
4784,1,1,0.41058316826820374,1083,916,784,1675
4786,0,1,-0.6991323232650757,1083,916,785,1675
4787,1,1,0.5583987832069397,1084,916,785,1675
4788,0,0,0.12632061541080475,1084,916,785,1676
4789,0,0,0.5946565270423889,1084,916,785,1677
4790,0,0,0.4351823627948761,1084,916,785,1678
4791,1,1,0.45006585121154785,1085,916,785,1678
4792,0,1,-0.31434446573257446,1085,916,786,1678
4793,0,0,0.1511741578578949,1085,916,786,1679
4794,0,0,0.4259730875492096,1085,916,786,1680
4795,0,0,-0.08068830519914627,1085,916,786,1681
4796,0,0,0.5177705883979797,1085,916,786,1682
4797,1,1,0.42874836921691895,1086,916,786,1682
4798,0,0,-0.10487179458141327,1086,916,786,1683
4799,1,1,0.03785855695605278,1087,916,786,1683
4800,1,0,-0.5355302095413208,1087,917,786,1683
4802,0,1,-0.24344193935394287,1087,917,787,1683
4803,0,0,0.375392347574234,1087,917,787,1684
4804,1,1,0.36677318811416626,1088,917,787,1684
4805,0,0,0.5127794146537781,1088,917,787,1685
4806,0,1,-0.27493029832839966,1088,917,788,1685
4807,0,0,0.27064841985702515,1088,917,788,1686
4809,1,1,0.4792751371860504,1089,917,788,1686
4810,1,1,0.6222355961799622,1090,917,788,1686
4811,0,1,-0.9382497072219849,1090,917,789,1686
4812,0,0,0.15837806463241577,1090,917,789,1687
4813,0,0,-0.0350811704993248,1090,917,789,1688
4814,0,1,-0.14921069145202637,1090,917,790,1688
4815,1,1,0.3946154713630676,1091,917,790,1688
4817,1,1,0.4519746005535126,1092,917,790,1688
4818,1,1,0.620612382888794,1093,917,790,1688
4819,0,0,0.5586037039756775,1093,917,790,1689
4820,1,0,-0.7456073760986328,1093,918,790,1689
4821,1,1,0.38351520895957947,1094,918,790,1689
4822,0,0,0.2848130166530609,1094,918,790,1690
4823,1,1,0.5421344637870789,1095,918,790,1690
4824,1,1,0.7975963950157166,1096,918,790,1690
4825,0,0,0.2792995274066925,1096,918,790,1691
4826,0,1,-0.620904803276062,1096,918,791,1691
4827,0,0,0.5566630959510803,1096,918,791,1692
4828,1,1,0.4365118443965912,1097,918,791,1692
4829,0,0,0.9187414050102234,1097,918,791,1693
4830,0,0,-0.035567570477724075,1097,918,791,1694
4831,0,0,0.23645810782909393,1097,918,791,1695
4832,1,1,0.6422399878501892,1098,918,791,1695
4833,1,0,-0.01963234134018421,1098,919,791,1695
4834,0,1,-0.7930092811584473,1098,919,792,1695
4835,1,1,0.8157629370689392,1099,919,792,1695
4836,0,1,-0.6413281559944153,1099,919,793,1695
4837,1,1,0.5839283466339111,1100,919,793,1695
4838,0,0,0.2525020241737366,1100,919,793,1696
4839,1,1,0.8166475892066956,1101,919,793,1696
4840,0,1,-0.6015307903289795,1101,919,794,1696
4841,0,1,-0.646849513053894,1101,919,795,1696
4842,0,0,0.3722328543663025,1101,919,795,1697
4843,0,0,0.16187836229801178,1101,919,795,1698
4844,0,0,0.30908381938934326,1101,919,795,1699
4845,1,1,0.6368113160133362,1102,919,795,1699
4846,0,0,0.000693062087520957,1102,919,795,1700
4847,0,1,-0.22004537284374237,1102,919,796,1700
4849,0,1,-0.5824128985404968,1102,919,797,1700
4850,1,1,0.455727219581604,1103,919,797,1700
4851,1,1,0.6289889812469482,1104,919,797,1700
4852,1,1,0.6275037527084351,1105,919,797,1700
4853,1,1,0.6190499067306519,1106,919,797,1700
4854,1,1,0.6058963537216187,1107,919,797,1700
4855,0,0,0.3524973690509796,1107,919,797,1701
4856,1,1,0.8286983966827393,1108,919,797,1701
4857,0,1,-0.9457390904426575,1108,919,798,1701
4858,0,0,0.2114001363515854,1108,919,798,1702
4859,1,0,-0.8736459016799927,1108,920,798,1702
4860,0,1,-0.24417245388031006,1108,920,799,1702
4862,0,0,0.5362177491188049,1108,920,799,1703
4863,0,1,-0.29367196559906006,1108,920,800,1703
4864,1,0,-0.1564909815788269,1108,921,800,1703
4865,0,1,-0.5879328846931458,1108,921,801,1703
4866,0,0,0.09923584014177322,1108,921,801,1704
4867,0,1,-0.5943235158920288,1108,921,802,1704
4868,0,0,0.12533214688301086,1108,921,802,1705
4869,0,0,0.18545013666152954,1108,921,802,1706
4870,1,1,0.6678628325462341,1109,921,802,1706
4871,0,1,-0.2619727551937103,1109,921,803,1706
4872,0,0,0.5987401604652405,1109,921,803,1707
4873,0,0,0.18808048963546753,1109,921,803,1708
4874,0,0,0.6149718165397644,1109,921,803,1709
4875,0,1,-0.5607175230979919,1109,921,804,1709
4876,1,1,0.4618823826313019,1110,921,804,1709
4877,1,1,0.8344730734825134,1111,921,804,1709
4878,1,1,0.8349646925926208,1112,921,804,1709
4879,0,0,0.32707688212394714,1112,921,804,1710
4880,1,1,0.4245246946811676,1113,921,804,1710
4881,0,1,-0.7809656858444214,1113,921,805,1710
4882,0,1,-0.29870709776878357,1113,921,806,1710
4883,1,1,0.4547322988510132,1114,921,806,1710
4884,0,0,0.4013524353504181,1114,921,806,1711
4885,0,1,-0.5087481737136841,1114,921,807,1711
4886,1,0,-0.39744648337364197,1114,922,807,1711
4887,1,1,0.4858955144882202,1115,922,807,1711
4888,0,0,0.5165106654167175,1115,922,807,1712
4889,1,1,0.4809627830982208,1116,922,807,1712
4890,0,0,0.4119546413421631,1116,922,807,1713
4891,0,0,0.28586459159851074,1116,922,807,1714
4893,1,1,0.8092559576034546,1117,922,807,1714
4894,1,1,0.4955187439918518,1118,922,807,1714
4895,1,1,0.518287718296051,1119,922,807,1714
4896,1,1,0.612500011920929,1120,922,807,1714
4897,0,0,0.16205184161663055,1120,922,807,1715
4898,0,0,0.4448290467262268,1120,922,807,1716
4899,1,1,0.8275485634803772,1121,922,807,1716
4900,1,1,0.8415553569793701,1122,922,807,1716
4901,1,1,0.6565157175064087,1123,922,807,1716
4902,0,0,0.08689886331558228,1123,922,807,1717
4903,0,0,0.5617526173591614,1123,922,807,1718
4904,1,0,-0.6162826418876648,1123,923,807,1718
4905,0,0,0.10016006976366043,1123,923,807,1719
4906,1,1,0.4513486921787262,1124,923,807,1719
4907,0,1,-0.64124596118927,1124,923,808,1719
4908,1,1,0.6339112520217896,1125,923,808,1719
4909,1,1,0.8430293798446655,1126,923,808,1719
4911,1,1,0.5150716304779053,1127,923,808,1719
4912,0,1,-0.15494345128536224,1127,923,809,1719
4914,0,1,-0.3718559443950653,1127,923,810,1719
4915,1,1,0.8265097141265869,1128,923,810,1719
4916,0,1,-0.5791944265365601,1128,923,811,1719
4917,0,0,0.865287184715271,1128,923,811,1720
4918,0,0,-0.037918586283922195,1128,923,811,1721
4919,0,0,0.409826397895813,1128,923,811,1722
4920,0,0,0.14773625135421753,1128,923,811,1723
4921,1,1,0.4424756169319153,1129,923,811,1723
4923,1,1,0.4589018225669861,1130,923,811,1723
4924,0,1,-0.30731409788131714,1130,923,812,1723
4925,0,1,-0.8046960234642029,1130,923,813,1723
4926,1,1,0.43233662843704224,1131,923,813,1723
4927,0,0,0.3946896493434906,1131,923,813,1724
4928,1,1,0.36421439051628113,1132,923,813,1724
4929,0,0,0.21806377172470093,1132,923,813,1725
4930,0,1,-0.965065598487854,1132,923,814,1725
4931,0,1,-0.7835276126861572,1132,923,815,1725
4932,0,1,-0.9635024070739746,1132,923,816,1725
4933,0,1,-0.15306289494037628,1132,923,817,1725
4934,1,1,0.5404977798461914,1133,923,817,1725
4935,1,1,0.6331737041473389,1134,923,817,1725
4936,0,0,0.5434878468513489,1134,923,817,1726
4937,0,0,0.5582197308540344,1134,923,817,1727
4938,1,1,0.6337378025054932,1135,923,817,1727
4939,0,0,-0.09345955401659012,1135,923,817,1728
4940,1,1,0.508396327495575,1136,923,817,1728
4941,0,0,0.3972552716732025,1136,923,817,1729
4942,1,1,0.5244355201721191,1137,923,817,1729
4943,0,1,-0.5842635035514832,1137,923,818,1729
4944,1,1,0.4081888198852539,1138,923,818,1729
4945,0,0,0.10600893944501877,1138,923,818,1730
4946,1,1,0.5120016932487488,1139,923,818,1730
4947,0,0,0.17675580084323883,1139,923,818,1731
4948,0,0,0.22460049390792847,1139,923,818,1732
4949,0,0,0.6754971146583557,1139,923,818,1733
4950,0,0,0.544524610042572,1139,923,818,1734
4951,1,1,0.5400501489639282,1140,923,818,1734
4952,1,1,0.8359919190406799,1141,923,818,1734
4953,0,0,0.34284108877182007,1141,923,818,1735
4954,0,1,-0.7084659934043884,1141,923,819,1735
4955,0,0,0.39850467443466187,1141,923,819,1736
4956,0,0,0.382420152425766,1141,923,819,1737
4957,0,0,0.004794388543814421,1141,923,819,1738
4958,1,1,0.46042168140411377,1142,923,819,1738
4959,0,0,0.5007350444793701,1142,923,819,1739
4960,0,1,-0.6140400171279907,1142,923,820,1739
4961,1,1,0.6590439677238464,1143,923,820,1739
4962,1,1,0.4052177667617798,1144,923,820,1739
4963,0,1,-0.22171500325202942,1144,923,821,1739
4964,0,0,0.2988035976886749,1144,923,821,1740
4966,0,0,0.4102112650871277,1144,923,821,1741
4967,0,0,0.35696545243263245,1144,923,821,1742
4968,1,1,0.3960665762424469,1145,923,821,1742
4969,1,1,0.6665191054344177,1146,923,821,1742
4970,0,0,0.5877720713615417,1146,923,821,1743
4971,0,0,0.22931981086730957,1146,923,821,1744
4972,1,1,0.6624728441238403,1147,923,821,1744
4973,0,1,-0.7299241423606873,1147,923,822,1744
4974,1,1,0.6056024432182312,1148,923,822,1744
4975,1,1,0.5081616044044495,1149,923,822,1744
4976,1,1,0.664441704750061,1150,923,822,1744
4977,1,1,0.6611155271530151,1151,923,822,1744
4978,0,0,0.2801324725151062,1151,923,822,1745
4979,0,1,-0.6706355214118958,1151,923,823,1745
4980,1,1,0.4772264361381531,1152,923,823,1745
4981,0,0,0.13690802454948425,1152,923,823,1746
4982,0,1,-0.6026670336723328,1152,923,824,1746
4983,1,0,-0.03475312516093254,1152,924,824,1746
4984,0,1,-0.15437230467796326,1152,924,825,1746
4985,0,0,0.926101803779602,1152,924,825,1747
4986,0,0,0.5617175698280334,1152,924,825,1748
4987,0,1,-0.7293058037757874,1152,924,826,1748
4988,0,0,0.48721298575401306,1152,924,826,1749
4989,0,0,0.526885986328125,1152,924,826,1750
4990,0,0,0.27192747592926025,1152,924,826,1751
4991,1,1,0.8399065136909485,1153,924,826,1751
4992,0,0,0.5730238556861877,1153,924,826,1752
4993,0,0,0.17990435659885406,1153,924,826,1753
4994,1,0,-0.42640337347984314,1153,925,826,1753
4995,0,1,-0.8274990916252136,1153,925,827,1753
4996,0,0,0.3869897127151489,1153,925,827,1754
4997,1,1,0.48755690455436707,1154,925,827,1754
4998,0,0,0.14951977133750916,1154,925,827,1755
4999,1,0,-0.6520636081695557,1154,926,827,1755
5000,1,1,0.4072939157485962,1155,926,827,1755
5001,1,1,0.4173542559146881,1156,926,827,1755
5002,0,0,0.2761823236942291,1156,926,827,1756
5003,0,1,-0.19873090088367462,1156,926,828,1756
5005,1,1,0.44770359992980957,1157,926,828,1756
5006,1,1,0.5007895827293396,1158,926,828,1756
5008,0,0,0.42217177152633667,1158,926,828,1757
5009,0,0,0.6865479350090027,1158,926,828,1758
5010,1,1,0.5641421675682068,1159,926,828,1758
5011,1,1,0.4803711771965027,1160,926,828,1758
5012,0,0,0.8616046905517578,1160,926,828,1759
5013,1,1,0.5472755432128906,1161,926,828,1759
5014,0,0,0.015749329701066017,1161,926,828,1760
5015,0,0,0.2944268584251404,1161,926,828,1761
5016,0,0,0.1248188391327858,1161,926,828,1762
5017,1,1,0.8686699271202087,1162,926,828,1762
5018,1,1,0.34774065017700195,1163,926,828,1762
5019,0,0,0.5066021680831909,1163,926,828,1763
5020,0,1,-0.29695406556129456,1163,926,829,1763
5021,1,1,0.42886483669281006,1164,926,829,1763
5022,1,1,0.42742541432380676,1165,926,829,1763
5023,1,1,0.5530408620834351,1166,926,829,1763
5024,0,0,0.17184217274188995,1166,926,829,1764
5025,1,1,0.47826987504959106,1167,926,829,1764
5026,0,0,-0.0011561838909983635,1167,926,829,1765
5027,1,1,0.8761777281761169,1168,926,829,1765
5028,1,1,0.45349881052970886,1169,926,829,1765
5029,0,0,0.5220996737480164,1169,926,829,1766
5030,1,1,0.44084471464157104,1170,926,829,1766
5031,0,1,-0.1654541790485382,1170,926,830,1766
5032,0,0,0.08342589437961578,1170,926,830,1767
5033,1,1,0.6877535581588745,1171,926,830,1767
5034,1,1,0.49642443656921387,1172,926,830,1767
5035,0,1,-0.6821768879890442,1172,926,831,1767
5036,1,1,0.862436056137085,1173,926,831,1767
5037,0,0,0.2896822392940521,1173,926,831,1768
5038,0,0,0.4593830406665802,1173,926,831,1769
5039,0,0,0.3833165764808655,1173,926,831,1770
5040,0,0,0.6483951210975647,1173,926,831,1771
5041,1,1,0.4841592609882355,1174,926,831,1771
5044,0,0,0.24383381009101868,1174,926,831,1772
5045,1,1,0.36754775047302246,1175,926,831,1772
5046,0,0,-0.1299927532672882,1175,926,831,1773
5047,1,1,0.6628078818321228,1176,926,831,1773
5048,0,0,0.6174821257591248,1176,926,831,1774
5050,0,1,-0.7172600030899048,1176,926,832,1774
5052,0,1,-0.7177500128746033,1176,926,833,1774
5053,0,0,0.02551691047847271,1176,926,833,1775
5054,1,1,0.5198433995246887,1177,926,833,1775
5055,0,0,0.010981103405356407,1177,926,833,1776
5056,0,0,0.4712549149990082,1177,926,833,1777
5057,0,0,0.5427109599113464,1177,926,833,1778
5058,1,1,0.5069518089294434,1178,926,833,1778
5059,0,0,0.3621152937412262,1178,926,833,1779
5060,1,1,0.8817389011383057,1179,926,833,1779
5061,0,1,-0.8346957564353943,1179,926,834,1779
5062,0,0,0.5597603917121887,1179,926,834,1780
5063,0,0,0.38685664534568787,1179,926,834,1781
5064,0,0,0.5967321395874023,1179,926,834,1782
5065,1,0,-0.49946242570877075,1179,927,834,1782
5066,1,1,0.42726096510887146,1180,927,834,1782
5068,0,0,-0.09142878651618958,1180,927,834,1783
5069,1,1,0.144196018576622,1181,927,834,1783
5070,1,0,-0.19924797117710114,1181,928,834,1783
5071,1,1,0.5186253190040588,1182,928,834,1783
5072,1,1,0.5481061339378357,1183,928,834,1783
5073,1,1,0.39709439873695374,1184,928,834,1783
5074,1,1,0.4369964897632599,1185,928,834,1783
5075,1,1,0.4943993091583252,1186,928,834,1783
5076,1,1,0.553368330001831,1187,928,834,1783
5077,0,0,0.28822556138038635,1187,928,834,1784
5078,1,1,0.8758549690246582,1188,928,834,1784
5079,1,1,0.4645906686782837,1189,928,834,1784
5080,1,1,0.6908496022224426,1190,928,834,1784
5081,0,1,-0.17891938984394073,1190,928,835,1784
5082,0,0,0.1722804456949234,1190,928,835,1785
5083,0,0,0.4475640654563904,1190,928,835,1786
5084,0,1,-0.7159174680709839,1190,928,836,1786
5085,0,1,-0.8147105574607849,1190,928,837,1786
5086,0,1,-0.8797844052314758,1190,928,838,1786
5087,1,0,-0.2130444198846817,1190,929,838,1786
5088,1,1,0.6811920404434204,1191,929,838,1786
5089,0,1,-0.2586835026741028,1191,929,839,1786
5090,0,1,-0.21154367923736572,1191,929,840,1786
5091,0,0,0.23054663836956024,1191,929,840,1787
5093,1,1,0.4822539985179901,1192,929,840,1787
5094,0,0,-0.019053969532251358,1192,929,840,1788
5095,0,0,0.6136938333511353,1192,929,840,1789
5096,0,0,-0.1276177018880844,1192,929,840,1790
5097,0,0,0.6060968041419983,1192,929,840,1791
5098,1,1,0.49454808235168457,1193,929,840,1791
5099,0,0,0.4553539454936981,1193,929,840,1792
5100,0,1,-0.6692665219306946,1193,929,841,1792
5102,0,0,0.5623278617858887,1193,929,841,1793
5103,1,1,0.6114786267280579,1194,929,841,1793
5104,0,0,0.4779214560985565,1194,929,841,1794
5105,0,0,-0.10864150524139404,1194,929,841,1795
5106,0,0,0.5287577509880066,1194,929,841,1796
5107,1,1,0.6617298722267151,1195,929,841,1796
5108,1,1,0.5185263156890869,1196,929,841,1796
5109,1,1,0.552770733833313,1197,929,841,1796
5110,0,0,0.38694968819618225,1197,929,841,1797
5111,0,1,-0.20424675941467285,1197,929,842,1797
5112,1,1,0.4640195667743683,1198,929,842,1797
5114,1,1,0.5423893928527832,1199,929,842,1797
5115,1,0,-0.6725497841835022,1199,930,842,1797
5116,0,1,-0.8633325695991516,1199,930,843,1797
5117,0,1,-0.8323692083358765,1199,930,844,1797
5118,0,1,-0.6378156542778015,1199,930,845,1797
5119,1,1,0.5003114938735962,1200,930,845,1797
5120,1,1,0.027043642476201057,1201,930,845,1797
5121,0,1,-0.677544355392456,1201,930,846,1797
5122,1,1,0.5893755555152893,1202,930,846,1797
5123,1,0,-0.1520174741744995,1202,931,846,1797
5124,1,1,0.5559853315353394,1203,931,846,1797
5125,0,0,-0.10293827950954437,1203,931,846,1798
5126,0,1,-0.31534162163734436,1203,931,847,1798
5127,1,1,0.5394825339317322,1204,931,847,1798
5128,1,1,0.012359034270048141,1205,931,847,1798
5129,1,1,0.4991483986377716,1206,931,847,1798
5130,0,1,-0.8705356121063232,1206,931,848,1798
5131,0,0,0.548660933971405,1206,931,848,1799
5132,1,1,0.484208345413208,1207,931,848,1799
5133,0,1,-0.6897934079170227,1207,931,849,1799
5134,0,0,-0.11229459196329117,1207,931,849,1800
5135,1,0,-0.5855662226676941,1207,932,849,1800
5136,0,1,-0.6296358108520508,1207,932,850,1800
5137,1,1,0.5564001798629761,1208,932,850,1800
5138,0,1,-0.7418165802955627,1208,932,851,1800
5139,1,1,0.6996158361434937,1209,932,851,1800
5140,0,0,0.472854346036911,1209,932,851,1801
5141,0,1,-0.682443380355835,1209,932,852,1801
5142,0,1,-0.7210568785667419,1209,932,853,1801
5143,1,1,0.5030184984207153,1210,932,853,1801
5144,0,1,-0.8807186484336853,1210,932,854,1801
5145,0,0,0.4472525119781494,1210,932,854,1802
5146,1,0,-0.6606252193450928,1210,933,854,1802
5147,1,0,-0.7011622190475464,1210,934,854,1802
5148,0,0,0.6647865772247314,1210,934,854,1803
5149,0,0,0.5242815017700195,1210,934,854,1804
5150,0,1,-0.8587464094161987,1210,934,855,1804
5151,0,0,0.09763611853122711,1210,934,855,1805
5152,1,0,-0.2899929881095886,1210,935,855,1805
5153,0,0,0.9248828887939453,1210,935,855,1806
5154,0,1,-0.19727903604507446,1210,935,856,1806
5155,1,1,0.025739843025803566,1211,935,856,1806
5156,1,1,0.05752803757786751,1212,935,856,1806
5157,1,1,0.5579753518104553,1213,935,856,1806
5158,0,1,-0.6281977891921997,1213,935,857,1806
5159,0,0,0.8698084950447083,1213,935,857,1807
5160,0,0,0.25517699122428894,1213,935,857,1808
5161,1,1,0.6487023234367371,1214,935,857,1808
5162,1,1,0.46351808309555054,1215,935,857,1808
5163,0,0,0.5976929068565369,1215,935,857,1809
5164,1,1,0.040717653930187225,1216,935,857,1809
5165,0,1,-0.2923126816749573,1216,935,858,1809
5166,1,1,0.5157444477081299,1217,935,858,1809
5167,1,1,0.6682959198951721,1218,935,858,1809
5168,0,0,0.3894880712032318,1218,935,858,1810
5169,0,0,0.5477392077445984,1218,935,858,1811
5170,0,0,-0.04810943454504013,1218,935,858,1812
5171,0,1,-0.8684995770454407,1218,935,859,1812
5172,0,0,0.5149127840995789,1218,935,859,1813
5173,0,0,0.2060709297657013,1218,935,859,1814
5174,0,0,0.48784178495407104,1218,935,859,1815
5175,0,0,0.19617465138435364,1218,935,859,1816
5176,1,1,0.49444779753685,1219,935,859,1816
5177,1,1,0.47612980008125305,1220,935,859,1816
5178,1,1,0.5300134420394897,1221,935,859,1816
5179,1,1,0.4531846344470978,1222,935,859,1816
5180,0,1,-0.6322583556175232,1222,935,860,1816
5181,1,1,0.6978657245635986,1223,935,860,1816
5182,0,0,-0.007548353634774685,1223,935,860,1817
5183,0,0,0.16123561561107635,1223,935,860,1818
5184,0,1,-0.6308534741401672,1223,935,861,1818
5185,1,1,0.5185799598693848,1224,935,861,1818
5186,0,0,0.5667649507522583,1224,935,861,1819
5187,0,0,0.07979783415794373,1224,935,861,1820
5188,0,1,-0.2329881191253662,1224,935,862,1820
5189,0,0,-0.09474311023950577,1224,935,862,1821
5190,0,0,0.050487108528614044,1224,935,862,1822
5191,0,0,0.16116264462471008,1224,935,862,1823
5192,1,1,0.7351772785186768,1225,935,862,1823
5193,1,1,0.7246823906898499,1226,935,862,1823
5194,0,0,0.08970184624195099,1226,935,862,1824
5195,0,0,0.5962672233581543,1226,935,862,1825
5196,0,0,0.27758342027664185,1226,935,862,1826
5197,1,1,0.5724221467971802,1227,935,862,1826
5198,1,1,0.5221183896064758,1228,935,862,1826
5199,0,0,0.5337718725204468,1228,935,862,1827
5202,1,1,0.5129961371421814,1229,935,862,1827
5203,0,0,0.6208029985427856,1229,935,862,1828
5204,0,0,0.14616188406944275,1229,935,862,1829
5205,1,1,0.5401209592819214,1230,935,862,1829
5206,0,0,0.512732744216919,1230,935,862,1830
5207,1,1,0.5815557241439819,1231,935,862,1830
5209,0,1,-0.246951162815094,1231,935,863,1830
5210,1,0,-0.0936291515827179,1231,936,863,1830
5211,0,1,-0.24004361033439636,1231,936,864,1830
5212,0,1,-0.8190416097640991,1231,936,865,1830
5213,0,0,0.6532574892044067,1231,936,865,1831
5214,0,0,-0.12560957670211792,1231,936,865,1832
5215,1,1,0.7239410877227783,1232,936,865,1832
5216,0,0,0.404239684343338,1232,936,865,1833
5217,1,1,0.5766499638557434,1233,936,865,1833
5218,1,0,-0.12739939987659454,1233,937,865,1833
5219,0,0,0.5685892105102539,1233,937,865,1834
5220,0,0,0.8659021854400635,1233,937,865,1835
5221,1,1,0.6905494928359985,1234,937,865,1835
5222,1,1,0.026064135134220123,1235,937,865,1835
5223,0,0,0.9161568284034729,1235,937,865,1836
5224,1,1,0.4991856515407562,1236,937,865,1836
5225,0,0,0.21203847229480743,1236,937,865,1837
5226,0,1,-0.24577870965003967,1236,937,866,1837
5227,0,0,0.4560721218585968,1236,937,866,1838
5228,1,0,-0.6950851082801819,1236,938,866,1838
5229,1,1,0.5646608471870422,1237,938,866,1838
5230,1,1,0.6978290677070618,1238,938,866,1838
5231,1,1,0.5626214742660522,1239,938,866,1838
5232,0,0,0.904462993144989,1239,938,866,1839
5233,0,1,-0.6559382081031799,1239,938,867,1839
5234,0,0,0.49753016233444214,1239,938,867,1840
5235,0,1,-0.6322932243347168,1239,938,868,1840
5236,0,0,0.49900829792022705,1239,938,868,1841
5237,1,1,0.7301596999168396,1240,938,868,1841
5238,0,1,-0.13089732825756073,1240,938,869,1841
5239,0,0,0.3445042669773102,1240,938,869,1842
5240,1,1,0.07157018780708313,1241,938,869,1842
5241,0,0,0.0941455066204071,1241,938,869,1843
5242,1,1,0.5247069597244263,1242,938,869,1843
5243,0,0,0.5136231780052185,1242,938,869,1844
5244,0,1,-0.541017472743988,1242,938,870,1844
5245,1,1,0.46169397234916687,1243,938,870,1844
5246,1,1,0.552906334400177,1244,938,870,1844
5247,0,1,-0.15758411586284637,1244,938,871,1844
5248,1,1,0.12126616388559341,1245,938,871,1844
5249,1,1,0.48568812012672424,1246,938,871,1844
5250,1,1,0.024603571742773056,1247,938,871,1844
5251,1,1,0.6400673985481262,1248,938,871,1844
5252,0,0,0.5363042950630188,1248,938,871,1845
5253,1,1,0.7150025963783264,1249,938,871,1845
5254,0,0,0.3303973376750946,1249,938,871,1846
5255,0,0,0.5578059554100037,1249,938,871,1847
5256,0,1,-0.7377575039863586,1249,938,872,1847
5257,0,0,0.3599979281425476,1249,938,872,1848
5258,0,1,-0.21224601566791534,1249,938,873,1848
5259,0,1,-0.8983091115951538,1249,938,874,1848
5261,1,1,0.5329778790473938,1250,938,874,1848
5262,1,0,-0.03268186375498772,1250,939,874,1848
5263,1,1,0.5045173764228821,1251,939,874,1848
5264,1,1,0.5422632694244385,1252,939,874,1848
5265,0,0,0.5497303605079651,1252,939,874,1849
5266,0,0,-0.11785382777452469,1252,939,874,1850
5267,1,1,0.4587823152542114,1253,939,874,1850
5268,0,1,-0.7604825496673584,1253,939,875,1850
5269,0,1,-0.7202653288841248,1253,939,876,1850
5270,0,0,0.4024854004383087,1253,939,876,1851
5271,0,0,0.5323543548583984,1253,939,876,1852
5272,1,1,0.633959949016571,1254,939,876,1852
5273,0,0,0.4930866062641144,1254,939,876,1853
5274,0,0,-0.0032860413193702698,1254,939,876,1854
5275,1,1,0.6456654667854309,1255,939,876,1854
5276,1,1,0.5090410709381104,1256,939,876,1854
5277,1,1,0.4226723909378052,1257,939,876,1854
5278,0,0,0.41845542192459106,1257,939,876,1855
5279,1,1,0.6329861283302307,1258,939,876,1855
5280,1,1,0.5039222240447998,1259,939,876,1855
5281,0,0,0.4842742383480072,1259,939,876,1856
5282,1,1,0.6845042109489441,1260,939,876,1856
5283,0,0,0.8898077607154846,1260,939,876,1857
5284,1,1,0.5076088309288025,1261,939,876,1857
5285,0,1,-0.5634958744049072,1261,939,877,1857
5286,0,0,0.46403104066848755,1261,939,877,1858
5287,0,0,0.342589408159256,1261,939,877,1859
5288,1,1,0.5883466005325317,1262,939,877,1859
5289,1,0,-0.055921521037817,1262,940,877,1859
5290,0,0,0.3134799599647522,1262,940,877,1860
5291,0,0,-0.05055546015501022,1262,940,877,1861
5292,1,1,0.5925466418266296,1263,940,877,1861
5293,1,1,0.5691955089569092,1264,940,877,1861
5294,1,1,0.4876709580421448,1265,940,877,1861
5295,0,0,0.5000930428504944,1265,940,877,1862
5296,0,0,0.002665681065991521,1265,940,877,1863
5297,0,0,0.16820096969604492,1265,940,877,1864
5298,1,1,0.7431630492210388,1266,940,877,1864
5299,0,0,0.11661765724420547,1266,940,877,1865
5300,0,1,-0.2615125775337219,1266,940,878,1865
5301,0,0,0.37411996722221375,1266,940,878,1866
5302,1,0,-0.05948924273252487,1266,941,878,1866
5303,0,0,0.34586167335510254,1266,941,878,1867
5304,0,0,0.42057687044143677,1266,941,878,1868
5305,0,0,0.2252545803785324,1266,941,878,1869
5306,1,1,0.5537257194519043,1267,941,878,1869
5307,1,1,0.5611562132835388,1268,941,878,1869
5308,0,0,0.3310137689113617,1268,941,878,1870
5309,1,1,0.5672401189804077,1269,941,878,1870
5310,0,0,0.6473376750946045,1269,941,878,1871
5311,0,0,0.04628094658255577,1269,941,878,1872
5313,0,0,0.44334790110588074,1269,941,878,1873
5314,1,1,0.7405672669410706,1270,941,878,1873
5315,0,1,-0.8941205143928528,1270,941,879,1873
5316,0,0,0.008270176127552986,1270,941,879,1874
5317,1,1,0.5284765362739563,1271,941,879,1874
5318,0,1,-0.7591207027435303,1271,941,880,1874
5319,0,0,0.5093608498573303,1271,941,880,1875
5320,0,0,0.46976324915885925,1271,941,880,1876
5321,1,1,0.1198795735836029,1272,941,880,1876
5322,0,0,0.2523689866065979,1272,941,880,1877
5323,1,0,-0.5057891011238098,1272,942,880,1877
5324,1,1,0.5895830392837524,1273,942,880,1877
5325,1,1,0.7414681911468506,1274,942,880,1877
5326,1,1,0.5493848919868469,1275,942,880,1877
5327,0,0,0.16055062413215637,1275,942,880,1878
5328,1,0,-0.0365770161151886,1275,943,880,1878
5329,0,0,0.4856600761413574,1275,943,880,1879
5330,1,1,0.5640498995780945,1276,943,880,1879
5332,1,1,0.7389734387397766,1277,943,880,1879
5334,0,0,0.5519114136695862,1277,943,880,1880
5335,1,1,0.6808281540870667,1278,943,880,1880
5336,1,1,0.5149319171905518,1279,943,880,1880
5337,0,0,0.5978513360023499,1279,943,880,1881
5338,1,0,-0.32299456000328064,1279,944,880,1881
5339,1,0,-0.8229773640632629,1279,945,880,1881
5340,0,0,0.40289509296417236,1279,945,880,1882
5341,0,1,-0.7597013115882874,1279,945,881,1882
5342,0,1,-0.8027727603912354,1279,945,882,1882
5343,1,1,0.6868980526924133,1280,945,882,1882
5344,0,1,-0.6076329350471497,1280,945,883,1882
5345,0,0,0.5036125183105469,1280,945,883,1883
5346,0,1,-0.1604032963514328,1280,945,884,1883
5347,0,0,0.22343456745147705,1280,945,884,1884
5348,1,1,0.6661355495452881,1281,945,884,1884
5349,1,1,0.6776504516601562,1282,945,884,1884
5350,0,0,0.005190229509025812,1282,945,884,1885
5351,0,1,-0.1760285645723343,1282,945,885,1885
5352,1,1,0.5443979501724243,1283,945,885,1885
5353,1,1,0.753535807132721,1284,945,885,1885
5354,0,1,-0.7587899565696716,1284,945,886,1885
5355,1,0,-0.2732478976249695,1284,946,886,1885
5356,1,1,0.6331483721733093,1285,946,886,1885
5357,1,1,0.5710458755493164,1286,946,886,1885
5358,1,1,0.6108763217926025,1287,946,886,1885
5359,0,0,0.4865473508834839,1287,946,886,1886
5360,1,1,0.6674845814704895,1288,946,886,1886
5361,1,1,0.6043258309364319,1289,946,886,1886
5363,1,1,0.4465211033821106,1290,946,886,1886
5364,0,1,-0.17028315365314484,1290,946,887,1886
5365,1,1,0.6379696726799011,1291,946,887,1886
5366,0,0,0.6370996236801147,1291,946,887,1887
5367,0,0,0.5785462260246277,1291,946,887,1888
5368,1,1,0.7371280193328857,1292,946,887,1888
5369,1,1,0.4341377019882202,1293,946,887,1888
5370,1,1,0.5180441737174988,1294,946,887,1888
5371,0,0,0.6412491202354431,1294,946,887,1889
5372,1,1,0.6248029470443726,1295,946,887,1889
5373,1,1,0.6908270716667175,1296,946,887,1889
5374,0,0,0.18759727478027344,1296,946,887,1890
5375,0,0,0.43725404143333435,1296,946,887,1891
5376,1,1,0.6875874400138855,1297,946,887,1891
5377,1,1,0.7617495059967041,1298,946,887,1891
5378,0,0,0.48312026262283325,1298,946,887,1892
5379,1,1,0.5780397653579712,1299,946,887,1892
5380,0,0,0.11019673943519592,1299,946,887,1893
5381,1,1,0.6610932946205139,1300,946,887,1893
5382,0,0,0.5494105219841003,1300,946,887,1894
5383,0,0,0.16373895108699799,1300,946,887,1895
5384,1,1,0.7930904030799866,1301,946,887,1895
5385,1,1,0.746353268623352,1302,946,887,1895
5386,1,1,0.6686829328536987,1303,946,887,1895
5387,1,1,0.5514931082725525,1304,946,887,1895
5388,1,1,0.22584575414657593,1305,946,887,1895
5389,0,0,0.31456315517425537,1305,946,887,1896
5390,0,0,0.5257531404495239,1305,946,887,1897
5391,1,1,0.7734925150871277,1306,946,887,1897
5392,0,0,0.2865566313266754,1306,946,887,1898
5393,1,1,0.581360936164856,1307,946,887,1898
5394,1,1,0.503140389919281,1308,946,887,1898
5395,0,0,0.9296888113021851,1308,946,887,1899
5396,0,1,-0.7847152352333069,1308,946,888,1899
5397,0,0,0.45412376523017883,1308,946,888,1900
5398,0,1,-0.6544723510742188,1308,946,889,1900
5399,0,1,-0.22138938307762146,1308,946,890,1900
5400,0,0,0.28345292806625366,1308,946,890,1901
5401,0,0,0.6696422100067139,1308,946,890,1902
5402,0,1,-0.8427383899688721,1308,946,891,1902
5403,0,0,0.5979233980178833,1308,946,891,1903
5404,0,0,0.5254703760147095,1308,946,891,1904
5405,0,0,0.10185231268405914,1308,946,891,1905
5406,0,1,-0.7133066058158875,1308,946,892,1905
5407,0,0,0.08038198202848434,1308,946,892,1906
5408,0,0,0.5439236760139465,1308,946,892,1907
5409,1,1,0.581454336643219,1309,946,892,1907
5410,0,1,-0.8106916546821594,1309,946,893,1907
5411,1,1,0.6947078108787537,1310,946,893,1907
5412,0,0,0.5131212472915649,1310,946,893,1908
5413,1,1,0.6578676104545593,1311,946,893,1908
5414,0,0,0.5222408175468445,1311,946,893,1909
5415,0,0,0.3867141604423523,1311,946,893,1910
5416,0,0,0.4309447705745697,1311,946,893,1911
5417,0,0,-0.0018629524856805801,1311,946,893,1912
5418,1,1,0.6039456129074097,1312,946,893,1912
5419,1,1,0.6824117302894592,1313,946,893,1912
5420,0,0,0.9265366792678833,1313,946,893,1913
5421,1,1,0.6217291355133057,1314,946,893,1913
5422,0,0,0.41417253017425537,1314,946,893,1914
5423,0,0,0.45567917823791504,1314,946,893,1915
5424,0,0,8.360078209079802e-05,1314,946,893,1916
5425,0,1,-0.9110507965087891,1314,946,894,1916
5426,1,1,0.5119162201881409,1315,946,894,1916
5427,1,1,0.6984636783599854,1316,946,894,1916
5428,1,1,0.5880241990089417,1317,946,894,1916
5429,1,1,0.6997153162956238,1318,946,894,1916
5430,1,1,0.5639030337333679,1319,946,894,1916
5431,1,1,0.5767088532447815,1320,946,894,1916
5432,1,1,0.4569186866283417,1321,946,894,1916
5433,1,1,0.4874431788921356,1322,946,894,1916
5434,0,0,0.1725625991821289,1322,946,894,1917
5436,0,0,0.2457786351442337,1322,946,894,1918
5437,0,0,0.2706810235977173,1322,946,894,1919
5438,1,0,-0.4788006842136383,1322,947,894,1919
5439,0,0,0.3746245503425598,1322,947,894,1920
5440,1,1,0.5622511506080627,1323,947,894,1920
5441,0,0,0.9310781359672546,1323,947,894,1921
5442,1,1,0.7625449895858765,1324,947,894,1921
5444,0,0,0.34378287196159363,1324,947,894,1922
5445,0,0,0.43764156103134155,1324,947,894,1923
5446,0,0,0.6454639434814453,1324,947,894,1924
5447,0,0,0.5363792777061462,1324,947,894,1925
5448,1,0,-0.7509226202964783,1324,948,894,1925
5449,0,1,-0.6968967318534851,1324,948,895,1925
5450,1,1,0.5229249596595764,1325,948,895,1925
5451,0,0,0.9128792881965637,1325,948,895,1926
5454,0,1,-0.7261375784873962,1325,948,896,1926
5455,1,1,0.7661533951759338,1326,948,896,1926
5456,0,0,0.3031415343284607,1326,948,896,1927
5457,0,0,0.45626339316368103,1326,948,896,1928
5458,1,1,0.7292188405990601,1327,948,896,1928
5459,1,1,0.6480919122695923,1328,948,896,1928
5460,1,1,0.5918229222297668,1329,948,896,1928
5461,0,0,0.1025562658905983,1329,948,896,1929
5462,1,1,0.7709886431694031,1330,948,896,1929
5463,0,1,-0.941373884677887,1330,948,897,1929
5464,1,1,0.5027424693107605,1331,948,897,1929
5465,0,1,-0.23350557684898376,1331,948,898,1929
5466,1,1,0.60152667760849,1332,948,898,1929
5467,1,1,0.6336206197738647,1333,948,898,1929
5468,1,1,0.780571460723877,1334,948,898,1929
5469,1,0,-0.3870849311351776,1334,949,898,1929
5471,0,1,-0.6527634859085083,1334,949,899,1929
5472,1,1,0.574618399143219,1335,949,899,1929
5473,0,1,-0.6072341799736023,1335,949,900,1929
5474,0,0,0.37661537528038025,1335,949,900,1930
5475,1,1,0.5310549139976501,1336,949,900,1930
5476,0,0,0.5100160837173462,1336,949,900,1931
5479,0,1,-0.6843729615211487,1336,949,901,1931
5480,0,1,-0.7121416330337524,1336,949,902,1931
5481,0,0,0.433605819940567,1336,949,902,1932
5482,1,1,0.5894488096237183,1337,949,902,1932
5483,1,1,0.7262067198753357,1338,949,902,1932
5484,0,0,0.5555590391159058,1338,949,902,1933
5485,0,1,-0.8639248013496399,1338,949,903,1933
5486,0,0,0.2793176770210266,1338,949,903,1934
5487,0,0,0.10235019028186798,1338,949,903,1935
5488,1,0,-0.31860068440437317,1338,950,903,1935
5489,1,1,0.6035845875740051,1339,950,903,1935
5490,1,0,-0.58106529712677,1339,951,903,1935
5491,0,0,0.49951332807540894,1339,951,903,1936
5492,0,0,0.6613430976867676,1339,951,903,1937
5493,0,0,0.3836594820022583,1339,951,903,1938
5494,0,0,0.5299292206764221,1339,951,903,1939
5495,1,1,0.6025516390800476,1340,951,903,1939
5496,1,1,0.6203109622001648,1341,951,903,1939
5497,1,1,0.04042953625321388,1342,951,903,1939
5498,1,0,-0.31975409388542175,1342,952,903,1939
5499,0,0,0.4840608537197113,1342,952,903,1940
5500,0,0,0.11152125895023346,1342,952,903,1941
5501,1,1,0.671660840511322,1343,952,903,1941
5502,0,0,0.12066323310136795,1343,952,903,1942
5503,0,0,0.036693330854177475,1343,952,903,1943
5504,0,1,-0.7429316639900208,1343,952,904,1943
5505,0,1,-0.322272390127182,1343,952,905,1943
5507,1,1,0.48567765951156616,1344,952,905,1943
5508,0,0,0.61358243227005,1344,952,905,1944
5509,1,1,0.6787018775939941,1345,952,905,1944
5510,0,0,0.15457256138324738,1345,952,905,1945
5511,0,0,-0.07055537402629852,1345,952,905,1946
5512,0,1,-0.6454921364784241,1345,952,906,1946
5513,0,0,0.04989129677414894,1345,952,906,1947
5514,0,0,0.5308800339698792,1345,952,906,1948
5515,1,1,0.7014427185058594,1346,952,906,1948
5516,0,1,-0.7758406400680542,1346,952,907,1948
5517,1,0,-0.6146442890167236,1346,953,907,1948
5519,0,1,-0.7610002756118774,1346,953,908,1948
5520,0,1,-0.854541003704071,1346,953,909,1948
5521,1,1,0.6051194071769714,1347,953,909,1948
5522,0,1,-0.967919647693634,1347,953,910,1948
5523,0,0,0.5542256832122803,1347,953,910,1949
5524,0,0,0.5421672463417053,1347,953,910,1950
5525,0,0,-0.05945657193660736,1347,953,910,1951
5526,0,1,-0.7778135538101196,1347,953,911,1951
5527,0,1,-0.8913247585296631,1347,953,912,1951
5528,0,0,0.1164020448923111,1347,953,912,1952
5529,0,0,0.39896851778030396,1347,953,912,1953
5530,0,1,-0.9591556787490845,1347,953,913,1953
5531,1,1,0.718117356300354,1348,953,913,1953
5532,0,0,0.32038137316703796,1348,953,913,1954
5533,0,0,0.35016584396362305,1348,953,913,1955
5534,1,1,0.5044531226158142,1349,953,913,1955
5535,0,1,-0.9761466383934021,1349,953,914,1955
5536,0,0,0.3945470154285431,1349,953,914,1956
5537,1,1,0.5855485200881958,1350,953,914,1956
5538,0,0,-0.05861334502696991,1350,953,914,1957
5539,0,1,-0.1942511349916458,1350,953,915,1957
5540,0,1,-0.7868611216545105,1350,953,916,1957
5542,1,1,0.522270679473877,1351,953,916,1957
5543,1,1,0.4798930883407593,1352,953,916,1957
5544,0,0,0.5259485840797424,1352,953,916,1958
5545,1,1,0.6075409054756165,1353,953,916,1958
5546,1,1,0.5148395299911499,1354,953,916,1958
5548,0,0,0.47434890270233154,1354,953,916,1959
5549,0,1,-0.6807754039764404,1354,953,917,1959
5550,0,0,0.5436515808105469,1354,953,917,1960
5551,0,0,0.5995733737945557,1354,953,917,1961
5552,1,1,0.6518386602401733,1355,953,917,1961
5553,0,1,-0.20246171951293945,1355,953,918,1961
5554,1,0,-0.5901111364364624,1355,954,918,1961
5555,1,1,0.5725145936012268,1356,954,918,1961
5556,0,1,-0.8002644777297974,1356,954,919,1961
5557,0,0,0.4670446515083313,1356,954,919,1962
5558,1,1,0.5443782210350037,1357,954,919,1962
5560,1,1,0.5516617894172668,1358,954,919,1962
5561,0,0,0.5041406154632568,1358,954,919,1963
5562,0,1,-0.8367393612861633,1358,954,920,1963
5563,1,1,0.5610844492912292,1359,954,920,1963
5564,0,1,-0.7593413591384888,1359,954,921,1963
5565,1,1,0.6674010157585144,1360,954,921,1963
5567,1,1,0.6508119106292725,1361,954,921,1963
5568,1,1,0.7468652725219727,1362,954,921,1963
5569,0,0,0.5960122346878052,1362,954,921,1964
5570,1,0,-0.7787333130836487,1362,955,921,1964
5571,0,1,-0.6414548754692078,1362,955,922,1964
5572,1,1,0.5299246907234192,1363,955,922,1964
5573,0,0,0.5725396871566772,1363,955,922,1965
5574,0,1,-0.9933591485023499,1363,955,923,1965
5576,1,1,0.750906765460968,1364,955,923,1965
5577,0,0,0.9158762097358704,1364,955,923,1966
5578,0,0,0.5104455351829529,1364,955,923,1967
5579,1,0,-0.7146778106689453,1364,956,923,1967
5580,1,1,0.6506800651550293,1365,956,923,1967
5581,0,1,-0.22033360600471497,1365,956,924,1967
5582,0,1,-0.2921600341796875,1365,956,925,1967
5583,0,1,-0.8047360181808472,1365,956,926,1967
5584,0,1,-0.33529433608055115,1365,956,927,1967
5585,1,1,0.03643615171313286,1366,956,927,1967
5586,0,0,0.49808469414711,1366,956,927,1968
5587,0,0,0.9256555438041687,1366,956,927,1969
5588,0,1,-0.9846662282943726,1366,956,928,1969
5589,0,1,-0.780830979347229,1366,956,929,1969
5590,1,1,0.7191838622093201,1367,956,929,1969
5591,1,1,0.7346485257148743,1368,956,929,1969
5592,0,0,0.06354882568120956,1368,956,929,1970
5593,0,0,0.3339909315109253,1368,956,929,1971
5594,1,1,0.7344912886619568,1369,956,929,1971
5595,0,0,0.5033397078514099,1369,956,929,1972
5596,1,1,0.8253839015960693,1370,956,929,1972
5597,1,1,0.724399209022522,1371,956,929,1972
5598,0,0,0.2970917224884033,1371,956,929,1973
5599,0,0,0.15467558801174164,1371,956,929,1974
5601,0,1,-1.0163146257400513,1371,956,930,1974
5602,1,1,0.5604419112205505,1372,956,930,1974
5603,1,1,0.5263218879699707,1373,956,930,1974
5604,1,1,0.6675254702568054,1374,956,930,1974
5605,1,1,0.6113487482070923,1375,956,930,1974
5607,0,0,0.1253858059644699,1375,956,930,1975
5608,1,1,0.7395908236503601,1376,956,930,1975
5610,0,0,0.5326647758483887,1376,956,930,1976
5611,0,1,-0.29093441367149353,1376,956,931,1976
5612,0,1,-0.8083046674728394,1376,956,932,1976
5613,0,0,0.617868185043335,1376,956,932,1977
5614,0,0,0.19497640430927277,1376,956,932,1978
5615,1,1,0.8245015740394592,1377,956,932,1978
5616,0,0,0.2863560616970062,1377,956,932,1979
5617,0,0,0.5100083947181702,1377,956,932,1980
5618,1,1,0.6226494908332825,1378,956,932,1980
5619,1,1,0.5801432132720947,1379,956,932,1980
5620,1,1,0.8284844756126404,1380,956,932,1980
5621,0,0,0.2927209734916687,1380,956,932,1981
5622,0,1,-0.16541731357574463,1380,956,933,1981
5623,0,1,-0.33540627360343933,1380,956,934,1981
5624,1,1,0.7487589120864868,1381,956,934,1981
5625,1,1,0.6867114901542664,1382,956,934,1981
5626,1,1,0.628281831741333,1383,956,934,1981
5627,0,1,-0.6268967390060425,1383,956,935,1981
5628,0,0,0.5223882794380188,1383,956,935,1982
5629,0,1,-0.883549690246582,1383,956,936,1982
5630,1,1,0.5119165182113647,1384,956,936,1982
5631,0,0,0.9096412062644958,1384,956,936,1983
5632,0,0,0.04831038415431976,1384,956,936,1984
5633,1,1,0.6309560537338257,1385,956,936,1984
5635,0,0,0.44987139105796814,1385,956,936,1985
5636,1,1,0.7686294913291931,1386,956,936,1985
5637,1,1,0.5298393368721008,1387,956,936,1985
5638,0,0,0.18457762897014618,1387,956,936,1986
5639,0,0,0.5043090581893921,1387,956,936,1987
5640,0,0,0.5754119157791138,1387,956,936,1988
5641,0,1,-0.8234961032867432,1387,956,937,1988
5642,0,1,-0.8977124094963074,1387,956,938,1988
5644,1,1,0.6589175462722778,1388,956,938,1988
5645,0,0,0.060767509043216705,1388,956,938,1989
5646,1,1,0.6443678140640259,1389,956,938,1989
5647,0,1,-0.809208333492279,1389,956,939,1989
5648,1,1,0.7608506083488464,1390,956,939,1989
5650,0,0,0.43083611130714417,1390,956,939,1990
5651,1,1,0.6559333801269531,1391,956,939,1990
5652,0,0,0.21393118798732758,1391,956,939,1991
5653,0,0,0.45215901732444763,1391,956,939,1992
5654,1,1,0.6125261187553406,1392,956,939,1992
5655,0,1,-0.27894410490989685,1392,956,940,1992
5656,1,1,0.6757506728172302,1393,956,940,1992
5657,1,1,0.6677804589271545,1394,956,940,1992
5658,0,0,0.4174262583255768,1394,956,940,1993
5659,0,0,0.431178480386734,1394,956,940,1994
5660,0,0,0.2851971685886383,1394,956,940,1995
5661,1,1,0.6695287227630615,1395,956,940,1995
5662,1,1,0.7491854429244995,1396,956,940,1995
5663,0,0,0.5798285603523254,1396,956,940,1996
5664,1,1,0.685453474521637,1397,956,940,1996
5665,0,0,0.07856791466474533,1397,956,940,1997
5666,1,1,0.6611265540122986,1398,956,940,1997
5667,1,1,0.5490021109580994,1399,956,940,1997
5668,0,0,0.23476874828338623,1399,956,940,1998
5670,1,1,0.7737606167793274,1400,956,940,1998
5671,1,1,0.8442105054855347,1401,956,940,1998
5672,1,1,0.6532284021377563,1402,956,940,1998
5673,1,1,0.6779278516769409,1403,956,940,1998
5675,1,1,0.6262420415878296,1404,956,940,1998
5676,0,0,0.5444555878639221,1404,956,940,1999
5677,1,1,0.8553246259689331,1405,956,940,1999
5678,1,1,0.838192343711853,1406,956,940,1999
5679,1,1,0.6565408110618591,1407,956,940,1999
5680,0,0,0.5902431607246399,1407,956,940,2000
5681,0,0,0.5981730818748474,1407,956,940,2001
5682,0,0,0.6062312722206116,1407,956,940,2002
5683,1,1,0.6989179253578186,1408,956,940,2002
5684,1,1,0.7628471851348877,1409,956,940,2002
5685,0,0,0.5560402274131775,1409,956,940,2003
5686,1,1,0.7702491283416748,1410,956,940,2003
5687,0,1,-0.675089955329895,1410,956,941,2003
5688,0,0,0.6165610551834106,1410,956,941,2004
5689,0,1,-0.796623170375824,1410,956,942,2004
5690,1,1,0.847391664981842,1411,956,942,2004
5691,0,1,-0.6955157518386841,1411,956,943,2004
5692,0,0,0.5531373620033264,1411,956,943,2005
5693,0,0,0.4528162479400635,1411,956,943,2006
5694,0,0,0.8652337193489075,1411,956,943,2007
5695,0,0,0.5927475094795227,1411,956,943,2008
5697,0,1,-0.8903230428695679,1411,956,944,2008
5698,0,0,0.4792196452617645,1411,956,944,2009
5699,0,0,0.5134678483009338,1411,956,944,2010
5700,0,1,-0.8054913878440857,1411,956,945,2010
5701,0,0,0.5157530903816223,1411,956,945,2011
5702,0,1,-1.026467204093933,1411,956,946,2011
5703,0,0,0.5525578260421753,1411,956,946,2012
5704,0,0,0.46200940012931824,1411,956,946,2013
5705,0,0,0.42784184217453003,1411,956,946,2014
5706,1,1,0.5698328018188477,1412,956,946,2014
5709,1,1,0.5651670098304749,1413,956,946,2014
5710,1,1,0.6936289668083191,1414,956,946,2014
5711,0,0,0.5848138332366943,1414,956,946,2015
5712,0,0,0.44191643595695496,1414,956,946,2016
5713,0,0,0.4923260807991028,1414,956,946,2017
5714,1,1,0.7871271967887878,1415,956,946,2017
5715,0,0,0.5711348056793213,1415,956,946,2018
5716,1,1,0.853230357170105,1416,956,946,2018
5718,1,1,0.6608760356903076,1417,956,946,2018
5719,1,1,0.5938197374343872,1418,956,946,2018
5720,0,0,0.6247346997261047,1418,956,946,2019
5721,1,1,0.7883974313735962,1419,956,946,2019
5722,0,1,-0.2599726617336273,1419,956,947,2019
5723,1,1,0.8657576441764832,1420,956,947,2019
5724,0,0,-0.002873956458643079,1420,956,947,2020
5725,0,0,0.6714616417884827,1420,956,947,2021
5726,0,1,-0.8028620481491089,1420,956,948,2021
5727,1,1,0.8687780499458313,1421,956,948,2021
5729,1,1,0.5753296613693237,1422,956,948,2021
5730,0,1,-0.22704124450683594,1422,956,949,2021
5732,1,1,0.8652628064155579,1423,956,949,2021
5733,0,1,-0.660598874092102,1423,956,950,2021
5734,0,0,0.28340843319892883,1423,956,950,2022
5735,1,1,0.8717032074928284,1424,956,950,2022
5736,1,1,0.6668177843093872,1425,956,950,2022
5737,1,1,0.7758672833442688,1426,956,950,2022
5738,0,0,0.526464581489563,1426,956,950,2023
5739,0,0,0.48414552211761475,1426,956,950,2024
5740,0,0,0.9277603626251221,1426,956,950,2025
5741,1,1,0.7799196839332581,1427,956,950,2025
5742,0,1,-0.8441243171691895,1427,956,951,2025
5744,0,0,0.3872646689414978,1427,956,951,2026
5745,1,1,0.7834802269935608,1428,956,951,2026
5746,0,0,0.6055689454078674,1428,956,951,2027
5747,1,1,0.5179857015609741,1429,956,951,2027
5748,1,0,-0.11032462865114212,1429,957,951,2027
5749,0,0,0.5520193576812744,1429,957,951,2028
5750,0,0,0.6144018173217773,1429,957,951,2029
5751,1,1,0.6408727169036865,1430,957,951,2029
5753,1,1,0.8107285499572754,1431,957,951,2029
5754,1,1,0.6877785921096802,1432,957,951,2029
5755,1,1,0.6668563485145569,1433,957,951,2029
5756,1,1,0.7664996981620789,1434,957,951,2029
5757,0,0,0.6314476728439331,1434,957,951,2030
5759,0,1,-0.25005921721458435,1434,957,952,2030
5760,1,1,0.1014389842748642,1435,957,952,2030
5761,1,0,-0.17602616548538208,1435,958,952,2030
5762,0,0,-0.015717310830950737,1435,958,952,2031
5763,1,0,-0.5620718598365784,1435,959,952,2031
5764,1,1,0.7171337008476257,1436,959,952,2031
5765,0,0,0.5288461446762085,1436,959,952,2032
5768,1,1,0.6164367198944092,1437,959,952,2032
5769,0,0,-0.04958569258451462,1437,959,952,2033
5770,0,0,0.602426290512085,1437,959,952,2034
5771,0,0,-0.06797575950622559,1437,959,952,2035
5772,1,1,0.6199541687965393,1438,959,952,2035
5773,0,0,0.46859273314476013,1438,959,952,2036
5774,0,1,-0.9283202886581421,1438,959,953,2036
5775,0,0,0.4316609501838684,1438,959,953,2037
5776,1,1,0.5858286619186401,1439,959,953,2037
5777,0,0,0.4075520634651184,1439,959,953,2038
5778,0,0,-0.021046152338385582,1439,959,953,2039
5779,1,1,0.7989910244941711,1440,959,953,2039
5780,1,1,0.5723978877067566,1441,959,953,2039
5781,0,0,0.6111522912979126,1441,959,953,2040
5782,0,0,0.4728217124938965,1441,959,953,2041
5784,1,1,0.6345568895339966,1442,959,953,2041
5786,0,0,-0.06037026643753052,1442,959,953,2042
5787,1,1,0.7236301302909851,1443,959,953,2042
5788,0,1,-0.8607252836227417,1443,959,954,2042
5789,0,0,0.5240737199783325,1443,959,954,2043
5790,1,0,-0.06183214485645294,1443,960,954,2043
5791,1,1,0.5530816912651062,1444,960,954,2043
5792,0,1,-0.37108537554740906,1444,960,955,2043
5793,1,1,0.7872765064239502,1445,960,955,2043
5794,0,0,0.10134249925613403,1445,960,955,2044
5795,0,1,-0.8445798754692078,1445,960,956,2044
5796,1,1,0.19028866291046143,1446,960,956,2044
5797,0,0,0.5050256848335266,1446,960,956,2045
5798,1,0,-0.43263596296310425,1446,961,956,2045
5799,1,1,0.5906947255134583,1447,961,956,2045
5800,0,0,0.5320464372634888,1447,961,956,2046
5801,0,0,0.4321444034576416,1447,961,956,2047
5802,0,1,-0.3286334276199341,1447,961,957,2047
5804,0,0,0.05375256761908531,1447,961,957,2048
5805,1,1,0.7945659756660461,1448,961,957,2048
5806,0,0,0.46772053837776184,1448,961,957,2049
5807,1,1,0.72841876745224,1449,961,957,2049
5808,1,1,0.7186670899391174,1450,961,957,2049
5809,0,0,0.5740219950675964,1450,961,957,2050
5810,1,0,-0.07311893254518509,1450,962,957,2050
5811,0,0,0.5971173644065857,1450,962,957,2051
5812,0,1,-0.15724720060825348,1450,962,958,2051
5813,0,1,-0.9396089315414429,1450,962,959,2051
5814,0,0,0.5945451855659485,1450,962,959,2052
5815,1,1,0.8142474889755249,1451,962,959,2052
5816,0,0,0.5948300957679749,1451,962,959,2053
5817,0,0,0.6043561697006226,1451,962,959,2054
5818,0,0,0.5222936272621155,1451,962,959,2055
5819,0,1,-0.7123170495033264,1451,962,960,2055
5820,0,0,0.6527624726295471,1451,962,960,2056
5821,0,0,0.423054039478302,1451,962,960,2057
5822,1,1,0.706035315990448,1452,962,960,2057
5823,1,1,0.7166644930839539,1453,962,960,2057
5824,1,0,-0.3886139392852783,1453,963,960,2057
5825,0,0,0.5220672488212585,1453,963,960,2058
5826,1,1,0.728420078754425,1454,963,960,2058
5827,1,1,0.7161889672279358,1455,963,960,2058
5828,0,0,0.9262933135032654,1455,963,960,2059
5829,0,1,-0.8433153629302979,1455,963,961,2059
5830,0,0,0.4783379137516022,1455,963,961,2060
5831,1,0,-0.0459810309112072,1455,964,961,2060
5832,1,0,-0.36323830485343933,1455,965,961,2060
5833,1,1,0.8066045641899109,1456,965,961,2060
5834,0,0,0.415512353181839,1456,965,961,2061
5835,1,1,0.573084831237793,1457,965,961,2061
5836,0,0,0.45636099576950073,1457,965,961,2062
5837,0,0,0.5498566031455994,1457,965,961,2063
5839,1,1,0.7217949628829956,1458,965,961,2063
5840,1,1,0.5262315273284912,1459,965,961,2063
5841,1,1,0.7183219790458679,1460,965,961,2063
5842,0,0,0.6124059557914734,1460,965,961,2064
5843,1,1,0.553669273853302,1461,965,961,2064
5844,0,1,-0.8617204427719116,1461,965,962,2064
5845,1,1,0.7293434739112854,1462,965,962,2064
5847,0,0,0.6356359720230103,1462,965,962,2065
5848,1,1,0.7472020387649536,1463,965,962,2065
5849,1,1,0.5733775496482849,1464,965,962,2065
5850,0,1,-0.8317016959190369,1464,965,963,2065
5851,1,1,0.8285144567489624,1465,965,963,2065
5852,0,0,0.9193452596664429,1465,965,963,2066
5853,0,0,0.4340725243091583,1465,965,963,2067
5854,1,1,0.6011694073677063,1466,965,963,2067
5855,0,0,0.5842822790145874,1466,965,963,2068
5856,0,0,0.48038771748542786,1466,965,963,2069
5857,0,0,0.30529579520225525,1466,965,963,2070
5858,0,0,0.4148540794849396,1466,965,963,2071
5859,1,1,0.625076949596405,1467,965,963,2071
5860,0,1,-0.7185589671134949,1467,965,964,2071
5861,1,1,0.7206652760505676,1468,965,964,2071
5862,1,1,0.7101248502731323,1469,965,964,2071
5863,1,1,0.6066446304321289,1470,965,964,2071
5864,1,0,-0.4162409007549286,1470,966,964,2071
5865,1,1,0.7406690120697021,1471,966,964,2071
5866,0,0,0.5425869226455688,1471,966,964,2072
5867,0,1,-0.8611566424369812,1471,966,965,2072
5868,0,1,-0.8806743025779724,1471,966,966,2072
5869,0,1,-0.8766127824783325,1471,966,967,2072
5870,1,1,0.5760858058929443,1472,966,967,2072
5871,0,0,0.487586110830307,1472,966,967,2073
5872,1,1,0.728751540184021,1473,966,967,2073
5873,1,1,0.7273154854774475,1474,966,967,2073
5875,1,1,0.7430424690246582,1475,966,967,2073
5876,1,1,0.809758186340332,1476,966,967,2073
5877,0,1,-0.7148606181144714,1476,966,968,2073
5878,1,0,-0.41750285029411316,1476,967,968,2073
5879,0,1,-0.750622034072876,1476,967,969,2073
5880,1,1,0.5922354459762573,1477,967,969,2073
5881,0,0,0.08765699714422226,1477,967,969,2074
5882,0,0,0.25483542680740356,1477,967,969,2075
5883,1,1,0.6457266211509705,1478,967,969,2075
5884,0,0,0.38958740234375,1478,967,969,2076
5885,0,1,-0.8148069381713867,1478,967,970,2076
5886,1,0,-0.41615188121795654,1478,968,970,2076
5887,0,0,0.5715257525444031,1478,968,970,2077
5888,0,0,0.5910990238189697,1478,968,970,2078
5890,1,1,0.7404432892799377,1479,968,970,2078
5891,0,0,0.514309823513031,1479,968,970,2079
5892,0,0,0.45556870102882385,1479,968,970,2080
5893,1,1,0.6270285844802856,1480,968,970,2080
5894,0,0,-0.11307696253061295,1480,968,970,2081
5895,0,0,0.35260194540023804,1480,968,970,2082
5896,0,0,0.5108128786087036,1480,968,970,2083
5897,1,1,0.6075477004051208,1481,968,970,2083
5899,1,1,0.7769148349761963,1482,968,970,2083
5900,1,1,0.565197765827179,1483,968,970,2083
5901,0,0,0.3701687753200531,1483,968,970,2084
5902,1,1,0.6311365962028503,1484,968,970,2084
5903,1,1,0.6141715049743652,1485,968,970,2084
5904,1,1,0.6174567341804504,1486,968,970,2084
5905,0,0,0.47525301575660706,1486,968,970,2085
5907,0,1,-0.8600444793701172,1486,968,971,2085
5908,0,0,0.38783976435661316,1486,968,971,2086
5909,1,1,0.6013105511665344,1487,968,971,2086
5910,1,0,-0.35391858220100403,1487,969,971,2086
5911,0,0,0.5094010829925537,1487,969,971,2087
5912,1,1,0.5870007276535034,1488,969,971,2087
5913,0,0,0.19887495040893555,1488,969,971,2088
5914,1,1,0.7364634275436401,1489,969,971,2088
5915,0,0,0.5156952142715454,1489,969,971,2089
5916,1,1,0.7271192669868469,1490,969,971,2089
5917,1,1,0.5902547240257263,1491,969,971,2089
5918,0,1,-0.24100162088871002,1491,969,972,2089
5919,0,0,0.5068036913871765,1491,969,972,2090
5920,0,0,0.37017229199409485,1491,969,972,2091
5921,0,1,-0.8114185333251953,1491,969,973,2091
5922,1,0,-0.37516993284225464,1491,970,973,2091
5923,0,0,0.3867897093296051,1491,970,973,2092
5924,1,1,0.6978956460952759,1492,970,973,2092
5925,1,0,-0.42503049969673157,1492,971,973,2092
5926,1,1,0.6286316514015198,1493,971,973,2092
5927,1,1,0.7346579432487488,1494,971,973,2092
5928,0,0,0.5472140908241272,1494,971,973,2093
5929,1,0,-0.6894360184669495,1494,972,973,2093
5930,1,1,0.740065336227417,1495,972,973,2093
5932,1,0,-0.3295798897743225,1495,973,973,2093
5933,0,0,0.5259014964103699,1495,973,973,2094
5934,0,0,0.5101339817047119,1495,973,973,2095
5935,1,1,0.7426067590713501,1496,973,973,2095
5936,0,0,0.40583014488220215,1496,973,973,2096
5937,0,0,0.1824050098657608,1496,973,973,2097
5938,1,0,-0.3756259083747864,1496,974,973,2097
5939,0,0,0.6479220390319824,1496,974,973,2098
5940,1,1,0.7035471796989441,1497,974,973,2098
5941,0,0,0.4927453100681305,1497,974,973,2099
5942,1,1,0.6423395872116089,1498,974,973,2099
5943,1,0,-0.4297616183757782,1498,975,973,2099
5944,0,1,-0.8042010068893433,1498,975,974,2099
5945,0,0,0.4831725060939789,1498,975,974,2100
5946,0,0,0.5080838203430176,1498,975,974,2101
5947,1,1,0.7589209675788879,1499,975,974,2101
5948,1,0,-0.6041576266288757,1499,976,974,2101
5949,0,0,0.5554845333099365,1499,976,974,2102
5950,1,1,0.7428810596466064,1500,976,974,2102
5951,1,0,-0.34923073649406433,1500,977,974,2102
5952,0,0,0.9301831722259521,1500,977,974,2103
5953,1,1,0.7356982827186584,1501,977,974,2103
5954,0,0,0.4048793911933899,1501,977,974,2104
5955,0,0,0.10397139191627502,1501,977,974,2105
5956,0,0,0.6098372936248779,1501,977,974,2106
5957,0,1,-0.834370493888855,1501,977,975,2106
5958,1,0,-0.3894582986831665,1501,978,975,2106
5959,1,1,0.7369257807731628,1502,978,975,2106
5960,0,0,0.43141090869903564,1502,978,975,2107
5961,1,0,-0.3986789584159851,1502,979,975,2107
5962,0,0,0.5571720004081726,1502,979,975,2108
5963,0,0,0.4376617670059204,1502,979,975,2109
5964,0,1,-0.8970906734466553,1502,979,976,2109
5965,1,0,-0.6147345304489136,1502,980,976,2109
5966,1,1,0.7703222632408142,1503,980,976,2109
5967,1,1,0.6715080738067627,1504,980,976,2109
5968,1,1,0.7475351095199585,1505,980,976,2109
5969,1,1,0.7532548904418945,1506,980,976,2109
5970,0,0,0.49197646975517273,1506,980,976,2110
5972,1,0,-0.3980981111526489,1506,981,976,2110
5974,0,0,0.40059298276901245,1506,981,976,2111
5975,1,1,0.7579967975616455,1507,981,976,2111
5976,1,1,0.7639899253845215,1508,981,976,2111
5977,0,0,0.3970615863800049,1508,981,976,2112
5978,1,0,-0.3656966984272003,1508,982,976,2112
5979,1,1,0.6090167760848999,1509,982,976,2112
5980,1,1,0.8142435550689697,1510,982,976,2112
5981,0,0,0.16065548360347748,1510,982,976,2113
5982,0,0,0.26176899671554565,1510,982,976,2114
5983,0,0,0.25032752752304077,1510,982,976,2115
5984,0,0,0.4527526795864105,1510,982,976,2116
5985,0,0,0.4159146547317505,1510,982,976,2117
5986,0,0,0.38299620151519775,1510,982,976,2118
5987,0,0,0.4069536328315735,1510,982,976,2119
5988,1,1,0.6650382876396179,1511,982,976,2119
5989,0,0,0.5583627223968506,1511,982,976,2120
5990,1,1,0.7529537081718445,1512,982,976,2120
5991,0,0,0.46641772985458374,1512,982,976,2121
5992,0,0,0.43518000841140747,1512,982,976,2122
5993,0,0,0.5251768231391907,1512,982,976,2123
5994,1,0,-0.2590183615684509,1512,983,976,2123
5995,0,1,-0.8906742334365845,1512,983,977,2123
5996,0,0,0.24554386734962463,1512,983,977,2124
5997,0,0,0.4381217062473297,1512,983,977,2125
5998,1,1,0.6164398193359375,1513,983,977,2125
5999,1,1,0.7486637234687805,1514,983,977,2125
6000,1,0,-0.37199217081069946,1514,984,977,2125
6001,1,1,0.7573797106742859,1515,984,977,2125
6002,0,0,0.37123510241508484,1515,984,977,2126
6003,1,0,-0.40275031328201294,1515,985,977,2126
6004,1,1,0.765263020992279,1516,985,977,2126
6005,0,0,0.594208836555481,1516,985,977,2127
6006,0,0,0.1518860161304474,1516,985,977,2128
6007,0,0,0.6127907633781433,1516,985,977,2129
6009,1,1,0.6025025844573975,1517,985,977,2129
6010,1,0,-0.45650625228881836,1517,986,977,2129
6011,0,0,0.4805337190628052,1517,986,977,2130
6012,0,0,0.3029751777648926,1517,986,977,2131
6013,0,0,0.9194371104240417,1517,986,977,2132
6014,0,0,0.6211901903152466,1517,986,977,2133
6015,0,0,0.5471603870391846,1517,986,977,2134
6016,1,1,0.6231819987297058,1518,986,977,2134
6017,0,0,0.3845091164112091,1518,986,977,2135
6018,0,0,0.10548780113458633,1518,986,977,2136
6019,1,1,0.7676523327827454,1519,986,977,2136
6021,0,0,0.5363423228263855,1519,986,977,2137
6022,1,1,0.7717576622962952,1520,986,977,2137
6024,0,1,-0.7408425211906433,1520,986,978,2137
6025,1,1,0.6883650422096252,1521,986,978,2137
6026,1,0,-0.3847726881504059,1521,987,978,2137
6027,0,0,0.5182443857192993,1521,987,978,2138
6028,1,1,0.7469995021820068,1522,987,978,2138
6029,1,0,-0.36970269680023193,1522,988,978,2138
6030,0,1,-0.9335775375366211,1522,988,979,2138
6031,1,1,0.6741460561752319,1523,988,979,2138
6032,0,0,0.38093388080596924,1523,988,979,2139
6033,0,0,0.5110469460487366,1523,988,979,2140
6034,0,0,0.40389981865882874,1523,988,979,2141
6035,0,0,0.5546927452087402,1523,988,979,2142
6036,0,0,0.5742006897926331,1523,988,979,2143
6039,1,1,0.6263430118560791,1524,988,979,2143
6040,1,0,-0.5059316754341125,1524,989,979,2143
6041,1,1,0.6340340375900269,1525,989,979,2143
6042,0,0,0.45288464426994324,1525,989,979,2144
6043,0,0,0.3950456380844116,1525,989,979,2145
6044,1,1,0.753709614276886,1526,989,979,2145
6045,1,1,0.20780126750469208,1527,989,979,2145
6046,1,1,0.6469627618789673,1528,989,979,2145
6047,0,0,0.317841500043869,1528,989,979,2146
6049,0,0,0.5688693523406982,1528,989,979,2147
6050,1,0,-0.3536348342895508,1528,990,979,2147
6051,0,0,0.3807627856731415,1528,990,979,2148
6052,0,0,0.6016374230384827,1528,990,979,2149
6053,1,1,0.7871783375740051,1529,990,979,2149
6054,0,0,0.38371703028678894,1529,990,979,2150
6055,1,1,0.6634747385978699,1530,990,979,2150
6056,0,0,0.3962724208831787,1530,990,979,2151
6057,1,1,0.635671079158783,1531,990,979,2151
6058,1,0,-0.5179124474525452,1531,991,979,2151
6059,1,1,0.2268705517053604,1532,991,979,2151
6060,1,1,0.7849363088607788,1533,991,979,2151
6061,1,1,0.6440808176994324,1534,991,979,2151
6062,1,0,-0.7399218082427979,1534,992,979,2151
6063,0,0,0.43622905015945435,1534,992,979,2152
6064,0,1,-0.8144055008888245,1534,992,980,2152
6065,0,0,0.43916651606559753,1534,992,980,2153
6066,0,0,0.3941909372806549,1534,992,980,2154
6067,1,1,0.7788981199264526,1535,992,980,2154
6068,1,1,0.7238486409187317,1536,992,980,2154
6069,1,0,-0.5308132171630859,1536,993,980,2154
6070,0,0,0.4482486844062805,1536,993,980,2155
6071,1,1,0.7297461032867432,1537,993,980,2155
6072,0,0,0.39219585061073303,1537,993,980,2156
6073,0,1,-0.8246742486953735,1537,993,981,2156
6074,1,1,0.6016294360160828,1538,993,981,2156
6075,0,0,-0.09800421446561813,1538,993,981,2157
6077,0,0,0.6310078501701355,1538,993,981,2158
6078,0,0,0.4058683514595032,1538,993,981,2159
6079,1,0,-0.5317250490188599,1538,994,981,2159
6080,0,0,0.3943655788898468,1538,994,981,2160
6081,1,1,0.7769917845726013,1539,994,981,2160
6082,1,1,0.6953137516975403,1540,994,981,2160
6083,1,1,0.30883798003196716,1541,994,981,2160
6084,0,0,0.49450185894966125,1541,994,981,2161
6085,0,0,0.41556036472320557,1541,994,981,2162
6086,0,0,0.47544237971305847,1541,994,981,2163
6087,1,1,0.6702380180358887,1542,994,981,2163
6088,0,1,-0.8689206838607788,1542,994,982,2163
6089,0,0,0.4056608974933624,1542,994,982,2164
6090,0,0,0.48568981885910034,1542,994,982,2165
6091,0,1,-0.9675928950309753,1542,994,983,2165
6092,0,0,0.5239201784133911,1542,994,983,2166
6093,1,1,0.786793053150177,1543,994,983,2166
6094,1,0,-0.6907883286476135,1543,995,983,2166
6095,0,1,-0.3658084273338318,1543,995,984,2166
6096,1,1,0.7732911109924316,1544,995,984,2166
6097,0,1,-0.9457901120185852,1544,995,985,2166
6098,1,1,0.7878857851028442,1545,995,985,2166
6099,0,0,0.4854835569858551,1545,995,985,2167
6100,0,0,0.1150420680642128,1545,995,985,2168
6101,0,0,0.17587529122829437,1545,995,985,2169
6102,1,1,0.654564380645752,1546,995,985,2169
6103,1,0,-0.5276084542274475,1546,996,985,2169
6104,0,0,0.5036960244178772,1546,996,985,2170
6105,0,0,0.49973130226135254,1546,996,985,2171
6106,1,1,0.6792168021202087,1547,996,985,2171
6107,0,0,0.4797668159008026,1547,996,985,2172
6108,1,1,0.6505899429321289,1548,996,985,2172
6109,0,0,0.21925762295722961,1548,996,985,2173
6110,1,1,0.2849332094192505,1549,996,985,2173
6111,1,1,0.7505572438240051,1550,996,985,2173
6112,1,1,0.6669247150421143,1551,996,985,2173
6113,1,1,0.6499250531196594,1552,996,985,2173
6114,1,1,0.2271120846271515,1553,996,985,2173
6115,1,1,0.6245191693305969,1554,996,985,2173
6116,0,0,0.22179684042930603,1554,996,985,2174
6117,1,1,0.6734023094177246,1555,996,985,2174
6118,1,1,0.7128996253013611,1556,996,985,2174
6119,1,1,0.7068639993667603,1557,996,985,2174
6120,0,0,0.5006804466247559,1557,996,985,2175
6121,0,0,0.6172757148742676,1557,996,985,2176
6122,0,1,-0.27483707666397095,1557,996,986,2176
6123,0,1,-0.9485499858856201,1557,996,987,2176
6124,1,1,0.6150478720664978,1558,996,987,2176
6125,0,1,-0.5007964968681335,1558,996,988,2176
6126,0,1,-0.9548774361610413,1558,996,989,2176
6127,0,0,0.5135968923568726,1558,996,989,2177
6128,1,1,0.34027424454689026,1559,996,989,2177
6129,0,0,0.4631308317184448,1559,996,989,2178
6130,1,1,0.26144304871559143,1560,996,989,2178
6131,0,0,0.4408245384693146,1560,996,989,2179
6132,1,1,0.6518639326095581,1561,996,989,2179
6133,1,0,-0.7321493625640869,1561,997,989,2179
6134,1,1,0.6769940853118896,1562,997,989,2179
6135,1,0,-0.502251923084259,1562,998,989,2179
6137,1,1,0.19006787240505219,1563,998,989,2179
6138,0,0,0.4056950807571411,1563,998,989,2180
6139,1,1,0.7102133631706238,1564,998,989,2180
6140,0,0,0.4864257872104645,1564,998,989,2181
6141,0,1,-0.9219884872436523,1564,998,990,2181
6142,1,1,0.6740779280662537,1565,998,990,2181
6143,1,1,-0.013978472910821438,1566,998,990,2181
6144,0,0,0.4481840431690216,1566,998,990,2182
6145,1,1,0.6923991441726685,1567,998,990,2182
6146,1,1,0.33559614419937134,1568,998,990,2182
6147,1,1,0.18953841924667358,1569,998,990,2182
6148,0,0,0.5881898403167725,1569,998,990,2183
6149,1,1,0.03290295973420143,1570,998,990,2183
6151,0,0,0.5956507325172424,1570,998,990,2184
6152,1,1,0.6448956727981567,1571,998,990,2184
6154,1,1,0.20571273565292358,1572,998,990,2184
6155,0,0,0.6054175496101379,1572,998,990,2185
6157,1,1,0.029719894751906395,1573,998,990,2185
6158,0,0,-0.0881543681025505,1573,998,990,2186
6160,1,1,0.6443058252334595,1574,998,990,2186
6161,0,0,0.5966636538505554,1574,998,990,2187
6162,0,0,0.4736802577972412,1574,998,990,2188
6163,1,1,0.7013983726501465,1575,998,990,2188
6164,0,0,0.9312039613723755,1575,998,990,2189
6166,1,0,-0.5412057638168335,1575,999,990,2189
6167,1,1,0.3362995982170105,1576,999,990,2189
6168,0,0,0.5611444115638733,1576,999,990,2190
6169,1,1,0.6813865303993225,1577,999,990,2190
6170,1,1,0.2666073143482208,1578,999,990,2190
6171,1,1,0.638878583908081,1579,999,990,2190
6172,0,0,0.9257133603096008,1579,999,990,2191
6173,1,0,-0.5419257879257202,1579,1000,990,2191
6174,1,1,0.04842468723654747,1580,1000,990,2191
6175,1,1,0.08102018386125565,1581,1000,990,2191
6176,0,0,0.4999180734157562,1581,1000,990,2192
6177,1,0,-0.49956685304641724,1581,1001,990,2192
6178,1,1,0.6369600892066956,1582,1001,990,2192
6179,1,0,-0.5160762071609497,1582,1002,990,2192
6180,1,1,0.2816365659236908,1583,1002,990,2192
6181,0,0,0.6260771155357361,1583,1002,990,2193
6182,0,0,0.6450279355049133,1583,1002,990,2194
6183,1,1,0.6371473670005798,1584,1002,990,2194
6185,1,1,0.6796149611473083,1585,1002,990,2194
6186,0,0,0.2416912168264389,1585,1002,990,2195
6187,1,1,0.35613471269607544,1586,1002,990,2195
6188,1,1,0.690205454826355,1587,1002,990,2195
6189,0,0,0.4281323552131653,1587,1002,990,2196
6190,0,1,-0.20329207181930542,1587,1002,991,2196
6191,0,0,0.6108560562133789,1587,1002,991,2197
6192,1,1,0.6606977581977844,1588,1002,991,2197
6193,0,0,0.5325440764427185,1588,1002,991,2198
6194,1,1,0.06308434903621674,1589,1002,991,2198
6195,1,1,0.08086908608675003,1590,1002,991,2198
6196,0,0,0.37966033816337585,1590,1002,991,2199
6198,0,0,0.38731011748313904,1590,1002,991,2200
6199,0,0,0.530787467956543,1590,1002,991,2201
6200,1,1,0.6646630167961121,1591,1002,991,2201
6201,1,1,0.3246038556098938,1592,1002,991,2201
6202,0,0,0.6047489643096924,1592,1002,991,2202
6203,1,1,0.37272945046424866,1593,1002,991,2202
6204,0,1,-0.8575605154037476,1593,1002,992,2202
6205,1,1,0.6436339616775513,1594,1002,992,2202
6206,1,1,0.12690205872058868,1595,1002,992,2202
6207,1,1,0.6796813607215881,1596,1002,992,2202
6208,0,0,0.49077799916267395,1596,1002,992,2203
6209,0,0,0.5057965517044067,1596,1002,992,2204
6210,0,1,-0.7619573473930359,1596,1002,993,2204
6211,0,0,0.5054905414581299,1596,1002,993,2205
6212,1,1,0.7173728346824646,1597,1002,993,2205
6213,1,1,0.7363722920417786,1598,1002,993,2205
6214,0,0,0.5450195670127869,1598,1002,993,2206
6215,1,1,0.6909118294715881,1599,1002,993,2206
6216,1,1,0.2631300091743469,1600,1002,993,2206
6217,0,0,0.46882131695747375,1600,1002,993,2207
6218,0,0,0.45851683616638184,1600,1002,993,2208
6219,0,0,0.4662906527519226,1600,1002,993,2209
6220,1,0,-0.5687139630317688,1600,1003,993,2209
6221,0,0,0.38375118374824524,1600,1003,993,2210
6222,0,0,0.5882552266120911,1600,1003,993,2211
6224,0,1,-0.4293263554573059,1600,1003,994,2211
6225,0,0,0.38380786776542664,1600,1003,994,2212
6226,0,0,0.39901003241539,1600,1003,994,2213
6227,0,0,0.5456398725509644,1600,1003,994,2214
6228,1,1,0.6248988509178162,1601,1003,994,2214
6229,0,0,0.4000452160835266,1601,1003,994,2215
6230,1,1,0.28563177585601807,1602,1003,994,2215
6231,1,1,0.0678316205739975,1603,1003,994,2215
6232,0,0,0.4024854302406311,1603,1003,994,2216
6233,0,0,0.4815369248390198,1603,1003,994,2217
6234,1,1,0.7219846248626709,1604,1003,994,2217
6235,1,1,-0.0373082160949707,1605,1003,994,2217
6236,1,1,0.3523879945278168,1606,1003,994,2217
6237,0,0,0.6242045760154724,1606,1003,994,2218
6238,1,1,0.6881765127182007,1607,1003,994,2218
6239,1,1,0.7108211517333984,1608,1003,994,2218
6240,1,0,-0.5448755621910095,1608,1004,994,2218
6241,1,0,-0.5100767612457275,1608,1005,994,2218
6242,1,1,0.6941300630569458,1609,1005,994,2218
6244,1,0,-0.5445995926856995,1609,1006,994,2218
6246,1,0,-0.5326328873634338,1609,1007,994,2218
6248,1,1,0.3802143633365631,1610,1007,994,2218
6249,1,1,0.7238585352897644,1611,1007,994,2218
6250,0,1,-0.19436880946159363,1611,1007,995,2218
6251,0,1,-0.8927536606788635,1611,1007,996,2218
6252,1,1,0.6514225006103516,1612,1007,996,2218
6253,1,1,0.2997075021266937,1613,1007,996,2218
6254,0,0,0.5761523246765137,1613,1007,996,2219
6255,0,0,0.24140897393226624,1613,1007,996,2220
6256,0,1,-0.2679111361503601,1613,1007,997,2220
6257,1,1,0.3363429307937622,1614,1007,997,2220
6259,0,0,0.8591766953468323,1614,1007,997,2221
6260,0,0,0.33455878496170044,1614,1007,997,2222
6261,1,0,-0.537373423576355,1614,1008,997,2222
6262,1,1,0.7399961948394775,1615,1008,997,2222
6263,0,0,0.5829835534095764,1615,1008,997,2223
6264,0,0,0.477822870016098,1615,1008,997,2224
6265,1,1,0.6446849703788757,1616,1008,997,2224
6267,1,1,0.08336107432842255,1617,1008,997,2224
6268,0,0,0.506447970867157,1617,1008,997,2225
6269,0,0,0.6426321864128113,1617,1008,997,2226
6270,1,1,0.694935142993927,1618,1008,997,2226
6271,0,0,0.3804849088191986,1618,1008,997,2227
6272,1,1,0.6342800855636597,1619,1008,997,2227
6273,1,1,0.09803126007318497,1620,1008,997,2227
6274,1,1,0.2961818277835846,1621,1008,997,2227
6275,0,0,0.5328606367111206,1621,1008,997,2228
6276,0,0,0.3553182780742645,1621,1008,997,2229
6277,0,0,0.45927202701568604,1621,1008,997,2230
6279,1,0,-0.5074921250343323,1621,1009,997,2230
6280,1,1,0.725238561630249,1622,1009,997,2230
6281,0,0,0.5952385663986206,1622,1009,997,2231
6282,1,1,0.36101922392845154,1623,1009,997,2231
6283,0,1,-0.4394488036632538,1623,1009,998,2231
6284,0,0,0.4823610484600067,1623,1009,998,2232
6285,0,1,-0.4497636556625366,1623,1009,999,2232
6286,0,0,0.5873646140098572,1623,1009,999,2233
6287,1,1,0.6538311839103699,1624,1009,999,2233
6288,1,1,0.36563169956207275,1625,1009,999,2233
6289,1,1,0.7292035818099976,1626,1009,999,2233
6290,0,0,0.36759233474731445,1626,1009,999,2234
6291,1,1,0.7226925492286682,1627,1009,999,2234
6292,1,1,0.7412881851196289,1628,1009,999,2234
6294,0,0,0.48069941997528076,1628,1009,999,2235
6295,1,1,0.6390529274940491,1629,1009,999,2235
6297,1,1,0.7290670275688171,1630,1009,999,2235
6298,0,0,0.46777451038360596,1630,1009,999,2236
6299,0,0,0.35846608877182007,1630,1009,999,2237
6300,0,0,0.3959830403327942,1630,1009,999,2238
6301,0,0,0.44502508640289307,1630,1009,999,2239
6302,1,1,0.3049207925796509,1631,1009,999,2239
6304,1,1,0.6845746040344238,1632,1009,999,2239
6305,0,0,0.32672497630119324,1632,1009,999,2240
6307,0,0,0.4761689305305481,1632,1009,999,2241
6308,0,0,0.4879647493362427,1632,1009,999,2242
6309,1,0,-0.5224767923355103,1632,1010,999,2242
6311,0,0,0.4125882387161255,1632,1010,999,2243
6312,1,1,0.7778407335281372,1633,1010,999,2243
6313,0,0,0.4811089336872101,1633,1010,999,2244
6314,0,0,0.2781175673007965,1633,1010,999,2245
6315,0,0,0.41299372911453247,1633,1010,999,2246
6317,0,1,-0.5445148944854736,1633,1010,1000,2246
6318,0,0,0.5521861910820007,1633,1010,1000,2247
6319,0,0,0.5982954502105713,1633,1010,1000,2248
6320,0,0,0.5540599226951599,1633,1010,1000,2249
6321,1,1,0.37011441588401794,1634,1010,1000,2249
6322,1,0,-0.5025196075439453,1634,1011,1000,2249
6323,0,1,-0.5837240815162659,1634,1011,1001,2249
6324,0,0,0.3744964301586151,1634,1011,1001,2250
6325,1,0,-0.5083777904510498,1634,1012,1001,2250
6326,1,1,0.6837952733039856,1635,1012,1001,2250
6327,0,0,0.39532381296157837,1635,1012,1001,2251
6328,0,0,0.08178601413965225,1635,1012,1001,2252
6329,1,1,0.661878764629364,1636,1012,1001,2252
6330,1,1,0.6797756552696228,1637,1012,1001,2252
6331,1,1,0.7517489790916443,1638,1012,1001,2252
6333,0,0,0.4865180253982544,1638,1012,1001,2253
6334,1,1,0.6716678738594055,1639,1012,1001,2253
6335,0,0,0.6292999386787415,1639,1012,1001,2254
6336,1,1,0.7277100682258606,1640,1012,1001,2254
6337,1,1,0.4144154191017151,1641,1012,1001,2254
6338,1,0,-0.4776812493801117,1641,1013,1001,2254
6339,1,1,0.7403671741485596,1642,1013,1001,2254
6340,0,0,0.3320672810077667,1642,1013,1001,2255
6341,0,0,0.3814751207828522,1642,1013,1001,2256
6342,0,0,0.623348593711853,1642,1013,1001,2257
6343,1,1,0.7491949200630188,1643,1013,1001,2257
6344,0,0,0.8617091178894043,1643,1013,1001,2258
6345,1,1,0.7581900358200073,1644,1013,1001,2258
6346,1,1,0.7447189092636108,1645,1013,1001,2258
6347,1,1,0.656907856464386,1646,1013,1001,2258
6348,1,1,0.7621025443077087,1647,1013,1001,2258
6349,0,1,-0.28465017676353455,1647,1013,1002,2258
6350,0,0,0.4362606108188629,1647,1013,1002,2259
6351,1,1,0.7435987591743469,1648,1013,1002,2259
6354,1,1,0.4180648922920227,1649,1013,1002,2259
6355,1,1,0.7323810458183289,1650,1013,1002,2259
6357,1,1,0.6654003262519836,1651,1013,1002,2259
6358,0,0,0.5173731446266174,1651,1013,1002,2260
6359,0,0,0.38129958510398865,1651,1013,1002,2261
6362,1,1,0.7978073954582214,1652,1013,1002,2261
6363,0,0,0.4990497827529907,1652,1013,1002,2262
6364,1,1,0.7881369590759277,1653,1013,1002,2262
6365,0,0,0.4191928803920746,1653,1013,1002,2263
6367,1,1,0.2830134928226471,1654,1013,1002,2263
6368,1,1,0.8027101159095764,1655,1013,1002,2263
6369,0,0,0.31575867533683777,1655,1013,1002,2264
6370,1,0,-0.5694053769111633,1655,1014,1002,2264
6371,0,0,0.46121248602867126,1655,1014,1002,2265
6372,0,0,0.5920143127441406,1655,1014,1002,2266
6373,0,0,0.4844374656677246,1655,1014,1002,2267
6374,0,0,0.8698773980140686,1655,1014,1002,2268
6375,0,1,-0.8007455468177795,1655,1014,1003,2268
6376,0,0,0.4140148162841797,1655,1014,1003,2269
6377,0,0,0.6571455597877502,1655,1014,1003,2270
6378,1,0,-0.49178218841552734,1655,1015,1003,2270
6379,0,0,0.5028762221336365,1655,1015,1003,2271
6380,1,1,0.34195759892463684,1656,1015,1003,2271
6381,0,0,0.3540678918361664,1656,1015,1003,2272
6382,1,1,0.4744267761707306,1657,1015,1003,2272
6384,1,1,0.6998462677001953,1658,1015,1003,2272
6385,1,0,-0.5046147704124451,1658,1016,1003,2272
6386,1,1,0.38952893018722534,1659,1016,1003,2272
6387,1,1,0.3817104399204254,1660,1016,1003,2272
6388,0,1,-0.35364988446235657,1660,1016,1004,2272
6389,1,1,0.7442783117294312,1661,1016,1004,2272
6390,0,0,0.3409635126590729,1661,1016,1004,2273
6391,0,0,0.37241724133491516,1661,1016,1004,2274
6392,1,0,-0.5699995160102844,1661,1017,1004,2274
6393,1,1,0.49219632148742676,1662,1017,1004,2274
6394,0,0,0.4404680132865906,1662,1017,1004,2275
6395,1,1,0.4238808751106262,1663,1017,1004,2275
6396,0,1,-0.6446651220321655,1663,1017,1005,2275
6397,0,0,0.41176727414131165,1663,1017,1005,2276
6398,0,0,0.4545665681362152,1663,1017,1005,2277
6399,0,0,0.5011326670646667,1663,1017,1005,2278
6401,1,1,0.4122801125049591,1664,1017,1005,2278
6403,0,0,0.5951730608940125,1664,1017,1005,2279
6404,1,1,0.6834217309951782,1665,1017,1005,2279
6405,0,0,0.14591950178146362,1665,1017,1005,2280
6406,0,0,0.2829720079898834,1665,1017,1005,2281
6407,0,0,0.5008623600006104,1665,1017,1005,2282
6408,0,0,0.5587782263755798,1665,1017,1005,2283
6409,0,1,-0.2880352735519409,1665,1017,1006,2283
6411,0,0,0.2527800500392914,1665,1017,1006,2284
6412,1,1,0.4698675870895386,1666,1017,1006,2284
6413,0,0,0.6489527225494385,1666,1017,1006,2285
6414,1,1,0.7739320993423462,1667,1017,1006,2285
6416,1,1,0.6942986249923706,1668,1017,1006,2285
6417,0,0,0.49444061517715454,1668,1017,1006,2286
6418,1,0,-0.5174568891525269,1668,1018,1006,2286
6419,0,0,0.4576420485973358,1668,1018,1006,2287
6420,0,0,0.4222586750984192,1668,1018,1006,2288
6421,1,1,0.4632129669189453,1669,1018,1006,2288
6422,1,0,-0.23598231375217438,1669,1019,1006,2288
6423,1,1,0.7737001776695251,1670,1019,1006,2288
6424,0,0,0.5469467043876648,1670,1019,1006,2289
6425,0,1,-0.587879478931427,1670,1019,1007,2289
6426,1,1,0.4866988956928253,1671,1019,1007,2289
6427,0,0,0.46318554878234863,1671,1019,1007,2290
6428,1,1,0.3178834915161133,1672,1019,1007,2290
6429,1,1,0.7806789875030518,1673,1019,1007,2290
6430,0,0,0.10317229479551315,1673,1019,1007,2291
6432,0,0,0.40880152583122253,1673,1019,1007,2292
6433,0,0,0.5471799969673157,1673,1019,1007,2293
6435,0,1,-0.9525782465934753,1673,1019,1008,2293
6436,1,1,0.7695288062095642,1674,1019,1008,2293
6437,0,0,0.4744279384613037,1674,1019,1008,2294
6438,0,0,0.9305290579795837,1674,1019,1008,2295
6439,0,0,0.08267050981521606,1674,1019,1008,2296
6440,1,1,0.6642028093338013,1675,1019,1008,2296
6441,1,1,0.7859362959861755,1676,1019,1008,2296
6442,0,0,0.4690615236759186,1676,1019,1008,2297
6443,0,0,0.45558929443359375,1676,1019,1008,2298
6444,0,0,0.611624538898468,1676,1019,1008,2299
6445,0,0,0.42140519618988037,1676,1019,1008,2300
6447,1,0,-0.5406690835952759,1676,1020,1008,2300
6448,0,0,0.33739471435546875,1676,1020,1008,2301
6449,1,1,0.48208215832710266,1677,1020,1008,2301
6450,0,0,0.6375322341918945,1677,1020,1008,2302
6451,0,0,0.6165031790733337,1677,1020,1008,2303
6452,0,1,-0.3526291847229004,1677,1020,1009,2303
6453,0,0,0.5203191637992859,1677,1020,1009,2304
6454,1,1,0.6608913540840149,1678,1020,1009,2304
6455,1,1,0.37159520387649536,1679,1020,1009,2304
6456,0,0,0.4490118622779846,1679,1020,1009,2305
6458,0,0,0.5666283965110779,1679,1020,1009,2306
6459,1,1,0.538786768913269,1680,1020,1009,2306
6460,0,1,-0.6025888919830322,1680,1020,1010,2306
6461,0,0,0.3641822934150696,1680,1020,1010,2307
6462,1,1,0.7901247143745422,1681,1020,1010,2307
6463,1,1,0.8066984415054321,1682,1020,1010,2307
6464,1,1,0.6867063641548157,1683,1020,1010,2307
6465,0,0,0.4059065580368042,1683,1020,1010,2308
6466,0,0,0.5839795470237732,1683,1020,1010,2309
6467,0,0,0.32511499524116516,1683,1020,1010,2310
6469,0,0,0.4829966723918915,1683,1020,1010,2311
6470,1,0,-0.6542752981185913,1683,1021,1010,2311
6472,1,1,0.19184377789497375,1684,1021,1010,2311
6473,1,1,0.7861127257347107,1685,1021,1010,2311
6475,1,1,0.6801169514656067,1686,1021,1010,2311
6476,0,0,0.4797533452510834,1686,1021,1010,2312
6477,0,0,0.4559979736804962,1686,1021,1010,2313
6478,0,0,0.5530338287353516,1686,1021,1010,2314
6479,1,0,-0.5292788147926331,1686,1022,1010,2314
6480,1,1,0.565669059753418,1687,1022,1010,2314
6481,1,1,0.7923550605773926,1688,1022,1010,2314
6484,0,0,0.36943626403808594,1688,1022,1010,2315
6485,1,1,0.33941540122032166,1689,1022,1010,2315
6486,0,0,0.44186776876449585,1689,1022,1010,2316
6488,0,0,0.13625384867191315,1689,1022,1010,2317
6489,0,0,0.16283589601516724,1689,1022,1010,2318
6490,0,0,0.5577853918075562,1689,1022,1010,2319
6492,1,1,0.4685830771923065,1690,1022,1010,2319
6494,1,1,0.708765983581543,1691,1022,1010,2319
6495,1,1,0.12755565345287323,1692,1022,1010,2319
6496,1,1,0.8036102056503296,1693,1022,1010,2319
6497,1,1,0.45923930406570435,1694,1022,1010,2319
6498,0,1,-1.0020970106124878,1694,1022,1011,2319
6499,1,1,0.8042734861373901,1695,1022,1011,2319
6500,1,0,-0.4520275890827179,1695,1023,1011,2319
6501,1,1,0.8067370057106018,1696,1023,1011,2319
6503,1,1,0.4177512526512146,1697,1023,1011,2319
6504,0,0,0.438792884349823,1697,1023,1011,2320
6505,1,1,0.8089694380760193,1698,1023,1011,2320
6506,0,0,0.05520739406347275,1698,1023,1011,2321
6507,1,1,0.8191851377487183,1699,1023,1011,2321
6508,0,0,0.5148342251777649,1699,1023,1011,2322
6509,1,1,0.711647629737854,1700,1023,1011,2322
6510,0,0,0.92585289478302,1700,1023,1011,2323
6511,0,0,0.5244696140289307,1700,1023,1011,2324
6512,0,1,-0.5193771719932556,1700,1023,1012,2324
6513,1,1,0.7103870511054993,1701,1023,1012,2324
6514,1,1,0.818905234336853,1702,1023,1012,2324
6515,0,0,0.48836714029312134,1702,1023,1012,2325
6516,0,0,0.4541540741920471,1702,1023,1012,2326
6517,0,0,0.38762253522872925,1702,1023,1012,2327
6518,1,1,0.7138214111328125,1703,1023,1012,2327
6519,0,0,0.4194629192352295,1703,1023,1012,2328
6520,1,1,0.4984651207923889,1704,1023,1012,2328
6521,1,1,0.41932743787765503,1705,1023,1012,2328
6522,1,0,-0.4486543536186218,1705,1024,1012,2328
6523,1,1,0.7087192535400391,1706,1024,1012,2328
6524,1,1,0.25829675793647766,1707,1024,1012,2328
6525,0,0,0.5030333399772644,1707,1024,1012,2329
6526,0,0,0.5358927845954895,1707,1024,1012,2330
6527,0,0,0.6196045279502869,1707,1024,1012,2331
6528,0,0,0.8690534830093384,1707,1024,1012,2332
6529,1,1,0.5136529803276062,1708,1024,1012,2332
6530,1,1,0.7123315334320068,1709,1024,1012,2332
6531,1,1,0.6986772418022156,1710,1024,1012,2332
6532,1,1,0.3948702812194824,1711,1024,1012,2332
6533,0,0,0.3572845160961151,1711,1024,1012,2333
6534,1,0,-0.529078483581543,1711,1025,1012,2333
6535,0,0,0.1736813187599182,1711,1025,1012,2334
6536,0,0,0.3988730013370514,1711,1025,1012,2335
6537,0,0,0.5125030279159546,1711,1025,1012,2336
6538,1,1,0.8110498785972595,1712,1025,1012,2336
6539,0,0,0.34937483072280884,1712,1025,1012,2337
6540,1,0,-0.45661142468452454,1712,1026,1012,2337
6541,1,1,0.3843492865562439,1713,1026,1012,2337
6542,1,1,0.15015999972820282,1714,1026,1012,2337
6543,0,0,0.08208712190389633,1714,1026,1012,2338
6544,0,0,0.9295715093612671,1714,1026,1012,2339
6546,0,0,0.2405710369348526,1714,1026,1012,2340
6547,0,0,0.45068106055259705,1714,1026,1012,2341
6548,0,0,0.40558385848999023,1714,1026,1012,2342
6549,1,1,0.7071833610534668,1715,1026,1012,2342
6550,1,0,-0.46807920932769775,1715,1027,1012,2342
6551,0,0,0.47474634647369385,1715,1027,1012,2343
6552,1,1,0.7385216951370239,1716,1027,1012,2343
6553,1,1,0.4047298729419708,1717,1027,1012,2343
6554,1,1,0.7193068265914917,1718,1027,1012,2343
6556,0,0,0.4970683157444,1718,1027,1012,2344
6557,0,0,0.07395628839731216,1718,1027,1012,2345
6558,1,0,-0.4712066948413849,1718,1028,1012,2345
6559,0,0,0.407595694065094,1718,1028,1012,2346
6560,0,0,0.5452425479888916,1718,1028,1012,2347
6561,0,0,0.35131970047950745,1718,1028,1012,2348
6562,1,1,0.502585232257843,1719,1028,1012,2348
6563,1,1,0.8085763454437256,1720,1028,1012,2348
6564,0,0,0.3097989857196808,1720,1028,1012,2349
6565,1,1,0.46765556931495667,1721,1028,1012,2349
6566,1,0,-0.4541381299495697,1721,1029,1012,2349
6567,1,1,0.5085545778274536,1722,1029,1012,2349
6568,1,1,0.8227844834327698,1723,1029,1012,2349
6569,0,0,0.6510586738586426,1723,1029,1012,2350
6570,0,0,0.25064635276794434,1723,1029,1012,2351
6571,0,0,0.3554910123348236,1723,1029,1012,2352
6572,0,0,0.38894638419151306,1723,1029,1012,2353
6573,0,0,0.33318376541137695,1723,1029,1012,2354
6574,0,0,0.47279757261276245,1723,1029,1012,2355
6575,0,0,0.5083690285682678,1723,1029,1012,2356
6576,0,0,0.5001019835472107,1723,1029,1012,2357
6578,1,1,0.8194797039031982,1724,1029,1012,2357
6579,0,0,0.9233477115631104,1724,1029,1012,2358
6580,0,1,-0.6979696750640869,1724,1029,1013,2358
6581,0,0,0.6268032193183899,1724,1029,1013,2359
6583,0,0,0.35042113065719604,1724,1029,1013,2360
6584,0,0,0.4804854691028595,1724,1029,1013,2361
6585,0,0,0.4846758544445038,1724,1029,1013,2362
6587,1,1,0.3580211102962494,1725,1029,1013,2362
6588,1,1,0.2250695675611496,1726,1029,1013,2362
6589,1,1,0.4527589976787567,1727,1029,1013,2362
6590,1,0,-0.47325435280799866,1727,1030,1013,2362
6591,1,1,0.8188726305961609,1728,1030,1013,2362
6592,0,0,0.07977059483528137,1728,1030,1013,2363
6593,1,1,0.5471472144126892,1729,1030,1013,2363
6595,0,0,0.11262719333171844,1729,1030,1013,2364
6596,1,1,0.826202929019928,1730,1030,1013,2364
6597,1,0,-0.48275816440582275,1730,1031,1013,2364
6598,0,0,0.45937401056289673,1730,1031,1013,2365
6599,1,0,-0.512703001499176,1730,1032,1013,2365
6600,1,1,0.5120028853416443,1731,1032,1013,2365
6603,1,0,-0.48340943455696106,1731,1033,1013,2365
6604,1,0,-0.4452086389064789,1731,1034,1013,2365
6605,0,0,0.6401301026344299,1731,1034,1013,2366
6606,1,1,0.46619927883148193,1732,1034,1013,2366
6607,1,1,0.4542122185230255,1733,1034,1013,2366
6608,0,0,0.5546833872795105,1733,1034,1013,2367
6609,0,1,-0.7706718444824219,1733,1034,1014,2367
6610,0,0,0.4431271255016327,1733,1034,1014,2368
6611,0,0,0.4960525333881378,1733,1034,1014,2369
6612,0,0,0.47203895449638367,1733,1034,1014,2370
6613,0,0,0.3354388177394867,1733,1034,1014,2371
6614,0,0,0.38858339190483093,1733,1034,1014,2372
6615,0,0,0.34202438592910767,1733,1034,1014,2373
6616,1,1,0.45514583587646484,1734,1034,1014,2373
6617,1,1,0.4745868444442749,1735,1034,1014,2373
6618,0,0,0.37523412704467773,1735,1034,1014,2374
6619,0,0,0.6258968710899353,1735,1034,1014,2375
6620,0,0,0.4879488945007324,1735,1034,1014,2376
6621,1,1,0.8411221504211426,1736,1034,1014,2376
6622,0,0,0.3085924983024597,1736,1034,1014,2377
6623,0,0,0.35621145367622375,1736,1034,1014,2378
6624,0,0,0.35843631625175476,1736,1034,1014,2379
6625,0,0,0.4063238203525543,1736,1034,1014,2380
6627,1,0,-0.5661205053329468,1736,1035,1014,2380
6628,1,1,0.31695282459259033,1737,1035,1014,2380
6629,1,1,0.15489040315151215,1738,1035,1014,2380
6630,0,0,0.30590131878852844,1738,1035,1014,2381
6631,0,0,0.547091007232666,1738,1035,1014,2382
6632,1,1,0.48125922679901123,1739,1035,1014,2382
6634,0,0,0.4241049289703369,1739,1035,1014,2383
6635,1,1,0.413936972618103,1740,1035,1014,2383
6636,0,0,0.5126526355743408,1740,1035,1014,2384
6639,1,1,0.7356992363929749,1741,1035,1014,2384
6640,0,0,0.5647732615470886,1741,1035,1014,2385
6641,0,0,0.09451458603143692,1741,1035,1014,2386
6642,1,0,-0.13431069254875183,1741,1036,1014,2386
6643,0,0,0.5592173933982849,1741,1036,1014,2387
6644,1,0,-0.48658984899520874,1741,1037,1014,2387
6645,1,1,0.8375405669212341,1742,1037,1014,2387
6646,0,0,0.5735843777656555,1742,1037,1014,2388
6647,1,1,0.6308192014694214,1743,1037,1014,2388
6648,1,1,0.7460861206054688,1744,1037,1014,2388
6649,1,1,0.6356035470962524,1745,1037,1014,2388
6650,0,0,0.5621822476387024,1745,1037,1014,2389
6651,1,0,-0.45133543014526367,1745,1038,1014,2389
6652,1,1,0.5807623863220215,1746,1038,1014,2389
6653,1,1,0.39255526661872864,1747,1038,1014,2389
6654,0,0,0.39548835158348083,1747,1038,1014,2390
6655,0,0,0.47540906071662903,1747,1038,1014,2391
6656,1,1,0.5216732621192932,1748,1038,1014,2391
6657,0,0,0.26977288722991943,1748,1038,1014,2392
6658,1,1,0.5804047584533691,1749,1038,1014,2392
6659,0,0,0.5111538767814636,1749,1038,1014,2393
6660,1,1,0.4895637333393097,1750,1038,1014,2393
6661,0,0,0.5254343152046204,1750,1038,1014,2394
6663,0,1,-0.6828855276107788,1750,1038,1015,2394
6664,1,1,0.7101216912269592,1751,1038,1015,2394
6665,1,1,0.718022882938385,1752,1038,1015,2394
6666,0,0,0.433328241109848,1752,1038,1015,2395
6667,1,1,0.7307066917419434,1753,1038,1015,2395
6668,0,0,0.5454695224761963,1753,1038,1015,2396
6669,1,1,0.8609412312507629,1754,1038,1015,2396
6670,0,0,0.5937817692756653,1754,1038,1015,2397
6671,0,0,0.38074344396591187,1754,1038,1015,2398
6672,0,0,0.563122034072876,1754,1038,1015,2399
6673,1,1,0.7480194568634033,1755,1038,1015,2399
6674,0,0,0.4742855131626129,1755,1038,1015,2400
6675,1,0,-0.46476030349731445,1755,1039,1015,2400
6676,0,0,0.549008309841156,1755,1039,1015,2401
6677,1,1,0.604408323764801,1756,1039,1015,2401
6678,0,0,0.9124929904937744,1756,1039,1015,2402
6679,0,0,0.5192825198173523,1756,1039,1015,2403
6680,0,0,0.33822503685951233,1756,1039,1015,2404
6681,1,1,0.726569414138794,1757,1039,1015,2404
6682,1,1,0.4251513183116913,1758,1039,1015,2404
6683,1,1,0.8397301435470581,1759,1039,1015,2404
6684,0,0,0.5798875689506531,1759,1039,1015,2405
6685,1,0,-0.45196786522865295,1759,1040,1015,2405
6686,0,0,0.35980433225631714,1759,1040,1015,2406
6687,0,0,0.39861544966697693,1759,1040,1015,2407
6688,1,1,0.5903753638267517,1760,1040,1015,2407
6689,1,1,0.7308164834976196,1761,1040,1015,2407
6690,0,0,0.4404357671737671,1761,1040,1015,2408
6691,0,0,0.5100641250610352,1761,1040,1015,2409
6692,1,1,0.8496947288513184,1762,1040,1015,2409
6693,1,0,-0.47942787408828735,1762,1041,1015,2409
6695,1,1,0.8528438806533813,1763,1041,1015,2409
6696,1,1,0.8593345880508423,1764,1041,1015,2409
6697,0,0,0.2963211238384247,1764,1041,1015,2410
6698,1,0,-0.49396347999572754,1764,1042,1015,2410
6699,0,0,0.41344335675239563,1764,1042,1015,2411
6701,0,0,0.3874870836734772,1764,1042,1015,2412
6702,1,1,0.652911365032196,1765,1042,1015,2412
6703,1,1,0.8587014079093933,1766,1042,1015,2412
6704,1,1,0.20838433504104614,1767,1042,1015,2412
6705,1,1,0.7387847304344177,1768,1042,1015,2412
6706,1,1,0.8609859347343445,1769,1042,1015,2412
6707,1,0,-0.4687187671661377,1769,1043,1015,2412
6709,0,0,0.3755066394805908,1769,1043,1015,2413
6710,1,0,-0.4528987407684326,1769,1044,1015,2413
6711,1,0,-0.4683750867843628,1769,1045,1015,2413
6712,1,1,0.5170987248420715,1770,1045,1015,2413
6713,0,0,0.49853482842445374,1770,1045,1015,2414
6714,1,1,0.7469701766967773,1771,1045,1015,2414
6716,1,1,0.5036998987197876,1772,1045,1015,2414
6717,1,1,0.19485235214233398,1773,1045,1015,2414
6718,0,1,-0.6008493900299072,1773,1045,1016,2414
6719,1,1,0.48013684153556824,1774,1045,1016,2414
6720,0,0,0.4900586009025574,1774,1045,1016,2415
6721,1,0,-0.5024162530899048,1774,1046,1016,2415
6722,0,0,0.4912627935409546,1774,1046,1016,2416
6723,1,0,-0.43069714307785034,1774,1047,1016,2416
6724,0,0,0.040199872106313705,1774,1047,1016,2417
6725,0,0,0.537621796131134,1774,1047,1016,2418
6726,1,1,0.7302395701408386,1775,1047,1016,2418
6727,0,0,0.41505539417266846,1775,1047,1016,2419
6728,0,0,0.48403191566467285,1775,1047,1016,2420
6729,1,1,0.2266806811094284,1776,1047,1016,2420
6730,1,0,-0.4517834484577179,1776,1048,1016,2420
6731,0,0,0.4811050295829773,1776,1048,1016,2421
6732,0,0,0.3227670192718506,1776,1048,1016,2422
6733,0,0,0.45045313239097595,1776,1048,1016,2423
6734,1,1,0.5724607706069946,1777,1048,1016,2423
6735,0,0,0.543075680732727,1777,1048,1016,2424
6736,0,1,-0.3714708685874939,1777,1048,1017,2424
6737,1,1,0.4741848409175873,1778,1048,1017,2424
6738,1,1,0.7384713888168335,1779,1048,1017,2424
6739,1,1,0.7181107401847839,1780,1048,1017,2424
6740,0,0,0.9257886409759521,1780,1048,1017,2425
6741,0,0,0.3891817033290863,1780,1048,1017,2426
6742,0,0,0.5126933455467224,1780,1048,1017,2427
6743,0,0,0.39349469542503357,1780,1048,1017,2428
6744,0,1,-0.8151267766952515,1780,1048,1018,2428
6745,0,0,0.5302793383598328,1780,1048,1018,2429
6746,0,0,0.28954043984413147,1780,1048,1018,2430
6747,1,1,0.859747588634491,1781,1048,1018,2430
6748,0,0,0.38314545154571533,1781,1048,1018,2431
6749,0,0,0.405441015958786,1781,1048,1018,2432
6750,0,0,0.29808828234672546,1781,1048,1018,2433
6751,1,1,0.1846841275691986,1782,1048,1018,2433
6752,1,1,0.7215204238891602,1783,1048,1018,2433
6753,1,1,0.8700994849205017,1784,1048,1018,2433
6754,1,1,0.6065803170204163,1785,1048,1018,2433
6755,1,1,0.7351028323173523,1786,1048,1018,2433
6756,0,0,0.4602317810058594,1786,1048,1018,2434
6757,0,0,0.4853581488132477,1786,1048,1018,2435
6758,0,0,0.3507515490055084,1786,1048,1018,2436
6759,0,0,0.5964697003364563,1786,1048,1018,2437
6760,0,0,0.5416475534439087,1786,1048,1018,2438
6761,1,1,0.47561877965927124,1787,1048,1018,2438
6762,0,0,0.5078429579734802,1787,1048,1018,2439
6763,0,0,0.5013213157653809,1787,1048,1018,2440
6764,1,0,-0.32833975553512573,1787,1049,1018,2440
6765,1,0,-0.46630746126174927,1787,1050,1018,2440
6766,1,1,0.736351728439331,1788,1050,1018,2440
6767,1,1,0.7494281530380249,1789,1050,1018,2440
6768,1,1,0.4682977795600891,1790,1050,1018,2440
6769,1,1,0.8634911179542542,1791,1050,1018,2440
6770,1,1,0.34044086933135986,1792,1050,1018,2440
6773,1,1,0.7469268441200256,1793,1050,1018,2440
6776,1,1,0.7525454163551331,1794,1050,1018,2440
6777,0,0,0.37209007143974304,1794,1050,1018,2441
6778,0,0,0.606065571308136,1794,1050,1018,2442
6779,1,1,0.19138428568840027,1795,1050,1018,2442
6780,1,1,0.6112613081932068,1796,1050,1018,2442
6781,0,0,0.3515692353248596,1796,1050,1018,2443
6782,0,0,0.34027448296546936,1796,1050,1018,2444
6783,0,0,0.516826331615448,1796,1050,1018,2445
6785,0,0,0.5496538281440735,1796,1050,1018,2446
6786,0,0,0.4338635504245758,1796,1050,1018,2447
6787,0,0,0.3086981177330017,1796,1050,1018,2448
6788,1,1,0.3344188928604126,1797,1050,1018,2448
6789,1,0,-0.44310644268989563,1797,1051,1018,2448
6790,1,1,0.7398208975791931,1798,1051,1018,2448
6791,0,0,0.38885369896888733,1798,1051,1018,2449
6792,0,0,0.49991723895072937,1798,1051,1018,2450
6793,0,0,0.4809908866882324,1798,1051,1018,2451
6794,0,0,0.5137054324150085,1798,1051,1018,2452
6795,1,1,0.49036622047424316,1799,1051,1018,2452
6797,0,0,0.4767533838748932,1799,1051,1018,2453
6798,1,1,0.5833686590194702,1800,1051,1018,2453
6799,1,1,0.7735331654548645,1801,1051,1018,2453
6800,1,1,0.6341439485549927,1802,1051,1018,2453
6801,0,0,0.4428384304046631,1802,1051,1018,2454
6802,0,0,0.3430215120315552,1802,1051,1018,2455
6803,1,1,0.590817391872406,1803,1051,1018,2455
6804,1,1,0.6700055599212646,1804,1051,1018,2455
6805,0,0,0.5991072654724121,1804,1051,1018,2456
6806,1,1,0.46885451674461365,1805,1051,1018,2456
6807,0,0,0.300367534160614,1805,1051,1018,2457
6808,1,1,0.3410762548446655,1806,1051,1018,2457
6809,1,1,0.6504507064819336,1807,1051,1018,2457
6810,1,0,-0.49703848361968994,1807,1052,1018,2457
6811,1,1,0.526806116104126,1808,1052,1018,2457
6812,1,1,0.4849865436553955,1809,1052,1018,2457
6813,1,1,0.46461987495422363,1810,1052,1018,2457
6814,0,0,0.3128310739994049,1810,1052,1018,2458
6815,1,1,0.6108368635177612,1811,1052,1018,2458
6816,0,0,0.321571409702301,1811,1052,1018,2459
6817,0,0,0.3130702078342438,1811,1052,1018,2460
6818,0,0,0.5467936992645264,1811,1052,1018,2461
6819,1,0,-0.49505260586738586,1811,1053,1018,2461
6820,1,1,0.4614425301551819,1812,1053,1018,2461
6821,0,0,0.20456571877002716,1812,1053,1018,2462
6823,0,0,0.11692678183317184,1812,1053,1018,2463
6824,0,0,0.4597405791282654,1812,1053,1018,2464
6825,0,0,0.41157564520835876,1812,1053,1018,2465
6826,0,0,0.615623950958252,1812,1053,1018,2466
6828,0,0,0.40919846296310425,1812,1053,1018,2467
6829,0,0,0.5502557158470154,1812,1053,1018,2468
6830,1,0,-0.5708991289138794,1812,1054,1018,2468
6831,0,0,0.6537260413169861,1812,1054,1018,2469
6832,0,0,0.5425465106964111,1812,1054,1018,2470
6833,1,1,0.6386014223098755,1813,1054,1018,2470
6834,1,1,0.7638314962387085,1814,1054,1018,2470
6835,0,0,0.4419836103916168,1814,1054,1018,2471
6836,1,1,0.5148336291313171,1815,1054,1018,2471
6837,1,0,-0.5463152527809143,1815,1055,1018,2471
6838,0,0,0.5392779111862183,1815,1055,1018,2472
6839,0,1,-0.6303032636642456,1815,1055,1019,2472
6840,1,1,0.16937744617462158,1816,1055,1019,2472
6841,1,1,0.7474079728126526,1817,1055,1019,2472
6842,0,1,-0.6387072801589966,1817,1055,1020,2472
6844,1,1,0.4929312765598297,1818,1055,1020,2472
6845,1,1,0.4949290156364441,1819,1055,1020,2472
6846,0,0,0.27140387892723083,1819,1055,1020,2473
6847,0,0,0.572093665599823,1819,1055,1020,2474
6848,1,1,0.7722440361976624,1820,1055,1020,2474
6849,1,1,0.7510767579078674,1821,1055,1020,2474
6850,1,1,0.27080172300338745,1822,1055,1020,2474
6851,0,0,0.46700507402420044,1822,1055,1020,2475
6852,0,0,0.5560253858566284,1822,1055,1020,2476
6853,1,1,0.7709812521934509,1823,1055,1020,2476
6854,1,0,-0.5729861259460449,1823,1056,1020,2476
6855,1,1,0.7720127701759338,1824,1056,1020,2476
6856,1,1,0.5422499775886536,1825,1056,1020,2476
6857,1,1,0.6298602819442749,1826,1056,1020,2476
6859,1,1,0.7515453696250916,1827,1056,1020,2476
6860,1,1,0.7783327102661133,1828,1056,1020,2476
6861,0,0,0.24317096173763275,1828,1056,1020,2477
6862,0,0,0.8621960878372192,1828,1056,1020,2478
6863,0,0,0.4373834431171417,1828,1056,1020,2479
6864,0,0,0.4834081530570984,1828,1056,1020,2480
6865,0,0,0.0037810096982866526,1828,1056,1020,2481
6866,1,0,-0.44032514095306396,1828,1057,1020,2481
6867,0,1,-0.6081572771072388,1828,1057,1021,2481
6868,0,0,0.4000335931777954,1828,1057,1021,2482
6869,1,0,-0.45866256952285767,1828,1058,1021,2482
6870,1,1,0.34293654561042786,1829,1058,1021,2482
6871,0,0,0.01976914331316948,1829,1058,1021,2483
6872,0,0,0.4602506458759308,1829,1058,1021,2484
6873,0,0,0.3821854889392853,1829,1058,1021,2485
6874,0,0,0.528346061706543,1829,1058,1021,2486
6875,1,1,0.5437678098678589,1830,1058,1021,2486
6876,1,0,-0.5385273098945618,1830,1059,1021,2486
6877,0,0,0.5477981567382812,1830,1059,1021,2487
6878,0,0,0.22145168483257294,1830,1059,1021,2488
6879,0,0,0.5656289458274841,1830,1059,1021,2489
6880,1,1,0.1607924848794937,1831,1059,1021,2489
6881,1,1,0.18879234790802002,1832,1059,1021,2489
6882,1,1,0.5423498153686523,1833,1059,1021,2489
6884,0,0,0.4737425148487091,1833,1059,1021,2490
6885,1,1,0.5947529673576355,1834,1059,1021,2490
6886,0,0,0.540366530418396,1834,1059,1021,2491
6887,1,1,0.24717381596565247,1835,1059,1021,2491
6888,1,1,0.7662420868873596,1836,1059,1021,2491
6889,0,0,0.5146186351776123,1836,1059,1021,2492
6890,1,1,0.4192544221878052,1837,1059,1021,2492
6891,1,1,0.38582879304885864,1838,1059,1021,2492
6893,1,1,0.6714605689048767,1839,1059,1021,2492
6894,0,0,0.01932551898062229,1839,1059,1021,2493
6895,1,1,0.7622075080871582,1840,1059,1021,2493
6896,0,0,0.036032650619745255,1840,1059,1021,2494
6897,1,1,0.6396667957305908,1841,1059,1021,2494
6898,1,1,0.23016048967838287,1842,1059,1021,2494
6899,0,0,0.29756471514701843,1842,1059,1021,2495
6900,1,1,0.30815985798835754,1843,1059,1021,2495
6901,0,0,0.47830602526664734,1843,1059,1021,2496
6902,1,1,0.3027404248714447,1844,1059,1021,2496
6903,0,0,0.5105637907981873,1844,1059,1021,2497
6904,1,1,0.4409591257572174,1845,1059,1021,2497
6905,1,0,-0.4013610780239105,1845,1060,1021,2497
6906,0,0,0.9271839261054993,1845,1060,1021,2498
6907,1,1,0.5654568672180176,1846,1060,1021,2498
6908,1,1,0.6894756555557251,1847,1060,1021,2498
6909,1,1,0.7799888849258423,1848,1060,1021,2498
6910,0,0,0.8610936403274536,1848,1060,1021,2499
6912,1,1,0.6250934600830078,1849,1060,1021,2499
6913,1,1,0.7697709798812866,1850,1060,1021,2499
6914,1,1,0.2948150932788849,1851,1060,1021,2499
6915,1,1,0.4342363774776459,1852,1060,1021,2499
6916,0,0,0.5295798182487488,1852,1060,1021,2500
6918,1,1,0.7827306389808655,1853,1060,1021,2500
6919,1,1,0.7833160758018494,1854,1060,1021,2500
6920,0,0,0.014944342896342278,1854,1060,1021,2501
6921,1,1,0.29876670241355896,1855,1060,1021,2501
6922,1,1,0.22871486842632294,1856,1060,1021,2501
6923,0,0,0.5950042605400085,1856,1060,1021,2502
6924,0,0,0.4883994460105896,1856,1060,1021,2503
6925,0,0,0.6098344922065735,1856,1060,1021,2504
6926,0,0,0.4234839975833893,1856,1060,1021,2505
6927,1,1,0.7674731612205505,1857,1060,1021,2505
6928,0,0,0.3641889691352844,1857,1060,1021,2506
6930,0,0,0.9230940341949463,1857,1060,1021,2507
6931,0,0,0.4095574915409088,1857,1060,1021,2508
6932,1,1,0.7839171886444092,1858,1060,1021,2508
6933,1,1,0.22674308717250824,1859,1060,1021,2508
6934,0,0,0.5394627451896667,1859,1060,1021,2509
6935,0,0,0.5741665363311768,1859,1060,1021,2510
6936,1,1,0.7674252986907959,1860,1060,1021,2510
6937,0,0,0.9298881888389587,1860,1060,1021,2511
6938,0,0,0.6099812388420105,1860,1060,1021,2512
6939,1,1,0.5473324060440063,1861,1060,1021,2512
6940,1,1,0.7779288291931152,1862,1060,1021,2512
6941,0,0,0.5220798254013062,1862,1060,1021,2513
6942,0,0,0.9258527159690857,1862,1060,1021,2514
6943,0,0,0.5370087623596191,1862,1060,1021,2515
6944,1,1,0.7677208185195923,1863,1060,1021,2515
6945,1,1,0.6673304438591003,1864,1060,1021,2515
6946,0,0,0.3893386423587799,1864,1060,1021,2516
6947,0,0,0.5161924362182617,1864,1060,1021,2517
6948,0,0,0.07121627032756805,1864,1060,1021,2518
6949,0,0,0.5677796602249146,1864,1060,1021,2519
6950,0,0,0.4277922511100769,1864,1060,1021,2520
6952,1,1,0.4062497615814209,1865,1060,1021,2520
6953,0,1,-0.4507322907447815,1865,1060,1022,2520
6954,1,1,0.7761440277099609,1866,1060,1022,2520
6955,1,1,0.27498143911361694,1867,1060,1022,2520
6956,1,1,0.2277723252773285,1868,1060,1022,2520
6957,1,0,-0.7159909009933472,1868,1061,1022,2520
6958,0,0,0.44161519408226013,1868,1061,1022,2521
6959,1,1,0.48716971278190613,1869,1061,1022,2521
6960,0,0,0.5827223062515259,1869,1061,1022,2522
6961,1,1,0.33109375834465027,1870,1061,1022,2522
6962,0,0,0.22966432571411133,1870,1061,1022,2523
6963,0,0,-0.03893374651670456,1870,1061,1022,2524
6964,0,0,0.48881852626800537,1870,1061,1022,2525
6965,0,0,0.4786494970321655,1870,1061,1022,2526
6966,1,0,-0.44054651260375977,1870,1062,1022,2526
6967,1,1,0.7697645425796509,1871,1062,1022,2526
6968,0,0,0.30495235323905945,1871,1062,1022,2527
6969,0,0,0.2639274299144745,1871,1062,1022,2528
6970,1,0,-0.46661850810050964,1871,1063,1022,2528
6971,0,0,0.6200266480445862,1871,1063,1022,2529
6972,0,0,0.5426461696624756,1871,1063,1022,2530
6973,0,0,0.38432013988494873,1871,1063,1022,2531
6974,1,1,0.5800685286521912,1872,1063,1022,2531
6975,1,0,-0.48682844638824463,1872,1064,1022,2531
6976,1,1,0.25139912962913513,1873,1064,1022,2531
6977,0,0,0.3552266061306,1873,1064,1022,2532
6978,0,1,-0.6471668481826782,1873,1064,1023,2532
6979,1,1,0.4182523488998413,1874,1064,1023,2532
6980,0,0,0.404005229473114,1874,1064,1023,2533
6981,1,1,0.22277075052261353,1875,1064,1023,2533
6982,1,0,-0.4797925055027008,1875,1065,1023,2533
6983,0,0,0.5679094791412354,1875,1065,1023,2534
6984,1,1,0.7840265035629272,1876,1065,1023,2534
6986,0,0,0.48935240507125854,1876,1065,1023,2535
6987,0,0,0.6044731736183167,1876,1065,1023,2536
6988,0,0,0.3631974160671234,1876,1065,1023,2537
6989,1,0,-0.45827117562294006,1876,1066,1023,2537
6990,0,0,0.48399144411087036,1876,1066,1023,2538
6991,0,0,0.3603418469429016,1876,1066,1023,2539
6992,0,0,0.5984022617340088,1876,1066,1023,2540
6993,1,1,0.22210128605365753,1877,1066,1023,2540
6994,1,1,0.5037503242492676,1878,1066,1023,2540
6995,0,0,0.5190066695213318,1878,1066,1023,2541
6996,0,0,0.5660755038261414,1878,1066,1023,2542
6997,0,0,0.2718854546546936,1878,1066,1023,2543
6998,0,0,0.31823864579200745,1878,1066,1023,2544
6999,0,0,0.442091703414917,1878,1066,1023,2545
7000,1,0,-0.44125446677207947,1878,1067,1023,2545
7001,1,1,0.3168792724609375,1879,1067,1023,2545
7002,0,0,0.0970410406589508,1879,1067,1023,2546
7004,1,1,0.47952669858932495,1880,1067,1023,2546
7005,1,0,-0.44605904817581177,1880,1068,1023,2546
7006,1,0,-0.4498417377471924,1880,1069,1023,2546
7007,0,0,0.40143659710884094,1880,1069,1023,2547
7008,1,1,0.4421800374984741,1881,1069,1023,2547
7009,1,1,0.4791504144668579,1882,1069,1023,2547
7010,0,0,0.36573827266693115,1882,1069,1023,2548
7011,1,0,-0.4974159300327301,1882,1070,1023,2548
7012,1,1,0.29079917073249817,1883,1070,1023,2548
7013,1,1,0.487993985414505,1884,1070,1023,2548
7014,0,0,0.49507635831832886,1884,1070,1023,2549
7015,0,0,0.4979032278060913,1884,1070,1023,2550
7016,0,0,0.4131518602371216,1884,1070,1023,2551
7017,1,1,0.508938193321228,1885,1070,1023,2551
7018,1,1,0.2693367898464203,1886,1070,1023,2551
7019,1,1,0.7739537954330444,1887,1070,1023,2551
7020,0,0,0.29103919863700867,1887,1070,1023,2552
7021,1,0,-0.4877050220966339,1887,1071,1023,2552
7023,1,1,0.564118504524231,1888,1071,1023,2552
7024,0,0,0.9232105612754822,1888,1071,1023,2553
7025,0,0,0.20681272447109222,1888,1071,1023,2554
7026,1,1,0.6201298236846924,1889,1071,1023,2554
7027,0,0,0.359539270401001,1889,1071,1023,2555
7028,0,0,0.37358802556991577,1889,1071,1023,2556
7029,1,1,0.23593255877494812,1890,1071,1023,2556
7030,0,0,0.3422180116176605,1890,1071,1023,2557
7031,0,0,-0.12283745408058167,1890,1071,1023,2558
7032,1,0,-0.352353036403656,1890,1072,1023,2558
7033,1,1,0.16098430752754211,1891,1072,1023,2558
7034,1,0,-0.34232816100120544,1891,1073,1023,2558
7035,0,0,0.9242674112319946,1891,1073,1023,2559
7036,0,0,0.37797829508781433,1891,1073,1023,2560
7037,1,1,0.6842477321624756,1892,1073,1023,2560
7038,0,0,0.14942161738872528,1892,1073,1023,2561
7039,0,0,0.22722171247005463,1892,1073,1023,2562
7040,0,1,-0.8648019433021545,1892,1073,1024,2562
7041,1,1,0.6623075604438782,1893,1073,1024,2562
7042,0,0,0.20896898210048676,1893,1073,1024,2563
7043,1,0,-0.305768221616745,1893,1074,1024,2563
7044,1,0,-0.093152716755867,1893,1075,1024,2563
7045,1,1,0.7023394703865051,1894,1075,1024,2563
7046,0,0,0.3880325257778168,1894,1075,1024,2564
7047,1,1,0.30775460600852966,1895,1075,1024,2564
7048,1,1,0.34627625346183777,1896,1075,1024,2564
7049,1,0,-0.29739686846733093,1896,1076,1024,2564
7050,1,1,0.8484690189361572,1897,1076,1024,2564
7051,0,0,0.39861586689949036,1897,1076,1024,2565
7052,1,0,-0.32543879747390747,1897,1077,1024,2565
7053,0,0,-0.04590333253145218,1897,1077,1024,2566
7054,0,0,0.36806434392929077,1897,1077,1024,2567
7055,1,1,0.7348850965499878,1898,1077,1024,2567
7056,0,0,0.5793747305870056,1898,1077,1024,2568
7057,1,1,0.8549460768699646,1899,1077,1024,2568
7058,1,1,0.3478691577911377,1900,1077,1024,2568
7059,1,1,0.8483749032020569,1901,1077,1024,2568
7061,1,1,0.41298505663871765,1902,1077,1024,2568
7062,0,0,0.42629265785217285,1902,1077,1024,2569
7063,0,0,0.40686431527137756,1902,1077,1024,2570
7064,0,0,0.3488104045391083,1902,1077,1024,2571
7065,0,0,-0.030948158353567123,1902,1077,1024,2572
7066,1,0,-0.156866654753685,1902,1078,1024,2572
7067,0,0,0.5904916524887085,1902,1078,1024,2573
7068,0,0,0.34033632278442383,1902,1078,1024,2574
7069,0,0,0.3615286350250244,1902,1078,1024,2575
7070,0,1,-0.18710196018218994,1902,1078,1025,2575
7071,1,1,0.32482826709747314,1903,1078,1025,2575
7072,1,1,0.8569445013999939,1904,1078,1025,2575
7073,1,1,0.865094780921936,1905,1078,1025,2575
7074,0,0,0.3061296343803406,1905,1078,1025,2576
7075,1,1,0.32332614064216614,1906,1078,1025,2576
7077,0,0,0.44709697365760803,1906,1078,1025,2577
7078,1,1,0.11799692362546921,1907,1078,1025,2577
7079,1,1,0.6723690032958984,1908,1078,1025,2577
7080,1,0,-0.12662373483181,1908,1079,1025,2577
7082,0,0,0.4183913469314575,1908,1079,1025,2578
7083,0,0,0.504416823387146,1908,1079,1025,2579
7084,0,0,0.24963273108005524,1908,1079,1025,2580
7085,0,0,0.17413760721683502,1908,1079,1025,2581
7086,0,0,0.9166586399078369,1908,1079,1025,2582
7088,0,0,0.44317007064819336,1908,1079,1025,2583
7089,0,0,0.33175256848335266,1908,1079,1025,2584
7090,0,0,0.04133560135960579,1908,1079,1025,2585
7091,0,0,0.2471444457769394,1908,1079,1025,2586
7092,1,1,0.3803420662879944,1909,1079,1025,2586
7093,0,0,0.921110987663269,1909,1079,1025,2587
7094,1,1,0.783731997013092,1910,1079,1025,2587
7095,0,0,0.009339803829789162,1910,1079,1025,2588
7096,0,0,0.4353031516075134,1910,1079,1025,2589
7097,1,1,0.1683173030614853,1911,1079,1025,2589
7098,0,0,0.37508419156074524,1911,1079,1025,2590
7099,0,1,-0.3561027944087982,1911,1079,1026,2590
7100,1,1,0.7145982980728149,1912,1079,1026,2590
7101,0,0,0.060917820781469345,1912,1079,1026,2591
7102,1,1,0.8004501461982727,1913,1079,1026,2591
7103,0,0,-0.010420388542115688,1913,1079,1026,2592
7104,1,1,0.7365585565567017,1914,1079,1026,2592
7105,1,0,-0.22624006867408752,1914,1080,1026,2592
7106,0,0,0.31224164366722107,1914,1080,1026,2593
7107,1,1,0.6182409524917603,1915,1080,1026,2593
7108,0,0,0.49888554215431213,1915,1080,1026,2594
7109,0,0,0.9175148010253906,1915,1080,1026,2595
7110,1,1,0.5960756540298462,1916,1080,1026,2595
7111,0,0,0.23684000968933105,1916,1080,1026,2596
7113,1,1,0.09029703587293625,1917,1080,1026,2596
7114,0,1,-0.8460707068443298,1917,1080,1027,2596
7115,0,0,0.1483096331357956,1917,1080,1027,2597
7116,0,0,0.33927586674690247,1917,1080,1027,2598
7117,1,1,0.7442405819892883,1918,1080,1027,2598
7118,1,1,0.1350536346435547,1919,1080,1027,2598
7119,0,0,0.2661674916744232,1919,1080,1027,2599
7120,0,1,-0.32747694849967957,1919,1080,1028,2599
7121,0,0,-0.12103919684886932,1919,1080,1028,2600
7122,1,0,-0.09323527663946152,1919,1081,1028,2600
7123,0,0,-0.1145438700914383,1919,1081,1028,2601
7124,1,0,-0.23239587247371674,1919,1082,1028,2601
7125,1,0,-0.22831641137599945,1919,1083,1028,2601
7126,1,1,0.5803172588348389,1920,1083,1028,2601
7127,0,1,-0.4676986336708069,1920,1083,1029,2601
7128,1,0,-0.19273658096790314,1920,1084,1029,2601
7129,1,1,0.2506338059902191,1921,1084,1029,2601
7130,1,1,0.2759763300418854,1922,1084,1029,2601
7131,0,0,0.13619232177734375,1922,1084,1029,2602
7132,1,0,-0.1953047513961792,1922,1085,1029,2602
7133,1,1,0.4421674907207489,1923,1085,1029,2602
7134,1,1,0.27860429883003235,1924,1085,1029,2602
7135,1,1,0.7486692070960999,1925,1085,1029,2602
7136,1,1,0.24461789429187775,1926,1085,1029,2602
7137,0,0,-0.015707341954112053,1926,1085,1029,2603
7138,0,0,0.05656079575419426,1926,1085,1029,2604
7139,1,1,0.2687593996524811,1927,1085,1029,2604
7140,0,0,0.92873615026474,1927,1085,1029,2605
7141,0,1,-0.4942805767059326,1927,1085,1030,2605
7142,0,1,-0.5175378322601318,1927,1085,1031,2605
7143,0,0,0.44609707593917847,1927,1085,1031,2606
7145,1,1,0.7354806661605835,1928,1085,1031,2606
7147,1,0,-0.19965249300003052,1928,1086,1031,2606
7148,1,0,-0.21414513885974884,1928,1087,1031,2606
7149,1,0,-0.17640678584575653,1928,1088,1031,2606
7150,1,1,0.7259197235107422,1929,1088,1031,2606
7151,1,0,-0.06047043949365616,1929,1089,1031,2606
7152,0,1,-0.924403965473175,1929,1089,1032,2606
7153,1,1,0.3665883541107178,1930,1089,1032,2606
7154,1,0,-0.1388782411813736,1930,1090,1032,2606
7155,0,0,-0.013431821018457413,1930,1090,1032,2607
7156,1,0,-0.09074876457452774,1930,1091,1032,2607
7157,0,0,0.6661362648010254,1930,1091,1032,2608
7159,1,1,0.8322545289993286,1931,1091,1032,2608
7160,0,0,0.5611943006515503,1931,1091,1032,2609
7161,0,0,0.5071514844894409,1931,1091,1032,2610
7162,0,0,0.41785866022109985,1931,1091,1032,2611
7163,1,1,0.7816330790519714,1932,1091,1032,2611
7164,0,1,-0.8846076726913452,1932,1091,1033,2611
7165,0,0,0.39448729157447815,1932,1091,1033,2612
7166,1,1,0.8424174785614014,1933,1091,1033,2612
7167,0,0,0.5144596695899963,1933,1091,1033,2613
7168,1,1,0.656087338924408,1934,1091,1033,2613
7169,0,0,0.649364173412323,1934,1091,1033,2614
7170,1,0,-0.804755687713623,1934,1092,1033,2614
7171,0,0,0.46061819791793823,1934,1092,1033,2615
7172,1,1,0.8456346988677979,1935,1092,1033,2615
7173,0,0,0.5418338775634766,1935,1092,1033,2616
7174,1,1,0.8424488306045532,1936,1092,1033,2616
7175,1,1,0.7786082625389099,1937,1092,1033,2616
7176,1,1,0.8519954681396484,1938,1092,1033,2616
7177,0,0,0.5048120617866516,1938,1092,1033,2617
7178,1,1,0.7742581963539124,1939,1092,1033,2617
7180,1,1,0.7746416330337524,1940,1092,1033,2617
7182,0,0,0.5892592668533325,1940,1092,1033,2618
7183,0,0,0.3272871673107147,1940,1092,1033,2619
7184,0,0,0.3318428099155426,1940,1092,1033,2620
7185,0,0,0.3709811568260193,1940,1092,1033,2621
7186,1,1,0.8514633774757385,1941,1092,1033,2621
7187,0,0,0.6074384450912476,1941,1092,1033,2622
7189,0,0,0.44603231549263,1941,1092,1033,2623
7190,0,0,0.35133278369903564,1941,1092,1033,2624
7191,0,0,0.5066291689872742,1941,1092,1033,2625
7192,0,0,0.5099547505378723,1941,1092,1033,2626
7193,0,0,0.3007044792175293,1941,1092,1033,2627
7194,1,1,0.38996362686157227,1942,1092,1033,2627
7195,1,1,0.24703189730644226,1943,1092,1033,2627
7196,1,1,0.31569522619247437,1944,1092,1033,2627
7197,0,0,0.4666122794151306,1944,1092,1033,2628
7198,1,1,0.17867045104503632,1945,1092,1033,2628
7199,1,1,0.8095399737358093,1946,1092,1033,2628
7200,0,0,0.5402162075042725,1946,1092,1033,2629
7201,0,0,0.44184044003486633,1946,1092,1033,2630
7202,0,0,0.3572242558002472,1946,1092,1033,2631
7203,1,0,-0.591877281665802,1946,1093,1033,2631
7204,1,1,0.8044825792312622,1947,1093,1033,2631
7205,1,1,0.12990322709083557,1948,1093,1033,2631
7206,0,0,0.4164663553237915,1948,1093,1033,2632
7207,1,0,-0.5414810180664062,1948,1094,1033,2632
7208,1,0,-0.488749623298645,1948,1095,1033,2632
7210,1,1,0.8077725172042847,1949,1095,1033,2632
7211,1,1,0.8190460801124573,1950,1095,1033,2632
7212,0,0,0.5463072657585144,1950,1095,1033,2633
7213,0,0,0.5660739541053772,1950,1095,1033,2634
7214,0,0,0.4145541787147522,1950,1095,1033,2635
7216,1,0,-0.533103346824646,1950,1096,1033,2635
7217,1,1,0.12181948870420456,1951,1096,1033,2635
7218,0,0,0.4373554587364197,1951,1096,1033,2636
7219,0,0,0.47853174805641174,1951,1096,1033,2637
7220,1,1,0.4113200604915619,1952,1096,1033,2637
7221,0,0,0.4404820501804352,1952,1096,1033,2638
7223,0,0,0.4043933153152466,1952,1096,1033,2639
7224,0,0,0.1782398223876953,1952,1096,1033,2640
7225,0,0,0.5106062889099121,1952,1096,1033,2641
7227,1,1,0.8307188749313354,1953,1096,1033,2641
7228,1,1,0.8395276665687561,1954,1096,1033,2641
7229,0,0,0.3996884822845459,1954,1096,1033,2642
7230,0,0,0.35226619243621826,1954,1096,1033,2643
7231,0,0,0.8628029227256775,1954,1096,1033,2644
7232,1,1,0.8519142270088196,1955,1096,1033,2644
7233,0,0,0.4379831552505493,1955,1096,1033,2645
7234,0,0,0.4152127802371979,1955,1096,1033,2646
7235,1,1,0.10288727283477783,1956,1096,1033,2646
7236,1,1,0.19067047536373138,1957,1096,1033,2646
7237,0,0,0.5239232778549194,1957,1096,1033,2647
7238,0,0,0.5667545795440674,1957,1096,1033,2648
7239,1,1,0.8535239696502686,1958,1096,1033,2648
7240,1,1,0.2320007085800171,1959,1096,1033,2648
7241,0,0,0.5523054003715515,1959,1096,1033,2649
7242,1,1,0.33575841784477234,1960,1096,1033,2649
7243,0,0,0.3196956217288971,1960,1096,1033,2650
7244,1,1,0.14830496907234192,1961,1096,1033,2650
7245,1,1,0.2434006631374359,1962,1096,1033,2650
7246,0,0,0.40744951367378235,1962,1096,1033,2651
7247,1,1,0.10840578377246857,1963,1096,1033,2651
7248,1,1,0.37153834104537964,1964,1096,1033,2651
7249,0,0,0.3748721778392792,1964,1096,1033,2652
7250,1,1,0.8545234799385071,1965,1096,1033,2652
7251,0,0,0.5934918522834778,1965,1096,1033,2653
7252,1,1,0.35633617639541626,1966,1096,1033,2653
7253,1,1,0.8405128717422485,1967,1096,1033,2653
7254,1,1,0.1545783132314682,1968,1096,1033,2653
7255,1,1,0.1988878846168518,1969,1096,1033,2653
7257,0,0,0.41026484966278076,1969,1096,1033,2654
7258,1,1,0.22584037482738495,1970,1096,1033,2654
7259,1,1,0.14376293122768402,1971,1096,1033,2654
7261,1,1,0.2422470599412918,1972,1096,1033,2654
7262,0,0,0.9261288046836853,1972,1096,1033,2655
7263,0,0,0.3933785855770111,1972,1096,1033,2656
7264,1,1,0.21653252840042114,1973,1096,1033,2656
7265,0,0,0.49285006523132324,1973,1096,1033,2657
7266,0,0,0.1061912328004837,1973,1096,1033,2658
7268,0,0,0.5407056212425232,1973,1096,1033,2659
7269,0,0,0.5014090538024902,1973,1096,1033,2660
7270,1,1,0.2287796288728714,1974,1096,1033,2660
7271,1,1,0.06316433101892471,1975,1096,1033,2660
7272,1,1,0.5890438556671143,1976,1096,1033,2660
7273,0,1,-0.282999187707901,1976,1096,1034,2660
7274,0,0,-0.04748984053730965,1976,1096,1034,2661
7275,1,1,0.20930759608745575,1977,1096,1034,2661
7276,0,0,0.567701518535614,1977,1096,1034,2662
7277,0,0,0.342303603887558,1977,1096,1034,2663
7278,1,1,0.4014255702495575,1978,1096,1034,2663
7279,0,0,0.4896618723869324,1978,1096,1034,2664
7280,1,0,-0.5537571310997009,1978,1097,1034,2664
7281,0,0,0.5006504058837891,1978,1097,1034,2665
7282,0,0,0.45537567138671875,1978,1097,1034,2666
7283,1,1,0.17316016554832458,1979,1097,1034,2666
7284,0,0,0.5614489316940308,1979,1097,1034,2667
7285,0,1,-0.5176827907562256,1979,1097,1035,2667
7286,0,0,0.6008602380752563,1979,1097,1035,2668
7287,0,0,-0.1419476568698883,1979,1097,1035,2669
7288,0,0,0.12481150031089783,1979,1097,1035,2670
7289,1,1,0.6701420545578003,1980,1097,1035,2670
7291,1,1,0.1404293179512024,1981,1097,1035,2670
7292,0,0,0.3743571937084198,1981,1097,1035,2671
7293,1,1,0.46052876114845276,1982,1097,1035,2671
7294,0,0,-0.1615609973669052,1982,1097,1035,2672
7295,1,1,0.20947633683681488,1983,1097,1035,2672
7296,1,0,-0.09468795359134674,1983,1098,1035,2672
7297,0,1,-0.40567126870155334,1983,1098,1036,2672
7299,1,1,-0.03764335438609123,1984,1098,1036,2672
7300,1,1,0.3996570408344269,1985,1098,1036,2672
7301,1,1,0.4533228874206543,1986,1098,1036,2672
7302,1,0,-0.17239077389240265,1986,1099,1036,2672
7303,1,1,-0.04710100591182709,1987,1099,1036,2672
7304,1,1,0.6837224364280701,1988,1099,1036,2672
7305,1,0,-0.12732763588428497,1988,1100,1036,2672
7306,0,0,0.40074580907821655,1988,1100,1036,2673
7307,1,1,0.3856111764907837,1989,1100,1036,2673
7308,0,0,0.10327523946762085,1989,1100,1036,2674
7309,0,1,-0.5253274440765381,1989,1100,1037,2674
7310,1,1,0.8075755834579468,1990,1100,1037,2674
7311,1,1,0.6626831293106079,1991,1100,1037,2674
7312,1,1,0.11585395038127899,1992,1100,1037,2674
7313,1,1,0.14627783000469208,1993,1100,1037,2674
7314,1,1,0.015264740213751793,1994,1100,1037,2674
7315,0,0,0.6034754514694214,1994,1100,1037,2675
7316,1,1,0.673262894153595,1995,1100,1037,2675
7317,1,1,0.5065932869911194,1996,1100,1037,2675
7318,0,0,0.18143300712108612,1996,1100,1037,2676
7319,0,0,0.038409922271966934,1996,1100,1037,2677
7320,0,0,0.040698640048503876,1996,1100,1037,2678
7321,1,1,0.3990910053253174,1997,1100,1037,2678
7322,1,0,-0.1629393994808197,1997,1101,1037,2678
7323,1,1,0.857879638671875,1998,1101,1037,2678
7324,1,1,-0.03932524845004082,1999,1101,1037,2678
7325,1,1,0.13030554354190826,2000,1101,1037,2678
7326,1,1,0.11652377247810364,2001,1101,1037,2678
7327,1,1,0.1798637956380844,2002,1101,1037,2678
7328,0,0,-0.10925658792257309,2002,1101,1037,2679
7329,0,0,0.06970317661762238,2002,1101,1037,2680
7330,0,0,0.191512331366539,2002,1101,1037,2681
7331,0,0,-0.16935715079307556,2002,1101,1037,2682
7332,0,0,0.37170878052711487,2002,1101,1037,2683
7334,0,0,0.08100440353155136,2002,1101,1037,2684
7335,1,1,0.3998062312602997,2003,1101,1037,2684
7336,1,1,0.6655175685882568,2004,1101,1037,2684
7337,1,1,0.5376918911933899,2005,1101,1037,2684
7338,1,1,0.8290333151817322,2006,1101,1037,2684
7339,0,0,0.861680269241333,2006,1101,1037,2685
7340,1,1,0.2030283510684967,2007,1101,1037,2685
7341,1,1,0.4991069734096527,2008,1101,1037,2685
7342,0,0,0.3046889305114746,2008,1101,1037,2686
7343,1,1,0.45638999342918396,2009,1101,1037,2686
7344,1,1,0.511614978313446,2010,1101,1037,2686
7345,0,0,0.1900859922170639,2010,1101,1037,2687
7346,1,1,0.03119693510234356,2011,1101,1037,2687
7347,0,0,0.030033715069293976,2011,1101,1037,2688
7348,0,0,-0.16949978470802307,2011,1101,1037,2689
7349,1,1,0.21116533875465393,2012,1101,1037,2689
7350,1,1,0.41700616478919983,2013,1101,1037,2689
7351,1,1,0.44729581475257874,2014,1101,1037,2689
7353,1,1,0.12673233449459076,2015,1101,1037,2689
7354,0,0,0.06952939182519913,2015,1101,1037,2690
7355,0,0,0.3766595125198364,2015,1101,1037,2691
7356,1,1,0.2559433877468109,2016,1101,1037,2691
7357,1,0,-0.10772021859884262,2016,1102,1037,2691
7358,0,0,-0.01778235100209713,2016,1102,1037,2692
7359,0,0,0.5979838967323303,2016,1102,1037,2693
7360,0,0,0.40626800060272217,2016,1102,1037,2694
7361,1,1,0.834202229976654,2017,1102,1037,2694
7362,0,0,0.09134558588266373,2017,1102,1037,2695
7363,0,0,0.11632478982210159,2017,1102,1037,2696
7364,1,1,0.3756716549396515,2018,1102,1037,2696
7365,1,1,0.18410341441631317,2019,1102,1037,2696
7366,1,1,0.4536108374595642,2020,1102,1037,2696
7367,1,1,0.5162028074264526,2021,1102,1037,2696
7368,0,0,0.004133486654609442,2021,1102,1037,2697
7369,1,1,0.7346523404121399,2022,1102,1037,2697
7370,0,0,0.5971349477767944,2022,1102,1037,2698
7371,1,1,0.7221662402153015,2023,1102,1037,2698
7372,0,0,-0.07749001681804657,2023,1102,1037,2699
7373,0,0,0.6107496023178101,2023,1102,1037,2700
7374,1,1,0.263576477766037,2024,1102,1037,2700
7375,1,1,0.7312263250350952,2025,1102,1037,2700
7376,0,0,0.3908911645412445,2025,1102,1037,2701
7377,1,1,0.5239850282669067,2026,1102,1037,2701
7378,1,1,0.6044229865074158,2027,1102,1037,2701
7379,0,0,0.3047133684158325,2027,1102,1037,2702
7380,1,1,0.7688323855400085,2028,1102,1037,2702
7381,1,1,0.7245287299156189,2029,1102,1037,2702
7382,1,1,0.28753724694252014,2030,1102,1037,2702
7383,0,0,-0.014074184000492096,2030,1102,1037,2703
7384,0,0,-0.1805231124162674,2030,1102,1037,2704
7385,1,1,0.7317717671394348,2031,1102,1037,2704
7386,0,0,-0.0544673390686512,2031,1102,1037,2705
7387,0,0,0.654546856880188,2031,1102,1037,2706
7388,1,1,-0.05451735854148865,2032,1102,1037,2706
7389,1,1,0.2860689163208008,2033,1102,1037,2706
7390,1,1,0.4336477816104889,2034,1102,1037,2706
7391,1,1,0.6157514452934265,2035,1102,1037,2706
7392,1,1,0.6381420493125916,2036,1102,1037,2706
7393,0,0,-0.06531524658203125,2036,1102,1037,2707
7394,0,0,0.60655677318573,2036,1102,1037,2708
7395,1,1,0.33570799231529236,2037,1102,1037,2708
7396,0,0,0.015725519508123398,2037,1102,1037,2709
7398,0,0,0.5046553015708923,2037,1102,1037,2710
7399,1,0,-0.1408483386039734,2037,1103,1037,2710
7400,1,1,0.2589123547077179,2038,1103,1037,2710
7401,1,1,0.5660337209701538,2039,1103,1037,2710
7403,0,0,0.3423815965652466,2039,1103,1037,2711
7404,1,1,0.1850070357322693,2040,1103,1037,2711
7405,0,0,0.3380601406097412,2040,1103,1037,2712
7406,0,0,0.12298248708248138,2040,1103,1037,2713
7407,1,1,0.2727108895778656,2041,1103,1037,2713
7408,0,0,-0.058224987238645554,2041,1103,1037,2714
7409,1,1,0.3602646589279175,2042,1103,1037,2714
7410,0,0,-0.03918388858437538,2042,1103,1037,2715
7411,0,0,0.9275162220001221,2042,1103,1037,2716
7412,0,0,0.38831061124801636,2042,1103,1037,2717
7413,1,1,0.6073642373085022,2043,1103,1037,2717
7414,1,1,0.334157258272171,2044,1103,1037,2717
7415,1,1,0.3200864791870117,2045,1103,1037,2717
7416,0,0,0.30425113439559937,2045,1103,1037,2718
7417,1,1,0.5392388701438904,2046,1103,1037,2718
7418,1,1,0.37380141019821167,2047,1103,1037,2718
7419,1,1,0.25113314390182495,2048,1103,1037,2718
7420,1,1,0.15965452790260315,2049,1103,1037,2718
7421,1,1,0.2737603187561035,2050,1103,1037,2718
7422,1,1,0.187943696975708,2051,1103,1037,2718
7423,0,1,-0.5739850401878357,2051,1103,1038,2718
7424,0,0,0.5290193557739258,2051,1103,1038,2719
7425,0,0,0.034574899822473526,2051,1103,1038,2720
7426,1,1,0.5653898119926453,2052,1103,1038,2720
7428,1,1,0.6044261455535889,2053,1103,1038,2720
7429,1,1,0.57564777135849,2054,1103,1038,2720
7430,0,0,0.2714312970638275,2054,1103,1038,2721
7431,1,1,0.5746964812278748,2055,1103,1038,2721
7432,1,1,0.5765749216079712,2056,1103,1038,2721
7433,1,1,0.6486925482749939,2057,1103,1038,2721
7434,1,1,0.2976861298084259,2058,1103,1038,2721
7435,1,1,0.00669440720230341,2059,1103,1038,2721
7436,1,1,0.5816512107849121,2060,1103,1038,2721
7437,0,1,-0.1226891577243805,2060,1103,1039,2721
7439,1,1,0.22290919721126556,2061,1103,1039,2721
7440,1,1,0.3168826401233673,2062,1103,1039,2721
7441,1,1,0.2163703739643097,2063,1103,1039,2721
7442,1,1,0.5690799951553345,2064,1103,1039,2721
7444,0,0,-0.11086360365152359,2064,1103,1039,2722
7445,1,1,0.5970273613929749,2065,1103,1039,2722
7446,0,1,-0.31923437118530273,2065,1103,1040,2722
7447,1,1,0.08503527194261551,2066,1103,1040,2722
7448,1,1,0.7503293752670288,2067,1103,1040,2722
7449,0,0,0.6469288468360901,2067,1103,1040,2723
7450,1,0,-0.30472663044929504,2067,1104,1040,2723
7451,1,1,0.2186497002840042,2068,1104,1040,2723
7452,0,0,0.10343849658966064,2068,1104,1040,2724
7453,1,1,0.7709309458732605,2069,1104,1040,2724
7454,0,0,0.17325864732265472,2069,1104,1040,2725
7455,1,1,0.03483372926712036,2070,1104,1040,2725
7457,1,1,0.009899506345391273,2071,1104,1040,2725
7458,1,1,0.3772101104259491,2072,1104,1040,2725
7459,0,1,-0.33827903866767883,2072,1104,1041,2725
7460,0,0,0.3975997269153595,2072,1104,1041,2726
7461,0,0,0.030685732141137123,2072,1104,1041,2727
7462,0,0,0.922966480255127,2072,1104,1041,2728
7463,0,0,0.5934097170829773,2072,1104,1041,2729
7466,1,1,0.27600985765457153,2073,1104,1041,2729
7467,1,1,0.5482970476150513,2074,1104,1041,2729
7468,0,1,-0.5331305861473083,2074,1104,1042,2729
7469,0,0,-0.15035918354988098,2074,1104,1042,2730
7470,1,1,0.6004852056503296,2075,1104,1042,2730
7471,1,1,0.010756462812423706,2076,1104,1042,2730
7472,1,1,0.58655846118927,2077,1104,1042,2730
7474,0,0,-0.06913868337869644,2077,1104,1042,2731
7475,1,1,0.7455925941467285,2078,1104,1042,2731
7476,1,1,0.35117998719215393,2079,1104,1042,2731
7477,0,0,0.2606068253517151,2079,1104,1042,2732
7478,1,1,0.058579765260219574,2080,1104,1042,2732
7479,0,0,0.375552237033844,2080,1104,1042,2733
7480,0,0,-0.08650008589029312,2080,1104,1042,2734
7481,1,1,0.5684466361999512,2081,1104,1042,2734
7482,1,1,0.6146565079689026,2082,1104,1042,2734
7483,0,1,-0.27775469422340393,2082,1104,1043,2734
7484,0,0,0.3044133484363556,2082,1104,1043,2735
7486,0,0,-0.1583518236875534,2082,1104,1043,2736
7487,0,0,-0.16438713669776917,2082,1104,1043,2737
7488,1,1,0.2985388934612274,2083,1104,1043,2737
7489,1,1,0.43283677101135254,2084,1104,1043,2737
7490,1,1,-0.01139118429273367,2085,1104,1043,2737
7491,0,1,-0.48320260643959045,2085,1104,1044,2737
7492,1,1,0.7887826561927795,2086,1104,1044,2737
7493,0,1,-0.3778783082962036,2086,1104,1045,2737
7495,0,0,0.41490069031715393,2086,1104,1045,2738
7497,1,1,0.5873541831970215,2087,1104,1045,2738
7498,1,1,0.7572518587112427,2088,1104,1045,2738
7499,1,1,0.6086234450340271,2089,1104,1045,2738
7500,1,1,0.7619707584381104,2090,1104,1045,2738
7502,0,1,-0.3291539251804352,2090,1104,1046,2738
7503,1,1,0.5851174592971802,2091,1104,1046,2738
7504,0,1,-0.8412163853645325,2091,1104,1047,2738
7505,1,1,0.365407258272171,2092,1104,1047,2738
7506,1,1,0.2488260418176651,2093,1104,1047,2738
7507,1,1,0.1916722059249878,2094,1104,1047,2738
7508,1,1,0.7616335153579712,2095,1104,1047,2738
7509,1,1,0.6132405996322632,2096,1104,1047,2738
7510,1,1,-0.07264989614486694,2097,1104,1047,2738
7511,0,0,0.45957863330841064,2097,1104,1047,2739
7512,1,1,0.40148988366127014,2098,1104,1047,2739
7513,1,1,0.619891881942749,2099,1104,1047,2739
7515,0,0,0.2770880460739136,2099,1104,1047,2740
7516,0,0,0.15771572291851044,2099,1104,1047,2741
7517,0,1,-0.31353959441185,2099,1104,1048,2741
7518,0,0,0.6148637533187866,2099,1104,1048,2742
7519,1,1,0.04794234782457352,2100,1104,1048,2742
7520,1,1,0.6027407646179199,2101,1104,1048,2742
7521,1,1,0.22211827337741852,2102,1104,1048,2742
7522,1,1,0.09746189415454865,2103,1104,1048,2742
7523,0,0,0.19703420996665955,2103,1104,1048,2743
7524,1,1,0.7555170655250549,2104,1104,1048,2743
7526,1,1,0.613929808139801,2105,1104,1048,2743
7527,1,1,0.09368882328271866,2106,1104,1048,2743
7528,1,1,0.3412865102291107,2107,1104,1048,2743
7529,0,0,-0.056431978940963745,2107,1104,1048,2744
7530,1,1,0.786372721195221,2108,1104,1048,2744
7531,1,1,0.3581947982311249,2109,1104,1048,2744
7532,1,1,0.6737755537033081,2110,1104,1048,2744
7533,1,1,0.1139758825302124,2111,1104,1048,2744
7534,0,1,-0.3668197691440582,2111,1104,1049,2744
7535,1,1,0.5980067253112793,2112,1104,1049,2744
7536,1,1,0.32359549403190613,2113,1104,1049,2744
7537,0,0,0.19118955731391907,2113,1104,1049,2745
7538,0,0,0.4310166835784912,2113,1104,1049,2746
7539,0,0,0.37467700242996216,2113,1104,1049,2747
7540,0,0,-0.20405101776123047,2113,1104,1049,2748
7541,0,0,0.16621026396751404,2113,1104,1049,2749
7542,1,1,0.07390080392360687,2114,1104,1049,2749
7543,1,1,0.7601630687713623,2115,1104,1049,2749
7544,1,1,0.5820024013519287,2116,1104,1049,2749
7545,1,1,0.6735382676124573,2117,1104,1049,2749
7546,1,1,0.37252259254455566,2118,1104,1049,2749
7547,1,1,0.5783356428146362,2119,1104,1049,2749
7548,1,1,0.2625610828399658,2120,1104,1049,2749
7549,0,0,0.9277079105377197,2120,1104,1049,2750
7550,0,0,0.38922303915023804,2120,1104,1049,2751
7551,1,1,0.24505199491977692,2121,1104,1049,2751
7552,0,0,0.3512983024120331,2121,1104,1049,2752
7554,0,0,0.058541614562273026,2121,1104,1049,2753
7555,0,0,-0.19975119829177856,2121,1104,1049,2754
7556,0,0,0.41326263546943665,2121,1104,1049,2755
7557,0,0,0.15264834463596344,2121,1104,1049,2756
7558,1,1,0.776972234249115,2122,1104,1049,2756
7559,1,1,0.7505017518997192,2123,1104,1049,2756
7560,0,0,-0.09592432528734207,2123,1104,1049,2757
7561,0,0,0.021073542535305023,2123,1104,1049,2758
7562,1,1,0.6010690331459045,2124,1104,1049,2758
7563,1,1,0.3409369885921478,2125,1104,1049,2758
7564,0,0,0.24461889266967773,2125,1104,1049,2759
7565,0,1,-0.2511410415172577,2125,1104,1050,2759
7566,1,1,0.6471989154815674,2126,1104,1050,2759
7567,0,0,0.9152125716209412,2126,1104,1050,2760
7568,0,0,0.6224918961524963,2126,1104,1050,2761
7569,1,1,0.7323698997497559,2127,1104,1050,2761
7570,1,1,0.6921802163124084,2128,1104,1050,2761
7571,1,1,0.42941585183143616,2129,1104,1050,2761
7573,1,1,0.24757175147533417,2130,1104,1050,2761
7574,0,0,0.6290087699890137,2130,1104,1050,2762
7575,1,0,-0.07201571017503738,2130,1105,1050,2762
7576,0,1,-0.5287611484527588,2130,1105,1051,2762
7577,0,0,0.31353798508644104,2130,1105,1051,2763
7578,1,1,0.6169185042381287,2131,1105,1051,2763
7579,0,0,0.3665354251861572,2131,1105,1051,2764
7580,0,1,-0.45270758867263794,2131,1105,1052,2764
7581,1,1,0.27460262179374695,2132,1105,1052,2764
7582,0,0,0.2832280099391937,2132,1105,1052,2765
7583,0,0,0.1835545003414154,2132,1105,1052,2766
7584,1,1,0.6650922894477844,2133,1105,1052,2766
7585,1,1,0.6499161720275879,2134,1105,1052,2766
7586,0,0,0.3020426332950592,2134,1105,1052,2767
7587,1,1,0.658930242061615,2135,1105,1052,2767
7588,0,0,0.5916159152984619,2135,1105,1052,2768
7589,1,1,0.5997908115386963,2136,1105,1052,2768
7590,0,0,0.27616968750953674,2136,1105,1052,2769
7591,1,1,0.6259829998016357,2137,1105,1052,2769
7592,1,1,0.29890677332878113,2138,1105,1052,2769
7593,0,0,0.09176816791296005,2138,1105,1052,2770
7594,0,1,-0.8284799456596375,2138,1105,1053,2770
7595,1,1,0.7842896580696106,2139,1105,1053,2770
7596,0,0,0.530833899974823,2139,1105,1053,2771
7597,1,1,0.7638766765594482,2140,1105,1053,2771
7598,0,0,-0.017724616453051567,2140,1105,1053,2772
7600,1,1,0.43075400590896606,2141,1105,1053,2772
7601,1,1,0.6372559666633606,2142,1105,1053,2772
7603,0,0,0.09928852319717407,2142,1105,1053,2773
7604,1,1,0.783958375453949,2143,1105,1053,2773
7605,0,0,-0.11849890649318695,2143,1105,1053,2774
7606,1,1,0.6302406191825867,2144,1105,1053,2774
7607,1,1,0.33640384674072266,2145,1105,1053,2774
7608,0,0,0.23878948390483856,2145,1105,1053,2775
7609,0,0,0.08510338515043259,2145,1105,1053,2776
7611,0,1,-0.5054709315299988,2145,1105,1054,2776
7612,1,1,0.37584635615348816,2146,1105,1054,2776
7613,1,1,0.3743951618671417,2147,1105,1054,2776
7614,1,0,-0.6036304235458374,2147,1106,1054,2776
7615,1,1,0.35536178946495056,2148,1106,1054,2776
7616,1,1,0.01829589158296585,2149,1106,1054,2776
7617,0,0,0.5598636865615845,2149,1106,1054,2777
7618,1,1,0.7629917860031128,2150,1106,1054,2777
7619,0,0,-0.0476921983063221,2150,1106,1054,2778
7620,1,1,0.652337908744812,2151,1106,1054,2778
7621,1,1,0.48229217529296875,2152,1106,1054,2778
7623,1,1,0.765885591506958,2153,1106,1054,2778
7624,0,1,-0.5046954154968262,2153,1106,1055,2778
7625,1,1,0.3485623896121979,2154,1106,1055,2778
7626,1,1,0.5803890228271484,2155,1106,1055,2778
7627,0,1,-0.5167648196220398,2155,1106,1056,2778
7628,0,0,0.2761423885822296,2155,1106,1056,2779
7629,1,1,0.6005115509033203,2156,1106,1056,2779
7630,1,1,0.3827306926250458,2157,1106,1056,2779
7631,0,0,0.5835487246513367,2157,1106,1056,2780
7632,1,1,0.667207658290863,2158,1106,1056,2780
7633,1,1,0.3867337703704834,2159,1106,1056,2780
7634,0,0,0.35892173647880554,2159,1106,1056,2781
7635,1,1,0.3943287432193756,2160,1106,1056,2781
7636,0,0,0.6686118841171265,2160,1106,1056,2782
7637,1,1,0.3772062659263611,2161,1106,1056,2782
7638,1,1,0.4120108187198639,2162,1106,1056,2782
7639,1,1,0.7865279912948608,2163,1106,1056,2782
7640,0,0,0.22728687524795532,2163,1106,1056,2783
7641,1,1,0.622133731842041,2164,1106,1056,2783
7642,1,1,0.6131186485290527,2165,1106,1056,2783
7643,0,1,-0.4958992004394531,2165,1106,1057,2783
7644,0,0,0.1665518432855606,2165,1106,1057,2784
7645,1,1,0.44320547580718994,2166,1106,1057,2784
7646,1,1,0.40120917558670044,2167,1106,1057,2784
7647,1,1,0.7763253450393677,2168,1106,1057,2784
7648,0,1,-0.49500012397766113,2168,1106,1058,2784
7649,1,1,0.7642526626586914,2169,1106,1058,2784
7650,0,0,0.9271764755249023,2169,1106,1058,2785
7651,0,0,-0.13079281151294708,2169,1106,1058,2786
7652,0,0,0.37854549288749695,2169,1106,1058,2787
7653,0,0,0.6304943561553955,2169,1106,1058,2788
7654,0,1,-0.37394797801971436,2169,1106,1059,2788
7655,1,1,0.6233356595039368,2170,1106,1059,2788
7656,1,1,0.3869810402393341,2171,1106,1059,2788
7657,1,1,0.37349972128868103,2172,1106,1059,2788
7658,1,1,0.8012276291847229,2173,1106,1059,2788
7659,1,1,0.4546698033809662,2174,1106,1059,2788
7660,0,0,0.5072911381721497,2174,1106,1059,2789
7661,0,0,0.20592240989208221,2174,1106,1059,2790
7662,0,0,-0.17210868000984192,2174,1106,1059,2791
7663,0,0,0.03888790309429169,2174,1106,1059,2792
7664,1,1,0.7915906310081482,2175,1106,1059,2792
7665,0,0,0.1179574504494667,2175,1106,1059,2793
7666,0,1,-0.34884849190711975,2175,1106,1060,2793
7667,1,1,-0.07215681672096252,2176,1106,1060,2793
7668,0,1,-0.3478441834449768,2176,1106,1061,2793
7669,1,1,0.7552742958068848,2177,1106,1061,2793
7670,0,0,0.47139209508895874,2177,1106,1061,2794
7672,1,1,0.4037337005138397,2178,1106,1061,2794
7673,0,1,-0.4105271100997925,2178,1106,1062,2794
7674,1,1,0.05615849047899246,2179,1106,1062,2794
7675,1,1,0.2754000723361969,2180,1106,1062,2794
7676,1,1,0.6339771151542664,2181,1106,1062,2794
7677,0,0,0.3284221589565277,2181,1106,1062,2795
7678,1,1,-0.05741748958826065,2182,1106,1062,2795
7679,1,1,0.7734779119491577,2183,1106,1062,2795
7680,0,0,0.34819430112838745,2183,1106,1062,2796
7681,1,1,0.3826063275337219,2184,1106,1062,2796
7682,0,0,0.6152016520500183,2184,1106,1062,2797
7683,1,1,0.5964430570602417,2185,1106,1062,2797
7684,0,0,0.5229113101959229,2185,1106,1062,2798
7685,0,1,-0.9429110288619995,2185,1106,1063,2798
7686,1,1,0.27307385206222534,2186,1106,1063,2798
7687,1,1,0.7831003665924072,2187,1106,1063,2798
7688,0,1,-0.4815482795238495,2187,1106,1064,2798
7689,1,1,0.41161271929740906,2188,1106,1064,2798
7690,0,0,0.9268584847450256,2188,1106,1064,2799
7691,0,0,0.14944235980510712,2188,1106,1064,2800
7692,0,1,-0.17551320791244507,2188,1106,1065,2800
7693,1,1,0.4238104522228241,2189,1106,1065,2800
7694,1,1,0.6148249506950378,2190,1106,1065,2800
7695,0,0,0.05660215765237808,2190,1106,1065,2801
7697,0,0,0.4254129230976105,2190,1106,1065,2802
7698,1,1,0.6648513674736023,2191,1106,1065,2802
7699,1,1,0.6527759432792664,2192,1106,1065,2802
7700,0,0,0.41381776332855225,2192,1106,1065,2803
7701,1,1,0.6362385749816895,2193,1106,1065,2803
7702,1,1,0.43730390071868896,2194,1106,1065,2803
7703,1,1,0.6389682292938232,2195,1106,1065,2803
7704,0,0,0.5642057061195374,2195,1106,1065,2804
7705,1,1,0.639533281326294,2196,1106,1065,2804
7706,1,1,0.7936437726020813,2197,1106,1065,2804
7707,0,0,0.2565258741378784,2197,1106,1065,2805
7709,0,1,-0.6243846416473389,2197,1106,1066,2805
7710,0,0,0.1536342203617096,2197,1106,1066,2806
7711,0,1,-0.23450332880020142,2197,1106,1067,2806
7712,1,1,0.7057977318763733,2198,1106,1067,2806
7713,1,1,0.6259983777999878,2199,1106,1067,2806
7714,0,1,-0.9018536806106567,2199,1106,1068,2806
7715,0,0,0.6748285889625549,2199,1106,1068,2807
7716,1,1,0.5896146893501282,2200,1106,1068,2807
7718,1,1,0.7950929403305054,2201,1106,1068,2807
7719,1,1,0.47803276777267456,2202,1106,1068,2807
7720,0,0,0.3770695924758911,2202,1106,1068,2808
7721,1,1,0.3613280653953552,2203,1106,1068,2808
7722,0,0,0.088614322245121,2203,1106,1068,2809
7723,1,1,0.6692687273025513,2204,1106,1068,2809
7724,0,0,0.21580907702445984,2204,1106,1068,2810
7726,1,1,0.8085490465164185,2205,1106,1068,2810
7727,1,1,0.6303167939186096,2206,1106,1068,2810
7728,1,1,0.6610389351844788,2207,1106,1068,2810
7729,1,1,0.6305363178253174,2208,1106,1068,2810
7730,0,1,-0.2810079753398895,2208,1106,1069,2810
7731,1,1,0.6207323670387268,2209,1106,1069,2810
7732,1,1,0.19403280317783356,2210,1106,1069,2810
7733,0,0,0.6347663998603821,2210,1106,1069,2811
7734,0,0,0.2835140824317932,2210,1106,1069,2812
7735,1,1,0.38208404183387756,2211,1106,1069,2812
7736,1,1,0.480499804019928,2212,1106,1069,2812
7737,1,1,0.6101365089416504,2213,1106,1069,2812
7738,1,1,0.38937804102897644,2214,1106,1069,2812
7739,0,0,0.329395592212677,2214,1106,1069,2813
7740,1,1,0.0695766806602478,2215,1106,1069,2813
7741,0,1,-0.4057874083518982,2215,1106,1070,2813
7742,0,0,0.3280741572380066,2215,1106,1070,2814
7743,1,0,-0.5183542370796204,2215,1107,1070,2814
7744,0,0,0.4828362762928009,2215,1107,1070,2815
7745,0,0,0.0750238448381424,2215,1107,1070,2816
7746,0,0,0.4243793487548828,2215,1107,1070,2817
7747,1,1,0.3551234006881714,2216,1107,1070,2817
7748,1,1,0.7960625290870667,2217,1107,1070,2817
7749,1,1,0.37738436460494995,2218,1107,1070,2817
7750,1,1,0.7781044840812683,2219,1107,1070,2817
7751,0,1,-0.45219382643699646,2219,1107,1071,2817
7752,0,0,0.2748003602027893,2219,1107,1071,2818
7753,0,0,-0.12280557304620743,2219,1107,1071,2819
7754,0,1,-0.629239559173584,2219,1107,1072,2819
7755,1,1,0.6505155563354492,2220,1107,1072,2819
7756,1,1,0.4427414536476135,2221,1107,1072,2819
7757,1,1,0.6145896911621094,2222,1107,1072,2819
7759,1,1,0.4323742091655731,2223,1107,1072,2819
7760,1,1,0.6850724220275879,2224,1107,1072,2819
7761,1,1,0.08311688154935837,2225,1107,1072,2819
7762,1,1,0.1958349049091339,2226,1107,1072,2819
7763,0,0,0.23281750082969666,2226,1107,1072,2820
7764,0,0,0.12194622308015823,2226,1107,1072,2821
7765,0,0,0.10977902263402939,2226,1107,1072,2822
7766,1,1,0.38688337802886963,2227,1107,1072,2822
7767,1,1,0.6679401993751526,2228,1107,1072,2822
7768,1,1,0.4210192859172821,2229,1107,1072,2822
7769,1,1,0.5114985704421997,2230,1107,1072,2822
7770,1,1,0.6628648042678833,2231,1107,1072,2822
7772,1,1,0.6690692901611328,2232,1107,1072,2822
7773,1,1,0.4315241873264313,2233,1107,1072,2822
7775,0,0,-0.04558209702372551,2233,1107,1072,2823
7776,1,1,0.6647737622261047,2234,1107,1072,2823
7777,1,1,0.6923762559890747,2235,1107,1072,2823
7778,1,1,0.6311305165290833,2236,1107,1072,2823
7779,1,1,0.38014644384384155,2237,1107,1072,2823
7780,1,1,0.7925436496734619,2238,1107,1072,2823
7781,1,1,0.6506823301315308,2239,1107,1072,2823
7782,1,1,0.0746314749121666,2240,1107,1072,2823
7783,1,1,0.50209641456604,2241,1107,1072,2823
7784,1,1,0.15157857537269592,2242,1107,1072,2823
7786,0,0,0.5664440989494324,2242,1107,1072,2824
7787,0,1,-0.9734615087509155,2242,1107,1073,2824
7788,0,1,-0.954446017742157,2242,1107,1074,2824
7789,1,1,0.6345686912536621,2243,1107,1074,2824
7790,1,1,0.6562117338180542,2244,1107,1074,2824
7791,0,0,0.411068856716156,2244,1107,1074,2825
7792,0,0,0.5080146193504333,2244,1107,1074,2826
7793,1,1,0.4557942748069763,2245,1107,1074,2826
7794,0,0,0.2018127292394638,2245,1107,1074,2827
7796,0,0,0.5404407382011414,2245,1107,1074,2828
7797,1,1,0.43454116582870483,2246,1107,1074,2828
7798,0,1,-0.22451411187648773,2246,1107,1075,2828
7799,0,0,0.3867046535015106,2246,1107,1075,2829
7800,0,0,0.10204686969518661,2246,1107,1075,2830
7801,0,0,0.40375813841819763,2246,1107,1075,2831
7802,0,0,-0.04753853380680084,2246,1107,1075,2832
7803,0,0,-0.02115039899945259,2246,1107,1075,2833
7804,0,0,0.03345857933163643,2246,1107,1075,2834
7805,1,1,0.7952117919921875,2247,1107,1075,2834
7806,0,0,0.5556013584136963,2247,1107,1075,2835
7807,1,0,-0.46965956687927246,2247,1108,1075,2835
7808,1,1,0.39594921469688416,2248,1108,1075,2835
7809,1,1,0.2445879429578781,2249,1108,1075,2835
7810,1,1,0.636441171169281,2250,1108,1075,2835
7811,1,1,0.34417077898979187,2251,1108,1075,2835
7812,0,0,0.38106098771095276,2251,1108,1075,2836
7813,0,0,-0.16682051122188568,2251,1108,1075,2837
7814,1,1,0.6766797304153442,2252,1108,1075,2837
7815,0,1,-0.69643634557724,2252,1108,1076,2837
7816,1,1,0.4941188395023346,2253,1108,1076,2837
7817,0,1,-0.22459477186203003,2253,1108,1077,2837
7818,1,1,0.0019029149552807212,2254,1108,1077,2837
7819,1,1,0.6199082732200623,2255,1108,1077,2837
7820,0,0,0.9113507270812988,2255,1108,1077,2838
7821,1,0,-0.5839370489120483,2255,1109,1077,2838
7822,1,1,0.6881046295166016,2256,1109,1077,2838
7823,1,0,-0.43583759665489197,2256,1110,1077,2838
7824,0,0,0.008101300336420536,2256,1110,1077,2839
7825,0,1,-0.2308054119348526,2256,1110,1078,2839
7826,1,1,0.4379675090312958,2257,1110,1078,2839
7827,0,1,-0.9317836761474609,2257,1110,1079,2839
7828,1,1,0.43792346119880676,2258,1110,1079,2839
7829,1,1,0.8046830892562866,2259,1110,1079,2839
7830,1,1,0.6415215730667114,2260,1110,1079,2839
7831,1,1,0.27952030301094055,2261,1110,1079,2839
7832,0,0,0.2810380756855011,2261,1110,1079,2840
7833,0,1,-0.370865136384964,2261,1110,1080,2840
7834,1,1,0.29523977637290955,2262,1110,1080,2840
7835,0,0,0.24195419251918793,2262,1110,1080,2841
7836,1,1,0.05321504548192024,2263,1110,1080,2841
7837,1,1,0.29327869415283203,2264,1110,1080,2841
7838,0,0,0.4719800353050232,2264,1110,1080,2842
7839,0,0,0.23460564017295837,2264,1110,1080,2843
7840,0,0,0.276414155960083,2264,1110,1080,2844
7841,0,0,0.5184797644615173,2264,1110,1080,2845
7842,0,0,0.06878050416707993,2264,1110,1080,2846
7843,1,1,0.27042534947395325,2265,1110,1080,2846
7844,1,1,0.42229288816452026,2266,1110,1080,2846
7845,1,1,0.026643963530659676,2267,1110,1080,2846
7846,1,1,0.12892968952655792,2268,1110,1080,2846
7847,0,1,-0.985964298248291,2268,1110,1081,2846
7848,0,1,-0.48472124338150024,2268,1110,1082,2846
7849,0,0,0.13768106698989868,2268,1110,1082,2847
7850,0,0,0.5712171196937561,2268,1110,1082,2848
7851,1,1,0.7948790192604065,2269,1110,1082,2848
7852,0,0,0.2529986798763275,2269,1110,1082,2849
7853,0,0,0.2171448916196823,2269,1110,1082,2850
7855,1,1,0.8072448968887329,2270,1110,1082,2850
7856,1,1,0.7154797315597534,2271,1110,1082,2850
7857,1,1,0.6626679301261902,2272,1110,1082,2850
7858,1,1,0.8096345663070679,2273,1110,1082,2850
7860,1,1,0.6862756609916687,2274,1110,1082,2850
7861,1,1,0.35804733633995056,2275,1110,1082,2850
7862,1,0,-0.38677018880844116,2275,1111,1082,2850
7863,1,1,0.82351154088974,2276,1111,1082,2850
7864,1,1,0.41162732243537903,2277,1111,1082,2850
7865,1,1,0.34761667251586914,2278,1111,1082,2850
7866,0,0,0.2549203634262085,2278,1111,1082,2851
7867,0,0,-0.13537950813770294,2278,1111,1082,2852
7868,0,0,0.5945226550102234,2278,1111,1082,2853
7869,1,1,0.5435611605644226,2279,1111,1082,2853
7870,1,1,0.1342368870973587,2280,1111,1082,2853
7871,0,1,-0.32275548577308655,2280,1111,1083,2853
7872,1,1,0.3549444079399109,2281,1111,1083,2853
7873,0,0,0.3664190173149109,2281,1111,1083,2854
7874,0,1,-0.37583106756210327,2281,1111,1084,2854
7875,1,1,0.6855764985084534,2282,1111,1084,2854
7876,1,1,0.4676685929298401,2283,1111,1084,2854
7877,1,1,0.7134494185447693,2284,1111,1084,2854
7878,1,1,0.10911919921636581,2285,1111,1084,2854
7879,0,1,-0.3967320919036865,2285,1111,1085,2854
7880,0,1,-0.6505662202835083,2285,1111,1086,2854
7881,0,1,-0.3708937168121338,2285,1111,1087,2854
7882,1,1,0.1662508249282837,2286,1111,1087,2854
7883,0,1,-0.30374327301979065,2286,1111,1088,2854
7884,1,1,0.799463152885437,2287,1111,1088,2854
7885,1,1,0.3545021712779999,2288,1111,1088,2854
7886,1,1,0.6171084046363831,2289,1111,1088,2854
7887,0,1,-0.3310694098472595,2289,1111,1089,2854
7888,0,0,0.2920304536819458,2289,1111,1089,2855
7889,0,1,-0.2783631384372711,2289,1111,1090,2855
7890,0,0,0.6054292321205139,2289,1111,1090,2856
7892,1,1,0.10378924757242203,2290,1111,1090,2856
7893,1,1,0.7917547821998596,2291,1111,1090,2856
7894,0,0,0.0011912829941138625,2291,1111,1090,2857
7895,0,1,-0.4526049494743347,2291,1111,1091,2857
7896,0,1,-0.4184870421886444,2291,1111,1092,2857
7897,0,0,-0.03625987097620964,2291,1111,1092,2858
7898,1,1,0.6873143315315247,2292,1111,1092,2858
7899,0,1,-0.4763791263103485,2292,1111,1093,2858
7900,1,1,0.8170899152755737,2293,1111,1093,2858
7901,1,1,0.8122290968894958,2294,1111,1093,2858
7902,1,1,0.3634711802005768,2295,1111,1093,2858
7903,1,1,0.6399382948875427,2296,1111,1093,2858
7904,0,0,0.2692790925502777,2296,1111,1093,2859
7905,1,1,0.4160427153110504,2297,1111,1093,2859
7906,1,1,0.47792744636535645,2298,1111,1093,2859
7907,1,1,0.6893609166145325,2299,1111,1093,2859
7908,1,1,0.410972535610199,2300,1111,1093,2859
7909,1,1,0.1944635957479477,2301,1111,1093,2859
7910,1,1,0.668058454990387,2302,1111,1093,2859
7911,0,0,0.492967426776886,2302,1111,1093,2860
7912,0,0,0.23718591034412384,2302,1111,1093,2861
7913,1,1,0.43022915720939636,2303,1111,1093,2861
7915,0,0,0.055461399257183075,2303,1111,1093,2862
7916,0,1,-0.38073962926864624,2303,1111,1094,2862
7917,1,1,0.40984100103378296,2304,1111,1094,2862
7918,1,1,0.8015443682670593,2305,1111,1094,2862
7919,0,0,-0.1934046745300293,2305,1111,1094,2863
7920,0,0,0.459697425365448,2305,1111,1094,2864
7921,1,1,0.3037037253379822,2306,1111,1094,2864
7922,1,1,0.4575062692165375,2307,1111,1094,2864
7923,0,0,0.5999615788459778,2307,1111,1094,2865
7924,1,1,0.8094479441642761,2308,1111,1094,2865
7925,0,1,-0.23304089903831482,2308,1111,1095,2865
7926,1,1,0.8023531436920166,2309,1111,1095,2865
7927,1,1,0.05653096362948418,2310,1111,1095,2865
7928,1,1,0.7026920914649963,2311,1111,1095,2865
7929,0,0,0.3614056706428528,2311,1111,1095,2866
7930,0,0,0.3907318413257599,2311,1111,1095,2867
7931,0,0,0.36161476373672485,2311,1111,1095,2868
7932,1,1,0.6459959149360657,2312,1111,1095,2868
7933,0,0,-0.22525429725646973,2312,1111,1095,2869
7934,0,0,0.6703956127166748,2312,1111,1095,2870
7936,0,0,0.13996751606464386,2312,1111,1095,2871
7937,0,0,-0.05768254026770592,2312,1111,1095,2872
7938,0,1,-0.9430796504020691,2312,1111,1096,2872
7939,1,1,0.8216846585273743,2313,1111,1096,2872
7940,0,0,0.25829699635505676,2313,1111,1096,2873
7941,0,0,0.932527482509613,2313,1111,1096,2874
7942,0,1,-0.4839329719543457,2313,1111,1097,2874
7943,0,0,0.06629513949155807,2313,1111,1097,2875
7944,0,0,-0.15046554803848267,2313,1111,1097,2876
7945,1,1,0.3955954909324646,2314,1111,1097,2876
7946,1,1,0.38697296380996704,2315,1111,1097,2876
7947,1,1,0.058127742260694504,2316,1111,1097,2876
7948,1,1,0.730069100856781,2317,1111,1097,2876
7949,0,0,0.6822817325592041,2317,1111,1097,2877
7950,0,0,-0.04888470098376274,2317,1111,1097,2878
7951,0,1,-0.5579374432563782,2317,1111,1098,2878
7952,1,1,0.3496153652667999,2318,1111,1098,2878
7953,0,0,0.17931807041168213,2318,1111,1098,2879
7955,0,0,0.9215052127838135,2318,1111,1098,2880
7956,1,1,0.3962532877922058,2319,1111,1098,2880
7957,0,1,-0.5484840273857117,2319,1111,1099,2880
7958,0,0,0.32640039920806885,2319,1111,1099,2881
7959,0,1,-0.45219334959983826,2319,1111,1100,2881
7960,1,1,0.5029069185256958,2320,1111,1100,2881
7961,1,1,0.8187821507453918,2321,1111,1100,2881
7962,0,0,0.6358627676963806,2321,1111,1100,2882
7963,1,1,0.6899526715278625,2322,1111,1100,2882
7964,1,1,0.7402911186218262,2323,1111,1100,2882
7965,0,0,-0.16262002289295197,2323,1111,1100,2883
7966,0,0,0.09144584834575653,2323,1111,1100,2884
7967,1,1,0.8132318258285522,2324,1111,1100,2884
7968,1,1,0.7959850430488586,2325,1111,1100,2884
7969,1,1,0.07962014526128769,2326,1111,1100,2884
7970,0,0,0.8644363880157471,2326,1111,1100,2885
7972,1,1,0.6690833568572998,2327,1111,1100,2885
7973,0,0,0.6345077157020569,2327,1111,1100,2886
7974,0,0,0.2435205727815628,2327,1111,1100,2887
7975,1,1,0.43205416202545166,2328,1111,1100,2887
7976,1,1,0.48313942551612854,2329,1111,1100,2887
7977,1,0,-0.044815439730882645,2329,1112,1100,2887
7978,0,0,0.2799640893936157,2329,1112,1100,2888
7979,1,1,0.7015417218208313,2330,1112,1100,2888
7980,1,1,0.41816920042037964,2331,1112,1100,2888
7981,0,0,-0.21168461441993713,2331,1112,1100,2889
7982,0,0,0.42642942070961,2331,1112,1100,2890
7983,1,1,0.1271844357252121,2332,1112,1100,2890
7984,1,1,0.8034868836402893,2333,1112,1100,2890
7985,0,0,0.39058101177215576,2333,1112,1100,2891
7986,0,0,0.25520259141921997,2333,1112,1100,2892
7988,1,0,-0.584587812423706,2333,1113,1100,2892
7989,1,1,0.07017315924167633,2334,1113,1100,2892
7990,1,1,0.8285672664642334,2335,1113,1100,2892
7991,0,1,-0.4382753074169159,2335,1113,1101,2892
7992,1,1,0.7025558948516846,2336,1113,1101,2892
7993,1,1,0.7296072244644165,2337,1113,1101,2892
7994,0,0,0.33286917209625244,2337,1113,1101,2893
7995,0,1,-0.9128963351249695,2337,1113,1102,2893
7996,0,1,-0.2838430106639862,2337,1113,1103,2893
7997,1,1,0.8170774579048157,2338,1113,1103,2893
7998,1,1,0.460911363363266,2339,1113,1103,2893
7999,1,1,0.8133562803268433,2340,1113,1103,2893
8000,0,1,-0.6616137027740479,2340,1113,1104,2893
8001,1,1,0.7019187211990356,2341,1113,1104,2893
8002,0,0,0.43690431118011475,2341,1113,1104,2894
8003,1,1,0.24100153148174286,2342,1113,1104,2894
8004,0,0,0.26919814944267273,2342,1113,1104,2895
8005,0,0,0.04505212977528572,2342,1113,1104,2896
8006,0,1,-0.24605926871299744,2342,1113,1105,2896
8007,1,1,0.8221508860588074,2343,1113,1105,2896
8008,1,1,0.7190576791763306,2344,1113,1105,2896
8009,1,1,0.5162373185157776,2345,1113,1105,2896
8010,1,1,0.5206472277641296,2346,1113,1105,2896
8011,1,1,0.6735429167747498,2347,1113,1105,2896
8012,1,0,-0.4304257929325104,2347,1114,1105,2896
8013,1,1,0.4474019408226013,2348,1114,1105,2896
8015,1,1,0.48492178320884705,2349,1114,1105,2896
8016,0,1,-0.9931982159614563,2349,1114,1106,2896
8018,1,1,0.48297011852264404,2350,1114,1106,2896
8019,0,1,-0.5210297107696533,2350,1114,1107,2896
8020,0,0,0.3263906240463257,2350,1114,1107,2897
8021,1,1,0.2644878327846527,2351,1114,1107,2897
8022,0,0,0.3015550971031189,2351,1114,1107,2898
8023,1,1,0.4973754286766052,2352,1114,1107,2898
8025,0,0,0.30358991026878357,2352,1114,1107,2899
8028,1,1,0.5364773273468018,2353,1114,1107,2899
8029,1,1,0.7105558514595032,2354,1114,1107,2899
8030,1,1,0.7147654891014099,2355,1114,1107,2899
8031,1,1,0.835088849067688,2356,1114,1107,2899
8032,0,0,0.3159540593624115,2356,1114,1107,2900
8033,0,0,-0.1878173053264618,2356,1114,1107,2901
8034,0,0,0.22357481718063354,2356,1114,1107,2902
8035,0,0,0.59768146276474,2356,1114,1107,2903
8036,0,0,0.28867918252944946,2356,1114,1107,2904
8037,1,1,0.44172459840774536,2357,1114,1107,2904
8038,1,1,0.6364130973815918,2358,1114,1107,2904
8039,1,1,0.6985464692115784,2359,1114,1107,2904
8040,1,1,0.46918246150016785,2360,1114,1107,2904
8041,1,1,0.7436825633049011,2361,1114,1107,2904
8042,1,1,0.44815793633461,2362,1114,1107,2904
8043,1,1,0.2873796224594116,2363,1114,1107,2904
8044,0,0,0.04930697754025459,2363,1114,1107,2905
8045,0,0,0.6606232523918152,2363,1114,1107,2906
8046,1,1,0.44008657336235046,2364,1114,1107,2906
8047,0,1,-0.43544623255729675,2364,1114,1108,2906
8048,0,1,-0.24513398110866547,2364,1114,1109,2906
8049,1,1,0.7460880279541016,2365,1114,1109,2906
8050,0,1,-0.49287697672843933,2365,1114,1110,2906
8051,0,1,-0.31945621967315674,2365,1114,1111,2906
8052,1,1,0.7286995053291321,2366,1114,1111,2906
8053,0,0,-0.11476994305849075,2366,1114,1111,2907
8054,1,0,-0.06864570081233978,2366,1115,1111,2907
8055,1,1,0.7170700430870056,2367,1115,1111,2907
8056,1,1,0.4452505111694336,2368,1115,1111,2907
8057,1,1,0.7472048997879028,2369,1115,1111,2907
8058,0,0,0.4004144072532654,2369,1115,1111,2908
8059,0,0,0.19980719685554504,2369,1115,1111,2909
8060,1,1,0.21813316643238068,2370,1115,1111,2909
8061,1,1,0.8189873099327087,2371,1115,1111,2909
8062,1,1,0.708527147769928,2372,1115,1111,2909
8063,1,1,0.7216023206710815,2373,1115,1111,2909
8064,0,0,0.5033929944038391,2373,1115,1111,2910
8065,1,1,0.46556368470191956,2374,1115,1111,2910
8066,1,1,0.7400356531143188,2375,1115,1111,2910
8067,0,0,-0.10195186734199524,2375,1115,1111,2911
8068,1,1,0.04189912974834442,2376,1115,1111,2911
8069,0,0,0.33432430028915405,2376,1115,1111,2912
8070,1,1,0.742195725440979,2377,1115,1111,2912
8071,1,1,0.47435855865478516,2378,1115,1111,2912
8072,0,1,-0.18339814245700836,2378,1115,1112,2912
8073,0,0,0.22297626733779907,2378,1115,1112,2913
8074,1,0,-0.4918398857116699,2378,1116,1112,2913
8075,0,0,0.44390276074409485,2378,1116,1112,2914
8076,0,0,0.6240165829658508,2378,1116,1112,2915
8078,1,1,0.4081760346889496,2379,1116,1112,2915
8079,1,1,0.7192269563674927,2380,1116,1112,2915
8080,1,1,0.7384831309318542,2381,1116,1112,2915
8081,0,0,0.9250903725624084,2381,1116,1112,2916
8082,0,0,0.35876327753067017,2381,1116,1112,2917
8083,0,0,0.32322263717651367,2381,1116,1112,2918
8084,0,1,-0.28663370013237,2381,1116,1113,2918
8085,1,1,0.4428780674934387,2382,1116,1113,2918
8087,1,1,0.620473325252533,2383,1116,1113,2918
8088,0,1,-0.43133148550987244,2383,1116,1114,2918
8089,0,0,0.2319016009569168,2383,1116,1114,2919
8090,0,0,0.37016424536705017,2383,1116,1114,2920
8091,1,1,0.47133103013038635,2384,1116,1114,2920
8092,1,1,0.7341094017028809,2385,1116,1114,2920
8093,1,1,0.6176454424858093,2386,1116,1114,2920
8094,0,0,-0.15087391436100006,2386,1116,1114,2921
8095,1,1,0.4514506459236145,2387,1116,1114,2921
8096,1,1,0.08579754829406738,2388,1116,1114,2921
8098,0,0,0.5830491185188293,2388,1116,1114,2922
8099,1,1,0.1646772027015686,2389,1116,1114,2922
8100,1,1,0.8189983367919922,2390,1116,1114,2922
8101,0,0,0.5031583309173584,2390,1116,1114,2923
8102,1,1,0.6973463892936707,2391,1116,1114,2923
8103,0,1,-0.3148173391819,2391,1116,1115,2923
8104,0,0,-0.2186431735754013,2391,1116,1115,2924
8105,0,0,0.05930016562342644,2391,1116,1115,2925
8106,1,1,0.44610750675201416,2392,1116,1115,2925
8107,1,1,0.7117589712142944,2393,1116,1115,2925
8108,1,1,0.5311309099197388,2394,1116,1115,2925
8109,0,0,0.07339643687009811,2394,1116,1115,2926
8110,1,1,0.44744187593460083,2395,1116,1115,2926
8111,1,1,0.6512569785118103,2396,1116,1115,2926
8112,0,0,0.6747756004333496,2396,1116,1115,2927
8113,0,0,0.003938112407922745,2396,1116,1115,2928
8114,1,1,0.830028235912323,2397,1116,1115,2928
8115,0,0,0.9209262728691101,2397,1116,1115,2929
8116,0,0,0.07777972519397736,2397,1116,1115,2930
8117,0,0,0.3234328627586365,2397,1116,1115,2931
8118,0,0,0.3926115036010742,2397,1116,1115,2932
8119,0,1,-0.6275037527084351,2397,1116,1116,2932
8120,0,0,0.45600613951683044,2397,1116,1116,2933
8121,0,1,-0.9230557680130005,2397,1116,1117,2933
8122,0,0,0.5127323865890503,2397,1116,1117,2934
8123,0,0,0.2608867883682251,2397,1116,1117,2935
8124,1,1,0.7193665504455566,2398,1116,1117,2935
8125,1,1,0.19357798993587494,2399,1116,1117,2935
8126,0,0,0.3756278455257416,2399,1116,1117,2936
8127,1,1,-0.061607200652360916,2400,1116,1117,2936
8128,0,0,0.25022363662719727,2400,1116,1117,2937
8129,1,1,0.7550527453422546,2401,1116,1117,2937
8130,1,1,0.43608781695365906,2402,1116,1117,2937
8131,1,1,0.8455497026443481,2403,1116,1117,2937
8132,1,1,0.4171450138092041,2404,1116,1117,2937
8133,0,0,0.3358619213104248,2404,1116,1117,2938
8134,0,0,0.6057567000389099,2404,1116,1117,2939
8136,1,1,0.7810198664665222,2405,1116,1117,2939
8137,1,1,0.8289197087287903,2406,1116,1117,2939
8138,0,0,-0.02822248637676239,2406,1116,1117,2940
8139,0,1,-0.35164016485214233,2406,1116,1118,2940
8140,0,0,0.3946026563644409,2406,1116,1118,2941
8141,1,1,0.8342087268829346,2407,1116,1118,2941
8142,1,1,0.736057698726654,2408,1116,1118,2941
8143,0,0,0.23494546115398407,2408,1116,1118,2942
8144,0,0,-0.1843336969614029,2408,1116,1118,2943
8145,0,0,0.9234503507614136,2408,1116,1118,2944
8146,0,1,-0.7157344818115234,2408,1116,1119,2944
8147,1,1,0.49906113743782043,2409,1116,1119,2944
8150,0,1,-0.3087627589702606,2409,1116,1120,2944
8151,0,1,-0.2734752595424652,2409,1116,1121,2944
8152,1,1,0.831659197807312,2410,1116,1121,2944
8153,1,1,0.8273240923881531,2411,1116,1121,2944
8154,0,1,-0.33536484837532043,2411,1116,1122,2944
8155,1,1,0.30764976143836975,2412,1116,1122,2944
8156,1,1,0.35348111391067505,2413,1116,1122,2944
8157,0,0,0.5098716616630554,2413,1116,1122,2945
8158,0,0,0.31175315380096436,2413,1116,1122,2946
8159,1,1,0.6912498474121094,2414,1116,1122,2946
8160,1,1,0.5806723237037659,2415,1116,1122,2946
8161,0,0,0.225758358836174,2415,1116,1122,2947
8162,1,1,0.5384882688522339,2416,1116,1122,2947
8163,0,1,-0.43105703592300415,2416,1116,1123,2947
8164,1,1,0.19794444739818573,2417,1116,1123,2947
8165,0,0,0.30197498202323914,2417,1116,1123,2948
8167,1,1,0.761458158493042,2418,1116,1123,2948
8168,0,1,-0.5209414958953857,2418,1116,1124,2948
8169,1,1,0.7131198048591614,2419,1116,1124,2948
8170,0,1,-0.3233368396759033,2419,1116,1125,2948
8171,0,0,0.38569509983062744,2419,1116,1125,2949
8172,1,1,0.764155387878418,2420,1116,1125,2949
8174,1,1,0.7060993313789368,2421,1116,1125,2949
8175,0,0,0.43029341101646423,2421,1116,1125,2950
8176,1,1,0.8398565649986267,2422,1116,1125,2950
8177,0,0,0.06953844428062439,2422,1116,1125,2951
8178,1,1,0.7586035132408142,2423,1116,1125,2951
8179,0,1,-0.3999498784542084,2423,1116,1126,2951
8180,1,1,0.8254092931747437,2424,1116,1126,2951
8181,0,0,0.06449353694915771,2424,1116,1126,2952
8182,0,0,0.0017128882464021444,2424,1116,1126,2953
8183,0,0,0.3457692861557007,2424,1116,1126,2954
8184,1,1,0.7592401504516602,2425,1116,1126,2954
8185,0,0,0.02343006804585457,2425,1116,1126,2955
8186,1,1,0.8288893103599548,2426,1116,1126,2955
8187,1,1,0.48730915784835815,2427,1116,1126,2955
8188,1,1,0.7508777379989624,2428,1116,1126,2955
8189,0,0,0.30274587869644165,2428,1116,1126,2956
8191,0,0,0.21885532140731812,2428,1116,1126,2957
8192,0,0,0.24329926073551178,2428,1116,1126,2958
8193,0,0,0.22405371069908142,2428,1116,1126,2959
8194,1,1,0.8563329577445984,2429,1116,1126,2959
8195,0,0,0.22526726126670837,2429,1116,1126,2960
8196,0,0,0.28020504117012024,2429,1116,1126,2961
8197,0,0,0.19583214819431305,2429,1116,1126,2962
8198,1,1,0.7730013132095337,2430,1116,1126,2962
8199,0,0,0.2464642971754074,2430,1116,1126,2963
8200,1,1,0.83329838514328,2431,1116,1126,2963
8201,0,0,0.3194286823272705,2431,1116,1126,2964
8202,1,1,0.06837304681539536,2432,1116,1126,2964
8203,0,0,-0.1851489096879959,2432,1116,1126,2965
8204,1,1,0.8424376845359802,2433,1116,1126,2965
8205,1,1,0.5577639937400818,2434,1116,1126,2965
8207,0,0,0.12315813452005386,2434,1116,1126,2966
8208,0,0,0.286196231842041,2434,1116,1126,2967
8209,1,0,-0.17316128313541412,2434,1117,1126,2967
8210,0,1,-0.5447866320610046,2434,1117,1127,2967
8211,1,1,0.8469195365905762,2435,1117,1127,2967
8212,1,1,0.7548035383224487,2436,1117,1127,2967
8213,1,1,0.462362676858902,2437,1117,1127,2967
8214,0,0,0.33934396505355835,2437,1117,1127,2968
8215,1,1,0.770915150642395,2438,1117,1127,2968
8216,1,1,0.5138495564460754,2439,1117,1127,2968
8217,1,1,0.7534917593002319,2440,1117,1127,2968
8218,0,0,0.23171371221542358,2440,1117,1127,2969
8219,0,0,0.10754477232694626,2440,1117,1127,2970
8220,1,1,0.7117668986320496,2441,1117,1127,2970
8221,0,1,-0.5631660223007202,2441,1117,1128,2970
8222,0,0,0.21463260054588318,2441,1117,1128,2971
8224,0,0,0.37448036670684814,2441,1117,1128,2972
8225,1,1,0.3472305238246918,2442,1117,1128,2972
8226,0,0,-0.1545335203409195,2442,1117,1128,2973
8227,1,1,0.7520890831947327,2443,1117,1128,2973
8228,0,0,0.3180953562259674,2443,1117,1128,2974
8229,0,0,0.40417125821113586,2443,1117,1128,2975
8230,1,1,0.738951563835144,2444,1117,1128,2975
8231,0,0,-0.17077985405921936,2444,1117,1128,2976
8232,1,1,0.4271352291107178,2445,1117,1128,2976
8233,1,1,0.7531492114067078,2446,1117,1128,2976
8234,0,0,-0.21641744673252106,2446,1117,1128,2977
8236,0,0,0.18019084632396698,2446,1117,1128,2978
8237,0,0,0.8846347332000732,2446,1117,1128,2979
8238,0,0,0.5669446587562561,2446,1117,1128,2980
8239,1,1,0.44195127487182617,2447,1117,1128,2980
8240,1,1,0.7705650329589844,2448,1117,1128,2980
8241,1,1,0.8485599160194397,2449,1117,1128,2980
8242,1,1,0.3245295584201813,2450,1117,1128,2980
8243,0,0,0.39442530274391174,2450,1117,1128,2981
8244,0,1,-0.4679275453090668,2450,1117,1129,2981
8245,0,1,-0.2434636354446411,2450,1117,1130,2981
8246,1,1,0.745465874671936,2451,1117,1130,2981
8247,0,0,0.9275282025337219,2451,1117,1130,2982
8248,0,1,-0.4232235252857208,2451,1117,1131,2982
8249,0,0,0.44132065773010254,2451,1117,1131,2983
8250,0,0,0.22212272882461548,2451,1117,1131,2984
8251,0,1,-0.6316629648208618,2451,1117,1132,2984
8252,0,0,-0.11168267577886581,2451,1117,1132,2985
8253,1,1,0.730139970779419,2452,1117,1132,2985
8254,0,0,0.27782031893730164,2452,1117,1132,2986
8255,1,1,0.7652527689933777,2453,1117,1132,2986
8256,1,1,0.7532309889793396,2454,1117,1132,2986
8257,1,1,0.544137179851532,2455,1117,1132,2986
8258,1,1,0.5435859560966492,2456,1117,1132,2986
8259,0,0,0.27370765805244446,2456,1117,1132,2987
8260,0,0,-0.05552274361252785,2456,1117,1132,2988
8261,1,1,0.5190989971160889,2457,1117,1132,2988
8262,0,0,0.2099800705909729,2457,1117,1132,2989
8263,0,0,0.16903211176395416,2457,1117,1132,2990
8264,1,1,0.7690460085868835,2458,1117,1132,2990
8265,0,0,-0.012272086925804615,2458,1117,1132,2991
8266,0,0,0.36907243728637695,2458,1117,1132,2992
8267,1,1,0.5448552370071411,2459,1117,1132,2992
8268,1,1,0.5754689574241638,2460,1117,1132,2992
8269,0,0,-0.12879645824432373,2460,1117,1132,2993
8270,1,1,0.7595322728157043,2461,1117,1132,2993
8271,0,1,-0.49770039319992065,2461,1117,1133,2993
8272,1,1,0.8413936495780945,2462,1117,1133,2993
8273,1,1,0.7661291360855103,2463,1117,1133,2993
8274,0,0,-0.1526774764060974,2463,1117,1133,2994
8275,0,1,-0.28297898173332214,2463,1117,1134,2994
8276,1,1,0.7207508683204651,2464,1117,1134,2994
8277,0,0,0.5485973954200745,2464,1117,1134,2995
8278,1,1,0.8316936492919922,2465,1117,1134,2995
8279,0,0,0.2649628818035126,2465,1117,1134,2996
8280,0,1,-0.38718897104263306,2465,1117,1135,2996
8281,0,0,0.03775352984666824,2465,1117,1135,2997
8282,1,1,0.8289069533348083,2466,1117,1135,2997
8283,0,0,0.19021819531917572,2466,1117,1135,2998
8284,0,0,0.33322492241859436,2466,1117,1135,2999
8285,0,1,-0.4328177869319916,2466,1117,1136,2999
8286,0,0,0.25722143054008484,2466,1117,1136,3000
8287,1,1,0.7815387845039368,2467,1117,1136,3000
8288,0,0,0.2787611484527588,2467,1117,1136,3001
8290,0,0,-0.16972488164901733,2467,1117,1136,3002
8291,1,1,0.5222530961036682,2468,1117,1136,3002
8292,1,0,-0.7346429228782654,2468,1118,1136,3002
8293,1,1,0.8081445097923279,2469,1118,1136,3002
8294,1,1,0.2634071409702301,2470,1118,1136,3002
8296,1,1,0.507217288017273,2471,1118,1136,3002
8297,1,1,0.77544766664505,2472,1118,1136,3002
8298,1,1,0.782882809638977,2473,1118,1136,3002
8299,1,1,0.18134097754955292,2474,1118,1136,3002
8300,0,1,-0.3395253121852875,2474,1118,1137,3002
8301,1,0,-0.19984018802642822,2474,1119,1137,3002
8302,1,1,0.5089188814163208,2475,1119,1137,3002
8303,0,1,-0.4592690169811249,2475,1119,1138,3002
8304,0,0,-0.008276811800897121,2475,1119,1138,3003
8305,1,1,0.556900680065155,2476,1119,1138,3003
8306,0,0,0.6096503734588623,2476,1119,1138,3004
8307,1,1,0.3018884062767029,2477,1119,1138,3004
8308,0,0,0.2399316430091858,2477,1119,1138,3005
8309,1,1,0.7250043749809265,2478,1119,1138,3005
8310,1,1,0.5659417510032654,2479,1119,1138,3005
8311,0,1,-0.3652544915676117,2479,1119,1139,3005
8312,0,0,-0.1335107684135437,2479,1119,1139,3006
8313,0,1,-0.5021668076515198,2479,1119,1140,3006
8314,0,0,0.33758699893951416,2479,1119,1140,3007
8315,1,1,0.26135072112083435,2480,1119,1140,3007
8316,0,1,-0.43806710839271545,2480,1119,1141,3007
8318,0,0,0.3731592297554016,2480,1119,1141,3008
8319,0,0,0.2504827082157135,2480,1119,1141,3009
8320,1,1,0.8523685336112976,2481,1119,1141,3009
8321,0,1,-0.3013309836387634,2481,1119,1142,3009
8322,1,1,0.3390616178512573,2482,1119,1142,3009
8323,1,1,0.7841535210609436,2483,1119,1142,3009
8324,0,0,0.9196080565452576,2483,1119,1142,3010
8325,1,1,0.15748044848442078,2484,1119,1142,3010
8326,1,1,0.5448936223983765,2485,1119,1142,3010
8327,1,1,0.7663915753364563,2486,1119,1142,3010
8328,0,0,0.5398094058036804,2486,1119,1142,3011
8329,0,0,0.17900356650352478,2486,1119,1142,3012
8330,0,0,0.5805985331535339,2486,1119,1142,3013
8331,1,1,0.7690139412879944,2487,1119,1142,3013
8332,1,1,0.525110125541687,2488,1119,1142,3013
8333,1,1,0.6823961734771729,2489,1119,1142,3013
8334,0,1,-0.3267786204814911,2489,1119,1143,3013
8335,1,1,0.4982987940311432,2490,1119,1143,3013
8336,1,1,0.7683338522911072,2491,1119,1143,3013
8337,1,1,0.4268251657485962,2492,1119,1143,3013
8338,0,1,-0.5997817516326904,2492,1119,1144,3013
8339,1,1,0.8634589910507202,2493,1119,1144,3013
8340,1,1,0.4770795702934265,2494,1119,1144,3013
8341,1,1,0.7883737087249756,2495,1119,1144,3013
8342,1,1,0.8424956798553467,2496,1119,1144,3013
8343,1,0,-0.0696752592921257,2496,1120,1144,3013
8344,0,0,-0.11184095591306686,2496,1120,1144,3014
8345,1,1,0.7909281253814697,2497,1120,1144,3014
8347,0,0,0.2079274207353592,2497,1120,1144,3015
8348,0,0,-0.12391594797372818,2497,1120,1144,3016
8349,1,1,0.7260550260543823,2498,1120,1144,3016
8350,1,1,0.5117587447166443,2499,1120,1144,3016
8351,0,0,0.3342636227607727,2499,1120,1144,3017
8352,0,0,0.6872709393501282,2499,1120,1144,3018
8353,0,0,0.0927535742521286,2499,1120,1144,3019
8354,0,1,-0.988658607006073,2499,1120,1145,3019
8355,1,1,0.5444604158401489,2500,1120,1145,3019
8356,0,0,-0.2159186601638794,2500,1120,1145,3020
8357,1,1,0.8649712800979614,2501,1120,1145,3020
8358,1,1,0.7583674788475037,2502,1120,1145,3020
8359,0,1,-0.3647044003009796,2502,1120,1146,3020
8360,1,1,0.7728809714317322,2503,1120,1146,3020
8361,1,1,0.3905852735042572,2504,1120,1146,3020
8362,1,1,0.7851353287696838,2505,1120,1146,3020
8363,0,1,-0.2496378868818283,2505,1120,1147,3020
8364,1,1,0.7809515595436096,2506,1120,1147,3020
8365,0,0,0.2506296634674072,2506,1120,1147,3021
8366,1,1,0.8481511473655701,2507,1120,1147,3021
8367,1,1,0.5098803639411926,2508,1120,1147,3021
8368,1,1,0.4866925776004791,2509,1120,1147,3021
8369,0,0,-0.11768686026334763,2509,1120,1147,3022
8370,1,1,0.13918641209602356,2510,1120,1147,3022
8371,1,1,0.8581216931343079,2511,1120,1147,3022
8372,1,1,0.7494778633117676,2512,1120,1147,3022
8373,0,1,-0.36449557542800903,2512,1120,1148,3022
8374,1,1,0.810927152633667,2513,1120,1148,3022
8375,1,1,0.23465386033058167,2514,1120,1148,3022
8376,0,0,0.3606950342655182,2514,1120,1148,3023
8377,1,1,0.13979168236255646,2515,1120,1148,3023
8378,0,0,0.6386751532554626,2515,1120,1148,3024
8379,1,1,0.7668032646179199,2516,1120,1148,3024
8380,0,0,0.5085170865058899,2516,1120,1148,3025
8381,1,1,0.7865414619445801,2517,1120,1148,3025
8382,0,0,0.4718594551086426,2517,1120,1148,3026
8383,0,1,-0.32419687509536743,2517,1120,1149,3026
8384,0,1,-0.31020262837409973,2517,1120,1150,3026
8385,0,0,0.013410198502242565,2517,1120,1150,3027
8386,0,0,0.926811933517456,2517,1120,1150,3028
8388,1,1,0.8678311705589294,2518,1120,1150,3028
8389,0,0,0.20494577288627625,2518,1120,1150,3029
8390,1,1,0.43987810611724854,2519,1120,1150,3029
8391,1,1,0.7812435030937195,2520,1120,1150,3029
8392,1,0,-0.18317486345767975,2520,1121,1150,3029
8393,0,0,0.27395015954971313,2520,1121,1150,3030
8396,0,0,0.13044267892837524,2520,1121,1150,3031
8397,1,1,0.5490901470184326,2521,1121,1150,3031
8398,1,1,0.15607251226902008,2522,1121,1150,3031
8399,1,1,0.7862893342971802,2523,1121,1150,3031
8400,0,0,-0.053110428154468536,2523,1121,1150,3032
8401,1,1,0.3261853754520416,2524,1121,1150,3032
8402,1,1,0.5577654242515564,2525,1121,1150,3032
8403,1,1,0.7658841609954834,2526,1121,1150,3032
8404,0,0,0.4801950454711914,2526,1121,1150,3033
8405,1,1,0.7728684544563293,2527,1121,1150,3033
8406,0,1,-0.46292993426322937,2527,1121,1151,3033
8408,1,1,0.404672235250473,2528,1121,1151,3033
8409,1,1,0.7988124489784241,2529,1121,1151,3033
8410,0,0,-0.15155890583992004,2529,1121,1151,3034
8411,0,0,0.9258934855461121,2529,1121,1151,3035
8412,1,1,0.5068138837814331,2530,1121,1151,3035
8413,0,1,-0.4391250014305115,2530,1121,1152,3035
8414,0,0,0.2719191014766693,2530,1121,1152,3036
8415,0,0,0.9330337047576904,2530,1121,1152,3037
8416,1,1,0.5576667785644531,2531,1121,1152,3037
8417,1,1,0.4782122075557709,2532,1121,1152,3037
8418,1,1,0.2947089672088623,2533,1121,1152,3037
8419,1,1,0.1479114443063736,2534,1121,1152,3037
8420,1,1,0.5026693344116211,2535,1121,1152,3037
8421,1,1,0.7485694289207458,2536,1121,1152,3037
8422,0,0,0.07183781266212463,2536,1121,1152,3038
8423,0,0,0.11797904223203659,2536,1121,1152,3039
8424,1,1,0.783993661403656,2537,1121,1152,3039
8425,1,1,0.6724750399589539,2538,1121,1152,3039
8426,1,1,0.848292887210846,2539,1121,1152,3039
8427,1,1,0.23191365599632263,2540,1121,1152,3039
8428,0,1,-0.6980673670768738,2540,1121,1153,3039
8430,1,1,0.8155296444892883,2541,1121,1153,3039
8431,1,1,0.5972093343734741,2542,1121,1153,3039
8432,0,0,0.19901947677135468,2542,1121,1153,3040
8433,0,0,0.25214672088623047,2542,1121,1153,3041
8434,1,1,0.7651625871658325,2543,1121,1153,3041
8436,0,0,-0.11177646368741989,2543,1121,1153,3042
8437,1,1,0.3498166799545288,2544,1121,1153,3042
8438,0,0,0.8654078841209412,2544,1121,1153,3043
8439,0,1,-0.6131333112716675,2544,1121,1154,3043
8440,1,1,0.7781882286071777,2545,1121,1154,3043
8441,1,1,0.1225927472114563,2546,1121,1154,3043
8442,0,0,-0.1795165091753006,2546,1121,1154,3044
8443,0,1,-0.4556709825992584,2546,1121,1155,3044
8444,0,0,0.22415447235107422,2546,1121,1155,3045
8445,1,1,0.17154404520988464,2547,1121,1155,3045
8446,0,0,0.36347517371177673,2547,1121,1155,3046
8447,0,0,0.23576216399669647,2547,1121,1155,3047
8448,0,0,-0.12312398105859756,2547,1121,1155,3048
8449,0,0,0.4810888469219208,2547,1121,1155,3049
8450,0,1,-0.24393387138843536,2547,1121,1156,3049
8451,0,0,0.44093090295791626,2547,1121,1156,3050
8452,1,1,0.5844414234161377,2548,1121,1156,3050
8453,0,0,0.6708671450614929,2548,1121,1156,3051
8455,0,1,-0.41299551725387573,2548,1121,1157,3051
8456,0,0,0.3160473704338074,2548,1121,1157,3052
8457,1,0,-0.4051271975040436,2548,1122,1157,3052
8458,0,0,-0.14966227114200592,2548,1122,1157,3053
8459,0,1,-0.392792671918869,2548,1122,1158,3053
8460,1,0,-0.25949305295944214,2548,1123,1158,3053
8462,0,0,0.08101646602153778,2548,1123,1158,3054
8463,0,0,0.3485012948513031,2548,1123,1158,3055
8464,1,1,0.8634955286979675,2549,1123,1158,3055
8465,1,1,0.8595487475395203,2550,1123,1158,3055
8466,0,0,0.35226723551750183,2550,1123,1158,3056
8468,0,0,0.30541184544563293,2550,1123,1158,3057
8469,1,1,0.7724364995956421,2551,1123,1158,3057
8470,1,1,0.5586904287338257,2552,1123,1158,3057
8471,1,1,0.5631587505340576,2553,1123,1158,3057
8472,1,1,0.5467996597290039,2554,1123,1158,3057
8473,0,0,0.2800121307373047,2554,1123,1158,3058
8474,1,1,0.8549844026565552,2555,1123,1158,3058
8476,0,0,0.5927504301071167,2555,1123,1158,3059
8477,1,1,0.7615308165550232,2556,1123,1158,3059
8478,1,1,0.5893503427505493,2557,1123,1158,3059
8479,1,1,0.5156568288803101,2558,1123,1158,3059
8480,1,1,0.8083428740501404,2559,1123,1158,3059
8481,1,1,0.4940241575241089,2560,1123,1158,3059
8482,0,0,0.3408466875553131,2560,1123,1158,3060
8483,1,1,0.875436007976532,2561,1123,1158,3060
8484,1,1,0.5848162174224854,2562,1123,1158,3060
8485,0,0,0.5611484050750732,2562,1123,1158,3061
8486,0,0,0.28603869676589966,2562,1123,1158,3062
8487,0,0,0.25841864943504333,2562,1123,1158,3063
8488,1,1,0.8743866086006165,2563,1123,1158,3063
8489,1,1,0.8614988327026367,2564,1123,1158,3063
8490,0,0,0.3685225248336792,2564,1123,1158,3064
8491,1,1,0.8228409886360168,2565,1123,1158,3064
8492,1,1,0.5459626913070679,2566,1123,1158,3064
8493,0,1,-0.25900447368621826,2566,1123,1159,3064
8494,1,1,0.5566998720169067,2567,1123,1159,3064
8495,1,1,0.5512076020240784,2568,1123,1159,3064
8496,1,1,0.793986439704895,2569,1123,1159,3064
8497,0,0,0.867219865322113,2569,1123,1159,3065
8498,1,1,0.8224910497665405,2570,1123,1159,3065
8499,1,1,0.7969987988471985,2571,1123,1159,3065
8500,1,1,0.28616034984588623,2572,1123,1159,3065
8501,1,1,0.8196021914482117,2573,1123,1159,3065
8502,1,1,0.8196988701820374,2574,1123,1159,3065
8503,0,0,0.5904778838157654,2574,1123,1159,3066
8504,1,1,0.8020945191383362,2575,1123,1159,3066
8505,1,1,0.8018860816955566,2576,1123,1159,3066
8506,1,1,0.5523056983947754,2577,1123,1159,3066
8507,1,1,0.8143157958984375,2578,1123,1159,3066
8508,0,0,0.21839405596256256,2578,1123,1159,3067
8509,1,1,0.8119211196899414,2579,1123,1159,3067
8510,1,1,0.8599287867546082,2580,1123,1159,3067
8511,1,1,0.32733961939811707,2581,1123,1159,3067
8512,1,1,0.8779962062835693,2582,1123,1159,3067
8513,1,1,0.7813461422920227,2583,1123,1159,3067
8514,0,0,0.4850832521915436,2583,1123,1159,3068
8515,1,1,0.3996667265892029,2584,1123,1159,3068
8516,1,1,0.5637341141700745,2585,1123,1159,3068
8517,1,1,0.18154385685920715,2586,1123,1159,3068
8518,1,1,0.8252743482589722,2587,1123,1159,3068
8519,1,1,0.5373334884643555,2588,1123,1159,3068
8520,1,1,0.8600497841835022,2589,1123,1159,3068
8521,1,1,0.810973048210144,2590,1123,1159,3068
8522,0,0,-0.06789815425872803,2590,1123,1159,3069
8523,1,1,0.8107747435569763,2591,1123,1159,3069
8524,1,1,0.8220237493515015,2592,1123,1159,3069
8525,1,1,0.5936729311943054,2593,1123,1159,3069
8526,1,1,0.8810465931892395,2594,1123,1159,3069
8527,0,0,-0.0741133838891983,2594,1123,1159,3070
8528,1,0,-0.5404908061027527,2594,1124,1159,3070
8529,1,1,0.7579728960990906,2595,1124,1159,3070
8530,1,1,0.5568832755088806,2596,1124,1159,3070
8531,1,1,0.8722693920135498,2597,1124,1159,3070
8532,0,0,0.47848230600357056,2597,1124,1159,3071
8533,1,1,0.8336454033851624,2598,1124,1159,3071
8534,1,1,0.18073029816150665,2599,1124,1159,3071
8535,0,1,-0.48683151602745056,2599,1124,1160,3071
8536,1,1,0.25227344036102295,2600,1124,1160,3071
8537,0,0,-0.08375891298055649,2600,1124,1160,3072
8538,1,1,0.8131728768348694,2601,1124,1160,3072
8539,0,0,0.225538969039917,2601,1124,1160,3073
8540,0,0,-0.07276205718517303,2601,1124,1160,3074
8541,0,0,0.1620934009552002,2601,1124,1160,3075
8542,0,0,0.32553455233573914,2601,1124,1160,3076
8543,0,0,0.27611762285232544,2601,1124,1160,3077
8544,1,1,0.8131827116012573,2602,1124,1160,3077
8545,1,1,0.692681610584259,2603,1124,1160,3077
8546,1,1,0.809499204158783,2604,1124,1160,3077
8547,1,1,0.17748135328292847,2605,1124,1160,3077
8548,1,1,0.7906457781791687,2606,1124,1160,3077
8549,0,1,-0.36196205019950867,2606,1124,1161,3077
8551,1,1,0.603023886680603,2607,1124,1161,3077
8552,0,0,0.1865575909614563,2607,1124,1161,3078
8553,1,1,0.67522132396698,2608,1124,1161,3078
8554,1,0,-0.7337895035743713,2608,1125,1161,3078
8555,0,0,0.3960988521575928,2608,1125,1161,3079
8556,1,1,0.8666167259216309,2609,1125,1161,3079
8557,1,1,0.5782420635223389,2610,1125,1161,3079
8558,1,1,0.8358707427978516,2611,1125,1161,3079
8560,1,1,0.5981915593147278,2612,1125,1161,3079
8561,1,1,0.5835804343223572,2613,1125,1161,3079
8562,1,0,-0.2532230615615845,2613,1126,1161,3079
8563,1,1,0.6077324151992798,2614,1126,1161,3079
8565,0,1,-0.48335617780685425,2614,1126,1162,3079
8566,0,0,0.24118582904338837,2614,1126,1162,3080
8567,1,1,0.8604020476341248,2615,1126,1162,3080
8568,0,0,0.2531868815422058,2615,1126,1162,3081
8569,1,1,0.8286638259887695,2616,1126,1162,3081
